match_id,season_id,date,home_club_id,away_club_id,home_goals,away_goals
2018_2019_0,2018_2019,10/08/2018,club_1c328863,club_f371ef16,2.0,1.0
2018_2019_1,2018_2019,11/08/2018,club_e2f1bb1e,club_957b15fc,2.0,0.0
2018_2019_2,2018_2019,11/08/2018,club_424e85c9,club_81565bf5,0.0,2.0
2018_2019_3,2018_2019,11/08/2018,club_31f81526,club_1f979dbb,0.0,3.0
2018_2019_4,2018_2019,11/08/2018,club_764f428a,club_b905ca11,1.0,2.0
2018_2019_5,2018_2019,11/08/2018,club_3a46461b,club_d2d89a85,2.0,0.0
2018_2019_6,2018_2019,11/08/2018,club_e74223a2,club_7643b99d,2.0,2.0
2018_2019_7,2018_2019,12/08/2018,club_1e328148,club_b218207a,0.0,2.0
2018_2019_8,2018_2019,12/08/2018,club_3bb25b7f,club_091d674e,4.0,0.0
2018_2019_9,2018_2019,12/08/2018,club_aabf7b31,club_eb6e74d9,0.0,0.0
2018_2019_10,2018_2019,18/08/2018,club_957b15fc,club_764f428a,0.0,0.0
2018_2019_11,2018_2019,18/08/2018,club_1f979dbb,club_1e328148,3.0,2.0
2018_2019_12,2018_2019,18/08/2018,club_7643b99d,club_aabf7b31,2.0,1.0
2018_2019_13,2018_2019,18/08/2018,club_f371ef16,club_e74223a2,2.0,0.0
2018_2019_14,2018_2019,18/08/2018,club_b905ca11,club_424e85c9,3.0,1.0
2018_2019_15,2018_2019,18/08/2018,club_091d674e,club_e2f1bb1e,1.0,2.0
2018_2019_16,2018_2019,19/08/2018,club_d2d89a85,club_1c328863,3.0,2.0
2018_2019_17,2018_2019,19/08/2018,club_eb6e74d9,club_3a46461b,1.0,3.0
2018_2019_18,2018_2019,19/08/2018,club_b218207a,club_31f81526,6.0,1.0
2018_2019_19,2018_2019,20/08/2018,club_81565bf5,club_3bb25b7f,0.0,2.0
2018_2019_20,2018_2019,25/08/2018,club_1e328148,club_091d674e,3.0,1.0
2018_2019_21,2018_2019,25/08/2018,club_e2f1bb1e,club_7643b99d,2.0,2.0
2018_2019_22,2018_2019,25/08/2018,club_31f81526,club_957b15fc,0.0,0.0
2018_2019_23,2018_2019,25/08/2018,club_3bb25b7f,club_d2d89a85,1.0,0.0
2018_2019_24,2018_2019,25/08/2018,club_aabf7b31,club_f371ef16,1.0,2.0
2018_2019_25,2018_2019,25/08/2018,club_e74223a2,club_b218207a,1.0,1.0
2018_2019_26,2018_2019,26/08/2018,club_424e85c9,club_eb6e74d9,4.0,2.0
2018_2019_27,2018_2019,26/08/2018,club_764f428a,club_1f979dbb,1.0,2.0
2018_2019_28,2018_2019,26/08/2018,club_3a46461b,club_81565bf5,2.0,1.0
2018_2019_29,2018_2019,27/08/2018,club_1c328863,club_b905ca11,0.0,3.0
2018_2019_30,2018_2019,01/09/2018,club_d2d89a85,club_424e85c9,2.0,2.0
2018_2019_31,2018_2019,01/09/2018,club_1f979dbb,club_e2f1bb1e,2.0,0.0
2018_2019_32,2018_2019,01/09/2018,club_81565bf5,club_aabf7b31,0.0,2.0
2018_2019_33,2018_2019,01/09/2018,club_7643b99d,club_31f81526,1.0,1.0
2018_2019_34,2018_2019,01/09/2018,club_f371ef16,club_3bb25b7f,1.0,2.0
2018_2019_35,2018_2019,01/09/2018,club_b218207a,club_764f428a,2.0,1.0
2018_2019_36,2018_2019,01/09/2018,club_091d674e,club_e74223a2,0.0,1.0
2018_2019_37,2018_2019,02/09/2018,club_eb6e74d9,club_1c328863,0.0,2.0
2018_2019_38,2018_2019,02/09/2018,club_957b15fc,club_1e328148,2.0,3.0
2018_2019_39,2018_2019,02/09/2018,club_3a46461b,club_b905ca11,2.0,1.0
2018_2019_40,2018_2019,15/09/2018,club_e2f1bb1e,club_f371ef16,4.0,2.0
2018_2019_41,2018_2019,15/09/2018,club_1f979dbb,club_957b15fc,4.0,1.0
2018_2019_42,2018_2019,15/09/2018,club_31f81526,club_81565bf5,0.0,1.0
2018_2019_43,2018_2019,15/09/2018,club_b218207a,club_424e85c9,3.0,0.0
2018_2019_44,2018_2019,15/09/2018,club_764f428a,club_1e328148,1.0,2.0
2018_2019_45,2018_2019,15/09/2018,club_b905ca11,club_3bb25b7f,1.0,2.0
2018_2019_46,2018_2019,15/09/2018,club_3a46461b,club_1c328863,1.0,2.0
2018_2019_47,2018_2019,16/09/2018,club_7643b99d,club_091d674e,1.0,3.0
2018_2019_48,2018_2019,16/09/2018,club_e74223a2,club_eb6e74d9,1.0,0.0
2018_2019_49,2018_2019,17/09/2018,club_aabf7b31,club_d2d89a85,2.0,2.0
2018_2019_50,2018_2019,22/09/2018,club_d2d89a85,club_b905ca11,1.0,2.0
2018_2019_51,2018_2019,22/09/2018,club_eb6e74d9,club_e2f1bb1e,4.0,0.0
2018_2019_52,2018_2019,22/09/2018,club_957b15fc,club_b218207a,0.0,5.0
2018_2019_53,2018_2019,22/09/2018,club_81565bf5,club_764f428a,0.0,0.0
2018_2019_54,2018_2019,22/09/2018,club_424e85c9,club_3a46461b,1.0,1.0
2018_2019_55,2018_2019,22/09/2018,club_f371ef16,club_31f81526,3.0,1.0
2018_2019_56,2018_2019,22/09/2018,club_3bb25b7f,club_aabf7b31,3.0,0.0
2018_2019_57,2018_2019,22/09/2018,club_1c328863,club_e74223a2,1.0,1.0
2018_2019_58,2018_2019,23/09/2018,club_1e328148,club_7643b99d,2.0,0.0
2018_2019_59,2018_2019,23/09/2018,club_091d674e,club_1f979dbb,0.0,0.0
2018_2019_60,2018_2019,29/09/2018,club_1e328148,club_3a46461b,2.0,0.0
2018_2019_61,2018_2019,29/09/2018,club_1f979dbb,club_3bb25b7f,1.0,1.0
2018_2019_62,2018_2019,29/09/2018,club_7643b99d,club_424e85c9,3.0,0.0
2018_2019_63,2018_2019,29/09/2018,club_31f81526,club_b905ca11,0.0,2.0
2018_2019_64,2018_2019,29/09/2018,club_b218207a,club_d2d89a85,2.0,0.0
2018_2019_65,2018_2019,29/09/2018,club_764f428a,club_f371ef16,0.0,2.0
2018_2019_66,2018_2019,29/09/2018,club_091d674e,club_1c328863,3.0,1.0
2018_2019_67,2018_2019,29/09/2018,club_e74223a2,club_aabf7b31,2.0,0.0
2018_2019_68,2018_2019,30/09/2018,club_957b15fc,club_eb6e74d9,1.0,2.0
2018_2019_69,2018_2019,01/10/2018,club_e2f1bb1e,club_81565bf5,2.0,1.0
2018_2019_70,2018_2019,05/10/2018,club_d2d89a85,club_091d674e,1.0,0.0
2018_2019_71,2018_2019,06/10/2018,club_eb6e74d9,club_31f81526,1.0,1.0
2018_2019_72,2018_2019,06/10/2018,club_81565bf5,club_e74223a2,0.0,1.0
2018_2019_73,2018_2019,06/10/2018,club_f371ef16,club_7643b99d,1.0,2.0
2018_2019_74,2018_2019,06/10/2018,club_1c328863,club_764f428a,3.0,2.0
2018_2019_75,2018_2019,06/10/2018,club_b905ca11,club_957b15fc,1.0,0.0
2018_2019_76,2018_2019,06/10/2018,club_3a46461b,club_e2f1bb1e,0.0,4.0
2018_2019_77,2018_2019,07/10/2018,club_424e85c9,club_1e328148,1.0,5.0
2018_2019_78,2018_2019,07/10/2018,club_3bb25b7f,club_b218207a,0.0,0.0
2018_2019_79,2018_2019,07/10/2018,club_aabf7b31,club_1f979dbb,0.0,3.0
2018_2019_80,2018_2019,20/10/2018,club_e2f1bb1e,club_aabf7b31,0.0,0.0
2018_2019_81,2018_2019,20/10/2018,club_957b15fc,club_424e85c9,4.0,2.0
2018_2019_82,2018_2019,20/10/2018,club_1f979dbb,club_1c328863,2.0,2.0
2018_2019_83,2018_2019,20/10/2018,club_31f81526,club_3bb25b7f,0.0,1.0
2018_2019_84,2018_2019,20/10/2018,club_b218207a,club_eb6e74d9,5.0,0.0
2018_2019_85,2018_2019,20/10/2018,club_764f428a,club_d2d89a85,0.0,1.0
2018_2019_86,2018_2019,20/10/2018,club_091d674e,club_b905ca11,0.0,1.0
2018_2019_87,2018_2019,20/10/2018,club_e74223a2,club_3a46461b,0.0,2.0
2018_2019_88,2018_2019,21/10/2018,club_7643b99d,club_81565bf5,2.0,0.0
2018_2019_89,2018_2019,22/10/2018,club_1e328148,club_f371ef16,3.0,1.0
2018_2019_90,2018_2019,27/10/2018,club_d2d89a85,club_e74223a2,1.0,0.0
2018_2019_91,2018_2019,27/10/2018,club_424e85c9,club_e2f1bb1e,0.0,3.0
2018_2019_92,2018_2019,27/10/2018,club_f371ef16,club_091d674e,1.0,1.0
2018_2019_93,2018_2019,27/10/2018,club_3bb25b7f,club_957b15fc,4.0,1.0
2018_2019_94,2018_2019,27/10/2018,club_aabf7b31,club_764f428a,0.0,0.0
2018_2019_95,2018_2019,27/10/2018,club_3a46461b,club_31f81526,3.0,0.0
2018_2019_96,2018_2019,28/10/2018,club_eb6e74d9,club_1f979dbb,0.0,4.0
2018_2019_97,2018_2019,28/10/2018,club_81565bf5,club_1e328148,2.0,2.0
2018_2019_98,2018_2019,28/10/2018,club_1c328863,club_7643b99d,2.0,1.0
2018_2019_99,2018_2019,29/10/2018,club_b905ca11,club_b218207a,0.0,1.0
2018_2019_100,2018_2019,03/11/2018,club_1e328148,club_3bb25b7f,1.0,1.0
2018_2019_101,2018_2019,03/11/2018,club_e2f1bb1e,club_1c328863,1.0,2.0
2018_2019_102,2018_2019,03/11/2018,club_957b15fc,club_f371ef16,0.0,1.0
2018_2019_103,2018_2019,03/11/2018,club_7643b99d,club_d2d89a85,3.0,1.0
2018_2019_104,2018_2019,03/11/2018,club_764f428a,club_3a46461b,1.0,0.0
2018_2019_105,2018_2019,03/11/2018,club_091d674e,club_eb6e74d9,4.0,2.0
2018_2019_106,2018_2019,03/11/2018,club_e74223a2,club_b905ca11,2.0,3.0
2018_2019_107,2018_2019,04/11/2018,club_1f979dbb,club_81565bf5,3.0,1.0
2018_2019_108,2018_2019,04/11/2018,club_b218207a,club_aabf7b31,6.0,1.0
2018_2019_109,2018_2019,05/11/2018,club_31f81526,club_424e85c9,1.0,0.0
2018_2019_110,2018_2019,10/11/2018,club_957b15fc,club_d2d89a85,2.0,1.0
2018_2019_111,2018_2019,10/11/2018,club_81565bf5,club_b905ca11,0.0,1.0
2018_2019_112,2018_2019,10/11/2018,club_31f81526,club_091d674e,1.0,1.0
2018_2019_113,2018_2019,10/11/2018,club_f371ef16,club_eb6e74d9,0.0,0.0
2018_2019_114,2018_2019,10/11/2018,club_764f428a,club_e2f1bb1e,2.0,1.0
2018_2019_115,2018_2019,10/11/2018,club_aabf7b31,club_3a46461b,1.0,1.0
2018_2019_116,2018_2019,11/11/2018,club_1e328148,club_e74223a2,1.0,1.0
2018_2019_117,2018_2019,11/11/2018,club_1f979dbb,club_7643b99d,0.0,0.0
2018_2019_118,2018_2019,11/11/2018,club_3bb25b7f,club_424e85c9,2.0,0.0
2018_2019_119,2018_2019,11/11/2018,club_b218207a,club_1c328863,3.0,1.0
2018_2019_120,2018_2019,24/11/2018,club_d2d89a85,club_f371ef16,1.0,1.0
2018_2019_121,2018_2019,24/11/2018,club_7643b99d,club_957b15fc,1.0,0.0
2018_2019_122,2018_2019,24/11/2018,club_424e85c9,club_aabf7b31,3.0,2.0
2018_2019_123,2018_2019,24/11/2018,club_1c328863,club_81565bf5,0.0,0.0
2018_2019_124,2018_2019,24/11/2018,club_b905ca11,club_1f979dbb,3.0,1.0
2018_2019_125,2018_2019,24/11/2018,club_3a46461b,club_3bb25b7f,0.0,3.0
2018_2019_126,2018_2019,24/11/2018,club_091d674e,club_b218207a,0.0,4.0
2018_2019_127,2018_2019,25/11/2018,club_e2f1bb1e,club_1e328148,1.0,2.0
2018_2019_128,2018_2019,25/11/2018,club_e74223a2,club_31f81526,0.0,2.0
2018_2019_129,2018_2019,26/11/2018,club_eb6e74d9,club_764f428a,1.0,2.0
2018_2019_130,2018_2019,30/11/2018,club_957b15fc,club_e74223a2,2.0,1.0
2018_2019_131,2018_2019,01/12/2018,club_81565bf5,club_eb6e74d9,2.0,0.0
2018_2019_132,2018_2019,01/12/2018,club_31f81526,club_d2d89a85,1.0,2.0
2018_2019_133,2018_2019,01/12/2018,club_f371ef16,club_3a46461b,2.0,0.0
2018_2019_134,2018_2019,01/12/2018,club_b218207a,club_e2f1bb1e,3.0,1.0
2018_2019_135,2018_2019,01/12/2018,club_764f428a,club_091d674e,0.0,3.0
2018_2019_136,2018_2019,01/12/2018,club_aabf7b31,club_1c328863,2.0,2.0
2018_2019_137,2018_2019,02/12/2018,club_1e328148,club_b905ca11,4.0,2.0
2018_2019_138,2018_2019,02/12/2018,club_1f979dbb,club_424e85c9,2.0,0.0
2018_2019_139,2018_2019,02/12/2018,club_3bb25b7f,club_7643b99d,1.0,0.0
2018_2019_140,2018_2019,04/12/2018,club_e2f1bb1e,club_31f81526,2.0,1.0
2018_2019_141,2018_2019,04/12/2018,club_d2d89a85,club_81565bf5,3.0,1.0
2018_2019_142,2018_2019,04/12/2018,club_3a46461b,club_b218207a,1.0,2.0
2018_2019_143,2018_2019,04/12/2018,club_091d674e,club_957b15fc,3.0,1.0
2018_2019_144,2018_2019,05/12/2018,club_eb6e74d9,club_3bb25b7f,1.0,3.0
2018_2019_145,2018_2019,05/12/2018,club_7643b99d,club_764f428a,1.0,1.0
2018_2019_146,2018_2019,05/12/2018,club_424e85c9,club_f371ef16,1.0,1.0
2018_2019_147,2018_2019,05/12/2018,club_1c328863,club_1e328148,2.0,2.0
2018_2019_148,2018_2019,05/12/2018,club_b905ca11,club_aabf7b31,3.0,1.0
2018_2019_149,2018_2019,05/12/2018,club_e74223a2,club_1f979dbb,2.0,1.0
2018_2019_150,2018_2019,08/12/2018,club_1e328148,club_31f81526,1.0,0.0
2018_2019_151,2018_2019,08/12/2018,club_e2f1bb1e,club_3bb25b7f,0.0,4.0
2018_2019_152,2018_2019,08/12/2018,club_eb6e74d9,club_d2d89a85,1.0,0.0
2018_2019_153,2018_2019,08/12/2018,club_957b15fc,club_aabf7b31,1.0,0.0
2018_2019_154,2018_2019,08/12/2018,club_1f979dbb,club_b218207a,2.0,0.0
2018_2019_155,2018_2019,08/12/2018,club_f371ef16,club_b905ca11,0.0,2.0
2018_2019_156,2018_2019,08/12/2018,club_1c328863,club_424e85c9,4.0,1.0
2018_2019_157,2018_2019,08/12/2018,club_091d674e,club_81565bf5,3.0,2.0
2018_2019_158,2018_2019,09/12/2018,club_764f428a,club_e74223a2,1.0,2.0
2018_2019_159,2018_2019,10/12/2018,club_7643b99d,club_3a46461b,2.0,2.0
2018_2019_160,2018_2019,15/12/2018,club_81565bf5,club_f371ef16,1.0,0.0
2018_2019_161,2018_2019,15/12/2018,club_424e85c9,club_091d674e,0.0,2.0
2018_2019_162,2018_2019,15/12/2018,club_31f81526,club_764f428a,0.0,1.0
2018_2019_163,2018_2019,15/12/2018,club_b218207a,club_7643b99d,3.0,1.0
2018_2019_164,2018_2019,15/12/2018,club_b905ca11,club_eb6e74d9,1.0,0.0
2018_2019_165,2018_2019,15/12/2018,club_3a46461b,club_957b15fc,3.0,2.0
2018_2019_166,2018_2019,15/12/2018,club_e74223a2,club_e2f1bb1e,2.0,0.0
2018_2019_167,2018_2019,16/12/2018,club_d2d89a85,club_1f979dbb,1.0,2.0
2018_2019_168,2018_2019,16/12/2018,club_3bb25b7f,club_1c328863,3.0,1.0
2018_2019_169,2018_2019,16/12/2018,club_aabf7b31,club_1e328148,3.0,2.0
2018_2019_170,2018_2019,21/12/2018,club_e74223a2,club_3bb25b7f,0.0,2.0
2018_2019_171,2018_2019,22/12/2018,club_1e328148,club_eb6e74d9,3.0,1.0
2018_2019_172,2018_2019,22/12/2018,club_e2f1bb1e,club_d2d89a85,2.0,0.0
2018_2019_173,2018_2019,22/12/2018,club_957b15fc,club_1c328863,1.0,5.0
2018_2019_174,2018_2019,22/12/2018,club_1f979dbb,club_f371ef16,0.0,1.0
2018_2019_175,2018_2019,22/12/2018,club_31f81526,club_aabf7b31,1.0,3.0
2018_2019_176,2018_2019,22/12/2018,club_b218207a,club_81565bf5,2.0,3.0
2018_2019_177,2018_2019,22/12/2018,club_764f428a,club_424e85c9,0.0,0.0
2018_2019_178,2018_2019,22/12/2018,club_091d674e,club_3a46461b,0.0,2.0
2018_2019_179,2018_2019,23/12/2018,club_7643b99d,club_b905ca11,2.0,6.0
2018_2019_180,2018_2019,26/12/2018,club_d2d89a85,club_1e328148,1.0,1.0
2018_2019_181,2018_2019,26/12/2018,club_eb6e74d9,club_7643b99d,1.0,5.0
2018_2019_182,2018_2019,26/12/2018,club_81565bf5,club_957b15fc,0.0,0.0
2018_2019_183,2018_2019,26/12/2018,club_424e85c9,club_e74223a2,1.0,1.0
2018_2019_184,2018_2019,26/12/2018,club_f371ef16,club_b218207a,2.0,1.0
2018_2019_185,2018_2019,26/12/2018,club_3bb25b7f,club_764f428a,4.0,0.0
2018_2019_186,2018_2019,26/12/2018,club_1c328863,club_31f81526,3.0,1.0
2018_2019_187,2018_2019,26/12/2018,club_b905ca11,club_e2f1bb1e,5.0,0.0
2018_2019_188,2018_2019,26/12/2018,club_3a46461b,club_1f979dbb,1.0,2.0
2018_2019_189,2018_2019,27/12/2018,club_aabf7b31,club_091d674e,1.0,2.0
2018_2019_190,2018_2019,29/12/2018,club_d2d89a85,club_7643b99d,1.0,0.0
2018_2019_191,2018_2019,29/12/2018,club_424e85c9,club_31f81526,1.0,0.0
2018_2019_192,2018_2019,29/12/2018,club_f371ef16,club_957b15fc,0.0,1.0
2018_2019_193,2018_2019,29/12/2018,club_3bb25b7f,club_1e328148,5.0,1.0
2018_2019_194,2018_2019,29/12/2018,club_b905ca11,club_e74223a2,1.0,3.0
2018_2019_195,2018_2019,29/12/2018,club_3a46461b,club_764f428a,1.0,1.0
2018_2019_196,2018_2019,30/12/2018,club_eb6e74d9,club_091d674e,2.0,0.0
2018_2019_197,2018_2019,30/12/2018,club_81565bf5,club_1f979dbb,0.0,1.0
2018_2019_198,2018_2019,30/12/2018,club_1c328863,club_e2f1bb1e,4.0,1.0
2018_2019_199,2018_2019,30/12/2018,club_aabf7b31,club_b218207a,1.0,3.0
2018_2019_200,2018_2019,01/01/2019,club_1e328148,club_424e85c9,4.0,1.0
2018_2019_201,2018_2019,01/01/2019,club_957b15fc,club_b905ca11,0.0,3.0
2018_2019_202,2018_2019,01/01/2019,club_7643b99d,club_f371ef16,0.0,1.0
2018_2019_203,2018_2019,02/01/2019,club_e2f1bb1e,club_3a46461b,3.0,3.0
2018_2019_204,2018_2019,02/01/2019,club_1f979dbb,club_aabf7b31,0.0,0.0
2018_2019_205,2018_2019,02/01/2019,club_31f81526,club_eb6e74d9,1.0,2.0
2018_2019_206,2018_2019,02/01/2019,club_764f428a,club_1c328863,0.0,2.0
2018_2019_207,2018_2019,02/01/2019,club_091d674e,club_d2d89a85,2.0,2.0
2018_2019_208,2018_2019,02/01/2019,club_e74223a2,club_81565bf5,0.0,2.0
2018_2019_209,2018_2019,03/01/2019,club_b218207a,club_3bb25b7f,2.0,1.0
2018_2019_210,2018_2019,12/01/2019,club_d2d89a85,club_3bb25b7f,0.0,1.0
2018_2019_211,2018_2019,12/01/2019,club_eb6e74d9,club_424e85c9,2.0,1.0
2018_2019_212,2018_2019,12/01/2019,club_957b15fc,club_31f81526,0.0,0.0
2018_2019_213,2018_2019,12/01/2019,club_1f979dbb,club_764f428a,2.0,1.0
2018_2019_214,2018_2019,12/01/2019,club_81565bf5,club_3a46461b,1.0,2.0
2018_2019_215,2018_2019,12/01/2019,club_f371ef16,club_aabf7b31,1.0,2.0
2018_2019_216,2018_2019,12/01/2019,club_091d674e,club_1e328148,1.0,0.0
2018_2019_217,2018_2019,13/01/2019,club_7643b99d,club_e2f1bb1e,2.0,0.0
2018_2019_218,2018_2019,13/01/2019,club_b905ca11,club_1c328863,0.0,1.0
2018_2019_219,2018_2019,14/01/2019,club_b218207a,club_e74223a2,3.0,0.0
2018_2019_220,2018_2019,19/01/2019,club_1e328148,club_1f979dbb,2.0,0.0
2018_2019_221,2018_2019,19/01/2019,club_e2f1bb1e,club_091d674e,2.0,0.0
2018_2019_222,2018_2019,19/01/2019,club_3bb25b7f,club_81565bf5,4.0,3.0
2018_2019_223,2018_2019,19/01/2019,club_1c328863,club_d2d89a85,2.0,1.0
2018_2019_224,2018_2019,19/01/2019,club_764f428a,club_957b15fc,3.0,0.0
2018_2019_225,2018_2019,19/01/2019,club_aabf7b31,club_7643b99d,2.0,1.0
2018_2019_226,2018_2019,19/01/2019,club_3a46461b,club_eb6e74d9,0.0,0.0
2018_2019_227,2018_2019,19/01/2019,club_e74223a2,club_f371ef16,4.0,3.0
2018_2019_228,2018_2019,20/01/2019,club_424e85c9,club_b905ca11,1.0,2.0
2018_2019_229,2018_2019,20/01/2019,club_31f81526,club_b218207a,0.0,3.0
2018_2019_230,2018_2019,29/01/2019,club_1e328148,club_957b15fc,2.0,1.0
2018_2019_231,2018_2019,29/01/2019,club_424e85c9,club_d2d89a85,4.0,2.0
2018_2019_232,2018_2019,29/01/2019,club_31f81526,club_7643b99d,0.0,1.0
2018_2019_233,2018_2019,29/01/2019,club_1c328863,club_eb6e74d9,2.0,2.0
2018_2019_234,2018_2019,29/01/2019,club_764f428a,club_b218207a,2.0,1.0
2018_2019_235,2018_2019,29/01/2019,club_e74223a2,club_091d674e,3.0,0.0
2018_2019_236,2018_2019,30/01/2019,club_e2f1bb1e,club_1f979dbb,4.0,0.0
2018_2019_237,2018_2019,30/01/2019,club_3bb25b7f,club_f371ef16,1.0,1.0
2018_2019_238,2018_2019,30/01/2019,club_aabf7b31,club_81565bf5,1.0,1.0
2018_2019_239,2018_2019,30/01/2019,club_b905ca11,club_3a46461b,2.0,1.0
2018_2019_240,2018_2019,02/02/2019,club_d2d89a85,club_3a46461b,0.0,0.0
2018_2019_241,2018_2019,02/02/2019,club_eb6e74d9,club_aabf7b31,1.0,1.0
2018_2019_242,2018_2019,02/02/2019,club_957b15fc,club_e2f1bb1e,2.0,0.0
2018_2019_243,2018_2019,02/02/2019,club_1f979dbb,club_31f81526,5.0,0.0
2018_2019_244,2018_2019,02/02/2019,club_81565bf5,club_424e85c9,2.0,0.0
2018_2019_245,2018_2019,02/02/2019,club_7643b99d,club_e74223a2,1.0,3.0
2018_2019_246,2018_2019,02/02/2019,club_b905ca11,club_764f428a,1.0,0.0
2018_2019_247,2018_2019,03/02/2019,club_f371ef16,club_1c328863,0.0,1.0
2018_2019_248,2018_2019,03/02/2019,club_b218207a,club_1e328148,3.0,1.0
2018_2019_249,2018_2019,04/02/2019,club_091d674e,club_3bb25b7f,1.0,1.0
2018_2019_250,2018_2019,06/02/2019,club_7643b99d,club_b218207a,0.0,2.0
2018_2019_251,2018_2019,09/02/2019,club_d2d89a85,club_eb6e74d9,1.0,3.0
2018_2019_252,2018_2019,09/02/2019,club_81565bf5,club_091d674e,1.0,1.0
2018_2019_253,2018_2019,09/02/2019,club_424e85c9,club_1c328863,0.0,3.0
2018_2019_254,2018_2019,09/02/2019,club_31f81526,club_1e328148,1.0,2.0
2018_2019_255,2018_2019,09/02/2019,club_3bb25b7f,club_e2f1bb1e,3.0,0.0
2018_2019_256,2018_2019,09/02/2019,club_aabf7b31,club_957b15fc,1.0,2.0
2018_2019_257,2018_2019,09/02/2019,club_3a46461b,club_7643b99d,1.0,0.0
2018_2019_258,2018_2019,10/02/2019,club_b218207a,club_1f979dbb,6.0,0.0
2018_2019_259,2018_2019,10/02/2019,club_b905ca11,club_f371ef16,3.0,1.0
2018_2019_260,2018_2019,11/02/2019,club_e74223a2,club_764f428a,1.0,1.0
2018_2019_261,2018_2019,22/02/2019,club_957b15fc,club_3a46461b,1.0,5.0
2018_2019_262,2018_2019,22/02/2019,club_091d674e,club_424e85c9,3.0,1.0
2018_2019_263,2018_2019,23/02/2019,club_e2f1bb1e,club_e74223a2,1.0,1.0
2018_2019_264,2018_2019,23/02/2019,club_eb6e74d9,club_b905ca11,2.0,1.0
2018_2019_265,2018_2019,23/02/2019,club_f371ef16,club_81565bf5,1.0,4.0
2018_2019_266,2018_2019,23/02/2019,club_764f428a,club_31f81526,2.0,0.0
2018_2019_267,2018_2019,24/02/2019,club_1e328148,club_aabf7b31,2.0,0.0
2018_2019_268,2018_2019,24/02/2019,club_1c328863,club_3bb25b7f,0.0,0.0
2018_2019_269,2018_2019,26/02/2019,club_957b15fc,club_7643b99d,0.0,3.0
2018_2019_270,2018_2019,26/02/2019,club_31f81526,club_e74223a2,1.0,0.0
2018_2019_271,2018_2019,26/02/2019,club_f371ef16,club_d2d89a85,2.0,1.0
2018_2019_272,2018_2019,26/02/2019,club_764f428a,club_eb6e74d9,2.0,0.0
2018_2019_273,2018_2019,27/02/2019,club_1e328148,club_e2f1bb1e,5.0,1.0
2018_2019_274,2018_2019,27/02/2019,club_1f979dbb,club_b905ca11,2.0,0.0
2018_2019_275,2018_2019,27/02/2019,club_81565bf5,club_1c328863,1.0,3.0
2018_2019_276,2018_2019,27/02/2019,club_3bb25b7f,club_3a46461b,5.0,0.0
2018_2019_277,2018_2019,27/02/2019,club_b218207a,club_091d674e,1.0,0.0
2018_2019_278,2018_2019,27/02/2019,club_aabf7b31,club_424e85c9,2.0,0.0
2018_2019_279,2018_2019,02/03/2019,club_e2f1bb1e,club_b218207a,0.0,1.0
2018_2019_280,2018_2019,02/03/2019,club_d2d89a85,club_31f81526,1.0,0.0
2018_2019_281,2018_2019,02/03/2019,club_eb6e74d9,club_81565bf5,1.0,3.0
2018_2019_282,2018_2019,02/03/2019,club_1c328863,club_aabf7b31,3.0,2.0
2018_2019_283,2018_2019,02/03/2019,club_b905ca11,club_1e328148,1.0,1.0
2018_2019_284,2018_2019,02/03/2019,club_091d674e,club_764f428a,2.0,0.0
2018_2019_285,2018_2019,02/03/2019,club_e74223a2,club_957b15fc,2.0,0.0
2018_2019_286,2018_2019,03/03/2019,club_7643b99d,club_3bb25b7f,0.0,0.0
2018_2019_287,2018_2019,03/03/2019,club_424e85c9,club_1f979dbb,1.0,2.0
2018_2019_288,2018_2019,03/03/2019,club_3a46461b,club_f371ef16,2.0,1.0
2018_2019_289,2018_2019,09/03/2019,club_957b15fc,club_091d674e,2.0,0.0
2018_2019_290,2018_2019,09/03/2019,club_81565bf5,club_d2d89a85,1.0,2.0
2018_2019_291,2018_2019,09/03/2019,club_31f81526,club_e2f1bb1e,0.0,2.0
2018_2019_292,2018_2019,09/03/2019,club_f371ef16,club_424e85c9,3.0,1.0
2018_2019_293,2018_2019,09/03/2019,club_b218207a,club_3a46461b,3.0,1.0
2018_2019_294,2018_2019,09/03/2019,club_764f428a,club_7643b99d,3.0,2.0
2018_2019_295,2018_2019,09/03/2019,club_aabf7b31,club_b905ca11,2.0,1.0
2018_2019_296,2018_2019,10/03/2019,club_1e328148,club_1c328863,2.0,0.0
2018_2019_297,2018_2019,10/03/2019,club_1f979dbb,club_e74223a2,1.0,1.0
2018_2019_298,2018_2019,10/03/2019,club_3bb25b7f,club_eb6e74d9,4.0,2.0
2018_2019_299,2018_2019,16/03/2019,club_e2f1bb1e,club_764f428a,2.0,2.0
2018_2019_300,2018_2019,16/03/2019,club_eb6e74d9,club_f371ef16,1.0,2.0
2018_2019_301,2018_2019,16/03/2019,club_091d674e,club_31f81526,4.0,3.0
2018_2019_302,2018_2019,17/03/2019,club_7643b99d,club_1f979dbb,2.0,0.0
2018_2019_303,2018_2019,17/03/2019,club_424e85c9,club_3bb25b7f,1.0,2.0
2018_2019_304,2018_2019,30/03/2019,club_d2d89a85,club_aabf7b31,0.0,1.0
2018_2019_305,2018_2019,30/03/2019,club_eb6e74d9,club_e74223a2,2.0,0.0
2018_2019_306,2018_2019,30/03/2019,club_81565bf5,club_31f81526,2.0,0.0
2018_2019_307,2018_2019,30/03/2019,club_424e85c9,club_b218207a,0.0,2.0
2018_2019_308,2018_2019,30/03/2019,club_f371ef16,club_e2f1bb1e,2.0,0.0
2018_2019_309,2018_2019,30/03/2019,club_1c328863,club_3a46461b,2.0,1.0
2018_2019_310,2018_2019,30/03/2019,club_091d674e,club_7643b99d,0.0,2.0
2018_2019_311,2018_2019,31/03/2019,club_957b15fc,club_1f979dbb,1.0,2.0
2018_2019_312,2018_2019,31/03/2019,club_3bb25b7f,club_b905ca11,2.0,1.0
2018_2019_313,2018_2019,01/04/2019,club_1e328148,club_764f428a,2.0,0.0
2018_2019_314,2018_2019,02/04/2019,club_3a46461b,club_424e85c9,4.0,1.0
2018_2019_315,2018_2019,02/04/2019,club_e74223a2,club_1c328863,2.0,1.0
2018_2019_316,2018_2019,03/04/2019,club_1f979dbb,club_d2d89a85,3.0,0.0
2018_2019_317,2018_2019,03/04/2019,club_b218207a,club_957b15fc,2.0,0.0
2018_2019_318,2018_2019,03/04/2019,club_b905ca11,club_81565bf5,2.0,0.0
2018_2019_319,2018_2019,05/04/2019,club_aabf7b31,club_3bb25b7f,1.0,3.0
2018_2019_320,2018_2019,06/04/2019,club_e2f1bb1e,club_eb6e74d9,1.0,3.0
2018_2019_321,2018_2019,06/04/2019,club_31f81526,club_f371ef16,1.0,4.0
2018_2019_322,2018_2019,06/04/2019,club_764f428a,club_81565bf5,0.0,1.0
2018_2019_323,2018_2019,07/04/2019,club_7643b99d,club_1e328148,1.0,0.0
2018_2019_324,2018_2019,08/04/2019,club_1f979dbb,club_091d674e,2.0,0.0
2018_2019_325,2018_2019,12/04/2019,club_f371ef16,club_764f428a,0.0,1.0
2018_2019_326,2018_2019,13/04/2019,club_d2d89a85,club_e2f1bb1e,0.0,5.0
2018_2019_327,2018_2019,13/04/2019,club_eb6e74d9,club_957b15fc,2.0,0.0
2018_2019_328,2018_2019,13/04/2019,club_424e85c9,club_7643b99d,2.0,0.0
2018_2019_329,2018_2019,13/04/2019,club_1c328863,club_091d674e,2.0,1.0
2018_2019_330,2018_2019,13/04/2019,club_aabf7b31,club_e74223a2,3.0,1.0
2018_2019_331,2018_2019,13/04/2019,club_b905ca11,club_31f81526,4.0,0.0
2018_2019_332,2018_2019,14/04/2019,club_81565bf5,club_b218207a,1.0,3.0
2018_2019_333,2018_2019,14/04/2019,club_3bb25b7f,club_1f979dbb,2.0,0.0
2018_2019_334,2018_2019,15/04/2019,club_3a46461b,club_1e328148,0.0,1.0
2018_2019_335,2018_2019,16/04/2019,club_d2d89a85,club_957b15fc,0.0,2.0
2018_2019_336,2018_2019,20/04/2019,club_e2f1bb1e,club_424e85c9,0.0,1.0
2018_2019_337,2018_2019,20/04/2019,club_31f81526,club_3a46461b,1.0,2.0
2018_2019_338,2018_2019,20/04/2019,club_b218207a,club_b905ca11,1.0,0.0
2018_2019_339,2018_2019,20/04/2019,club_764f428a,club_aabf7b31,3.0,1.0
2018_2019_340,2018_2019,20/04/2019,club_091d674e,club_f371ef16,2.0,2.0
2018_2019_341,2018_2019,20/04/2019,club_e74223a2,club_d2d89a85,0.0,0.0
2018_2019_342,2018_2019,21/04/2019,club_1e328148,club_81565bf5,2.0,3.0
2018_2019_343,2018_2019,21/04/2019,club_957b15fc,club_3bb25b7f,0.0,2.0
2018_2019_344,2018_2019,21/04/2019,club_7643b99d,club_1c328863,4.0,0.0
2018_2019_345,2018_2019,22/04/2019,club_1f979dbb,club_eb6e74d9,2.0,2.0
2018_2019_346,2018_2019,23/04/2019,club_b905ca11,club_d2d89a85,1.0,0.0
2018_2019_347,2018_2019,23/04/2019,club_3a46461b,club_aabf7b31,1.0,1.0
2018_2019_348,2018_2019,24/04/2019,club_1c328863,club_b218207a,0.0,2.0
2018_2019_349,2018_2019,24/04/2019,club_e74223a2,club_1e328148,3.0,1.0
2018_2019_350,2018_2019,26/04/2019,club_3bb25b7f,club_31f81526,5.0,0.0
2018_2019_351,2018_2019,27/04/2019,club_d2d89a85,club_764f428a,1.0,1.0
2018_2019_352,2018_2019,27/04/2019,club_81565bf5,club_7643b99d,0.0,0.0
2018_2019_353,2018_2019,27/04/2019,club_424e85c9,club_957b15fc,1.0,0.0
2018_2019_354,2018_2019,27/04/2019,club_aabf7b31,club_e2f1bb1e,3.0,3.0
2018_2019_355,2018_2019,27/04/2019,club_b905ca11,club_091d674e,0.0,1.0
2018_2019_356,2018_2019,27/04/2019,club_3a46461b,club_e74223a2,1.0,2.0
2018_2019_357,2018_2019,28/04/2019,club_eb6e74d9,club_b218207a,0.0,1.0
2018_2019_358,2018_2019,28/04/2019,club_f371ef16,club_1e328148,3.0,0.0
2018_2019_359,2018_2019,28/04/2019,club_1c328863,club_1f979dbb,1.0,1.0
2018_2019_360,2018_2019,03/05/2019,club_7643b99d,club_eb6e74d9,2.0,0.0
2018_2019_361,2018_2019,04/05/2019,club_e2f1bb1e,club_b905ca11,1.0,0.0
2018_2019_362,2018_2019,04/05/2019,club_957b15fc,club_81565bf5,2.0,3.0
2018_2019_363,2018_2019,04/05/2019,club_764f428a,club_3bb25b7f,2.0,3.0
2018_2019_364,2018_2019,04/05/2019,club_091d674e,club_aabf7b31,3.0,0.0
2018_2019_365,2018_2019,04/05/2019,club_e74223a2,club_424e85c9,1.0,0.0
2018_2019_366,2018_2019,05/05/2019,club_1e328148,club_d2d89a85,1.0,1.0
2018_2019_367,2018_2019,05/05/2019,club_1f979dbb,club_3a46461b,3.0,0.0
2018_2019_368,2018_2019,05/05/2019,club_31f81526,club_1c328863,1.0,1.0
2018_2019_369,2018_2019,06/05/2019,club_b218207a,club_f371ef16,1.0,0.0
2018_2019_370,2018_2019,12/05/2019,club_d2d89a85,club_b218207a,1.0,4.0
2018_2019_371,2018_2019,12/05/2019,club_eb6e74d9,club_1e328148,1.0,3.0
2018_2019_372,2018_2019,12/05/2019,club_81565bf5,club_e2f1bb1e,5.0,3.0
2018_2019_373,2018_2019,12/05/2019,club_424e85c9,club_764f428a,0.0,4.0
2018_2019_374,2018_2019,12/05/2019,club_f371ef16,club_1f979dbb,0.0,0.0
2018_2019_375,2018_2019,12/05/2019,club_3bb25b7f,club_e74223a2,2.0,0.0
2018_2019_376,2018_2019,12/05/2019,club_1c328863,club_957b15fc,0.0,2.0
2018_2019_377,2018_2019,12/05/2019,club_aabf7b31,club_31f81526,1.0,1.0
2018_2019_378,2018_2019,12/05/2019,club_b905ca11,club_7643b99d,2.0,2.0
2018_2019_379,2018_2019,12/05/2019,club_3a46461b,club_091d674e,1.0,4.0
2019_2020_0,2019_2020,09/08/2019,club_3bb25b7f,club_aae864a7,4.0,1.0
2019_2020_1,2019_2020,10/08/2019,club_091d674e,club_b218207a,0.0,5.0
2019_2020_2,2019_2020,10/08/2019,club_e2f1bb1e,club_6b195a60,1.0,1.0
2019_2020_3,2019_2020,10/08/2019,club_eb6e74d9,club_aabf7b31,3.0,0.0
2019_2020_4,2019_2020,10/08/2019,club_81565bf5,club_7643b99d,0.0,0.0
2019_2020_5,2019_2020,10/08/2019,club_3a46461b,club_d2d89a85,0.0,3.0
2019_2020_6,2019_2020,10/08/2019,club_b905ca11,club_9d67c2fd,3.0,1.0
2019_2020_7,2019_2020,11/08/2019,club_f371ef16,club_e74223a2,0.0,0.0
2019_2020_8,2019_2020,11/08/2019,club_764f428a,club_1e328148,0.0,1.0
2019_2020_9,2019_2020,11/08/2019,club_1c328863,club_1f979dbb,4.0,0.0
2019_2020_10,2019_2020,17/08/2019,club_1e328148,club_eb6e74d9,2.0,1.0
2019_2020_11,2019_2020,17/08/2019,club_9d67c2fd,club_e2f1bb1e,1.0,2.0
2019_2020_12,2019_2020,17/08/2019,club_d2d89a85,club_091d674e,1.0,1.0
2019_2020_13,2019_2020,17/08/2019,club_7643b99d,club_3a46461b,1.0,0.0
2019_2020_14,2019_2020,17/08/2019,club_aae864a7,club_764f428a,3.0,1.0
2019_2020_15,2019_2020,17/08/2019,club_aabf7b31,club_3bb25b7f,1.0,2.0
2019_2020_16,2019_2020,17/08/2019,club_b218207a,club_b905ca11,2.0,2.0
2019_2020_17,2019_2020,18/08/2019,club_6b195a60,club_81565bf5,1.0,0.0
2019_2020_18,2019_2020,18/08/2019,club_1f979dbb,club_f371ef16,1.0,1.0
2019_2020_19,2019_2020,19/08/2019,club_e74223a2,club_1c328863,1.0,1.0
2019_2020_20,2019_2020,23/08/2019,club_9d67c2fd,club_7643b99d,2.0,0.0
2019_2020_21,2019_2020,24/08/2019,club_aae864a7,club_1f979dbb,2.0,3.0
2019_2020_22,2019_2020,24/08/2019,club_d2d89a85,club_aabf7b31,0.0,2.0
2019_2020_23,2019_2020,24/08/2019,club_1c328863,club_81565bf5,1.0,2.0
2019_2020_24,2019_2020,24/08/2019,club_6b195a60,club_f371ef16,1.0,2.0
2019_2020_25,2019_2020,24/08/2019,club_3a46461b,club_091d674e,1.0,3.0
2019_2020_26,2019_2020,24/08/2019,club_3bb25b7f,club_1e328148,3.0,1.0
2019_2020_27,2019_2020,25/08/2019,club_e2f1bb1e,club_b218207a,1.0,3.0
2019_2020_28,2019_2020,25/08/2019,club_b905ca11,club_764f428a,0.0,1.0
2019_2020_29,2019_2020,25/08/2019,club_e74223a2,club_eb6e74d9,1.0,1.0
2019_2020_30,2019_2020,31/08/2019,club_aabf7b31,club_1c328863,1.0,1.0
2019_2020_31,2019_2020,31/08/2019,club_1f979dbb,club_6b195a60,2.0,2.0
2019_2020_32,2019_2020,31/08/2019,club_81565bf5,club_9d67c2fd,1.0,0.0
2019_2020_33,2019_2020,31/08/2019,club_f371ef16,club_e2f1bb1e,3.0,1.0
2019_2020_34,2019_2020,31/08/2019,club_b218207a,club_d2d89a85,4.0,0.0
2019_2020_35,2019_2020,31/08/2019,club_764f428a,club_3a46461b,1.0,1.0
2019_2020_36,2019_2020,31/08/2019,club_091d674e,club_aae864a7,2.0,0.0
2019_2020_37,2019_2020,31/08/2019,club_eb6e74d9,club_3bb25b7f,0.0,3.0
2019_2020_38,2019_2020,01/09/2019,club_7643b99d,club_e74223a2,3.0,2.0
2019_2020_39,2019_2020,01/09/2019,club_1e328148,club_b905ca11,2.0,2.0
2019_2020_40,2019_2020,14/09/2019,club_3bb25b7f,club_764f428a,3.0,1.0
2019_2020_41,2019_2020,14/09/2019,club_d2d89a85,club_eb6e74d9,1.0,1.0
2019_2020_42,2019_2020,14/09/2019,club_1c328863,club_f371ef16,1.0,0.0
2019_2020_43,2019_2020,14/09/2019,club_6b195a60,club_aabf7b31,0.0,1.0
2019_2020_44,2019_2020,14/09/2019,club_b905ca11,club_81565bf5,4.0,0.0
2019_2020_45,2019_2020,14/09/2019,club_e74223a2,club_1f979dbb,2.0,5.0
2019_2020_46,2019_2020,14/09/2019,club_aae864a7,club_b218207a,3.0,2.0
2019_2020_47,2019_2020,15/09/2019,club_e2f1bb1e,club_7643b99d,3.0,1.0
2019_2020_48,2019_2020,15/09/2019,club_3a46461b,club_1e328148,2.0,2.0
2019_2020_49,2019_2020,16/09/2019,club_9d67c2fd,club_091d674e,0.0,0.0
2019_2020_50,2019_2020,20/09/2019,club_aabf7b31,club_e2f1bb1e,1.0,3.0
2019_2020_51,2019_2020,21/09/2019,club_f371ef16,club_b905ca11,2.0,1.0
2019_2020_52,2019_2020,21/09/2019,club_eb6e74d9,club_aae864a7,2.0,0.0
2019_2020_53,2019_2020,21/09/2019,club_7643b99d,club_6b195a60,0.0,2.0
2019_2020_54,2019_2020,21/09/2019,club_b218207a,club_3a46461b,8.0,0.0
2019_2020_55,2019_2020,21/09/2019,club_764f428a,club_d2d89a85,0.0,0.0
2019_2020_56,2019_2020,22/09/2019,club_81565bf5,club_e74223a2,1.0,1.0
2019_2020_57,2019_2020,22/09/2019,club_091d674e,club_1c328863,2.0,0.0
2019_2020_58,2019_2020,22/09/2019,club_1e328148,club_9d67c2fd,3.0,2.0
2019_2020_59,2019_2020,22/09/2019,club_1f979dbb,club_3bb25b7f,1.0,2.0
2019_2020_60,2019_2020,28/09/2019,club_6b195a60,club_3bb25b7f,0.0,1.0
2019_2020_61,2019_2020,28/09/2019,club_9d67c2fd,club_eb6e74d9,2.0,2.0
2019_2020_62,2019_2020,28/09/2019,club_e2f1bb1e,club_091d674e,2.0,2.0
2019_2020_63,2019_2020,28/09/2019,club_1f979dbb,club_d2d89a85,2.0,0.0
2019_2020_64,2019_2020,28/09/2019,club_81565bf5,club_aae864a7,2.0,0.0
2019_2020_65,2019_2020,28/09/2019,club_b905ca11,club_aabf7b31,2.0,1.0
2019_2020_66,2019_2020,28/09/2019,club_e74223a2,club_3a46461b,2.0,0.0
2019_2020_67,2019_2020,28/09/2019,club_7643b99d,club_b218207a,1.0,3.0
2019_2020_68,2019_2020,29/09/2019,club_f371ef16,club_764f428a,5.0,0.0
2019_2020_69,2019_2020,30/09/2019,club_1c328863,club_1e328148,1.0,1.0
2019_2020_70,2019_2020,05/10/2019,club_d2d89a85,club_b905ca11,3.0,0.0
2019_2020_71,2019_2020,05/10/2019,club_eb6e74d9,club_7643b99d,1.0,0.0
2019_2020_72,2019_2020,05/10/2019,club_3bb25b7f,club_f371ef16,2.0,1.0
2019_2020_73,2019_2020,05/10/2019,club_aae864a7,club_9d67c2fd,1.0,5.0
2019_2020_74,2019_2020,05/10/2019,club_3a46461b,club_6b195a60,0.0,0.0
2019_2020_75,2019_2020,05/10/2019,club_091d674e,club_81565bf5,1.0,2.0
2019_2020_76,2019_2020,06/10/2019,club_1e328148,club_e2f1bb1e,1.0,0.0
2019_2020_77,2019_2020,06/10/2019,club_b218207a,club_e74223a2,0.0,2.0
2019_2020_78,2019_2020,06/10/2019,club_aabf7b31,club_1f979dbb,1.0,4.0
2019_2020_79,2019_2020,06/10/2019,club_764f428a,club_1c328863,1.0,0.0
2019_2020_80,2019_2020,19/10/2019,club_7643b99d,club_091d674e,2.0,0.0
2019_2020_81,2019_2020,19/10/2019,club_9d67c2fd,club_d2d89a85,2.0,1.0
2019_2020_82,2019_2020,19/10/2019,club_e2f1bb1e,club_aae864a7,0.0,0.0
2019_2020_83,2019_2020,19/10/2019,club_1f979dbb,club_764f428a,1.0,0.0
2019_2020_84,2019_2020,19/10/2019,club_f371ef16,club_eb6e74d9,2.0,1.0
2019_2020_85,2019_2020,19/10/2019,club_b905ca11,club_3a46461b,1.0,1.0
2019_2020_86,2019_2020,19/10/2019,club_e74223a2,club_aabf7b31,1.0,1.0
2019_2020_87,2019_2020,19/10/2019,club_81565bf5,club_b218207a,0.0,2.0
2019_2020_88,2019_2020,20/10/2019,club_1c328863,club_3bb25b7f,1.0,1.0
2019_2020_89,2019_2020,21/10/2019,club_6b195a60,club_1e328148,1.0,0.0
2019_2020_90,2019_2020,25/10/2019,club_aabf7b31,club_f371ef16,0.0,9.0
2019_2020_91,2019_2020,26/10/2019,club_b218207a,club_9d67c2fd,3.0,0.0
2019_2020_92,2019_2020,26/10/2019,club_d2d89a85,club_7643b99d,3.0,2.0
2019_2020_93,2019_2020,26/10/2019,club_3a46461b,club_e2f1bb1e,0.0,0.0
2019_2020_94,2019_2020,26/10/2019,club_091d674e,club_6b195a60,1.0,1.0
2019_2020_95,2019_2020,26/10/2019,club_eb6e74d9,club_1f979dbb,2.0,4.0
2019_2020_96,2019_2020,27/10/2019,club_764f428a,club_e74223a2,1.0,1.0
2019_2020_97,2019_2020,27/10/2019,club_1e328148,club_81565bf5,2.0,2.0
2019_2020_98,2019_2020,27/10/2019,club_3bb25b7f,club_b905ca11,2.0,1.0
2019_2020_99,2019_2020,27/10/2019,club_aae864a7,club_1c328863,1.0,3.0
2019_2020_100,2019_2020,02/11/2019,club_e2f1bb1e,club_1c328863,1.0,0.0
2019_2020_101,2019_2020,02/11/2019,club_1e328148,club_e74223a2,1.0,1.0
2019_2020_102,2019_2020,02/11/2019,club_9d67c2fd,club_3bb25b7f,1.0,2.0
2019_2020_103,2019_2020,02/11/2019,club_d2d89a85,club_aae864a7,2.0,0.0
2019_2020_104,2019_2020,02/11/2019,club_b218207a,club_aabf7b31,2.0,1.0
2019_2020_105,2019_2020,02/11/2019,club_6b195a60,club_eb6e74d9,3.0,0.0
2019_2020_106,2019_2020,02/11/2019,club_091d674e,club_764f428a,2.0,3.0
2019_2020_107,2019_2020,02/11/2019,club_3a46461b,club_1f979dbb,1.0,2.0
2019_2020_108,2019_2020,03/11/2019,club_81565bf5,club_f371ef16,0.0,2.0
2019_2020_109,2019_2020,03/11/2019,club_7643b99d,club_b905ca11,1.0,1.0
2019_2020_110,2019_2020,08/11/2019,club_aae864a7,club_3a46461b,0.0,2.0
2019_2020_111,2019_2020,09/11/2019,club_1f979dbb,club_81565bf5,2.0,0.0
2019_2020_112,2019_2020,09/11/2019,club_eb6e74d9,club_091d674e,3.0,0.0
2019_2020_113,2019_2020,09/11/2019,club_764f428a,club_e2f1bb1e,2.0,1.0
2019_2020_114,2019_2020,09/11/2019,club_aabf7b31,club_7643b99d,1.0,2.0
2019_2020_115,2019_2020,09/11/2019,club_b905ca11,club_6b195a60,1.0,1.0
2019_2020_116,2019_2020,09/11/2019,club_f371ef16,club_1e328148,2.0,0.0
2019_2020_117,2019_2020,10/11/2019,club_1c328863,club_d2d89a85,3.0,1.0
2019_2020_118,2019_2020,10/11/2019,club_e74223a2,club_9d67c2fd,2.0,1.0
2019_2020_119,2019_2020,10/11/2019,club_3bb25b7f,club_b218207a,3.0,1.0
2019_2020_120,2019_2020,23/11/2019,club_091d674e,club_b905ca11,2.0,3.0
2019_2020_121,2019_2020,23/11/2019,club_1e328148,club_aabf7b31,2.0,2.0
2019_2020_122,2019_2020,23/11/2019,club_e2f1bb1e,club_e74223a2,1.0,2.0
2019_2020_123,2019_2020,23/11/2019,club_d2d89a85,club_f371ef16,0.0,2.0
2019_2020_124,2019_2020,23/11/2019,club_81565bf5,club_3bb25b7f,1.0,2.0
2019_2020_125,2019_2020,23/11/2019,club_7643b99d,club_aae864a7,0.0,2.0
2019_2020_126,2019_2020,23/11/2019,club_3a46461b,club_eb6e74d9,0.0,3.0
2019_2020_127,2019_2020,23/11/2019,club_b218207a,club_1f979dbb,2.0,1.0
2019_2020_128,2019_2020,24/11/2019,club_6b195a60,club_1c328863,3.0,3.0
2019_2020_129,2019_2020,25/11/2019,club_9d67c2fd,club_764f428a,2.0,0.0
2019_2020_130,2019_2020,30/11/2019,club_764f428a,club_b218207a,2.0,2.0
2019_2020_131,2019_2020,30/11/2019,club_eb6e74d9,club_81565bf5,0.0,2.0
2019_2020_132,2019_2020,30/11/2019,club_1f979dbb,club_091d674e,0.0,1.0
2019_2020_133,2019_2020,30/11/2019,club_3bb25b7f,club_d2d89a85,2.0,1.0
2019_2020_134,2019_2020,30/11/2019,club_b905ca11,club_e2f1bb1e,3.0,2.0
2019_2020_135,2019_2020,30/11/2019,club_aabf7b31,club_3a46461b,2.0,1.0
2019_2020_136,2019_2020,01/12/2019,club_aae864a7,club_1e328148,2.0,2.0
2019_2020_137,2019_2020,01/12/2019,club_e74223a2,club_6b195a60,1.0,1.0
2019_2020_138,2019_2020,01/12/2019,club_f371ef16,club_7643b99d,2.0,1.0
2019_2020_139,2019_2020,01/12/2019,club_1c328863,club_9d67c2fd,2.0,2.0
2019_2020_140,2019_2020,03/12/2019,club_81565bf5,club_e2f1bb1e,1.0,0.0
2019_2020_141,2019_2020,03/12/2019,club_eb6e74d9,club_b218207a,1.0,4.0
2019_2020_142,2019_2020,04/12/2019,club_1f979dbb,club_9d67c2fd,2.0,1.0
2019_2020_143,2019_2020,04/12/2019,club_f371ef16,club_3a46461b,2.0,0.0
2019_2020_144,2019_2020,04/12/2019,club_1c328863,club_b905ca11,2.0,1.0
2019_2020_145,2019_2020,04/12/2019,club_aabf7b31,club_aae864a7,2.0,1.0
2019_2020_146,2019_2020,04/12/2019,club_e74223a2,club_091d674e,2.0,0.0
2019_2020_147,2019_2020,04/12/2019,club_3bb25b7f,club_7643b99d,5.0,2.0
2019_2020_148,2019_2020,05/12/2019,club_6b195a60,club_764f428a,0.0,2.0
2019_2020_149,2019_2020,05/12/2019,club_1e328148,club_d2d89a85,1.0,2.0
2019_2020_150,2019_2020,07/12/2019,club_7643b99d,club_1f979dbb,3.0,1.0
2019_2020_151,2019_2020,07/12/2019,club_e2f1bb1e,club_3bb25b7f,0.0,3.0
2019_2020_152,2019_2020,07/12/2019,club_b905ca11,club_eb6e74d9,5.0,0.0
2019_2020_153,2019_2020,07/12/2019,club_3a46461b,club_81565bf5,0.0,0.0
2019_2020_154,2019_2020,07/12/2019,club_b218207a,club_1c328863,1.0,2.0
2019_2020_155,2019_2020,08/12/2019,club_9d67c2fd,club_f371ef16,1.0,4.0
2019_2020_156,2019_2020,08/12/2019,club_764f428a,club_aabf7b31,2.0,1.0
2019_2020_157,2019_2020,08/12/2019,club_aae864a7,club_6b195a60,1.0,2.0
2019_2020_158,2019_2020,08/12/2019,club_d2d89a85,club_e74223a2,2.0,2.0
2019_2020_159,2019_2020,09/12/2019,club_091d674e,club_1e328148,1.0,3.0
2019_2020_160,2019_2020,14/12/2019,club_3bb25b7f,club_3a46461b,2.0,0.0
2019_2020_161,2019_2020,14/12/2019,club_eb6e74d9,club_764f428a,1.0,0.0
2019_2020_162,2019_2020,14/12/2019,club_1f979dbb,club_e2f1bb1e,0.0,1.0
2019_2020_163,2019_2020,14/12/2019,club_f371ef16,club_aae864a7,1.0,1.0
2019_2020_164,2019_2020,14/12/2019,club_6b195a60,club_9d67c2fd,2.0,0.0
2019_2020_165,2019_2020,14/12/2019,club_aabf7b31,club_091d674e,0.0,1.0
2019_2020_166,2019_2020,15/12/2019,club_1c328863,club_7643b99d,1.0,1.0
2019_2020_167,2019_2020,15/12/2019,club_e74223a2,club_b905ca11,1.0,2.0
2019_2020_168,2019_2020,15/12/2019,club_1e328148,club_b218207a,0.0,3.0
2019_2020_169,2019_2020,16/12/2019,club_81565bf5,club_d2d89a85,1.0,1.0
2019_2020_170,2019_2020,21/12/2019,club_7643b99d,club_1e328148,0.0,0.0
2019_2020_171,2019_2020,21/12/2019,club_9d67c2fd,club_aabf7b31,1.0,3.0
2019_2020_172,2019_2020,21/12/2019,club_e2f1bb1e,club_eb6e74d9,0.0,1.0
2019_2020_173,2019_2020,21/12/2019,club_d2d89a85,club_6b195a60,0.0,1.0
2019_2020_174,2019_2020,21/12/2019,club_764f428a,club_81565bf5,1.0,0.0
2019_2020_175,2019_2020,21/12/2019,club_aae864a7,club_e74223a2,1.0,2.0
2019_2020_176,2019_2020,21/12/2019,club_b218207a,club_f371ef16,3.0,1.0
2019_2020_177,2019_2020,22/12/2019,club_3a46461b,club_1c328863,2.0,0.0
2019_2020_178,2019_2020,22/12/2019,club_b905ca11,club_1f979dbb,0.0,2.0
2019_2020_179,2019_2020,26/12/2019,club_b905ca11,club_d2d89a85,2.0,1.0
2019_2020_180,2019_2020,26/12/2019,club_9d67c2fd,club_aae864a7,1.0,0.0
2019_2020_181,2019_2020,26/12/2019,club_e2f1bb1e,club_1e328148,1.0,1.0
2019_2020_182,2019_2020,26/12/2019,club_1f979dbb,club_aabf7b31,0.0,2.0
2019_2020_183,2019_2020,26/12/2019,club_81565bf5,club_091d674e,2.0,1.0
2019_2020_184,2019_2020,26/12/2019,club_7643b99d,club_eb6e74d9,1.0,0.0
2019_2020_185,2019_2020,26/12/2019,club_6b195a60,club_3a46461b,1.0,1.0
2019_2020_186,2019_2020,26/12/2019,club_1c328863,club_764f428a,4.0,1.0
2019_2020_187,2019_2020,26/12/2019,club_f371ef16,club_3bb25b7f,0.0,4.0
2019_2020_188,2019_2020,27/12/2019,club_e74223a2,club_b218207a,3.0,2.0
2019_2020_189,2019_2020,28/12/2019,club_d2d89a85,club_e2f1bb1e,2.0,0.0
2019_2020_190,2019_2020,28/12/2019,club_764f428a,club_7643b99d,1.0,2.0
2019_2020_191,2019_2020,28/12/2019,club_aabf7b31,club_81565bf5,1.0,1.0
2019_2020_192,2019_2020,28/12/2019,club_3a46461b,club_9d67c2fd,3.0,0.0
2019_2020_193,2019_2020,28/12/2019,club_aae864a7,club_b905ca11,2.0,2.0
2019_2020_194,2019_2020,28/12/2019,club_091d674e,club_f371ef16,1.0,2.0
2019_2020_195,2019_2020,28/12/2019,club_eb6e74d9,club_1c328863,0.0,2.0
2019_2020_196,2019_2020,29/12/2019,club_1e328148,club_1f979dbb,1.0,2.0
2019_2020_197,2019_2020,29/12/2019,club_3bb25b7f,club_e74223a2,1.0,0.0
2019_2020_198,2019_2020,29/12/2019,club_b218207a,club_6b195a60,2.0,0.0
2019_2020_199,2019_2020,01/01/2020,club_d2d89a85,club_1f979dbb,1.0,1.0
2019_2020_200,2019_2020,01/01/2020,club_eb6e74d9,club_9d67c2fd,1.0,2.0
2019_2020_201,2019_2020,01/01/2020,club_764f428a,club_f371ef16,0.0,3.0
2019_2020_202,2019_2020,01/01/2020,club_aabf7b31,club_b905ca11,1.0,0.0
2019_2020_203,2019_2020,01/01/2020,club_3a46461b,club_e74223a2,2.0,1.0
2019_2020_204,2019_2020,01/01/2020,club_b218207a,club_7643b99d,2.0,1.0
2019_2020_205,2019_2020,01/01/2020,club_aae864a7,club_81565bf5,1.0,1.0
2019_2020_206,2019_2020,01/01/2020,club_091d674e,club_e2f1bb1e,4.0,0.0
2019_2020_207,2019_2020,01/01/2020,club_1e328148,club_1c328863,2.0,0.0
2019_2020_208,2019_2020,02/01/2020,club_3bb25b7f,club_6b195a60,2.0,0.0
2019_2020_209,2019_2020,10/01/2020,club_6b195a60,club_091d674e,1.0,0.0
2019_2020_210,2019_2020,11/01/2020,club_81565bf5,club_1e328148,1.0,1.0
2019_2020_211,2019_2020,11/01/2020,club_1f979dbb,club_eb6e74d9,3.0,0.0
2019_2020_212,2019_2020,11/01/2020,club_7643b99d,club_d2d89a85,1.0,0.0
2019_2020_213,2019_2020,11/01/2020,club_f371ef16,club_aabf7b31,1.0,2.0
2019_2020_214,2019_2020,11/01/2020,club_1c328863,club_aae864a7,4.0,0.0
2019_2020_215,2019_2020,11/01/2020,club_e74223a2,club_764f428a,1.0,1.0
2019_2020_216,2019_2020,11/01/2020,club_b905ca11,club_3bb25b7f,0.0,1.0
2019_2020_217,2019_2020,12/01/2020,club_e2f1bb1e,club_3a46461b,0.0,3.0
2019_2020_218,2019_2020,12/01/2020,club_9d67c2fd,club_b218207a,1.0,6.0
2019_2020_219,2019_2020,18/01/2020,club_3a46461b,club_b905ca11,0.0,0.0
2019_2020_220,2019_2020,18/01/2020,club_1e328148,club_6b195a60,1.0,1.0
2019_2020_221,2019_2020,18/01/2020,club_d2d89a85,club_9d67c2fd,1.0,1.0
2019_2020_222,2019_2020,18/01/2020,club_b218207a,club_81565bf5,2.0,2.0
2019_2020_223,2019_2020,18/01/2020,club_aae864a7,club_e2f1bb1e,1.0,0.0
2019_2020_224,2019_2020,18/01/2020,club_aabf7b31,club_e74223a2,2.0,3.0
2019_2020_225,2019_2020,18/01/2020,club_091d674e,club_7643b99d,1.0,1.0
2019_2020_226,2019_2020,18/01/2020,club_764f428a,club_1f979dbb,1.0,0.0
2019_2020_227,2019_2020,19/01/2020,club_eb6e74d9,club_f371ef16,2.0,1.0
2019_2020_228,2019_2020,19/01/2020,club_3bb25b7f,club_1c328863,2.0,0.0
2019_2020_229,2019_2020,21/01/2020,club_9d67c2fd,club_3a46461b,2.0,1.0
2019_2020_230,2019_2020,21/01/2020,club_e2f1bb1e,club_d2d89a85,3.0,1.0
2019_2020_231,2019_2020,21/01/2020,club_81565bf5,club_aabf7b31,0.0,2.0
2019_2020_232,2019_2020,21/01/2020,club_7643b99d,club_764f428a,2.0,2.0
2019_2020_233,2019_2020,21/01/2020,club_6b195a60,club_b218207a,0.0,1.0
2019_2020_234,2019_2020,21/01/2020,club_1f979dbb,club_1e328148,2.0,2.0
2019_2020_235,2019_2020,22/01/2020,club_f371ef16,club_091d674e,4.0,1.0
2019_2020_236,2019_2020,22/01/2020,club_b905ca11,club_aae864a7,2.0,1.0
2019_2020_237,2019_2020,22/01/2020,club_1c328863,club_eb6e74d9,0.0,2.0
2019_2020_238,2019_2020,23/01/2020,club_e74223a2,club_3bb25b7f,1.0,2.0
2019_2020_239,2019_2020,29/01/2020,club_091d674e,club_3bb25b7f,0.0,2.0
2019_2020_240,2019_2020,01/02/2020,club_f371ef16,club_1f979dbb,2.0,2.0
2019_2020_241,2019_2020,01/02/2020,club_e2f1bb1e,club_9d67c2fd,2.0,1.0
2019_2020_242,2019_2020,01/02/2020,club_81565bf5,club_6b195a60,0.0,1.0
2019_2020_243,2019_2020,01/02/2020,club_3bb25b7f,club_aabf7b31,4.0,0.0
2019_2020_244,2019_2020,01/02/2020,club_764f428a,club_aae864a7,0.0,0.0
2019_2020_245,2019_2020,01/02/2020,club_3a46461b,club_7643b99d,2.0,3.0
2019_2020_246,2019_2020,01/02/2020,club_091d674e,club_d2d89a85,3.0,3.0
2019_2020_247,2019_2020,01/02/2020,club_1c328863,club_e74223a2,0.0,0.0
2019_2020_248,2019_2020,02/02/2020,club_eb6e74d9,club_1e328148,0.0,0.0
2019_2020_249,2019_2020,02/02/2020,club_b905ca11,club_b218207a,2.0,0.0
2019_2020_250,2019_2020,08/02/2020,club_7643b99d,club_81565bf5,3.0,1.0
2019_2020_251,2019_2020,08/02/2020,club_d2d89a85,club_3a46461b,1.0,1.0
2019_2020_252,2019_2020,09/02/2020,club_6b195a60,club_e2f1bb1e,2.0,1.0
2019_2020_253,2019_2020,14/02/2020,club_e74223a2,club_f371ef16,0.0,0.0
2019_2020_254,2019_2020,15/02/2020,club_aabf7b31,club_eb6e74d9,1.0,2.0
2019_2020_255,2019_2020,15/02/2020,club_aae864a7,club_3bb25b7f,0.0,1.0
2019_2020_256,2019_2020,16/02/2020,club_9d67c2fd,club_b905ca11,2.0,3.0
2019_2020_257,2019_2020,16/02/2020,club_1e328148,club_764f428a,4.0,0.0
2019_2020_258,2019_2020,17/02/2020,club_1f979dbb,club_1c328863,0.0,2.0
2019_2020_259,2019_2020,19/02/2020,club_b218207a,club_091d674e,2.0,0.0
2019_2020_260,2019_2020,22/02/2020,club_1f979dbb,club_b905ca11,2.0,1.0
2019_2020_261,2019_2020,22/02/2020,club_eb6e74d9,club_e2f1bb1e,3.0,0.0
2019_2020_262,2019_2020,22/02/2020,club_81565bf5,club_764f428a,1.0,0.0
2019_2020_263,2019_2020,22/02/2020,club_6b195a60,club_d2d89a85,1.0,1.0
2019_2020_264,2019_2020,22/02/2020,club_aabf7b31,club_9d67c2fd,2.0,0.0
2019_2020_265,2019_2020,22/02/2020,club_f371ef16,club_b218207a,0.0,1.0
2019_2020_266,2019_2020,23/02/2020,club_1c328863,club_3a46461b,3.0,0.0
2019_2020_267,2019_2020,23/02/2020,club_e74223a2,club_aae864a7,3.0,0.0
2019_2020_268,2019_2020,23/02/2020,club_1e328148,club_7643b99d,3.0,2.0
2019_2020_269,2019_2020,24/02/2020,club_3bb25b7f,club_091d674e,3.0,2.0
2019_2020_270,2019_2020,28/02/2020,club_aae864a7,club_f371ef16,1.0,0.0
2019_2020_271,2019_2020,29/02/2020,club_d2d89a85,club_81565bf5,0.0,1.0
2019_2020_272,2019_2020,29/02/2020,club_e2f1bb1e,club_1f979dbb,2.0,2.0
2019_2020_273,2019_2020,29/02/2020,club_764f428a,club_eb6e74d9,0.0,0.0
2019_2020_274,2019_2020,29/02/2020,club_091d674e,club_aabf7b31,3.0,1.0
2019_2020_275,2019_2020,29/02/2020,club_3a46461b,club_3bb25b7f,3.0,0.0
2019_2020_276,2019_2020,01/03/2020,club_7643b99d,club_1c328863,1.0,1.0
2019_2020_277,2019_2020,01/03/2020,club_b905ca11,club_e74223a2,2.0,3.0
2019_2020_278,2019_2020,07/03/2020,club_3bb25b7f,club_e2f1bb1e,2.0,1.0
2019_2020_279,2019_2020,07/03/2020,club_1e328148,club_091d674e,1.0,0.0
2019_2020_280,2019_2020,07/03/2020,club_81565bf5,club_3a46461b,1.0,0.0
2019_2020_281,2019_2020,07/03/2020,club_6b195a60,club_aae864a7,1.0,0.0
2019_2020_282,2019_2020,07/03/2020,club_aabf7b31,club_764f428a,0.0,1.0
2019_2020_283,2019_2020,07/03/2020,club_e74223a2,club_d2d89a85,0.0,0.0
2019_2020_284,2019_2020,07/03/2020,club_eb6e74d9,club_b905ca11,1.0,1.0
2019_2020_285,2019_2020,08/03/2020,club_1f979dbb,club_7643b99d,4.0,0.0
2019_2020_286,2019_2020,08/03/2020,club_1c328863,club_b218207a,2.0,0.0
2019_2020_287,2019_2020,09/03/2020,club_f371ef16,club_9d67c2fd,4.0,0.0
2019_2020_288,2019_2020,17/06/2020,club_9d67c2fd,club_6b195a60,0.0,0.0
2019_2020_289,2019_2020,17/06/2020,club_b218207a,club_1e328148,3.0,0.0
2019_2020_290,2019_2020,19/06/2020,club_aae864a7,club_aabf7b31,0.0,3.0
2019_2020_291,2019_2020,19/06/2020,club_b905ca11,club_1c328863,1.0,1.0
2019_2020_292,2019_2020,20/06/2020,club_3a46461b,club_f371ef16,1.0,1.0
2019_2020_293,2019_2020,20/06/2020,club_d2d89a85,club_1e328148,2.0,1.0
2019_2020_294,2019_2020,20/06/2020,club_091d674e,club_e74223a2,0.0,2.0
2019_2020_295,2019_2020,20/06/2020,club_e2f1bb1e,club_81565bf5,0.0,2.0
2019_2020_296,2019_2020,21/06/2020,club_764f428a,club_6b195a60,3.0,0.0
2019_2020_297,2019_2020,21/06/2020,club_9d67c2fd,club_1f979dbb,1.0,2.0
2019_2020_298,2019_2020,21/06/2020,club_7643b99d,club_3bb25b7f,0.0,0.0
2019_2020_299,2019_2020,22/06/2020,club_b218207a,club_eb6e74d9,5.0,0.0
2019_2020_300,2019_2020,23/06/2020,club_f371ef16,club_d2d89a85,0.0,0.0
2019_2020_301,2019_2020,23/06/2020,club_b905ca11,club_091d674e,2.0,0.0
2019_2020_302,2019_2020,24/06/2020,club_1c328863,club_6b195a60,3.0,0.0
2019_2020_303,2019_2020,24/06/2020,club_764f428a,club_9d67c2fd,1.0,1.0
2019_2020_304,2019_2020,24/06/2020,club_aae864a7,club_7643b99d,0.0,1.0
2019_2020_305,2019_2020,24/06/2020,club_e74223a2,club_e2f1bb1e,1.0,0.0
2019_2020_306,2019_2020,24/06/2020,club_3bb25b7f,club_81565bf5,4.0,0.0
2019_2020_307,2019_2020,25/06/2020,club_eb6e74d9,club_3a46461b,1.0,0.0
2019_2020_308,2019_2020,25/06/2020,club_aabf7b31,club_1e328148,0.0,2.0
2019_2020_309,2019_2020,25/06/2020,club_1f979dbb,club_b218207a,2.0,1.0
2019_2020_310,2019_2020,27/06/2020,club_9d67c2fd,club_e74223a2,0.0,1.0
2019_2020_311,2019_2020,28/06/2020,club_3a46461b,club_aabf7b31,1.0,3.0
2019_2020_312,2019_2020,29/06/2020,club_81565bf5,club_eb6e74d9,0.0,1.0
2019_2020_313,2019_2020,30/06/2020,club_d2d89a85,club_1c328863,0.0,3.0
2019_2020_314,2019_2020,01/07/2020,club_1e328148,club_aae864a7,4.0,0.0
2019_2020_315,2019_2020,01/07/2020,club_e2f1bb1e,club_764f428a,1.0,4.0
2019_2020_316,2019_2020,01/07/2020,club_7643b99d,club_f371ef16,2.0,1.0
2019_2020_317,2019_2020,01/07/2020,club_091d674e,club_1f979dbb,3.0,2.0
2019_2020_318,2019_2020,02/07/2020,club_6b195a60,club_b905ca11,3.0,1.0
2019_2020_319,2019_2020,02/07/2020,club_b218207a,club_3bb25b7f,4.0,0.0
2019_2020_320,2019_2020,04/07/2020,club_aae864a7,club_d2d89a85,0.0,1.0
2019_2020_321,2019_2020,04/07/2020,club_f371ef16,club_81565bf5,3.0,0.0
2019_2020_322,2019_2020,04/07/2020,club_1c328863,club_e2f1bb1e,5.0,2.0
2019_2020_323,2019_2020,04/07/2020,club_e74223a2,club_1e328148,0.0,2.0
2019_2020_324,2019_2020,04/07/2020,club_1f979dbb,club_3a46461b,3.0,0.0
2019_2020_325,2019_2020,05/07/2020,club_eb6e74d9,club_6b195a60,1.0,1.0
2019_2020_326,2019_2020,05/07/2020,club_764f428a,club_091d674e,2.0,2.0
2019_2020_327,2019_2020,05/07/2020,club_3bb25b7f,club_9d67c2fd,2.0,0.0
2019_2020_328,2019_2020,05/07/2020,club_aabf7b31,club_b218207a,1.0,0.0
2019_2020_329,2019_2020,06/07/2020,club_b905ca11,club_7643b99d,1.0,0.0
2019_2020_330,2019_2020,07/07/2020,club_81565bf5,club_1f979dbb,2.0,3.0
2019_2020_331,2019_2020,07/07/2020,club_3a46461b,club_aae864a7,2.0,1.0
2019_2020_332,2019_2020,07/07/2020,club_1e328148,club_f371ef16,1.0,1.0
2019_2020_333,2019_2020,08/07/2020,club_b218207a,club_764f428a,5.0,0.0
2019_2020_334,2019_2020,08/07/2020,club_6b195a60,club_e74223a2,1.0,0.0
2019_2020_335,2019_2020,08/07/2020,club_091d674e,club_eb6e74d9,0.0,1.0
2019_2020_336,2019_2020,08/07/2020,club_d2d89a85,club_3bb25b7f,1.0,3.0
2019_2020_337,2019_2020,09/07/2020,club_e2f1bb1e,club_b905ca11,0.0,0.0
2019_2020_338,2019_2020,09/07/2020,club_7643b99d,club_aabf7b31,1.0,1.0
2019_2020_339,2019_2020,09/07/2020,club_9d67c2fd,club_1c328863,0.0,3.0
2019_2020_340,2019_2020,11/07/2020,club_aae864a7,club_091d674e,0.0,4.0
2019_2020_341,2019_2020,11/07/2020,club_3a46461b,club_764f428a,2.0,1.0
2019_2020_342,2019_2020,11/07/2020,club_3bb25b7f,club_eb6e74d9,1.0,1.0
2019_2020_343,2019_2020,11/07/2020,club_6b195a60,club_1f979dbb,3.0,0.0
2019_2020_344,2019_2020,11/07/2020,club_d2d89a85,club_b218207a,0.0,5.0
2019_2020_345,2019_2020,12/07/2020,club_e74223a2,club_7643b99d,3.0,0.0
2019_2020_346,2019_2020,12/07/2020,club_9d67c2fd,club_81565bf5,2.0,0.0
2019_2020_347,2019_2020,12/07/2020,club_b905ca11,club_1e328148,2.0,1.0
2019_2020_348,2019_2020,12/07/2020,club_e2f1bb1e,club_f371ef16,4.0,1.0
2019_2020_349,2019_2020,13/07/2020,club_1c328863,club_aabf7b31,2.0,2.0
2019_2020_350,2019_2020,14/07/2020,club_1f979dbb,club_aae864a7,1.0,0.0
2019_2020_351,2019_2020,15/07/2020,club_eb6e74d9,club_e74223a2,1.0,1.0
2019_2020_352,2019_2020,15/07/2020,club_b218207a,club_e2f1bb1e,2.0,1.0
2019_2020_353,2019_2020,15/07/2020,club_764f428a,club_b905ca11,1.0,3.0
2019_2020_354,2019_2020,15/07/2020,club_1e328148,club_3bb25b7f,2.0,1.0
2019_2020_355,2019_2020,16/07/2020,club_7643b99d,club_9d67c2fd,1.0,1.0
2019_2020_356,2019_2020,16/07/2020,club_f371ef16,club_6b195a60,2.0,0.0
2019_2020_357,2019_2020,16/07/2020,club_81565bf5,club_1c328863,0.0,2.0
2019_2020_358,2019_2020,16/07/2020,club_aabf7b31,club_d2d89a85,1.0,1.0
2019_2020_359,2019_2020,17/07/2020,club_091d674e,club_3a46461b,3.0,1.0
2019_2020_360,2019_2020,18/07/2020,club_aae864a7,club_eb6e74d9,0.0,2.0
2019_2020_361,2019_2020,19/07/2020,club_e2f1bb1e,club_aabf7b31,0.0,2.0
2019_2020_362,2019_2020,19/07/2020,club_b905ca11,club_f371ef16,3.0,0.0
2019_2020_363,2019_2020,20/07/2020,club_d2d89a85,club_764f428a,0.0,0.0
2019_2020_364,2019_2020,20/07/2020,club_6b195a60,club_7643b99d,0.0,1.0
2019_2020_365,2019_2020,20/07/2020,club_e74223a2,club_81565bf5,2.0,0.0
2019_2020_366,2019_2020,21/07/2020,club_3a46461b,club_b218207a,0.0,4.0
2019_2020_367,2019_2020,21/07/2020,club_9d67c2fd,club_1e328148,1.0,0.0
2019_2020_368,2019_2020,22/07/2020,club_1c328863,club_091d674e,1.0,1.0
2019_2020_369,2019_2020,22/07/2020,club_3bb25b7f,club_1f979dbb,5.0,3.0
2019_2020_370,2019_2020,26/07/2020,club_1e328148,club_3a46461b,3.0,2.0
2019_2020_371,2019_2020,26/07/2020,club_eb6e74d9,club_d2d89a85,1.0,2.0
2019_2020_372,2019_2020,26/07/2020,club_1f979dbb,club_e74223a2,2.0,0.0
2019_2020_373,2019_2020,26/07/2020,club_81565bf5,club_b905ca11,1.0,1.0
2019_2020_374,2019_2020,26/07/2020,club_7643b99d,club_e2f1bb1e,1.0,3.0
2019_2020_375,2019_2020,26/07/2020,club_f371ef16,club_1c328863,0.0,2.0
2019_2020_376,2019_2020,26/07/2020,club_b218207a,club_aae864a7,5.0,0.0
2019_2020_377,2019_2020,26/07/2020,club_764f428a,club_3bb25b7f,1.0,3.0
2019_2020_378,2019_2020,26/07/2020,club_aabf7b31,club_6b195a60,3.0,1.0
2019_2020_379,2019_2020,26/07/2020,club_091d674e,club_9d67c2fd,1.0,1.0
2020_2021_0,2020_2021,12/09/2020,club_424e85c9,club_1e328148,0.0,3.0
2020_2021_1,2020_2021,12/09/2020,club_81565bf5,club_aabf7b31,1.0,0.0
2020_2021_2,2020_2021,12/09/2020,club_3bb25b7f,club_68296972,4.0,3.0
2020_2021_3,2020_2021,12/09/2020,club_091d674e,club_764f428a,0.0,2.0
2020_2021_4,2020_2021,13/09/2020,club_7b03df78,club_f371ef16,0.0,3.0
2020_2021_5,2020_2021,13/09/2020,club_b905ca11,club_7643b99d,0.0,1.0
2020_2021_6,2020_2021,14/09/2020,club_d2d89a85,club_1f979dbb,1.0,3.0
2020_2021_7,2020_2021,14/09/2020,club_6b195a60,club_e74223a2,0.0,2.0
2020_2021_8,2020_2021,19/09/2020,club_7643b99d,club_7b03df78,5.0,2.0
2020_2021_9,2020_2021,19/09/2020,club_68296972,club_424e85c9,4.0,3.0
2020_2021_10,2020_2021,19/09/2020,club_1c328863,club_81565bf5,1.0,3.0
2020_2021_11,2020_2021,19/09/2020,club_1e328148,club_091d674e,2.0,1.0
2020_2021_12,2020_2021,20/09/2020,club_aabf7b31,club_b905ca11,2.0,5.0
2020_2021_13,2020_2021,20/09/2020,club_764f428a,club_d2d89a85,0.0,3.0
2020_2021_14,2020_2021,20/09/2020,club_1f979dbb,club_3bb25b7f,0.0,2.0
2020_2021_15,2020_2021,20/09/2020,club_f371ef16,club_eb6e74d9,4.0,2.0
2020_2021_16,2020_2021,21/09/2020,club_9d67c2fd,club_6b195a60,1.0,0.0
2020_2021_17,2020_2021,21/09/2020,club_e74223a2,club_b218207a,1.0,3.0
2020_2021_18,2020_2021,26/09/2020,club_d2d89a85,club_1c328863,2.0,3.0
2020_2021_19,2020_2021,26/09/2020,club_81565bf5,club_7643b99d,1.0,2.0
2020_2021_20,2020_2021,26/09/2020,club_7b03df78,club_1f979dbb,3.0,3.0
2020_2021_21,2020_2021,26/09/2020,club_eb6e74d9,club_aabf7b31,0.0,1.0
2020_2021_22,2020_2021,27/09/2020,club_6b195a60,club_68296972,0.0,1.0
2020_2021_23,2020_2021,27/09/2020,club_b905ca11,club_764f428a,1.0,1.0
2020_2021_24,2020_2021,27/09/2020,club_b218207a,club_f371ef16,2.0,5.0
2020_2021_25,2020_2021,27/09/2020,club_091d674e,club_e74223a2,4.0,0.0
2020_2021_26,2020_2021,28/09/2020,club_424e85c9,club_9d67c2fd,0.0,3.0
2020_2021_27,2020_2021,28/09/2020,club_3bb25b7f,club_1e328148,3.0,1.0
2020_2021_28,2020_2021,03/10/2020,club_1f979dbb,club_81565bf5,4.0,0.0
2020_2021_29,2020_2021,03/10/2020,club_7643b99d,club_d2d89a85,4.0,2.0
2020_2021_30,2020_2021,03/10/2020,club_68296972,club_b218207a,1.0,1.0
2020_2021_31,2020_2021,03/10/2020,club_764f428a,club_eb6e74d9,3.0,1.0
2020_2021_32,2020_2021,04/10/2020,club_f371ef16,club_091d674e,0.0,3.0
2020_2021_33,2020_2021,04/10/2020,club_aabf7b31,club_7b03df78,2.0,0.0
2020_2021_34,2020_2021,04/10/2020,club_1e328148,club_6b195a60,2.0,1.0
2020_2021_35,2020_2021,04/10/2020,club_e74223a2,club_424e85c9,1.0,0.0
2020_2021_36,2020_2021,04/10/2020,club_1c328863,club_b905ca11,1.0,6.0
2020_2021_37,2020_2021,04/10/2020,club_9d67c2fd,club_3bb25b7f,7.0,2.0
2020_2021_38,2020_2021,17/10/2020,club_7643b99d,club_3bb25b7f,2.0,2.0
2020_2021_39,2020_2021,17/10/2020,club_1f979dbb,club_aabf7b31,3.0,3.0
2020_2021_40,2020_2021,17/10/2020,club_b218207a,club_1e328148,1.0,0.0
2020_2021_41,2020_2021,17/10/2020,club_764f428a,club_1c328863,1.0,4.0
2020_2021_42,2020_2021,18/10/2020,club_6b195a60,club_424e85c9,1.0,1.0
2020_2021_43,2020_2021,18/10/2020,club_81565bf5,club_d2d89a85,1.0,1.0
2020_2021_44,2020_2021,18/10/2020,club_b905ca11,club_091d674e,3.0,3.0
2020_2021_45,2020_2021,18/10/2020,club_f371ef16,club_9d67c2fd,0.0,1.0
2020_2021_46,2020_2021,19/10/2020,club_7b03df78,club_eb6e74d9,0.0,0.0
2020_2021_47,2020_2021,19/10/2020,club_68296972,club_e74223a2,0.0,1.0
2020_2021_48,2020_2021,23/10/2020,club_9d67c2fd,club_68296972,0.0,3.0
2020_2021_49,2020_2021,24/10/2020,club_091d674e,club_b218207a,1.0,1.0
2020_2021_50,2020_2021,24/10/2020,club_424e85c9,club_81565bf5,1.0,2.0
2020_2021_51,2020_2021,24/10/2020,club_1c328863,club_1f979dbb,0.0,0.0
2020_2021_52,2020_2021,24/10/2020,club_3bb25b7f,club_6b195a60,2.0,1.0
2020_2021_53,2020_2021,25/10/2020,club_aabf7b31,club_7643b99d,2.0,0.0
2020_2021_54,2020_2021,25/10/2020,club_e74223a2,club_764f428a,1.0,1.0
2020_2021_55,2020_2021,25/10/2020,club_1e328148,club_f371ef16,0.0,1.0
2020_2021_56,2020_2021,26/10/2020,club_d2d89a85,club_7b03df78,1.0,1.0
2020_2021_57,2020_2021,26/10/2020,club_eb6e74d9,club_b905ca11,0.0,1.0
2020_2021_58,2020_2021,30/10/2020,club_e74223a2,club_81565bf5,2.0,0.0
2020_2021_59,2020_2021,31/10/2020,club_6b195a60,club_b218207a,0.0,1.0
2020_2021_60,2020_2021,31/10/2020,club_eb6e74d9,club_1f979dbb,0.0,3.0
2020_2021_61,2020_2021,31/10/2020,club_3bb25b7f,club_091d674e,2.0,1.0
2020_2021_62,2020_2021,01/11/2020,club_9d67c2fd,club_aabf7b31,3.0,4.0
2020_2021_63,2020_2021,01/11/2020,club_764f428a,club_7643b99d,2.0,1.0
2020_2021_64,2020_2021,01/11/2020,club_1c328863,club_1e328148,0.0,1.0
2020_2021_65,2020_2021,01/11/2020,club_b905ca11,club_d2d89a85,2.0,1.0
2020_2021_66,2020_2021,02/11/2020,club_424e85c9,club_7b03df78,2.0,0.0
2020_2021_67,2020_2021,02/11/2020,club_68296972,club_f371ef16,1.0,4.0
2020_2021_68,2020_2021,06/11/2020,club_d2d89a85,club_eb6e74d9,0.0,0.0
2020_2021_69,2020_2021,06/11/2020,club_aabf7b31,club_764f428a,2.0,0.0
2020_2021_70,2020_2021,07/11/2020,club_7643b99d,club_1c328863,1.0,3.0
2020_2021_71,2020_2021,07/11/2020,club_81565bf5,club_68296972,4.0,1.0
2020_2021_72,2020_2021,07/11/2020,club_1f979dbb,club_6b195a60,4.0,1.0
2020_2021_73,2020_2021,07/11/2020,club_091d674e,club_424e85c9,1.0,0.0
2020_2021_74,2020_2021,08/11/2020,club_7b03df78,club_b905ca11,0.0,1.0
2020_2021_75,2020_2021,08/11/2020,club_f371ef16,club_e74223a2,1.0,0.0
2020_2021_76,2020_2021,08/11/2020,club_b218207a,club_3bb25b7f,1.0,1.0
2020_2021_77,2020_2021,08/11/2020,club_1e328148,club_9d67c2fd,0.0,3.0
2020_2021_78,2020_2021,21/11/2020,club_764f428a,club_1f979dbb,0.0,2.0
2020_2021_79,2020_2021,21/11/2020,club_9d67c2fd,club_d2d89a85,1.0,2.0
2020_2021_80,2020_2021,21/11/2020,club_b905ca11,club_b218207a,2.0,0.0
2020_2021_81,2020_2021,21/11/2020,club_1c328863,club_7b03df78,1.0,0.0
2020_2021_82,2020_2021,22/11/2020,club_424e85c9,club_7643b99d,2.0,3.0
2020_2021_83,2020_2021,22/11/2020,club_6b195a60,club_091d674e,0.0,1.0
2020_2021_84,2020_2021,22/11/2020,club_68296972,club_1e328148,0.0,0.0
2020_2021_85,2020_2021,22/11/2020,club_3bb25b7f,club_f371ef16,3.0,0.0
2020_2021_86,2020_2021,23/11/2020,club_eb6e74d9,club_81565bf5,1.0,0.0
2020_2021_87,2020_2021,23/11/2020,club_e74223a2,club_aabf7b31,1.0,1.0
2020_2021_88,2020_2021,27/11/2020,club_81565bf5,club_764f428a,0.0,2.0
2020_2021_89,2020_2021,28/11/2020,club_d2d89a85,club_3bb25b7f,1.0,1.0
2020_2021_90,2020_2021,28/11/2020,club_b218207a,club_eb6e74d9,5.0,0.0
2020_2021_91,2020_2021,28/11/2020,club_7643b99d,club_68296972,0.0,1.0
2020_2021_92,2020_2021,28/11/2020,club_7b03df78,club_6b195a60,1.0,0.0
2020_2021_93,2020_2021,29/11/2020,club_aabf7b31,club_1c328863,2.0,3.0
2020_2021_94,2020_2021,29/11/2020,club_1f979dbb,club_b905ca11,0.0,0.0
2020_2021_95,2020_2021,29/11/2020,club_1e328148,club_e74223a2,1.0,2.0
2020_2021_96,2020_2021,30/11/2020,club_f371ef16,club_424e85c9,1.0,2.0
2020_2021_97,2020_2021,30/11/2020,club_091d674e,club_9d67c2fd,2.0,1.0
2020_2021_98,2020_2021,05/12/2020,club_eb6e74d9,club_7643b99d,1.0,1.0
2020_2021_99,2020_2021,05/12/2020,club_b218207a,club_424e85c9,2.0,0.0
2020_2021_100,2020_2021,05/12/2020,club_091d674e,club_1c328863,1.0,3.0
2020_2021_101,2020_2021,05/12/2020,club_1f979dbb,club_68296972,3.0,1.0
2020_2021_102,2020_2021,06/12/2020,club_7b03df78,club_81565bf5,1.0,5.0
2020_2021_103,2020_2021,06/12/2020,club_6b195a60,club_f371ef16,1.0,2.0
2020_2021_104,2020_2021,06/12/2020,club_b905ca11,club_1e328148,2.0,0.0
2020_2021_105,2020_2021,06/12/2020,club_3bb25b7f,club_e74223a2,4.0,0.0
2020_2021_106,2020_2021,07/12/2020,club_d2d89a85,club_aabf7b31,1.0,2.0
2020_2021_107,2020_2021,11/12/2020,club_68296972,club_091d674e,1.0,2.0
2020_2021_108,2020_2021,12/12/2020,club_e74223a2,club_9d67c2fd,0.0,1.0
2020_2021_109,2020_2021,12/12/2020,club_764f428a,club_7b03df78,2.0,1.0
2020_2021_110,2020_2021,12/12/2020,club_1c328863,club_b218207a,0.0,0.0
2020_2021_111,2020_2021,12/12/2020,club_7643b99d,club_1f979dbb,1.0,0.0
2020_2021_112,2020_2021,13/12/2020,club_aabf7b31,club_6b195a60,3.0,0.0
2020_2021_113,2020_2021,13/12/2020,club_81565bf5,club_b905ca11,1.0,1.0
2020_2021_114,2020_2021,13/12/2020,club_424e85c9,club_3bb25b7f,1.0,1.0
2020_2021_115,2020_2021,13/12/2020,club_1e328148,club_eb6e74d9,0.0,1.0
2020_2021_116,2020_2021,13/12/2020,club_f371ef16,club_d2d89a85,3.0,0.0
2020_2021_117,2020_2021,15/12/2020,club_e74223a2,club_1f979dbb,2.0,1.0
2020_2021_118,2020_2021,15/12/2020,club_b218207a,club_7b03df78,1.0,1.0
2020_2021_119,2020_2021,16/12/2020,club_1e328148,club_aabf7b31,1.0,1.0
2020_2021_120,2020_2021,16/12/2020,club_68296972,club_764f428a,5.0,2.0
2020_2021_121,2020_2021,16/12/2020,club_f371ef16,club_7643b99d,0.0,2.0
2020_2021_122,2020_2021,16/12/2020,club_424e85c9,club_d2d89a85,0.0,0.0
2020_2021_123,2020_2021,16/12/2020,club_3bb25b7f,club_b905ca11,2.0,1.0
2020_2021_124,2020_2021,16/12/2020,club_091d674e,club_81565bf5,1.0,1.0
2020_2021_125,2020_2021,17/12/2020,club_9d67c2fd,club_eb6e74d9,0.0,0.0
2020_2021_126,2020_2021,17/12/2020,club_6b195a60,club_1c328863,2.0,3.0
2020_2021_127,2020_2021,19/12/2020,club_81565bf5,club_3bb25b7f,0.0,7.0
2020_2021_128,2020_2021,19/12/2020,club_aabf7b31,club_b218207a,0.0,1.0
2020_2021_129,2020_2021,19/12/2020,club_7643b99d,club_1e328148,2.0,1.0
2020_2021_130,2020_2021,19/12/2020,club_764f428a,club_424e85c9,1.0,1.0
2020_2021_131,2020_2021,20/12/2020,club_d2d89a85,club_6b195a60,1.0,1.0
2020_2021_132,2020_2021,20/12/2020,club_b905ca11,club_f371ef16,0.0,2.0
2020_2021_133,2020_2021,20/12/2020,club_1c328863,club_68296972,6.0,2.0
2020_2021_134,2020_2021,20/12/2020,club_7b03df78,club_9d67c2fd,0.0,3.0
2020_2021_135,2020_2021,21/12/2020,club_eb6e74d9,club_e74223a2,2.0,1.0
2020_2021_136,2020_2021,21/12/2020,club_1f979dbb,club_091d674e,3.0,0.0
2020_2021_137,2020_2021,26/12/2020,club_f371ef16,club_1c328863,2.0,2.0
2020_2021_138,2020_2021,26/12/2020,club_9d67c2fd,club_81565bf5,3.0,0.0
2020_2021_139,2020_2021,26/12/2020,club_424e85c9,club_aabf7b31,0.0,0.0
2020_2021_140,2020_2021,26/12/2020,club_1e328148,club_1f979dbb,3.0,1.0
2020_2021_141,2020_2021,26/12/2020,club_b218207a,club_764f428a,2.0,0.0
2020_2021_142,2020_2021,26/12/2020,club_6b195a60,club_7643b99d,0.0,1.0
2020_2021_143,2020_2021,27/12/2020,club_68296972,club_eb6e74d9,1.0,0.0
2020_2021_144,2020_2021,27/12/2020,club_091d674e,club_d2d89a85,2.0,2.0
2020_2021_145,2020_2021,27/12/2020,club_3bb25b7f,club_7b03df78,1.0,1.0
2020_2021_146,2020_2021,27/12/2020,club_e74223a2,club_b905ca11,1.0,1.0
2020_2021_147,2020_2021,28/12/2020,club_81565bf5,club_f371ef16,1.0,1.0
2020_2021_148,2020_2021,28/12/2020,club_1f979dbb,club_9d67c2fd,1.0,1.0
2020_2021_149,2020_2021,29/12/2020,club_d2d89a85,club_1e328148,0.0,1.0
2020_2021_150,2020_2021,29/12/2020,club_eb6e74d9,club_6b195a60,1.0,0.0
2020_2021_151,2020_2021,29/12/2020,club_aabf7b31,club_091d674e,0.0,0.0
2020_2021_152,2020_2021,29/12/2020,club_7b03df78,club_68296972,0.0,5.0
2020_2021_153,2020_2021,29/12/2020,club_1c328863,club_e74223a2,1.0,0.0
2020_2021_154,2020_2021,30/12/2020,club_764f428a,club_3bb25b7f,0.0,0.0
2020_2021_155,2020_2021,01/01/2021,club_7643b99d,club_091d674e,0.0,1.0
2020_2021_156,2020_2021,01/01/2021,club_1c328863,club_9d67c2fd,2.0,1.0
2020_2021_157,2020_2021,02/01/2021,club_b905ca11,club_68296972,3.0,0.0
2020_2021_158,2020_2021,02/01/2021,club_81565bf5,club_6b195a60,2.0,0.0
2020_2021_159,2020_2021,02/01/2021,club_d2d89a85,club_e74223a2,3.0,3.0
2020_2021_160,2020_2021,02/01/2021,club_7b03df78,club_1e328148,0.0,4.0
2020_2021_161,2020_2021,03/01/2021,club_764f428a,club_f371ef16,1.0,2.0
2020_2021_162,2020_2021,03/01/2021,club_1f979dbb,club_b218207a,1.0,3.0
2020_2021_163,2020_2021,04/01/2021,club_aabf7b31,club_3bb25b7f,1.0,0.0
2020_2021_164,2020_2021,12/01/2021,club_6b195a60,club_764f428a,1.0,0.0
2020_2021_165,2020_2021,12/01/2021,club_eb6e74d9,club_1c328863,0.0,1.0
2020_2021_166,2020_2021,12/01/2021,club_e74223a2,club_7643b99d,1.0,2.0
2020_2021_167,2020_2021,13/01/2021,club_b218207a,club_d2d89a85,1.0,0.0
2020_2021_168,2020_2021,13/01/2021,club_b905ca11,club_424e85c9,1.0,1.0
2020_2021_169,2020_2021,14/01/2021,club_1e328148,club_81565bf5,0.0,0.0
2020_2021_170,2020_2021,16/01/2021,club_e74223a2,club_7b03df78,2.0,3.0
2020_2021_171,2020_2021,16/01/2021,club_68296972,club_d2d89a85,0.0,1.0
2020_2021_172,2020_2021,16/01/2021,club_091d674e,club_eb6e74d9,1.0,0.0
2020_2021_173,2020_2021,16/01/2021,club_424e85c9,club_1f979dbb,0.0,1.0
2020_2021_174,2020_2021,16/01/2021,club_f371ef16,club_aabf7b31,2.0,0.0
2020_2021_175,2020_2021,17/01/2021,club_6b195a60,club_b905ca11,1.0,3.0
2020_2021_176,2020_2021,17/01/2021,club_3bb25b7f,club_1c328863,0.0,0.0
2020_2021_177,2020_2021,17/01/2021,club_b218207a,club_81565bf5,4.0,0.0
2020_2021_178,2020_2021,18/01/2021,club_1e328148,club_764f428a,3.0,0.0
2020_2021_179,2020_2021,19/01/2021,club_091d674e,club_7b03df78,2.0,1.0
2020_2021_180,2020_2021,19/01/2021,club_f371ef16,club_1f979dbb,2.0,0.0
2020_2021_181,2020_2021,20/01/2021,club_b218207a,club_9d67c2fd,2.0,0.0
2020_2021_182,2020_2021,20/01/2021,club_424e85c9,club_1c328863,1.0,2.0
2020_2021_183,2020_2021,21/01/2021,club_3bb25b7f,club_eb6e74d9,0.0,1.0
2020_2021_184,2020_2021,23/01/2021,club_9d67c2fd,club_764f428a,2.0,0.0
2020_2021_185,2020_2021,26/01/2021,club_81565bf5,club_091d674e,2.0,3.0
2020_2021_186,2020_2021,26/01/2021,club_764f428a,club_68296972,1.0,2.0
2020_2021_187,2020_2021,26/01/2021,club_aabf7b31,club_1e328148,1.0,3.0
2020_2021_188,2020_2021,26/01/2021,club_7b03df78,club_b218207a,0.0,5.0
2020_2021_189,2020_2021,27/01/2021,club_eb6e74d9,club_9d67c2fd,3.0,2.0
2020_2021_190,2020_2021,27/01/2021,club_1f979dbb,club_e74223a2,0.0,0.0
2020_2021_191,2020_2021,27/01/2021,club_d2d89a85,club_424e85c9,0.0,0.0
2020_2021_192,2020_2021,27/01/2021,club_7643b99d,club_f371ef16,1.0,1.0
2020_2021_193,2020_2021,27/01/2021,club_1c328863,club_6b195a60,1.0,2.0
2020_2021_194,2020_2021,28/01/2021,club_b905ca11,club_3bb25b7f,1.0,3.0
2020_2021_195,2020_2021,30/01/2021,club_7643b99d,club_764f428a,0.0,2.0
2020_2021_196,2020_2021,30/01/2021,club_81565bf5,club_e74223a2,1.0,0.0
2020_2021_197,2020_2021,30/01/2021,club_b218207a,club_6b195a60,1.0,0.0
2020_2021_198,2020_2021,30/01/2021,club_7b03df78,club_424e85c9,2.0,2.0
2020_2021_199,2020_2021,30/01/2021,club_1e328148,club_1c328863,0.0,0.0
2020_2021_200,2020_2021,30/01/2021,club_aabf7b31,club_9d67c2fd,0.0,1.0
2020_2021_201,2020_2021,31/01/2021,club_1f979dbb,club_eb6e74d9,2.0,0.0
2020_2021_202,2020_2021,31/01/2021,club_f371ef16,club_68296972,1.0,3.0
2020_2021_203,2020_2021,31/01/2021,club_091d674e,club_3bb25b7f,1.0,3.0
2020_2021_204,2020_2021,31/01/2021,club_d2d89a85,club_b905ca11,1.0,0.0
2020_2021_205,2020_2021,02/02/2021,club_6b195a60,club_7b03df78,2.0,1.0
2020_2021_206,2020_2021,02/02/2021,club_e74223a2,club_1e328148,2.0,1.0
2020_2021_207,2020_2021,02/02/2021,club_1c328863,club_aabf7b31,9.0,0.0
2020_2021_208,2020_2021,02/02/2021,club_764f428a,club_81565bf5,1.0,2.0
2020_2021_209,2020_2021,03/02/2021,club_eb6e74d9,club_b218207a,0.0,2.0
2020_2021_210,2020_2021,03/02/2021,club_424e85c9,club_f371ef16,0.0,2.0
2020_2021_211,2020_2021,03/02/2021,club_68296972,club_7643b99d,1.0,2.0
2020_2021_212,2020_2021,03/02/2021,club_9d67c2fd,club_091d674e,1.0,3.0
2020_2021_213,2020_2021,03/02/2021,club_3bb25b7f,club_d2d89a85,0.0,1.0
2020_2021_214,2020_2021,04/02/2021,club_b905ca11,club_1f979dbb,0.0,1.0
2020_2021_215,2020_2021,06/02/2021,club_9d67c2fd,club_1e328148,1.0,0.0
2020_2021_216,2020_2021,06/02/2021,club_eb6e74d9,club_d2d89a85,1.0,1.0
2020_2021_217,2020_2021,06/02/2021,club_764f428a,club_aabf7b31,3.0,2.0
2020_2021_218,2020_2021,06/02/2021,club_424e85c9,club_091d674e,0.0,0.0
2020_2021_219,2020_2021,06/02/2021,club_1c328863,club_7643b99d,3.0,3.0
2020_2021_220,2020_2021,07/02/2021,club_b905ca11,club_7b03df78,2.0,0.0
2020_2021_221,2020_2021,07/02/2021,club_e74223a2,club_f371ef16,0.0,0.0
2020_2021_222,2020_2021,07/02/2021,club_3bb25b7f,club_b218207a,1.0,4.0
2020_2021_223,2020_2021,07/02/2021,club_6b195a60,club_1f979dbb,1.0,2.0
2020_2021_224,2020_2021,08/02/2021,club_68296972,club_81565bf5,2.0,0.0
2020_2021_225,2020_2021,13/02/2021,club_f371ef16,club_3bb25b7f,3.0,1.0
2020_2021_226,2020_2021,13/02/2021,club_81565bf5,club_eb6e74d9,0.0,3.0
2020_2021_227,2020_2021,13/02/2021,club_b218207a,club_b905ca11,3.0,0.0
2020_2021_228,2020_2021,13/02/2021,club_d2d89a85,club_9d67c2fd,0.0,0.0
2020_2021_229,2020_2021,14/02/2021,club_aabf7b31,club_e74223a2,1.0,2.0
2020_2021_230,2020_2021,14/02/2021,club_7b03df78,club_1c328863,1.0,1.0
2020_2021_231,2020_2021,14/02/2021,club_1e328148,club_68296972,4.0,2.0
2020_2021_232,2020_2021,14/02/2021,club_7643b99d,club_424e85c9,0.0,2.0
2020_2021_233,2020_2021,15/02/2021,club_091d674e,club_6b195a60,3.0,0.0
2020_2021_234,2020_2021,15/02/2021,club_1f979dbb,club_764f428a,2.0,0.0
2020_2021_235,2020_2021,17/02/2021,club_eb6e74d9,club_424e85c9,1.0,1.0
2020_2021_236,2020_2021,17/02/2021,club_7643b99d,club_b218207a,1.0,3.0
2020_2021_237,2020_2021,19/02/2021,club_e74223a2,club_68296972,1.0,0.0
2020_2021_238,2020_2021,20/02/2021,club_aabf7b31,club_1f979dbb,1.0,1.0
2020_2021_239,2020_2021,20/02/2021,club_eb6e74d9,club_7b03df78,0.0,0.0
2020_2021_240,2020_2021,20/02/2021,club_3bb25b7f,club_7643b99d,0.0,2.0
2020_2021_241,2020_2021,20/02/2021,club_424e85c9,club_6b195a60,1.0,0.0
2020_2021_242,2020_2021,21/02/2021,club_091d674e,club_b905ca11,2.0,1.0
2020_2021_243,2020_2021,21/02/2021,club_9d67c2fd,club_f371ef16,1.0,2.0
2020_2021_244,2020_2021,21/02/2021,club_1e328148,club_b218207a,0.0,1.0
2020_2021_245,2020_2021,21/02/2021,club_1c328863,club_764f428a,3.0,1.0
2020_2021_246,2020_2021,22/02/2021,club_d2d89a85,club_81565bf5,1.0,2.0
2020_2021_247,2020_2021,23/02/2021,club_68296972,club_aabf7b31,3.0,0.0
2020_2021_248,2020_2021,27/02/2021,club_b218207a,club_091d674e,2.0,1.0
2020_2021_249,2020_2021,27/02/2021,club_7b03df78,club_d2d89a85,1.0,0.0
2020_2021_250,2020_2021,27/02/2021,club_68296972,club_9d67c2fd,0.0,1.0
2020_2021_251,2020_2021,27/02/2021,club_764f428a,club_e74223a2,1.0,1.0
2020_2021_252,2020_2021,28/02/2021,club_81565bf5,club_424e85c9,0.0,0.0
2020_2021_253,2020_2021,28/02/2021,club_f371ef16,club_1e328148,1.0,3.0
2020_2021_254,2020_2021,28/02/2021,club_b905ca11,club_eb6e74d9,4.0,0.0
2020_2021_255,2020_2021,28/02/2021,club_1f979dbb,club_1c328863,0.0,0.0
2020_2021_256,2020_2021,28/02/2021,club_6b195a60,club_3bb25b7f,0.0,2.0
2020_2021_257,2020_2021,01/03/2021,club_7643b99d,club_aabf7b31,1.0,0.0
2020_2021_258,2020_2021,02/03/2021,club_b218207a,club_e74223a2,4.0,1.0
2020_2021_259,2020_2021,03/03/2021,club_eb6e74d9,club_f371ef16,1.0,1.0
2020_2021_260,2020_2021,03/03/2021,club_6b195a60,club_9d67c2fd,1.0,0.0
2020_2021_261,2020_2021,03/03/2021,club_81565bf5,club_1c328863,0.0,0.0
2020_2021_262,2020_2021,04/03/2021,club_424e85c9,club_b905ca11,0.0,1.0
2020_2021_263,2020_2021,04/03/2021,club_7b03df78,club_7643b99d,0.0,1.0
2020_2021_264,2020_2021,04/03/2021,club_3bb25b7f,club_1f979dbb,0.0,1.0
2020_2021_265,2020_2021,06/03/2021,club_eb6e74d9,club_1e328148,1.0,1.0
2020_2021_266,2020_2021,06/03/2021,club_6b195a60,club_aabf7b31,0.0,2.0
2020_2021_267,2020_2021,06/03/2021,club_9d67c2fd,club_e74223a2,0.0,0.0
2020_2021_268,2020_2021,06/03/2021,club_d2d89a85,club_f371ef16,1.0,2.0
2020_2021_269,2020_2021,07/03/2021,club_7b03df78,club_764f428a,0.0,0.0
2020_2021_270,2020_2021,07/03/2021,club_3bb25b7f,club_424e85c9,0.0,1.0
2020_2021_271,2020_2021,07/03/2021,club_b218207a,club_1c328863,0.0,2.0
2020_2021_272,2020_2021,07/03/2021,club_b905ca11,club_81565bf5,4.0,1.0
2020_2021_273,2020_2021,08/03/2021,club_1f979dbb,club_7643b99d,2.0,0.0
2020_2021_274,2020_2021,08/03/2021,club_091d674e,club_68296972,2.0,0.0
2020_2021_275,2020_2021,10/03/2021,club_b218207a,club_aabf7b31,5.0,2.0
2020_2021_276,2020_2021,12/03/2021,club_764f428a,club_9d67c2fd,1.0,1.0
2020_2021_277,2020_2021,13/03/2021,club_68296972,club_1f979dbb,0.0,0.0
2020_2021_278,2020_2021,13/03/2021,club_81565bf5,club_7b03df78,1.0,0.0
2020_2021_279,2020_2021,13/03/2021,club_7643b99d,club_eb6e74d9,1.0,2.0
2020_2021_280,2020_2021,13/03/2021,club_424e85c9,club_b218207a,0.0,3.0
2020_2021_281,2020_2021,14/03/2021,club_aabf7b31,club_d2d89a85,1.0,2.0
2020_2021_282,2020_2021,14/03/2021,club_f371ef16,club_6b195a60,5.0,0.0
2020_2021_283,2020_2021,14/03/2021,club_1e328148,club_b905ca11,2.0,1.0
2020_2021_284,2020_2021,14/03/2021,club_1c328863,club_091d674e,1.0,0.0
2020_2021_285,2020_2021,15/03/2021,club_e74223a2,club_3bb25b7f,0.0,1.0
2020_2021_286,2020_2021,19/03/2021,club_424e85c9,club_68296972,1.0,2.0
2020_2021_287,2020_2021,20/03/2021,club_d2d89a85,club_764f428a,3.0,0.0
2020_2021_288,2020_2021,21/03/2021,club_091d674e,club_1e328148,3.0,3.0
2020_2021_289,2020_2021,21/03/2021,club_9d67c2fd,club_b905ca11,0.0,2.0
2020_2021_290,2020_2021,03/04/2021,club_1f979dbb,club_7b03df78,2.0,5.0
2020_2021_291,2020_2021,03/04/2021,club_68296972,club_6b195a60,2.0,1.0
2020_2021_292,2020_2021,03/04/2021,club_f371ef16,club_b218207a,0.0,2.0
2020_2021_293,2020_2021,03/04/2021,club_1e328148,club_3bb25b7f,0.0,3.0
2020_2021_294,2020_2021,04/04/2021,club_aabf7b31,club_eb6e74d9,3.0,2.0
2020_2021_295,2020_2021,04/04/2021,club_764f428a,club_b905ca11,2.0,2.0
2020_2021_296,2020_2021,04/04/2021,club_9d67c2fd,club_424e85c9,3.0,1.0
2020_2021_297,2020_2021,04/04/2021,club_1c328863,club_d2d89a85,2.0,1.0
2020_2021_298,2020_2021,05/04/2021,club_7643b99d,club_81565bf5,1.0,1.0
2020_2021_299,2020_2021,05/04/2021,club_e74223a2,club_091d674e,2.0,3.0
2020_2021_300,2020_2021,09/04/2021,club_424e85c9,club_e74223a2,0.0,1.0
2020_2021_301,2020_2021,10/04/2021,club_b218207a,club_68296972,1.0,2.0
2020_2021_302,2020_2021,10/04/2021,club_3bb25b7f,club_9d67c2fd,2.0,1.0
2020_2021_303,2020_2021,10/04/2021,club_81565bf5,club_1f979dbb,1.0,4.0
2020_2021_304,2020_2021,11/04/2021,club_eb6e74d9,club_764f428a,1.0,2.0
2020_2021_305,2020_2021,11/04/2021,club_091d674e,club_f371ef16,3.0,2.0
2020_2021_306,2020_2021,11/04/2021,club_b905ca11,club_1c328863,1.0,3.0
2020_2021_307,2020_2021,11/04/2021,club_6b195a60,club_1e328148,0.0,3.0
2020_2021_308,2020_2021,12/04/2021,club_7b03df78,club_aabf7b31,3.0,0.0
2020_2021_309,2020_2021,12/04/2021,club_d2d89a85,club_7643b99d,0.0,0.0
2020_2021_310,2020_2021,16/04/2021,club_7643b99d,club_b905ca11,2.0,2.0
2020_2021_311,2020_2021,17/04/2021,club_764f428a,club_091d674e,3.0,2.0
2020_2021_312,2020_2021,17/04/2021,club_e74223a2,club_6b195a60,1.0,0.0
2020_2021_313,2020_2021,18/04/2021,club_1e328148,club_424e85c9,1.0,1.0
2020_2021_314,2020_2021,18/04/2021,club_1c328863,club_eb6e74d9,3.0,1.0
2020_2021_315,2020_2021,19/04/2021,club_68296972,club_3bb25b7f,1.0,1.0
2020_2021_316,2020_2021,20/04/2021,club_1f979dbb,club_d2d89a85,0.0,0.0
2020_2021_317,2020_2021,21/04/2021,club_b905ca11,club_aabf7b31,2.0,1.0
2020_2021_318,2020_2021,21/04/2021,club_9d67c2fd,club_b218207a,1.0,2.0
2020_2021_319,2020_2021,22/04/2021,club_f371ef16,club_7b03df78,3.0,0.0
2020_2021_320,2020_2021,23/04/2021,club_1e328148,club_7643b99d,0.0,1.0
2020_2021_321,2020_2021,24/04/2021,club_3bb25b7f,club_764f428a,1.0,1.0
2020_2021_322,2020_2021,24/04/2021,club_091d674e,club_1f979dbb,0.0,1.0
2020_2021_323,2020_2021,24/04/2021,club_6b195a60,club_d2d89a85,1.0,0.0
2020_2021_324,2020_2021,25/04/2021,club_e74223a2,club_eb6e74d9,0.0,4.0
2020_2021_325,2020_2021,25/04/2021,club_68296972,club_1c328863,0.0,0.0
2020_2021_326,2020_2021,25/04/2021,club_9d67c2fd,club_7b03df78,2.0,2.0
2020_2021_327,2020_2021,26/04/2021,club_f371ef16,club_81565bf5,2.0,1.0
2020_2021_328,2020_2021,30/04/2021,club_aabf7b31,club_f371ef16,1.0,1.0
2020_2021_329,2020_2021,01/05/2021,club_81565bf5,club_b218207a,0.0,2.0
2020_2021_330,2020_2021,01/05/2021,club_d2d89a85,club_68296972,2.0,0.0
2020_2021_331,2020_2021,01/05/2021,club_1f979dbb,club_424e85c9,2.0,0.0
2020_2021_332,2020_2021,01/05/2021,club_7643b99d,club_9d67c2fd,1.0,2.0
2020_2021_333,2020_2021,02/05/2021,club_764f428a,club_1e328148,0.0,2.0
2020_2021_334,2020_2021,02/05/2021,club_b905ca11,club_6b195a60,4.0,0.0
2020_2021_335,2020_2021,03/05/2021,club_7b03df78,club_e74223a2,1.0,1.0
2020_2021_336,2020_2021,03/05/2021,club_eb6e74d9,club_091d674e,1.0,2.0
2020_2021_337,2020_2021,07/05/2021,club_f371ef16,club_764f428a,2.0,4.0
2020_2021_338,2020_2021,08/05/2021,club_68296972,club_b905ca11,3.0,1.0
2020_2021_339,2020_2021,08/05/2021,club_6b195a60,club_81565bf5,0.0,2.0
2020_2021_340,2020_2021,08/05/2021,club_b218207a,club_1f979dbb,1.0,2.0
2020_2021_341,2020_2021,08/05/2021,club_3bb25b7f,club_aabf7b31,2.0,0.0
2020_2021_342,2020_2021,09/05/2021,club_e74223a2,club_d2d89a85,2.0,1.0
2020_2021_343,2020_2021,09/05/2021,club_9d67c2fd,club_1c328863,1.0,3.0
2020_2021_344,2020_2021,09/05/2021,club_091d674e,club_7643b99d,0.0,1.0
2020_2021_345,2020_2021,09/05/2021,club_1e328148,club_7b03df78,3.0,1.0
2020_2021_346,2020_2021,10/05/2021,club_424e85c9,club_eb6e74d9,0.0,2.0
2020_2021_347,2020_2021,11/05/2021,club_1c328863,club_f371ef16,1.0,2.0
2020_2021_348,2020_2021,11/05/2021,club_aabf7b31,club_81565bf5,3.0,1.0
2020_2021_349,2020_2021,12/05/2021,club_1f979dbb,club_1e328148,0.0,1.0
2020_2021_350,2020_2021,13/05/2021,club_9d67c2fd,club_7643b99d,0.0,0.0
2020_2021_351,2020_2021,13/05/2021,club_1c328863,club_3bb25b7f,2.0,4.0
2020_2021_352,2020_2021,14/05/2021,club_764f428a,club_b218207a,3.0,4.0
2020_2021_353,2020_2021,15/05/2021,club_eb6e74d9,club_68296972,0.0,4.0
2020_2021_354,2020_2021,15/05/2021,club_aabf7b31,club_424e85c9,3.0,1.0
2020_2021_355,2020_2021,15/05/2021,club_d2d89a85,club_091d674e,1.0,1.0
2020_2021_356,2020_2021,16/05/2021,club_81565bf5,club_9d67c2fd,3.0,2.0
2020_2021_357,2020_2021,16/05/2021,club_b905ca11,club_e74223a2,2.0,0.0
2020_2021_358,2020_2021,16/05/2021,club_7b03df78,club_3bb25b7f,1.0,2.0
2020_2021_359,2020_2021,16/05/2021,club_7643b99d,club_6b195a60,0.0,1.0
2020_2021_360,2020_2021,18/05/2021,club_1c328863,club_424e85c9,1.0,1.0
2020_2021_361,2020_2021,18/05/2021,club_aabf7b31,club_68296972,0.0,2.0
2020_2021_362,2020_2021,18/05/2021,club_d2d89a85,club_b218207a,3.0,2.0
2020_2021_363,2020_2021,18/05/2021,club_1f979dbb,club_f371ef16,2.0,1.0
2020_2021_364,2020_2021,19/05/2021,club_7643b99d,club_e74223a2,1.0,0.0
2020_2021_365,2020_2021,19/05/2021,club_764f428a,club_6b195a60,1.0,0.0
2020_2021_366,2020_2021,19/05/2021,club_b905ca11,club_9d67c2fd,1.0,2.0
2020_2021_367,2020_2021,19/05/2021,club_81565bf5,club_1e328148,1.0,3.0
2020_2021_368,2020_2021,19/05/2021,club_eb6e74d9,club_3bb25b7f,0.0,3.0
2020_2021_369,2020_2021,19/05/2021,club_7b03df78,club_091d674e,1.0,3.0
2020_2021_370,2020_2021,23/05/2021,club_1e328148,club_d2d89a85,2.0,0.0
2020_2021_371,2020_2021,23/05/2021,club_9d67c2fd,club_1f979dbb,2.0,1.0
2020_2021_372,2020_2021,23/05/2021,club_424e85c9,club_764f428a,0.0,2.0
2020_2021_373,2020_2021,23/05/2021,club_68296972,club_7b03df78,3.0,1.0
2020_2021_374,2020_2021,23/05/2021,club_f371ef16,club_b905ca11,2.0,4.0
2020_2021_375,2020_2021,23/05/2021,club_3bb25b7f,club_81565bf5,2.0,0.0
2020_2021_376,2020_2021,23/05/2021,club_b218207a,club_7643b99d,5.0,0.0
2020_2021_377,2020_2021,23/05/2021,club_6b195a60,club_eb6e74d9,1.0,0.0
2020_2021_378,2020_2021,23/05/2021,club_091d674e,club_aabf7b31,3.0,0.0
2020_2021_379,2020_2021,23/05/2021,club_e74223a2,club_1c328863,1.0,2.0
2021_2022_0,2021_2022,13/08/2021,club_4f5d50bb,club_1e328148,2.0,0.0
2021_2022_1,2021_2022,14/08/2021,club_1c328863,club_68296972,5.0,1.0
2021_2022_2,2021_2022,14/08/2021,club_eb6e74d9,club_d2d89a85,1.0,2.0
2021_2022_3,2021_2022,14/08/2021,club_1f979dbb,club_81565bf5,3.0,0.0
2021_2022_4,2021_2022,14/08/2021,club_7643b99d,club_aabf7b31,3.0,1.0
2021_2022_5,2021_2022,14/08/2021,club_f371ef16,club_e74223a2,1.0,0.0
2021_2022_6,2021_2022,14/08/2021,club_3a46461b,club_9d67c2fd,3.0,2.0
2021_2022_7,2021_2022,14/08/2021,club_aae864a7,club_3bb25b7f,0.0,3.0
2021_2022_8,2021_2022,15/08/2021,club_764f428a,club_091d674e,2.0,4.0
2021_2022_9,2021_2022,15/08/2021,club_b905ca11,club_b218207a,1.0,0.0
2021_2022_10,2021_2022,21/08/2021,club_3bb25b7f,club_eb6e74d9,2.0,0.0
2021_2022_11,2021_2022,21/08/2021,club_9d67c2fd,club_764f428a,2.0,0.0
2021_2022_12,2021_2022,21/08/2021,club_81565bf5,club_4f5d50bb,0.0,0.0
2021_2022_13,2021_2022,21/08/2021,club_68296972,club_7643b99d,2.0,2.0
2021_2022_14,2021_2022,21/08/2021,club_b218207a,club_aae864a7,5.0,0.0
2021_2022_15,2021_2022,21/08/2021,club_d2d89a85,club_3a46461b,2.0,0.0
2021_2022_16,2021_2022,22/08/2021,club_aabf7b31,club_1c328863,1.0,1.0
2021_2022_17,2021_2022,22/08/2021,club_e74223a2,club_b905ca11,0.0,1.0
2021_2022_18,2021_2022,22/08/2021,club_1e328148,club_1f979dbb,0.0,2.0
2021_2022_19,2021_2022,23/08/2021,club_091d674e,club_f371ef16,4.0,1.0
2021_2022_20,2021_2022,28/08/2021,club_b218207a,club_1e328148,5.0,0.0
2021_2022_21,2021_2022,28/08/2021,club_9d67c2fd,club_4f5d50bb,1.0,1.0
2021_2022_22,2021_2022,28/08/2021,club_d2d89a85,club_7643b99d,0.0,2.0
2021_2022_23,2021_2022,28/08/2021,club_764f428a,club_aabf7b31,2.0,2.0
2021_2022_24,2021_2022,28/08/2021,club_aae864a7,club_f371ef16,1.0,2.0
2021_2022_25,2021_2022,28/08/2021,club_091d674e,club_81565bf5,2.0,2.0
2021_2022_26,2021_2022,28/08/2021,club_3bb25b7f,club_1f979dbb,1.0,1.0
2021_2022_27,2021_2022,29/08/2021,club_eb6e74d9,club_68296972,1.0,1.0
2021_2022_28,2021_2022,29/08/2021,club_b905ca11,club_3a46461b,1.0,0.0
2021_2022_29,2021_2022,29/08/2021,club_e74223a2,club_1c328863,0.0,1.0
2021_2022_30,2021_2022,11/09/2021,club_81565bf5,club_b905ca11,3.0,0.0
2021_2022_31,2021_2022,11/09/2021,club_1e328148,club_aae864a7,1.0,0.0
2021_2022_32,2021_2022,11/09/2021,club_4f5d50bb,club_d2d89a85,0.0,1.0
2021_2022_33,2021_2022,11/09/2021,club_f371ef16,club_b218207a,0.0,1.0
2021_2022_34,2021_2022,11/09/2021,club_1c328863,club_764f428a,4.0,1.0
2021_2022_35,2021_2022,11/09/2021,club_aabf7b31,club_091d674e,0.0,0.0
2021_2022_36,2021_2022,11/09/2021,club_3a46461b,club_e74223a2,0.0,2.0
2021_2022_37,2021_2022,11/09/2021,club_1f979dbb,club_9d67c2fd,3.0,0.0
2021_2022_38,2021_2022,12/09/2021,club_68296972,club_3bb25b7f,0.0,3.0
2021_2022_39,2021_2022,13/09/2021,club_7643b99d,club_eb6e74d9,3.0,1.0
2021_2022_40,2021_2022,17/09/2021,club_764f428a,club_68296972,1.0,1.0
2021_2022_41,2021_2022,18/09/2021,club_e74223a2,club_4f5d50bb,0.0,2.0
2021_2022_42,2021_2022,18/09/2021,club_eb6e74d9,club_1e328148,0.0,1.0
2021_2022_43,2021_2022,18/09/2021,club_3bb25b7f,club_81565bf5,3.0,0.0
2021_2022_44,2021_2022,18/09/2021,club_b218207a,club_aabf7b31,0.0,0.0
2021_2022_45,2021_2022,18/09/2021,club_aae864a7,club_3a46461b,1.0,3.0
2021_2022_46,2021_2022,18/09/2021,club_9d67c2fd,club_7643b99d,3.0,0.0
2021_2022_47,2021_2022,19/09/2021,club_d2d89a85,club_f371ef16,2.0,1.0
2021_2022_48,2021_2022,19/09/2021,club_091d674e,club_1c328863,1.0,2.0
2021_2022_49,2021_2022,19/09/2021,club_b905ca11,club_1f979dbb,0.0,3.0
2021_2022_50,2021_2022,25/09/2021,club_1f979dbb,club_b218207a,0.0,1.0
2021_2022_51,2021_2022,25/09/2021,club_1c328863,club_9d67c2fd,0.0,1.0
2021_2022_52,2021_2022,25/09/2021,club_7643b99d,club_aae864a7,2.0,0.0
2021_2022_53,2021_2022,25/09/2021,club_68296972,club_091d674e,1.0,2.0
2021_2022_54,2021_2022,25/09/2021,club_f371ef16,club_eb6e74d9,2.0,2.0
2021_2022_55,2021_2022,25/09/2021,club_3a46461b,club_764f428a,1.0,1.0
2021_2022_56,2021_2022,25/09/2021,club_4f5d50bb,club_3bb25b7f,3.0,3.0
2021_2022_57,2021_2022,26/09/2021,club_aabf7b31,club_e74223a2,0.0,1.0
2021_2022_58,2021_2022,26/09/2021,club_1e328148,club_b905ca11,3.0,1.0
2021_2022_59,2021_2022,27/09/2021,club_81565bf5,club_d2d89a85,1.0,1.0
2021_2022_60,2021_2022,02/10/2021,club_1c328863,club_7643b99d,1.0,1.0
2021_2022_61,2021_2022,02/10/2021,club_eb6e74d9,club_aae864a7,0.0,0.0
2021_2022_62,2021_2022,02/10/2021,club_1f979dbb,club_aabf7b31,3.0,1.0
2021_2022_63,2021_2022,02/10/2021,club_68296972,club_3a46461b,1.0,0.0
2021_2022_64,2021_2022,02/10/2021,club_e74223a2,club_764f428a,2.0,1.0
2021_2022_65,2021_2022,02/10/2021,club_d2d89a85,club_1e328148,0.0,0.0
2021_2022_66,2021_2022,03/10/2021,club_81565bf5,club_f371ef16,2.0,2.0
2021_2022_67,2021_2022,03/10/2021,club_b905ca11,club_9d67c2fd,2.0,1.0
2021_2022_68,2021_2022,03/10/2021,club_091d674e,club_4f5d50bb,1.0,2.0
2021_2022_69,2021_2022,03/10/2021,club_3bb25b7f,club_b218207a,2.0,2.0
2021_2022_70,2021_2022,16/10/2021,club_3a46461b,club_3bb25b7f,0.0,5.0
2021_2022_71,2021_2022,16/10/2021,club_9d67c2fd,club_e74223a2,2.0,3.0
2021_2022_72,2021_2022,16/10/2021,club_f371ef16,club_1c328863,4.0,2.0
2021_2022_73,2021_2022,16/10/2021,club_b218207a,club_eb6e74d9,2.0,0.0
2021_2022_74,2021_2022,16/10/2021,club_aae864a7,club_d2d89a85,0.0,0.0
2021_2022_75,2021_2022,16/10/2021,club_aabf7b31,club_68296972,1.0,0.0
2021_2022_76,2021_2022,16/10/2021,club_4f5d50bb,club_1f979dbb,0.0,1.0
2021_2022_77,2021_2022,17/10/2021,club_7643b99d,club_091d674e,0.0,1.0
2021_2022_78,2021_2022,17/10/2021,club_764f428a,club_b905ca11,2.0,3.0
2021_2022_79,2021_2022,18/10/2021,club_1e328148,club_81565bf5,2.0,2.0
2021_2022_80,2021_2022,22/10/2021,club_1e328148,club_9d67c2fd,3.0,1.0
2021_2022_81,2021_2022,23/10/2021,club_1f979dbb,club_aae864a7,7.0,0.0
2021_2022_82,2021_2022,23/10/2021,club_81565bf5,club_764f428a,1.0,1.0
2021_2022_83,2021_2022,23/10/2021,club_7643b99d,club_3a46461b,2.0,5.0
2021_2022_84,2021_2022,23/10/2021,club_68296972,club_e74223a2,1.0,1.0
2021_2022_85,2021_2022,23/10/2021,club_aabf7b31,club_eb6e74d9,2.0,2.0
2021_2022_86,2021_2022,23/10/2021,club_d2d89a85,club_b218207a,1.0,4.0
2021_2022_87,2021_2022,24/10/2021,club_4f5d50bb,club_f371ef16,1.0,2.0
2021_2022_88,2021_2022,24/10/2021,club_091d674e,club_b905ca11,1.0,0.0
2021_2022_89,2021_2022,24/10/2021,club_1c328863,club_3bb25b7f,0.0,5.0
2021_2022_90,2021_2022,30/10/2021,club_f371ef16,club_1e328148,0.0,2.0
2021_2022_91,2021_2022,30/10/2021,club_eb6e74d9,club_4f5d50bb,3.0,1.0
2021_2022_92,2021_2022,30/10/2021,club_3bb25b7f,club_d2d89a85,2.0,2.0
2021_2022_93,2021_2022,30/10/2021,club_b218207a,club_81565bf5,0.0,2.0
2021_2022_94,2021_2022,30/10/2021,club_764f428a,club_1f979dbb,0.0,3.0
2021_2022_95,2021_2022,30/10/2021,club_3a46461b,club_aabf7b31,0.0,1.0
2021_2022_96,2021_2022,30/10/2021,club_b905ca11,club_1c328863,0.0,3.0
2021_2022_97,2021_2022,31/10/2021,club_aae864a7,club_68296972,1.0,2.0
2021_2022_98,2021_2022,31/10/2021,club_9d67c2fd,club_091d674e,1.0,4.0
2021_2022_99,2021_2022,01/11/2021,club_e74223a2,club_7643b99d,2.0,1.0
2021_2022_100,2021_2022,05/11/2021,club_aabf7b31,club_9d67c2fd,1.0,0.0
2021_2022_101,2021_2022,06/11/2021,club_1c328863,club_b218207a,0.0,2.0
2021_2022_102,2021_2022,06/11/2021,club_4f5d50bb,club_aae864a7,1.0,2.0
2021_2022_103,2021_2022,06/11/2021,club_1f979dbb,club_eb6e74d9,1.0,1.0
2021_2022_104,2021_2022,06/11/2021,club_81565bf5,club_e74223a2,2.0,0.0
2021_2022_105,2021_2022,06/11/2021,club_d2d89a85,club_764f428a,1.0,1.0
2021_2022_106,2021_2022,07/11/2021,club_1e328148,club_3a46461b,1.0,0.0
2021_2022_107,2021_2022,07/11/2021,club_7643b99d,club_b905ca11,0.0,0.0
2021_2022_108,2021_2022,07/11/2021,club_68296972,club_f371ef16,1.0,1.0
2021_2022_109,2021_2022,07/11/2021,club_091d674e,club_3bb25b7f,3.0,2.0
2021_2022_110,2021_2022,20/11/2021,club_f371ef16,club_1f979dbb,0.0,3.0
2021_2022_111,2021_2022,20/11/2021,club_9d67c2fd,club_d2d89a85,2.0,0.0
2021_2022_112,2021_2022,20/11/2021,club_eb6e74d9,club_81565bf5,3.0,3.0
2021_2022_113,2021_2022,20/11/2021,club_764f428a,club_4f5d50bb,3.0,3.0
2021_2022_114,2021_2022,20/11/2021,club_aae864a7,club_aabf7b31,2.0,1.0
2021_2022_115,2021_2022,20/11/2021,club_3a46461b,club_1c328863,4.0,1.0
2021_2022_116,2021_2022,20/11/2021,club_e74223a2,club_091d674e,1.0,0.0
2021_2022_117,2021_2022,20/11/2021,club_3bb25b7f,club_1e328148,4.0,0.0
2021_2022_118,2021_2022,21/11/2021,club_b218207a,club_7643b99d,3.0,0.0
2021_2022_119,2021_2022,21/11/2021,club_b905ca11,club_68296972,2.0,1.0
2021_2022_120,2021_2022,27/11/2021,club_1e328148,club_764f428a,2.0,0.0
2021_2022_121,2021_2022,27/11/2021,club_81565bf5,club_9d67c2fd,1.0,2.0
2021_2022_122,2021_2022,27/11/2021,club_3bb25b7f,club_aabf7b31,4.0,0.0
2021_2022_123,2021_2022,27/11/2021,club_aae864a7,club_e74223a2,0.0,0.0
2021_2022_124,2021_2022,27/11/2021,club_d2d89a85,club_68296972,0.0,0.0
2021_2022_125,2021_2022,28/11/2021,club_4f5d50bb,club_7643b99d,1.0,0.0
2021_2022_126,2021_2022,28/11/2021,club_f371ef16,club_3a46461b,4.0,2.0
2021_2022_127,2021_2022,28/11/2021,club_b218207a,club_091d674e,2.0,1.0
2021_2022_128,2021_2022,28/11/2021,club_1f979dbb,club_1c328863,1.0,1.0
2021_2022_129,2021_2022,30/11/2021,club_764f428a,club_aae864a7,1.0,1.0
2021_2022_130,2021_2022,30/11/2021,club_68296972,club_81565bf5,1.0,0.0
2021_2022_131,2021_2022,01/12/2021,club_aabf7b31,club_f371ef16,2.0,2.0
2021_2022_132,2021_2022,01/12/2021,club_3a46461b,club_1f979dbb,1.0,2.0
2021_2022_133,2021_2022,01/12/2021,club_091d674e,club_d2d89a85,1.0,1.0
2021_2022_134,2021_2022,01/12/2021,club_e74223a2,club_eb6e74d9,0.0,0.0
2021_2022_135,2021_2022,01/12/2021,club_9d67c2fd,club_b218207a,1.0,2.0
2021_2022_136,2021_2022,01/12/2021,club_7643b99d,club_3bb25b7f,1.0,4.0
2021_2022_137,2021_2022,02/12/2021,club_b905ca11,club_4f5d50bb,2.0,0.0
2021_2022_138,2021_2022,02/12/2021,club_1c328863,club_1e328148,3.0,2.0
2021_2022_139,2021_2022,04/12/2021,club_091d674e,club_1f979dbb,3.0,2.0
2021_2022_140,2021_2022,04/12/2021,club_764f428a,club_eb6e74d9,1.0,0.0
2021_2022_141,2021_2022,04/12/2021,club_aabf7b31,club_d2d89a85,1.0,1.0
2021_2022_142,2021_2022,04/12/2021,club_e74223a2,club_3bb25b7f,0.0,1.0
2021_2022_143,2021_2022,04/12/2021,club_3a46461b,club_b218207a,1.0,3.0
2021_2022_144,2021_2022,05/12/2021,club_68296972,club_4f5d50bb,2.0,2.0
2021_2022_145,2021_2022,05/12/2021,club_1c328863,club_81565bf5,1.0,0.0
2021_2022_146,2021_2022,05/12/2021,club_b905ca11,club_aae864a7,3.0,0.0
2021_2022_147,2021_2022,05/12/2021,club_9d67c2fd,club_f371ef16,2.0,1.0
2021_2022_148,2021_2022,06/12/2021,club_7643b99d,club_1e328148,2.0,1.0
2021_2022_149,2021_2022,10/12/2021,club_4f5d50bb,club_3a46461b,2.0,1.0
2021_2022_150,2021_2022,11/12/2021,club_b218207a,club_e74223a2,1.0,0.0
2021_2022_151,2021_2022,11/12/2021,club_1e328148,club_aabf7b31,3.0,0.0
2021_2022_152,2021_2022,11/12/2021,club_1f979dbb,club_68296972,3.0,2.0
2021_2022_153,2021_2022,11/12/2021,club_3bb25b7f,club_9d67c2fd,1.0,0.0
2021_2022_154,2021_2022,11/12/2021,club_aae864a7,club_1c328863,0.0,1.0
2021_2022_155,2021_2022,12/12/2021,club_eb6e74d9,club_091d674e,0.0,0.0
2021_2022_156,2021_2022,12/12/2021,club_f371ef16,club_764f428a,4.0,0.0
2021_2022_157,2021_2022,12/12/2021,club_81565bf5,club_7643b99d,3.0,1.0
2021_2022_158,2021_2022,14/12/2021,club_aae864a7,club_9d67c2fd,0.0,2.0
2021_2022_159,2021_2022,14/12/2021,club_b218207a,club_68296972,7.0,0.0
2021_2022_160,2021_2022,15/12/2021,club_d2d89a85,club_e74223a2,0.0,1.0
2021_2022_161,2021_2022,15/12/2021,club_81565bf5,club_aabf7b31,2.0,2.0
2021_2022_162,2021_2022,15/12/2021,club_1e328148,club_091d674e,2.0,0.0
2021_2022_163,2021_2022,16/12/2021,club_1f979dbb,club_7643b99d,1.0,1.0
2021_2022_164,2021_2022,16/12/2021,club_3bb25b7f,club_764f428a,3.0,1.0
2021_2022_165,2021_2022,18/12/2021,club_68296972,club_1e328148,1.0,4.0
2021_2022_166,2021_2022,19/12/2021,club_764f428a,club_b218207a,0.0,4.0
2021_2022_167,2021_2022,19/12/2021,club_e74223a2,club_1f979dbb,0.0,0.0
2021_2022_168,2021_2022,19/12/2021,club_b905ca11,club_3bb25b7f,2.0,2.0
2021_2022_169,2021_2022,26/12/2021,club_b218207a,club_f371ef16,6.0,3.0
2021_2022_170,2021_2022,26/12/2021,club_aae864a7,club_1e328148,0.0,5.0
2021_2022_171,2021_2022,26/12/2021,club_b905ca11,club_81565bf5,3.0,0.0
2021_2022_172,2021_2022,26/12/2021,club_091d674e,club_aabf7b31,2.0,3.0
2021_2022_173,2021_2022,26/12/2021,club_9d67c2fd,club_1f979dbb,1.0,3.0
2021_2022_174,2021_2022,26/12/2021,club_d2d89a85,club_4f5d50bb,2.0,0.0
2021_2022_175,2021_2022,27/12/2021,club_764f428a,club_1c328863,1.0,1.0
2021_2022_176,2021_2022,28/12/2021,club_81565bf5,club_aae864a7,3.0,0.0
2021_2022_177,2021_2022,28/12/2021,club_aabf7b31,club_b905ca11,1.0,1.0
2021_2022_178,2021_2022,28/12/2021,club_3a46461b,club_091d674e,1.0,4.0
2021_2022_179,2021_2022,28/12/2021,club_f371ef16,club_3bb25b7f,1.0,0.0
2021_2022_180,2021_2022,29/12/2021,club_1f979dbb,club_d2d89a85,1.0,1.0
2021_2022_181,2021_2022,29/12/2021,club_4f5d50bb,club_b218207a,0.0,1.0
2021_2022_182,2021_2022,30/12/2021,club_1c328863,club_eb6e74d9,3.0,1.0
2021_2022_183,2021_2022,01/01/2022,club_1e328148,club_b218207a,1.0,2.0
2021_2022_184,2021_2022,01/01/2022,club_3a46461b,club_b905ca11,0.0,1.0
2021_2022_185,2021_2022,01/01/2022,club_81565bf5,club_091d674e,2.0,3.0
2021_2022_186,2021_2022,02/01/2022,club_4f5d50bb,club_9d67c2fd,2.0,1.0
2021_2022_187,2021_2022,02/01/2022,club_7643b99d,club_d2d89a85,2.0,3.0
2021_2022_188,2021_2022,02/01/2022,club_68296972,club_eb6e74d9,3.0,1.0
2021_2022_189,2021_2022,02/01/2022,club_1f979dbb,club_3bb25b7f,2.0,2.0
2021_2022_190,2021_2022,03/01/2022,club_1c328863,club_e74223a2,0.0,1.0
2021_2022_191,2021_2022,11/01/2022,club_aabf7b31,club_4f5d50bb,4.0,1.0
2021_2022_192,2021_2022,12/01/2022,club_091d674e,club_aae864a7,2.0,0.0
2021_2022_193,2021_2022,14/01/2022,club_d2d89a85,club_81565bf5,1.0,1.0
2021_2022_194,2021_2022,15/01/2022,club_b218207a,club_1f979dbb,1.0,0.0
2021_2022_195,2021_2022,15/01/2022,club_764f428a,club_3a46461b,1.0,1.0
2021_2022_196,2021_2022,15/01/2022,club_aae864a7,club_7643b99d,2.0,1.0
2021_2022_197,2021_2022,15/01/2022,club_e74223a2,club_aabf7b31,3.0,1.0
2021_2022_198,2021_2022,15/01/2022,club_9d67c2fd,club_1c328863,2.0,2.0
2021_2022_199,2021_2022,16/01/2022,club_3bb25b7f,club_4f5d50bb,3.0,0.0
2021_2022_200,2021_2022,16/01/2022,club_091d674e,club_68296972,2.0,3.0
2021_2022_201,2021_2022,18/01/2022,club_d2d89a85,club_1f979dbb,1.0,1.0
2021_2022_202,2021_2022,19/01/2022,club_f371ef16,club_b905ca11,2.0,3.0
2021_2022_203,2021_2022,19/01/2022,club_4f5d50bb,club_1c328863,1.0,3.0
2021_2022_204,2021_2022,21/01/2022,club_3a46461b,club_aae864a7,0.0,3.0
2021_2022_205,2021_2022,22/01/2022,club_7643b99d,club_9d67c2fd,0.0,1.0
2021_2022_206,2021_2022,22/01/2022,club_4f5d50bb,club_e74223a2,1.0,2.0
2021_2022_207,2021_2022,22/01/2022,club_68296972,club_764f428a,0.0,1.0
2021_2022_208,2021_2022,22/01/2022,club_1c328863,club_091d674e,1.0,0.0
2021_2022_209,2021_2022,22/01/2022,club_aabf7b31,club_b218207a,1.0,1.0
2021_2022_210,2021_2022,23/01/2022,club_1e328148,club_eb6e74d9,0.0,0.0
2021_2022_211,2021_2022,23/01/2022,club_81565bf5,club_3bb25b7f,1.0,3.0
2021_2022_212,2021_2022,23/01/2022,club_f371ef16,club_d2d89a85,1.0,1.0
2021_2022_213,2021_2022,23/01/2022,club_1f979dbb,club_b905ca11,2.0,0.0
2021_2022_214,2021_2022,05/02/2022,club_eb6e74d9,club_3a46461b,0.0,0.0
2021_2022_215,2021_2022,08/02/2022,club_764f428a,club_7643b99d,3.0,1.0
2021_2022_216,2021_2022,08/02/2022,club_091d674e,club_3a46461b,1.0,0.0
2021_2022_217,2021_2022,08/02/2022,club_eb6e74d9,club_1c328863,1.0,1.0
2021_2022_218,2021_2022,09/02/2022,club_b218207a,club_4f5d50bb,2.0,0.0
2021_2022_219,2021_2022,09/02/2022,club_aae864a7,club_81565bf5,1.0,1.0
2021_2022_220,2021_2022,09/02/2022,club_b905ca11,club_aabf7b31,2.0,3.0
2021_2022_221,2021_2022,09/02/2022,club_9d67c2fd,club_68296972,3.0,3.0
2021_2022_222,2021_2022,10/02/2022,club_3bb25b7f,club_f371ef16,2.0,0.0
2021_2022_223,2021_2022,10/02/2022,club_e74223a2,club_1e328148,0.0,1.0
2021_2022_224,2021_2022,12/02/2022,club_1c328863,club_aabf7b31,1.0,1.0
2021_2022_225,2021_2022,12/02/2022,club_4f5d50bb,club_81565bf5,0.0,0.0
2021_2022_226,2021_2022,12/02/2022,club_7643b99d,club_68296972,3.0,0.0
2021_2022_227,2021_2022,12/02/2022,club_3a46461b,club_d2d89a85,0.0,2.0
2021_2022_228,2021_2022,12/02/2022,club_aae864a7,club_b218207a,0.0,4.0
2021_2022_229,2021_2022,13/02/2022,club_eb6e74d9,club_3bb25b7f,0.0,1.0
2021_2022_230,2021_2022,13/02/2022,club_764f428a,club_9d67c2fd,1.0,0.0
2021_2022_231,2021_2022,13/02/2022,club_b905ca11,club_e74223a2,0.0,2.0
2021_2022_232,2021_2022,13/02/2022,club_f371ef16,club_091d674e,2.0,2.0
2021_2022_233,2021_2022,15/02/2022,club_1c328863,club_d2d89a85,2.0,0.0
2021_2022_234,2021_2022,19/02/2022,club_091d674e,club_764f428a,1.0,1.0
2021_2022_235,2021_2022,19/02/2022,club_1e328148,club_4f5d50bb,2.0,1.0
2021_2022_236,2021_2022,19/02/2022,club_9d67c2fd,club_3a46461b,0.0,1.0
2021_2022_237,2021_2022,19/02/2022,club_d2d89a85,club_eb6e74d9,0.0,3.0
2021_2022_238,2021_2022,19/02/2022,club_81565bf5,club_1f979dbb,0.0,1.0
2021_2022_239,2021_2022,19/02/2022,club_3bb25b7f,club_aae864a7,3.0,1.0
2021_2022_240,2021_2022,19/02/2022,club_aabf7b31,club_7643b99d,2.0,0.0
2021_2022_241,2021_2022,19/02/2022,club_b218207a,club_b905ca11,2.0,3.0
2021_2022_242,2021_2022,20/02/2022,club_68296972,club_1c328863,2.0,4.0
2021_2022_243,2021_2022,20/02/2022,club_e74223a2,club_f371ef16,2.0,1.0
2021_2022_244,2021_2022,23/02/2022,club_eb6e74d9,club_b905ca11,1.0,0.0
2021_2022_245,2021_2022,23/02/2022,club_3a46461b,club_81565bf5,1.0,4.0
2021_2022_246,2021_2022,23/02/2022,club_3bb25b7f,club_68296972,6.0,0.0
2021_2022_247,2021_2022,24/02/2022,club_1e328148,club_e74223a2,2.0,1.0
2021_2022_248,2021_2022,25/02/2022,club_aabf7b31,club_aae864a7,2.0,0.0
2021_2022_249,2021_2022,26/02/2022,club_68296972,club_b905ca11,0.0,4.0
2021_2022_250,2021_2022,26/02/2022,club_4f5d50bb,club_764f428a,0.0,2.0
2021_2022_251,2021_2022,26/02/2022,club_81565bf5,club_eb6e74d9,1.0,1.0
2021_2022_252,2021_2022,26/02/2022,club_1c328863,club_3a46461b,0.0,0.0
2021_2022_253,2021_2022,26/02/2022,club_d2d89a85,club_9d67c2fd,0.0,2.0
2021_2022_254,2021_2022,26/02/2022,club_7643b99d,club_b218207a,0.0,1.0
2021_2022_255,2021_2022,27/02/2022,club_091d674e,club_e74223a2,1.0,0.0
2021_2022_256,2021_2022,01/03/2022,club_eb6e74d9,club_f371ef16,0.0,2.0
2021_2022_257,2021_2022,05/03/2022,club_f371ef16,club_68296972,1.0,0.0
2021_2022_258,2021_2022,05/03/2022,club_9d67c2fd,club_aabf7b31,4.0,0.0
2021_2022_259,2021_2022,05/03/2022,club_eb6e74d9,club_1f979dbb,0.0,4.0
2021_2022_260,2021_2022,05/03/2022,club_764f428a,club_d2d89a85,2.0,1.0
2021_2022_261,2021_2022,05/03/2022,club_aae864a7,club_4f5d50bb,1.0,3.0
2021_2022_262,2021_2022,05/03/2022,club_e74223a2,club_81565bf5,0.0,2.0
2021_2022_263,2021_2022,05/03/2022,club_3bb25b7f,club_091d674e,1.0,0.0
2021_2022_264,2021_2022,06/03/2022,club_3a46461b,club_1e328148,2.0,3.0
2021_2022_265,2021_2022,06/03/2022,club_b218207a,club_1c328863,4.0,1.0
2021_2022_266,2021_2022,07/03/2022,club_b905ca11,club_7643b99d,5.0,0.0
2021_2022_267,2021_2022,10/03/2022,club_aae864a7,club_1f979dbb,1.0,3.0
2021_2022_268,2021_2022,10/03/2022,club_aabf7b31,club_764f428a,1.0,2.0
2021_2022_269,2021_2022,10/03/2022,club_e74223a2,club_3a46461b,4.0,0.0
2021_2022_270,2021_2022,10/03/2022,club_68296972,club_9d67c2fd,0.0,3.0
2021_2022_271,2021_2022,12/03/2022,club_d2d89a85,club_3bb25b7f,0.0,2.0
2021_2022_272,2021_2022,12/03/2022,club_4f5d50bb,club_eb6e74d9,2.0,0.0
2021_2022_273,2021_2022,12/03/2022,club_1c328863,club_b905ca11,3.0,2.0
2021_2022_274,2021_2022,13/03/2022,club_1f979dbb,club_764f428a,1.0,0.0
2021_2022_275,2021_2022,13/03/2022,club_7643b99d,club_e74223a2,0.0,1.0
2021_2022_276,2021_2022,13/03/2022,club_68296972,club_aae864a7,2.0,1.0
2021_2022_277,2021_2022,13/03/2022,club_aabf7b31,club_3a46461b,1.0,2.0
2021_2022_278,2021_2022,13/03/2022,club_091d674e,club_9d67c2fd,2.0,1.0
2021_2022_279,2021_2022,13/03/2022,club_1e328148,club_f371ef16,2.0,0.0
2021_2022_280,2021_2022,14/03/2022,club_81565bf5,club_b218207a,0.0,0.0
2021_2022_281,2021_2022,16/03/2022,club_d2d89a85,club_b905ca11,0.0,2.0
2021_2022_282,2021_2022,16/03/2022,club_1e328148,club_3bb25b7f,0.0,2.0
2021_2022_283,2021_2022,17/03/2022,club_7643b99d,club_764f428a,1.0,0.0
2021_2022_284,2021_2022,18/03/2022,club_e74223a2,club_68296972,2.0,3.0
2021_2022_285,2021_2022,19/03/2022,club_9d67c2fd,club_1e328148,0.0,1.0
2021_2022_286,2021_2022,20/03/2022,club_f371ef16,club_4f5d50bb,2.0,1.0
2021_2022_287,2021_2022,20/03/2022,club_b905ca11,club_091d674e,3.0,1.0
2021_2022_288,2021_2022,02/04/2022,club_3bb25b7f,club_3a46461b,2.0,0.0
2021_2022_289,2021_2022,02/04/2022,club_d2d89a85,club_aae864a7,0.0,0.0
2021_2022_290,2021_2022,02/04/2022,club_eb6e74d9,club_b218207a,0.0,2.0
2021_2022_291,2021_2022,02/04/2022,club_1f979dbb,club_4f5d50bb,1.0,4.0
2021_2022_292,2021_2022,02/04/2022,club_68296972,club_aabf7b31,1.0,1.0
2021_2022_293,2021_2022,02/04/2022,club_e74223a2,club_9d67c2fd,2.0,1.0
2021_2022_294,2021_2022,02/04/2022,club_1c328863,club_f371ef16,1.0,1.0
2021_2022_295,2021_2022,03/04/2022,club_091d674e,club_7643b99d,2.0,1.0
2021_2022_296,2021_2022,03/04/2022,club_b905ca11,club_764f428a,5.0,1.0
2021_2022_297,2021_2022,04/04/2022,club_81565bf5,club_1e328148,3.0,0.0
2021_2022_298,2021_2022,06/04/2022,club_eb6e74d9,club_7643b99d,3.0,2.0
2021_2022_299,2021_2022,08/04/2022,club_764f428a,club_e74223a2,1.0,0.0
2021_2022_300,2021_2022,09/04/2022,club_7643b99d,club_1c328863,1.0,0.0
2021_2022_301,2021_2022,09/04/2022,club_1e328148,club_d2d89a85,1.0,2.0
2021_2022_302,2021_2022,09/04/2022,club_aabf7b31,club_1f979dbb,0.0,6.0
2021_2022_303,2021_2022,09/04/2022,club_3a46461b,club_68296972,0.0,3.0
2021_2022_304,2021_2022,09/04/2022,club_9d67c2fd,club_b905ca11,0.0,4.0
2021_2022_305,2021_2022,10/04/2022,club_4f5d50bb,club_091d674e,2.0,0.0
2021_2022_306,2021_2022,10/04/2022,club_f371ef16,club_81565bf5,2.0,1.0
2021_2022_307,2021_2022,10/04/2022,club_aae864a7,club_eb6e74d9,2.0,0.0
2021_2022_308,2021_2022,10/04/2022,club_b218207a,club_3bb25b7f,2.0,2.0
2021_2022_309,2021_2022,16/04/2022,club_b905ca11,club_d2d89a85,0.0,1.0
2021_2022_310,2021_2022,16/04/2022,club_1c328863,club_aae864a7,3.0,2.0
2021_2022_311,2021_2022,16/04/2022,club_aabf7b31,club_1e328148,1.0,0.0
2021_2022_312,2021_2022,16/04/2022,club_3a46461b,club_4f5d50bb,1.0,2.0
2021_2022_313,2021_2022,17/04/2022,club_764f428a,club_f371ef16,2.0,1.0
2021_2022_314,2021_2022,17/04/2022,club_091d674e,club_eb6e74d9,1.0,1.0
2021_2022_315,2021_2022,19/04/2022,club_3bb25b7f,club_1c328863,4.0,0.0
2021_2022_316,2021_2022,20/04/2022,club_1f979dbb,club_1e328148,2.0,4.0
2021_2022_317,2021_2022,20/04/2022,club_7643b99d,club_f371ef16,1.0,1.0
2021_2022_318,2021_2022,20/04/2022,club_764f428a,club_81565bf5,1.0,0.0
2021_2022_319,2021_2022,20/04/2022,club_b218207a,club_d2d89a85,3.0,0.0
2021_2022_320,2021_2022,21/04/2022,club_eb6e74d9,club_aabf7b31,2.0,0.0
2021_2022_321,2021_2022,23/04/2022,club_1e328148,club_1c328863,3.0,1.0
2021_2022_322,2021_2022,23/04/2022,club_f371ef16,club_9d67c2fd,0.0,0.0
2021_2022_323,2021_2022,23/04/2022,club_b218207a,club_3a46461b,5.0,1.0
2021_2022_324,2021_2022,23/04/2022,club_aae864a7,club_764f428a,0.0,3.0
2021_2022_325,2021_2022,23/04/2022,club_4f5d50bb,club_b905ca11,0.0,0.0
2021_2022_326,2021_2022,24/04/2022,club_d2d89a85,club_aabf7b31,2.0,2.0
2021_2022_327,2021_2022,24/04/2022,club_eb6e74d9,club_e74223a2,1.0,0.0
2021_2022_328,2021_2022,24/04/2022,club_1f979dbb,club_091d674e,1.0,0.0
2021_2022_329,2021_2022,24/04/2022,club_3bb25b7f,club_7643b99d,2.0,0.0
2021_2022_330,2021_2022,25/04/2022,club_81565bf5,club_68296972,0.0,0.0
2021_2022_331,2021_2022,28/04/2022,club_1c328863,club_1f979dbb,1.0,1.0
2021_2022_332,2021_2022,30/04/2022,club_764f428a,club_3bb25b7f,0.0,1.0
2021_2022_333,2021_2022,30/04/2022,club_9d67c2fd,club_aae864a7,2.0,0.0
2021_2022_334,2021_2022,30/04/2022,club_aabf7b31,club_81565bf5,1.0,2.0
2021_2022_335,2021_2022,30/04/2022,club_3a46461b,club_eb6e74d9,1.0,2.0
2021_2022_336,2021_2022,30/04/2022,club_e74223a2,club_d2d89a85,0.0,3.0
2021_2022_337,2021_2022,30/04/2022,club_68296972,club_b218207a,0.0,4.0
2021_2022_338,2021_2022,01/05/2022,club_7643b99d,club_1f979dbb,1.0,0.0
2021_2022_339,2021_2022,01/05/2022,club_b905ca11,club_f371ef16,3.0,1.0
2021_2022_340,2021_2022,01/05/2022,club_091d674e,club_1e328148,1.0,2.0
2021_2022_341,2021_2022,02/05/2022,club_1c328863,club_4f5d50bb,3.0,0.0
2021_2022_342,2021_2022,07/05/2022,club_4f5d50bb,club_aabf7b31,3.0,0.0
2021_2022_343,2021_2022,07/05/2022,club_eb6e74d9,club_9d67c2fd,1.0,3.0
2021_2022_344,2021_2022,07/05/2022,club_1f979dbb,club_e74223a2,2.0,2.0
2021_2022_345,2021_2022,07/05/2022,club_81565bf5,club_3a46461b,1.0,0.0
2021_2022_346,2021_2022,07/05/2022,club_d2d89a85,club_1c328863,4.0,0.0
2021_2022_347,2021_2022,07/05/2022,club_3bb25b7f,club_b905ca11,1.0,1.0
2021_2022_348,2021_2022,08/05/2022,club_1e328148,club_68296972,2.0,1.0
2021_2022_349,2021_2022,08/05/2022,club_f371ef16,club_7643b99d,1.0,2.0
2021_2022_350,2021_2022,08/05/2022,club_aae864a7,club_091d674e,0.0,4.0
2021_2022_351,2021_2022,08/05/2022,club_b218207a,club_764f428a,5.0,0.0
2021_2022_352,2021_2022,10/05/2022,club_9d67c2fd,club_3bb25b7f,1.0,2.0
2021_2022_353,2021_2022,11/05/2022,club_68296972,club_1f979dbb,0.0,3.0
2021_2022_354,2021_2022,11/05/2022,club_f371ef16,club_aae864a7,3.0,0.0
2021_2022_355,2021_2022,11/05/2022,club_3a46461b,club_7643b99d,0.0,0.0
2021_2022_356,2021_2022,11/05/2022,club_e74223a2,club_b218207a,1.0,5.0
2021_2022_357,2021_2022,12/05/2022,club_b905ca11,club_1e328148,3.0,0.0
2021_2022_358,2021_2022,15/05/2022,club_b905ca11,club_eb6e74d9,1.0,0.0
2021_2022_359,2021_2022,15/05/2022,club_9d67c2fd,club_81565bf5,1.0,1.0
2021_2022_360,2021_2022,15/05/2022,club_68296972,club_d2d89a85,1.0,1.0
2021_2022_361,2021_2022,15/05/2022,club_3a46461b,club_f371ef16,1.0,5.0
2021_2022_362,2021_2022,15/05/2022,club_091d674e,club_b218207a,2.0,2.0
2021_2022_363,2021_2022,15/05/2022,club_e74223a2,club_aae864a7,1.0,1.0
2021_2022_364,2021_2022,15/05/2022,club_7643b99d,club_4f5d50bb,2.0,3.0
2021_2022_365,2021_2022,16/05/2022,club_764f428a,club_1e328148,2.0,0.0
2021_2022_366,2021_2022,17/05/2022,club_aabf7b31,club_3bb25b7f,1.0,2.0
2021_2022_367,2021_2022,19/05/2022,club_7643b99d,club_81565bf5,3.0,2.0
2021_2022_368,2021_2022,19/05/2022,club_9d67c2fd,club_eb6e74d9,1.0,1.0
2021_2022_369,2021_2022,19/05/2022,club_1f979dbb,club_f371ef16,1.0,1.0
2021_2022_370,2021_2022,22/05/2022,club_1e328148,club_7643b99d,5.0,1.0
2021_2022_371,2021_2022,22/05/2022,club_4f5d50bb,club_68296972,1.0,2.0
2021_2022_372,2021_2022,22/05/2022,club_d2d89a85,club_091d674e,3.0,1.0
2021_2022_373,2021_2022,22/05/2022,club_eb6e74d9,club_764f428a,1.0,2.0
2021_2022_374,2021_2022,22/05/2022,club_1f979dbb,club_3a46461b,2.0,1.0
2021_2022_375,2021_2022,22/05/2022,club_81565bf5,club_1c328863,1.0,0.0
2021_2022_376,2021_2022,22/05/2022,club_f371ef16,club_aabf7b31,4.0,1.0
2021_2022_377,2021_2022,22/05/2022,club_3bb25b7f,club_e74223a2,3.0,1.0
2021_2022_378,2021_2022,22/05/2022,club_b218207a,club_9d67c2fd,3.0,2.0
2021_2022_379,2021_2022,22/05/2022,club_aae864a7,club_b905ca11,0.0,5.0
2022_2023_0,2022_2023,05/08/2022,club_81565bf5,club_1e328148,0.0,2.0
2022_2023_1,2022_2023,06/08/2022,club_424e85c9,club_3bb25b7f,2.0,2.0
2022_2023_2,2022_2023,06/08/2022,club_e2f1bb1e,club_9d67c2fd,2.0,0.0
2022_2023_3,2022_2023,06/08/2022,club_68296972,club_e74223a2,2.0,1.0
2022_2023_4,2022_2023,06/08/2022,club_764f428a,club_f61de81b,2.0,0.0
2022_2023_5,2022_2023,06/08/2022,club_b905ca11,club_aabf7b31,4.0,1.0
2022_2023_6,2022_2023,06/08/2022,club_7643b99d,club_1f979dbb,0.0,1.0
2022_2023_7,2022_2023,07/08/2022,club_f371ef16,club_4f5d50bb,2.0,2.0
2022_2023_8,2022_2023,07/08/2022,club_1c328863,club_d2d89a85,1.0,2.0
2022_2023_9,2022_2023,07/08/2022,club_091d674e,club_b218207a,0.0,2.0
2022_2023_10,2022_2023,13/08/2022,club_9d67c2fd,club_7643b99d,2.0,1.0
2022_2023_11,2022_2023,13/08/2022,club_1e328148,club_f371ef16,4.0,2.0
2022_2023_12,2022_2023,13/08/2022,club_d2d89a85,club_764f428a,0.0,0.0
2022_2023_13,2022_2023,13/08/2022,club_b218207a,club_e2f1bb1e,4.0,0.0
2022_2023_14,2022_2023,13/08/2022,club_aabf7b31,club_68296972,2.0,2.0
2022_2023_15,2022_2023,13/08/2022,club_e74223a2,club_424e85c9,0.0,0.0
2022_2023_16,2022_2023,13/08/2022,club_4f5d50bb,club_1c328863,4.0,0.0
2022_2023_17,2022_2023,14/08/2022,club_f61de81b,club_091d674e,1.0,0.0
2022_2023_18,2022_2023,14/08/2022,club_1f979dbb,club_b905ca11,2.0,2.0
2022_2023_19,2022_2023,15/08/2022,club_3bb25b7f,club_81565bf5,1.0,1.0
2022_2023_20,2022_2023,20/08/2022,club_b905ca11,club_e74223a2,1.0,0.0
2022_2023_21,2022_2023,20/08/2022,club_81565bf5,club_9d67c2fd,3.0,1.0
2022_2023_22,2022_2023,20/08/2022,club_7643b99d,club_f61de81b,1.0,1.0
2022_2023_23,2022_2023,20/08/2022,club_424e85c9,club_4f5d50bb,3.0,2.0
2022_2023_24,2022_2023,20/08/2022,club_f371ef16,club_aabf7b31,1.0,2.0
2022_2023_25,2022_2023,20/08/2022,club_e2f1bb1e,club_1e328148,0.0,3.0
2022_2023_26,2022_2023,21/08/2022,club_68296972,club_1f979dbb,3.0,0.0
2022_2023_27,2022_2023,21/08/2022,club_091d674e,club_d2d89a85,0.0,2.0
2022_2023_28,2022_2023,21/08/2022,club_764f428a,club_b218207a,3.0,3.0
2022_2023_29,2022_2023,22/08/2022,club_1c328863,club_3bb25b7f,2.0,1.0
2022_2023_30,2022_2023,27/08/2022,club_aabf7b31,club_1c328863,0.0,1.0
2022_2023_31,2022_2023,27/08/2022,club_4f5d50bb,club_7643b99d,1.0,1.0
2022_2023_32,2022_2023,27/08/2022,club_d2d89a85,club_68296972,1.0,0.0
2022_2023_33,2022_2023,27/08/2022,club_1f979dbb,club_f371ef16,2.0,1.0
2022_2023_34,2022_2023,27/08/2022,club_3bb25b7f,club_e2f1bb1e,9.0,0.0
2022_2023_35,2022_2023,27/08/2022,club_b218207a,club_81565bf5,4.0,2.0
2022_2023_36,2022_2023,27/08/2022,club_1e328148,club_424e85c9,2.0,1.0
2022_2023_37,2022_2023,28/08/2022,club_9d67c2fd,club_091d674e,0.0,1.0
2022_2023_38,2022_2023,28/08/2022,club_e74223a2,club_764f428a,1.0,1.0
2022_2023_39,2022_2023,28/08/2022,club_f61de81b,club_b905ca11,0.0,2.0
2022_2023_40,2022_2023,30/08/2022,club_81565bf5,club_4f5d50bb,1.0,1.0
2022_2023_41,2022_2023,30/08/2022,club_424e85c9,club_d2d89a85,2.0,1.0
2022_2023_42,2022_2023,30/08/2022,club_aabf7b31,club_1f979dbb,2.0,1.0
2022_2023_43,2022_2023,30/08/2022,club_68296972,club_7643b99d,1.0,1.0
2022_2023_44,2022_2023,31/08/2022,club_1e328148,club_9d67c2fd,2.0,1.0
2022_2023_45,2022_2023,31/08/2022,club_e2f1bb1e,club_e74223a2,0.0,0.0
2022_2023_46,2022_2023,31/08/2022,club_b218207a,club_f61de81b,6.0,0.0
2022_2023_47,2022_2023,31/08/2022,club_091d674e,club_b905ca11,1.0,1.0
2022_2023_48,2022_2023,31/08/2022,club_3bb25b7f,club_764f428a,2.0,1.0
2022_2023_49,2022_2023,01/09/2022,club_f371ef16,club_1c328863,0.0,1.0
2022_2023_50,2022_2023,03/09/2022,club_7643b99d,club_3bb25b7f,0.0,0.0
2022_2023_51,2022_2023,03/09/2022,club_4f5d50bb,club_68296972,5.0,2.0
2022_2023_52,2022_2023,03/09/2022,club_1f979dbb,club_091d674e,2.0,1.0
2022_2023_53,2022_2023,03/09/2022,club_764f428a,club_81565bf5,0.0,0.0
2022_2023_54,2022_2023,03/09/2022,club_f61de81b,club_e2f1bb1e,2.0,3.0
2022_2023_55,2022_2023,03/09/2022,club_b905ca11,club_424e85c9,2.0,1.0
2022_2023_56,2022_2023,03/09/2022,club_e74223a2,club_aabf7b31,1.0,0.0
2022_2023_57,2022_2023,03/09/2022,club_9d67c2fd,club_b218207a,1.0,1.0
2022_2023_58,2022_2023,04/09/2022,club_d2d89a85,club_f371ef16,5.0,2.0
2022_2023_59,2022_2023,04/09/2022,club_1c328863,club_1e328148,3.0,1.0
2022_2023_60,2022_2023,16/09/2022,club_9d67c2fd,club_aabf7b31,1.0,0.0
2022_2023_61,2022_2023,16/09/2022,club_f61de81b,club_424e85c9,2.0,3.0
2022_2023_62,2022_2023,17/09/2022,club_e74223a2,club_b218207a,0.0,3.0
2022_2023_63,2022_2023,17/09/2022,club_764f428a,club_e2f1bb1e,1.0,1.0
2022_2023_64,2022_2023,17/09/2022,club_b905ca11,club_f371ef16,6.0,2.0
2022_2023_65,2022_2023,18/09/2022,club_4f5d50bb,club_1e328148,0.0,3.0
2022_2023_66,2022_2023,18/09/2022,club_7643b99d,club_091d674e,1.0,0.0
2022_2023_67,2022_2023,01/10/2022,club_1e328148,club_b905ca11,3.0,1.0
2022_2023_68,2022_2023,01/10/2022,club_e2f1bb1e,club_4f5d50bb,0.0,0.0
2022_2023_69,2022_2023,01/10/2022,club_81565bf5,club_1f979dbb,1.0,2.0
2022_2023_70,2022_2023,01/10/2022,club_424e85c9,club_764f428a,1.0,4.0
2022_2023_71,2022_2023,01/10/2022,club_3bb25b7f,club_d2d89a85,3.0,3.0
2022_2023_72,2022_2023,01/10/2022,club_aabf7b31,club_7643b99d,1.0,2.0
2022_2023_73,2022_2023,01/10/2022,club_091d674e,club_e74223a2,2.0,0.0
2022_2023_74,2022_2023,02/10/2022,club_b218207a,club_1c328863,6.0,3.0
2022_2023_75,2022_2023,02/10/2022,club_68296972,club_9d67c2fd,0.0,0.0
2022_2023_76,2022_2023,03/10/2022,club_f371ef16,club_f61de81b,4.0,0.0
2022_2023_77,2022_2023,08/10/2022,club_e2f1bb1e,club_f371ef16,2.0,1.0
2022_2023_78,2022_2023,08/10/2022,club_1f979dbb,club_e74223a2,3.0,0.0
2022_2023_79,2022_2023,08/10/2022,club_b218207a,club_aabf7b31,4.0,0.0
2022_2023_80,2022_2023,08/10/2022,club_764f428a,club_4f5d50bb,5.0,1.0
2022_2023_81,2022_2023,08/10/2022,club_d2d89a85,club_b905ca11,0.0,1.0
2022_2023_82,2022_2023,09/10/2022,club_81565bf5,club_68296972,2.0,1.0
2022_2023_83,2022_2023,09/10/2022,club_091d674e,club_424e85c9,3.0,1.0
2022_2023_84,2022_2023,09/10/2022,club_1e328148,club_3bb25b7f,3.0,2.0
2022_2023_85,2022_2023,09/10/2022,club_7643b99d,club_1c328863,1.0,2.0
2022_2023_86,2022_2023,10/10/2022,club_f61de81b,club_9d67c2fd,1.0,1.0
2022_2023_87,2022_2023,14/10/2022,club_4f5d50bb,club_d2d89a85,2.0,0.0
2022_2023_88,2022_2023,15/10/2022,club_f371ef16,club_81565bf5,0.0,0.0
2022_2023_89,2022_2023,15/10/2022,club_424e85c9,club_e2f1bb1e,2.0,2.0
2022_2023_90,2022_2023,15/10/2022,club_e74223a2,club_f61de81b,1.0,0.0
2022_2023_91,2022_2023,15/10/2022,club_b905ca11,club_7643b99d,2.0,0.0
2022_2023_92,2022_2023,16/10/2022,club_9d67c2fd,club_1f979dbb,0.0,2.0
2022_2023_93,2022_2023,16/10/2022,club_68296972,club_1e328148,0.0,1.0
2022_2023_94,2022_2023,16/10/2022,club_1c328863,club_764f428a,0.0,0.0
2022_2023_95,2022_2023,16/10/2022,club_aabf7b31,club_091d674e,1.0,1.0
2022_2023_96,2022_2023,16/10/2022,club_3bb25b7f,club_b218207a,1.0,0.0
2022_2023_97,2022_2023,18/10/2022,club_d2d89a85,club_f61de81b,0.0,0.0
2022_2023_98,2022_2023,18/10/2022,club_81565bf5,club_e74223a2,2.0,1.0
2022_2023_99,2022_2023,19/10/2022,club_e2f1bb1e,club_aabf7b31,0.0,1.0
2022_2023_100,2022_2023,19/10/2022,club_4f5d50bb,club_1f979dbb,0.0,0.0
2022_2023_101,2022_2023,19/10/2022,club_3bb25b7f,club_091d674e,1.0,0.0
2022_2023_102,2022_2023,19/10/2022,club_764f428a,club_7643b99d,1.0,0.0
2022_2023_103,2022_2023,19/10/2022,club_1c328863,club_b905ca11,2.0,0.0
2022_2023_104,2022_2023,20/10/2022,club_424e85c9,club_9d67c2fd,3.0,0.0
2022_2023_105,2022_2023,20/10/2022,club_f371ef16,club_68296972,2.0,0.0
2022_2023_106,2022_2023,22/10/2022,club_f61de81b,club_3bb25b7f,1.0,0.0
2022_2023_107,2022_2023,22/10/2022,club_7643b99d,club_81565bf5,3.0,0.0
2022_2023_108,2022_2023,22/10/2022,club_b218207a,club_d2d89a85,3.0,1.0
2022_2023_109,2022_2023,22/10/2022,club_1f979dbb,club_1c328863,1.0,1.0
2022_2023_110,2022_2023,23/10/2022,club_9d67c2fd,club_4f5d50bb,4.0,0.0
2022_2023_111,2022_2023,23/10/2022,club_68296972,club_424e85c9,2.0,3.0
2022_2023_112,2022_2023,23/10/2022,club_aabf7b31,club_1e328148,1.0,1.0
2022_2023_113,2022_2023,23/10/2022,club_e74223a2,club_f371ef16,0.0,4.0
2022_2023_114,2022_2023,23/10/2022,club_b905ca11,club_764f428a,1.0,2.0
2022_2023_115,2022_2023,24/10/2022,club_091d674e,club_e2f1bb1e,2.0,0.0
2022_2023_116,2022_2023,29/10/2022,club_f371ef16,club_b218207a,0.0,1.0
2022_2023_117,2022_2023,29/10/2022,club_e2f1bb1e,club_b905ca11,2.0,3.0
2022_2023_118,2022_2023,29/10/2022,club_4f5d50bb,club_e74223a2,1.0,1.0
2022_2023_119,2022_2023,29/10/2022,club_d2d89a85,club_1f979dbb,4.0,1.0
2022_2023_120,2022_2023,29/10/2022,club_81565bf5,club_aabf7b31,1.0,0.0
2022_2023_121,2022_2023,29/10/2022,club_764f428a,club_9d67c2fd,4.0,0.0
2022_2023_122,2022_2023,29/10/2022,club_424e85c9,club_7643b99d,0.0,0.0
2022_2023_123,2022_2023,29/10/2022,club_3bb25b7f,club_68296972,1.0,2.0
2022_2023_124,2022_2023,30/10/2022,club_1e328148,club_f61de81b,5.0,0.0
2022_2023_125,2022_2023,30/10/2022,club_1c328863,club_091d674e,1.0,0.0
2022_2023_126,2022_2023,05/11/2022,club_68296972,club_e2f1bb1e,4.0,3.0
2022_2023_127,2022_2023,05/11/2022,club_b218207a,club_424e85c9,2.0,1.0
2022_2023_128,2022_2023,05/11/2022,club_f61de81b,club_4f5d50bb,2.0,2.0
2022_2023_129,2022_2023,05/11/2022,club_e74223a2,club_d2d89a85,2.0,3.0
2022_2023_130,2022_2023,05/11/2022,club_7643b99d,club_f371ef16,0.0,2.0
2022_2023_131,2022_2023,06/11/2022,club_1f979dbb,club_1e328148,0.0,1.0
2022_2023_132,2022_2023,06/11/2022,club_9d67c2fd,club_1c328863,3.0,1.0
2022_2023_133,2022_2023,06/11/2022,club_aabf7b31,club_764f428a,1.0,4.0
2022_2023_134,2022_2023,06/11/2022,club_091d674e,club_81565bf5,1.0,2.0
2022_2023_135,2022_2023,06/11/2022,club_b905ca11,club_3bb25b7f,1.0,2.0
2022_2023_136,2022_2023,12/11/2022,club_b218207a,club_4f5d50bb,1.0,2.0
2022_2023_137,2022_2023,12/11/2022,club_e2f1bb1e,club_7643b99d,3.0,0.0
2022_2023_138,2022_2023,12/11/2022,club_3bb25b7f,club_aabf7b31,3.0,1.0
2022_2023_139,2022_2023,12/11/2022,club_f61de81b,club_81565bf5,1.0,0.0
2022_2023_140,2022_2023,12/11/2022,club_b905ca11,club_68296972,4.0,3.0
2022_2023_141,2022_2023,12/11/2022,club_091d674e,club_f371ef16,0.0,2.0
2022_2023_142,2022_2023,12/11/2022,club_764f428a,club_1f979dbb,1.0,0.0
2022_2023_143,2022_2023,12/11/2022,club_e74223a2,club_1e328148,0.0,2.0
2022_2023_144,2022_2023,13/11/2022,club_d2d89a85,club_9d67c2fd,1.0,2.0
2022_2023_145,2022_2023,13/11/2022,club_424e85c9,club_1c328863,1.0,2.0
2022_2023_146,2022_2023,26/12/2022,club_4f5d50bb,club_b905ca11,2.0,2.0
2022_2023_147,2022_2023,26/12/2022,club_81565bf5,club_424e85c9,0.0,3.0
2022_2023_148,2022_2023,26/12/2022,club_7643b99d,club_e74223a2,1.0,2.0
2022_2023_149,2022_2023,26/12/2022,club_f371ef16,club_764f428a,0.0,3.0
2022_2023_150,2022_2023,26/12/2022,club_aabf7b31,club_d2d89a85,1.0,3.0
2022_2023_151,2022_2023,26/12/2022,club_9d67c2fd,club_3bb25b7f,1.0,3.0
2022_2023_152,2022_2023,26/12/2022,club_1e328148,club_091d674e,3.0,1.0
2022_2023_153,2022_2023,27/12/2022,club_1f979dbb,club_e2f1bb1e,2.0,0.0
2022_2023_154,2022_2023,27/12/2022,club_1c328863,club_f61de81b,3.0,0.0
2022_2023_155,2022_2023,28/12/2022,club_68296972,club_b218207a,1.0,3.0
2022_2023_156,2022_2023,30/12/2022,club_091d674e,club_4f5d50bb,0.0,2.0
2022_2023_157,2022_2023,30/12/2022,club_3bb25b7f,club_f371ef16,2.0,1.0
2022_2023_158,2022_2023,31/12/2022,club_e74223a2,club_1c328863,0.0,1.0
2022_2023_159,2022_2023,31/12/2022,club_e2f1bb1e,club_81565bf5,0.0,2.0
2022_2023_160,2022_2023,31/12/2022,club_424e85c9,club_aabf7b31,2.0,1.0
2022_2023_161,2022_2023,31/12/2022,club_b218207a,club_7643b99d,1.0,1.0
2022_2023_162,2022_2023,31/12/2022,club_764f428a,club_68296972,0.0,0.0
2022_2023_163,2022_2023,31/12/2022,club_d2d89a85,club_1e328148,2.0,4.0
2022_2023_164,2022_2023,01/01/2023,club_b905ca11,club_9d67c2fd,0.0,2.0
2022_2023_165,2022_2023,01/01/2023,club_f61de81b,club_1f979dbb,1.0,1.0
2022_2023_166,2022_2023,02/01/2023,club_4f5d50bb,club_3bb25b7f,3.0,1.0
2022_2023_167,2022_2023,03/01/2023,club_1e328148,club_764f428a,0.0,0.0
2022_2023_168,2022_2023,03/01/2023,club_7643b99d,club_d2d89a85,1.0,4.0
2022_2023_169,2022_2023,03/01/2023,club_f371ef16,club_424e85c9,0.0,1.0
2022_2023_170,2022_2023,03/01/2023,club_1c328863,club_e2f1bb1e,3.0,0.0
2022_2023_171,2022_2023,04/01/2023,club_aabf7b31,club_f61de81b,0.0,1.0
2022_2023_172,2022_2023,04/01/2023,club_68296972,club_091d674e,2.0,2.0
2022_2023_173,2022_2023,04/01/2023,club_9d67c2fd,club_e74223a2,1.0,1.0
2022_2023_174,2022_2023,04/01/2023,club_81565bf5,club_b905ca11,0.0,4.0
2022_2023_175,2022_2023,05/01/2023,club_1f979dbb,club_b218207a,0.0,1.0
2022_2023_176,2022_2023,12/01/2023,club_424e85c9,club_1f979dbb,2.0,1.0
2022_2023_177,2022_2023,13/01/2023,club_9d67c2fd,club_68296972,2.0,1.0
2022_2023_178,2022_2023,14/01/2023,club_1c328863,club_b218207a,2.0,1.0
2022_2023_179,2022_2023,14/01/2023,club_d2d89a85,club_3bb25b7f,3.0,0.0
2022_2023_180,2022_2023,14/01/2023,club_7643b99d,club_aabf7b31,1.0,2.0
2022_2023_181,2022_2023,14/01/2023,club_f61de81b,club_f371ef16,2.0,0.0
2022_2023_182,2022_2023,14/01/2023,club_e74223a2,club_091d674e,1.0,0.0
2022_2023_183,2022_2023,14/01/2023,club_4f5d50bb,club_e2f1bb1e,2.0,0.0
2022_2023_184,2022_2023,15/01/2023,club_1f979dbb,club_81565bf5,1.0,0.0
2022_2023_185,2022_2023,15/01/2023,club_764f428a,club_424e85c9,1.0,0.0
2022_2023_186,2022_2023,15/01/2023,club_b905ca11,club_1e328148,0.0,2.0
2022_2023_187,2022_2023,18/01/2023,club_81565bf5,club_1c328863,1.0,1.0
2022_2023_188,2022_2023,19/01/2023,club_b218207a,club_b905ca11,4.0,2.0
2022_2023_189,2022_2023,21/01/2023,club_3bb25b7f,club_1f979dbb,0.0,0.0
2022_2023_190,2022_2023,21/01/2023,club_e2f1bb1e,club_f61de81b,1.0,1.0
2022_2023_191,2022_2023,21/01/2023,club_f371ef16,club_d2d89a85,2.0,2.0
2022_2023_192,2022_2023,21/01/2023,club_aabf7b31,club_9d67c2fd,0.0,1.0
2022_2023_193,2022_2023,21/01/2023,club_091d674e,club_7643b99d,2.0,0.0
2022_2023_194,2022_2023,21/01/2023,club_81565bf5,club_764f428a,0.0,0.0
2022_2023_195,2022_2023,22/01/2023,club_68296972,club_4f5d50bb,0.0,0.0
2022_2023_196,2022_2023,22/01/2023,club_b218207a,club_e74223a2,3.0,0.0
2022_2023_197,2022_2023,22/01/2023,club_1e328148,club_1c328863,3.0,2.0
2022_2023_198,2022_2023,23/01/2023,club_424e85c9,club_b905ca11,0.0,1.0
2022_2023_199,2022_2023,03/02/2023,club_1f979dbb,club_424e85c9,0.0,0.0
2022_2023_200,2022_2023,04/02/2023,club_7643b99d,club_1e328148,1.0,0.0
2022_2023_201,2022_2023,04/02/2023,club_9d67c2fd,club_f371ef16,2.0,4.0
2022_2023_202,2022_2023,04/02/2023,club_4f5d50bb,club_aabf7b31,3.0,0.0
2022_2023_203,2022_2023,04/02/2023,club_d2d89a85,club_e2f1bb1e,1.0,0.0
2022_2023_204,2022_2023,04/02/2023,club_1c328863,club_81565bf5,2.0,1.0
2022_2023_205,2022_2023,04/02/2023,club_e74223a2,club_3bb25b7f,3.0,0.0
2022_2023_206,2022_2023,04/02/2023,club_764f428a,club_091d674e,1.0,1.0
2022_2023_207,2022_2023,05/02/2023,club_f61de81b,club_68296972,1.0,0.0
2022_2023_208,2022_2023,05/02/2023,club_b905ca11,club_b218207a,1.0,0.0
2022_2023_209,2022_2023,08/02/2023,club_1c328863,club_68296972,2.0,2.0
2022_2023_210,2022_2023,11/02/2023,club_091d674e,club_1f979dbb,1.0,1.0
2022_2023_211,2022_2023,11/02/2023,club_1e328148,club_4f5d50bb,1.0,1.0
2022_2023_212,2022_2023,11/02/2023,club_81565bf5,club_d2d89a85,1.0,1.0
2022_2023_213,2022_2023,11/02/2023,club_424e85c9,club_f61de81b,2.0,0.0
2022_2023_214,2022_2023,11/02/2023,club_f371ef16,club_b905ca11,4.0,1.0
2022_2023_215,2022_2023,11/02/2023,club_aabf7b31,club_e74223a2,1.0,2.0
2022_2023_216,2022_2023,11/02/2023,club_e2f1bb1e,club_764f428a,1.0,1.0
2022_2023_217,2022_2023,12/02/2023,club_68296972,club_1c328863,0.0,2.0
2022_2023_218,2022_2023,12/02/2023,club_b218207a,club_9d67c2fd,3.0,1.0
2022_2023_219,2022_2023,13/02/2023,club_3bb25b7f,club_7643b99d,2.0,0.0
2022_2023_220,2022_2023,15/02/2023,club_1e328148,club_b218207a,1.0,3.0
2022_2023_221,2022_2023,18/02/2023,club_9d67c2fd,club_1e328148,2.0,4.0
2022_2023_222,2022_2023,18/02/2023,club_4f5d50bb,club_81565bf5,1.0,1.0
2022_2023_223,2022_2023,18/02/2023,club_d2d89a85,club_424e85c9,0.0,1.0
2022_2023_224,2022_2023,18/02/2023,club_1f979dbb,club_aabf7b31,0.0,1.0
2022_2023_225,2022_2023,18/02/2023,club_7643b99d,club_68296972,1.0,0.0
2022_2023_226,2022_2023,18/02/2023,club_f61de81b,club_b218207a,1.0,1.0
2022_2023_227,2022_2023,18/02/2023,club_e74223a2,club_e2f1bb1e,0.0,1.0
2022_2023_228,2022_2023,18/02/2023,club_764f428a,club_3bb25b7f,0.0,2.0
2022_2023_229,2022_2023,19/02/2023,club_1c328863,club_f371ef16,3.0,0.0
2022_2023_230,2022_2023,19/02/2023,club_b905ca11,club_091d674e,2.0,0.0
2022_2023_231,2022_2023,24/02/2023,club_424e85c9,club_e74223a2,1.0,1.0
2022_2023_232,2022_2023,25/02/2023,club_7643b99d,club_9d67c2fd,0.0,2.0
2022_2023_233,2022_2023,25/02/2023,club_68296972,club_aabf7b31,1.0,0.0
2022_2023_234,2022_2023,25/02/2023,club_f371ef16,club_1e328148,0.0,1.0
2022_2023_235,2022_2023,25/02/2023,club_091d674e,club_f61de81b,4.0,0.0
2022_2023_236,2022_2023,25/02/2023,club_e2f1bb1e,club_b218207a,1.0,4.0
2022_2023_237,2022_2023,25/02/2023,club_81565bf5,club_3bb25b7f,0.0,0.0
2022_2023_238,2022_2023,26/02/2023,club_b905ca11,club_1f979dbb,2.0,0.0
2022_2023_239,2022_2023,01/03/2023,club_1e328148,club_7643b99d,4.0,0.0
2022_2023_240,2022_2023,01/03/2023,club_3bb25b7f,club_e74223a2,2.0,0.0
2022_2023_241,2022_2023,04/03/2023,club_b218207a,club_764f428a,2.0,0.0
2022_2023_242,2022_2023,04/03/2023,club_1e328148,club_e2f1bb1e,3.0,2.0
2022_2023_243,2022_2023,04/03/2023,club_9d67c2fd,club_81565bf5,1.0,0.0
2022_2023_244,2022_2023,04/03/2023,club_d2d89a85,club_091d674e,4.0,0.0
2022_2023_245,2022_2023,04/03/2023,club_1f979dbb,club_68296972,1.0,0.0
2022_2023_246,2022_2023,04/03/2023,club_e74223a2,club_b905ca11,1.0,0.0
2022_2023_247,2022_2023,04/03/2023,club_aabf7b31,club_f371ef16,1.0,0.0
2022_2023_248,2022_2023,05/03/2023,club_f61de81b,club_7643b99d,2.0,2.0
2022_2023_249,2022_2023,05/03/2023,club_3bb25b7f,club_1c328863,7.0,0.0
2022_2023_250,2022_2023,06/03/2023,club_4f5d50bb,club_424e85c9,3.0,2.0
2022_2023_251,2022_2023,11/03/2023,club_e2f1bb1e,club_3bb25b7f,1.0,0.0
2022_2023_252,2022_2023,11/03/2023,club_7643b99d,club_4f5d50bb,1.0,0.0
2022_2023_253,2022_2023,11/03/2023,club_68296972,club_d2d89a85,2.0,2.0
2022_2023_254,2022_2023,11/03/2023,club_f371ef16,club_1f979dbb,1.0,3.0
2022_2023_255,2022_2023,11/03/2023,club_b905ca11,club_f61de81b,3.0,1.0
2022_2023_256,2022_2023,11/03/2023,club_81565bf5,club_b218207a,0.0,1.0
2022_2023_257,2022_2023,12/03/2023,club_424e85c9,club_1e328148,0.0,3.0
2022_2023_258,2022_2023,12/03/2023,club_1c328863,club_aabf7b31,0.0,0.0
2022_2023_259,2022_2023,12/03/2023,club_091d674e,club_9d67c2fd,1.0,1.0
2022_2023_260,2022_2023,12/03/2023,club_764f428a,club_e74223a2,2.0,1.0
2022_2023_261,2022_2023,15/03/2023,club_d2d89a85,club_81565bf5,1.0,0.0
2022_2023_262,2022_2023,15/03/2023,club_aabf7b31,club_4f5d50bb,0.0,2.0
2022_2023_263,2022_2023,17/03/2023,club_f61de81b,club_764f428a,1.0,2.0
2022_2023_264,2022_2023,18/03/2023,club_9d67c2fd,club_e2f1bb1e,3.0,0.0
2022_2023_265,2022_2023,18/03/2023,club_4f5d50bb,club_f371ef16,1.0,1.0
2022_2023_266,2022_2023,18/03/2023,club_aabf7b31,club_b905ca11,3.0,3.0
2022_2023_267,2022_2023,18/03/2023,club_e74223a2,club_68296972,2.0,4.0
2022_2023_268,2022_2023,18/03/2023,club_1f979dbb,club_7643b99d,2.0,2.0
2022_2023_269,2022_2023,19/03/2023,club_1e328148,club_81565bf5,4.0,1.0
2022_2023_270,2022_2023,01/04/2023,club_b218207a,club_3bb25b7f,4.0,1.0
2022_2023_271,2022_2023,01/04/2023,club_1e328148,club_68296972,4.0,1.0
2022_2023_272,2022_2023,01/04/2023,club_e2f1bb1e,club_424e85c9,2.0,1.0
2022_2023_273,2022_2023,01/04/2023,club_d2d89a85,club_4f5d50bb,3.0,3.0
2022_2023_274,2022_2023,01/04/2023,club_81565bf5,club_f371ef16,2.0,1.0
2022_2023_275,2022_2023,01/04/2023,club_f61de81b,club_e74223a2,1.0,1.0
2022_2023_276,2022_2023,01/04/2023,club_1f979dbb,club_9d67c2fd,0.0,2.0
2022_2023_277,2022_2023,02/04/2023,club_091d674e,club_aabf7b31,1.0,0.0
2022_2023_278,2022_2023,02/04/2023,club_764f428a,club_1c328863,2.0,0.0
2022_2023_279,2022_2023,03/04/2023,club_7643b99d,club_b905ca11,1.0,1.0
2022_2023_280,2022_2023,04/04/2023,club_e2f1bb1e,club_d2d89a85,0.0,2.0
2022_2023_281,2022_2023,04/04/2023,club_68296972,club_f61de81b,2.0,1.0
2022_2023_282,2022_2023,04/04/2023,club_f371ef16,club_9d67c2fd,1.0,2.0
2022_2023_283,2022_2023,04/04/2023,club_1f979dbb,club_3bb25b7f,0.0,0.0
2022_2023_284,2022_2023,05/04/2023,club_1c328863,club_4f5d50bb,1.0,0.0
2022_2023_285,2022_2023,05/04/2023,club_091d674e,club_764f428a,1.0,5.0
2022_2023_286,2022_2023,08/04/2023,club_1c328863,club_7643b99d,2.0,0.0
2022_2023_287,2022_2023,08/04/2023,club_9d67c2fd,club_f61de81b,2.0,0.0
2022_2023_288,2022_2023,08/04/2023,club_4f5d50bb,club_764f428a,1.0,2.0
2022_2023_289,2022_2023,08/04/2023,club_424e85c9,club_091d674e,0.0,1.0
2022_2023_290,2022_2023,08/04/2023,club_f371ef16,club_e2f1bb1e,0.0,1.0
2022_2023_291,2022_2023,08/04/2023,club_b905ca11,club_d2d89a85,2.0,1.0
2022_2023_292,2022_2023,08/04/2023,club_e74223a2,club_1f979dbb,1.0,0.0
2022_2023_293,2022_2023,08/04/2023,club_aabf7b31,club_b218207a,1.0,4.0
2022_2023_294,2022_2023,09/04/2023,club_68296972,club_81565bf5,1.0,5.0
2022_2023_295,2022_2023,09/04/2023,club_3bb25b7f,club_1e328148,2.0,2.0
2022_2023_296,2022_2023,15/04/2023,club_9d67c2fd,club_764f428a,3.0,0.0
2022_2023_297,2022_2023,15/04/2023,club_1f979dbb,club_d2d89a85,1.0,2.0
2022_2023_298,2022_2023,15/04/2023,club_7643b99d,club_424e85c9,1.0,3.0
2022_2023_299,2022_2023,15/04/2023,club_aabf7b31,club_81565bf5,0.0,2.0
2022_2023_300,2022_2023,15/04/2023,club_b905ca11,club_e2f1bb1e,2.0,3.0
2022_2023_301,2022_2023,15/04/2023,club_e74223a2,club_4f5d50bb,2.0,0.0
2022_2023_302,2022_2023,15/04/2023,club_b218207a,club_f371ef16,3.0,1.0
2022_2023_303,2022_2023,16/04/2023,club_091d674e,club_1e328148,2.0,2.0
2022_2023_304,2022_2023,16/04/2023,club_f61de81b,club_1c328863,0.0,2.0
2022_2023_305,2022_2023,17/04/2023,club_68296972,club_3bb25b7f,1.0,6.0
2022_2023_306,2022_2023,21/04/2023,club_1e328148,club_aabf7b31,3.0,3.0
2022_2023_307,2022_2023,22/04/2023,club_424e85c9,club_68296972,2.0,1.0
2022_2023_308,2022_2023,22/04/2023,club_4f5d50bb,club_9d67c2fd,1.0,1.0
2022_2023_309,2022_2023,22/04/2023,club_81565bf5,club_7643b99d,0.0,0.0
2022_2023_310,2022_2023,22/04/2023,club_f371ef16,club_e74223a2,2.0,1.0
2022_2023_311,2022_2023,22/04/2023,club_3bb25b7f,club_f61de81b,3.0,2.0
2022_2023_312,2022_2023,23/04/2023,club_e2f1bb1e,club_091d674e,0.0,4.0
2022_2023_313,2022_2023,23/04/2023,club_764f428a,club_b905ca11,6.0,1.0
2022_2023_314,2022_2023,25/04/2023,club_e74223a2,club_81565bf5,2.0,0.0
2022_2023_315,2022_2023,25/04/2023,club_9d67c2fd,club_424e85c9,1.0,0.0
2022_2023_316,2022_2023,25/04/2023,club_68296972,club_f371ef16,1.0,1.0
2022_2023_317,2022_2023,26/04/2023,club_f61de81b,club_d2d89a85,3.0,1.0
2022_2023_318,2022_2023,26/04/2023,club_1f979dbb,club_4f5d50bb,0.0,2.0
2022_2023_319,2022_2023,26/04/2023,club_091d674e,club_3bb25b7f,1.0,2.0
2022_2023_320,2022_2023,26/04/2023,club_b218207a,club_1e328148,4.0,1.0
2022_2023_321,2022_2023,27/04/2023,club_7643b99d,club_764f428a,1.0,4.0
2022_2023_322,2022_2023,27/04/2023,club_aabf7b31,club_e2f1bb1e,0.0,1.0
2022_2023_323,2022_2023,27/04/2023,club_b905ca11,club_1c328863,2.0,2.0
2022_2023_324,2022_2023,29/04/2023,club_81565bf5,club_091d674e,4.0,3.0
2022_2023_325,2022_2023,29/04/2023,club_4f5d50bb,club_f61de81b,2.0,1.0
2022_2023_326,2022_2023,29/04/2023,club_d2d89a85,club_e74223a2,6.0,0.0
2022_2023_327,2022_2023,30/04/2023,club_e2f1bb1e,club_68296972,4.0,1.0
2022_2023_328,2022_2023,30/04/2023,club_424e85c9,club_b218207a,1.0,2.0
2022_2023_329,2022_2023,30/04/2023,club_1c328863,club_9d67c2fd,1.0,0.0
2022_2023_330,2022_2023,30/04/2023,club_764f428a,club_aabf7b31,3.0,1.0
2022_2023_331,2022_2023,30/04/2023,club_3bb25b7f,club_b905ca11,4.0,3.0
2022_2023_332,2022_2023,01/05/2023,club_f371ef16,club_7643b99d,2.0,2.0
2022_2023_333,2022_2023,02/05/2023,club_1e328148,club_1f979dbb,3.0,1.0
2022_2023_334,2022_2023,03/05/2023,club_3bb25b7f,club_424e85c9,1.0,0.0
2022_2023_335,2022_2023,03/05/2023,club_b218207a,club_091d674e,3.0,0.0
2022_2023_336,2022_2023,04/05/2023,club_d2d89a85,club_1c328863,1.0,0.0
2022_2023_337,2022_2023,06/05/2023,club_e2f1bb1e,club_1f979dbb,1.0,3.0
2022_2023_338,2022_2023,06/05/2023,club_b218207a,club_68296972,2.0,1.0
2022_2023_339,2022_2023,06/05/2023,club_b905ca11,club_81565bf5,1.0,0.0
2022_2023_340,2022_2023,06/05/2023,club_e74223a2,club_9d67c2fd,1.0,0.0
2022_2023_341,2022_2023,06/05/2023,club_3bb25b7f,club_4f5d50bb,1.0,0.0
2022_2023_342,2022_2023,07/05/2023,club_764f428a,club_1e328148,0.0,2.0
2022_2023_343,2022_2023,07/05/2023,club_091d674e,club_1c328863,1.0,0.0
2022_2023_344,2022_2023,08/05/2023,club_424e85c9,club_f371ef16,5.0,3.0
2022_2023_345,2022_2023,08/05/2023,club_d2d89a85,club_7643b99d,1.0,5.0
2022_2023_346,2022_2023,08/05/2023,club_f61de81b,club_aabf7b31,4.0,3.0
2022_2023_347,2022_2023,13/05/2023,club_68296972,club_764f428a,2.0,2.0
2022_2023_348,2022_2023,13/05/2023,club_9d67c2fd,club_b905ca11,2.0,1.0
2022_2023_349,2022_2023,13/05/2023,club_1f979dbb,club_f61de81b,2.0,2.0
2022_2023_350,2022_2023,13/05/2023,club_81565bf5,club_e2f1bb1e,2.0,0.0
2022_2023_351,2022_2023,13/05/2023,club_1c328863,club_e74223a2,2.0,0.0
2022_2023_352,2022_2023,13/05/2023,club_aabf7b31,club_424e85c9,0.0,2.0
2022_2023_353,2022_2023,14/05/2023,club_4f5d50bb,club_091d674e,2.0,0.0
2022_2023_354,2022_2023,14/05/2023,club_7643b99d,club_b218207a,0.0,3.0
2022_2023_355,2022_2023,14/05/2023,club_1e328148,club_d2d89a85,0.0,3.0
2022_2023_356,2022_2023,15/05/2023,club_f371ef16,club_3bb25b7f,0.0,3.0
2022_2023_357,2022_2023,18/05/2023,club_764f428a,club_d2d89a85,4.0,1.0
2022_2023_358,2022_2023,20/05/2023,club_b905ca11,club_4f5d50bb,1.0,3.0
2022_2023_359,2022_2023,20/05/2023,club_e2f1bb1e,club_1c328863,0.0,1.0
2022_2023_360,2022_2023,20/05/2023,club_424e85c9,club_81565bf5,2.0,2.0
2022_2023_361,2022_2023,20/05/2023,club_3bb25b7f,club_9d67c2fd,1.0,1.0
2022_2023_362,2022_2023,20/05/2023,club_e74223a2,club_7643b99d,1.0,1.0
2022_2023_363,2022_2023,20/05/2023,club_f61de81b,club_1e328148,1.0,0.0
2022_2023_364,2022_2023,21/05/2023,club_091d674e,club_68296972,3.0,1.0
2022_2023_365,2022_2023,21/05/2023,club_d2d89a85,club_aabf7b31,3.0,1.0
2022_2023_366,2022_2023,21/05/2023,club_b218207a,club_1f979dbb,1.0,0.0
2022_2023_367,2022_2023,22/05/2023,club_764f428a,club_f371ef16,0.0,0.0
2022_2023_368,2022_2023,24/05/2023,club_d2d89a85,club_b218207a,1.0,1.0
2022_2023_369,2022_2023,25/05/2023,club_1c328863,club_1f979dbb,4.0,1.0
2022_2023_370,2022_2023,28/05/2023,club_1e328148,club_e74223a2,5.0,0.0
2022_2023_371,2022_2023,28/05/2023,club_9d67c2fd,club_d2d89a85,2.0,1.0
2022_2023_372,2022_2023,28/05/2023,club_4f5d50bb,club_b218207a,1.0,0.0
2022_2023_373,2022_2023,28/05/2023,club_1f979dbb,club_764f428a,1.0,1.0
2022_2023_374,2022_2023,28/05/2023,club_81565bf5,club_f61de81b,1.0,1.0
2022_2023_375,2022_2023,28/05/2023,club_7643b99d,club_e2f1bb1e,1.0,0.0
2022_2023_376,2022_2023,28/05/2023,club_68296972,club_b905ca11,1.0,4.0
2022_2023_377,2022_2023,28/05/2023,club_f371ef16,club_091d674e,2.0,1.0
2022_2023_378,2022_2023,28/05/2023,club_1c328863,club_424e85c9,2.0,1.0
2022_2023_379,2022_2023,28/05/2023,club_aabf7b31,club_3bb25b7f,4.0,4.0
2023_2024_0,2023_2024,11/08/2023,club_eb6e74d9,club_b218207a,0.0,3.0
2023_2024_1,2023_2024,12/08/2023,club_1e328148,club_f61de81b,2.0,1.0
2023_2024_2,2023_2024,12/08/2023,club_e2f1bb1e,club_091d674e,1.0,1.0
2023_2024_3,2023_2024,12/08/2023,club_d2d89a85,club_57859e4d,4.0,1.0
2023_2024_4,2023_2024,12/08/2023,club_7643b99d,club_424e85c9,0.0,1.0
2023_2024_5,2023_2024,12/08/2023,club_6b195a60,club_81565bf5,0.0,1.0
2023_2024_6,2023_2024,12/08/2023,club_764f428a,club_9d67c2fd,5.0,1.0
2023_2024_7,2023_2024,13/08/2023,club_4f5d50bb,club_b905ca11,2.0,2.0
2023_2024_8,2023_2024,13/08/2023,club_1f979dbb,club_3bb25b7f,1.0,1.0
2023_2024_9,2023_2024,14/08/2023,club_1c328863,club_e74223a2,1.0,0.0
2023_2024_10,2023_2024,18/08/2023,club_f61de81b,club_6b195a60,2.0,1.0
2023_2024_11,2023_2024,19/08/2023,club_424e85c9,club_4f5d50bb,0.0,3.0
2023_2024_12,2023_2024,19/08/2023,club_3bb25b7f,club_e2f1bb1e,3.0,1.0
2023_2024_13,2023_2024,19/08/2023,club_e74223a2,club_d2d89a85,1.0,4.0
2023_2024_14,2023_2024,19/08/2023,club_b905ca11,club_1c328863,2.0,0.0
2023_2024_15,2023_2024,19/08/2023,club_b218207a,club_764f428a,1.0,0.0
2023_2024_16,2023_2024,20/08/2023,club_9d67c2fd,club_7643b99d,4.0,0.0
2023_2024_17,2023_2024,20/08/2023,club_091d674e,club_1f979dbb,3.0,1.0
2023_2024_18,2023_2024,21/08/2023,club_81565bf5,club_1e328148,0.0,1.0
2023_2024_19,2023_2024,25/08/2023,club_1f979dbb,club_57859e4d,3.0,0.0
2023_2024_20,2023_2024,26/08/2023,club_e2f1bb1e,club_b905ca11,0.0,2.0
2023_2024_21,2023_2024,26/08/2023,club_1e328148,club_424e85c9,2.0,2.0
2023_2024_22,2023_2024,26/08/2023,club_4f5d50bb,club_81565bf5,1.0,1.0
2023_2024_23,2023_2024,26/08/2023,club_7643b99d,club_e74223a2,0.0,1.0
2023_2024_24,2023_2024,26/08/2023,club_1c328863,club_f61de81b,3.0,2.0
2023_2024_25,2023_2024,26/08/2023,club_d2d89a85,club_091d674e,1.0,3.0
2023_2024_26,2023_2024,27/08/2023,club_eb6e74d9,club_9d67c2fd,1.0,3.0
2023_2024_27,2023_2024,27/08/2023,club_6b195a60,club_b218207a,1.0,2.0
2023_2024_28,2023_2024,27/08/2023,club_764f428a,club_3bb25b7f,1.0,2.0
2023_2024_29,2023_2024,01/09/2023,club_57859e4d,club_091d674e,1.0,2.0
2023_2024_30,2023_2024,02/09/2023,club_6b195a60,club_7643b99d,2.0,2.0
2023_2024_31,2023_2024,02/09/2023,club_4f5d50bb,club_e2f1bb1e,2.0,2.0
2023_2024_32,2023_2024,02/09/2023,club_eb6e74d9,club_b905ca11,2.0,5.0
2023_2024_33,2023_2024,02/09/2023,club_1f979dbb,club_f61de81b,0.0,1.0
2023_2024_34,2023_2024,02/09/2023,club_b218207a,club_424e85c9,5.0,1.0
2023_2024_35,2023_2024,02/09/2023,club_d2d89a85,club_764f428a,3.0,1.0
2023_2024_36,2023_2024,03/09/2023,club_81565bf5,club_e74223a2,3.0,2.0
2023_2024_37,2023_2024,03/09/2023,club_3bb25b7f,club_9d67c2fd,3.0,0.0
2023_2024_38,2023_2024,03/09/2023,club_1e328148,club_1c328863,3.0,1.0
2023_2024_39,2023_2024,16/09/2023,club_e74223a2,club_3bb25b7f,1.0,3.0
2023_2024_40,2023_2024,16/09/2023,club_9d67c2fd,club_81565bf5,3.0,1.0
2023_2024_41,2023_2024,16/09/2023,club_424e85c9,club_57859e4d,1.0,0.0
2023_2024_42,2023_2024,16/09/2023,club_1c328863,club_d2d89a85,1.0,3.0
2023_2024_43,2023_2024,16/09/2023,club_b905ca11,club_6b195a60,2.0,1.0
2023_2024_44,2023_2024,16/09/2023,club_091d674e,club_b218207a,1.0,3.0
2023_2024_45,2023_2024,16/09/2023,club_764f428a,club_4f5d50bb,1.0,0.0
2023_2024_46,2023_2024,17/09/2023,club_e2f1bb1e,club_1f979dbb,0.0,0.0
2023_2024_47,2023_2024,17/09/2023,club_7643b99d,club_1e328148,0.0,1.0
2023_2024_48,2023_2024,18/09/2023,club_f61de81b,club_eb6e74d9,1.0,1.0
2023_2024_49,2023_2024,23/09/2023,club_81565bf5,club_424e85c9,0.0,0.0
2023_2024_50,2023_2024,23/09/2023,club_57859e4d,club_e74223a2,1.0,1.0
2023_2024_51,2023_2024,23/09/2023,club_b218207a,club_f61de81b,2.0,0.0
2023_2024_52,2023_2024,23/09/2023,club_4f5d50bb,club_7643b99d,1.0,3.0
2023_2024_53,2023_2024,23/09/2023,club_eb6e74d9,club_1c328863,0.0,1.0
2023_2024_54,2023_2024,24/09/2023,club_1e328148,club_b905ca11,2.0,2.0
2023_2024_55,2023_2024,24/09/2023,club_d2d89a85,club_e2f1bb1e,3.0,1.0
2023_2024_56,2023_2024,24/09/2023,club_1f979dbb,club_9d67c2fd,0.0,1.0
2023_2024_57,2023_2024,24/09/2023,club_3bb25b7f,club_091d674e,3.0,1.0
2023_2024_58,2023_2024,24/09/2023,club_6b195a60,club_764f428a,0.0,8.0
2023_2024_59,2023_2024,30/09/2023,club_9d67c2fd,club_d2d89a85,6.0,1.0
2023_2024_60,2023_2024,30/09/2023,club_e2f1bb1e,club_1e328148,0.0,4.0
2023_2024_61,2023_2024,30/09/2023,club_7643b99d,club_57859e4d,1.0,2.0
2023_2024_62,2023_2024,30/09/2023,club_1c328863,club_81565bf5,0.0,1.0
2023_2024_63,2023_2024,30/09/2023,club_764f428a,club_eb6e74d9,2.0,0.0
2023_2024_64,2023_2024,30/09/2023,club_091d674e,club_6b195a60,2.0,0.0
2023_2024_65,2023_2024,30/09/2023,club_e74223a2,club_b218207a,2.0,1.0
2023_2024_66,2023_2024,30/09/2023,club_b905ca11,club_3bb25b7f,2.0,1.0
2023_2024_67,2023_2024,01/10/2023,club_f61de81b,club_4f5d50bb,1.0,1.0
2023_2024_68,2023_2024,02/10/2023,club_424e85c9,club_1f979dbb,0.0,2.0
2023_2024_69,2023_2024,03/10/2023,club_57859e4d,club_eb6e74d9,1.0,2.0
2023_2024_70,2023_2024,07/10/2023,club_57859e4d,club_b905ca11,0.0,1.0
2023_2024_71,2023_2024,07/10/2023,club_eb6e74d9,club_1f979dbb,1.0,4.0
2023_2024_72,2023_2024,07/10/2023,club_7643b99d,club_e2f1bb1e,3.0,0.0
2023_2024_73,2023_2024,07/10/2023,club_424e85c9,club_6b195a60,3.0,1.0
2023_2024_74,2023_2024,07/10/2023,club_1c328863,club_4f5d50bb,2.0,1.0
2023_2024_75,2023_2024,07/10/2023,club_81565bf5,club_f61de81b,0.0,0.0
2023_2024_76,2023_2024,08/10/2023,club_d2d89a85,club_3bb25b7f,2.0,2.0
2023_2024_77,2023_2024,08/10/2023,club_091d674e,club_764f428a,2.0,2.0
2023_2024_78,2023_2024,08/10/2023,club_e74223a2,club_9d67c2fd,1.0,1.0
2023_2024_79,2023_2024,08/10/2023,club_1e328148,club_b218207a,1.0,0.0
2023_2024_80,2023_2024,21/10/2023,club_3bb25b7f,club_7643b99d,2.0,0.0
2023_2024_81,2023_2024,21/10/2023,club_e2f1bb1e,club_e74223a2,1.0,2.0
2023_2024_82,2023_2024,21/10/2023,club_4f5d50bb,club_eb6e74d9,3.0,0.0
2023_2024_83,2023_2024,21/10/2023,club_b218207a,club_d2d89a85,2.0,1.0
2023_2024_84,2023_2024,21/10/2023,club_764f428a,club_81565bf5,4.0,0.0
2023_2024_85,2023_2024,21/10/2023,club_f61de81b,club_57859e4d,2.0,2.0
2023_2024_86,2023_2024,21/10/2023,club_1f979dbb,club_1e328148,2.0,2.0
2023_2024_87,2023_2024,21/10/2023,club_6b195a60,club_1c328863,1.0,2.0
2023_2024_88,2023_2024,22/10/2023,club_9d67c2fd,club_091d674e,4.0,1.0
2023_2024_89,2023_2024,23/10/2023,club_b905ca11,club_424e85c9,2.0,0.0
2023_2024_90,2023_2024,27/10/2023,club_81565bf5,club_b905ca11,1.0,2.0
2023_2024_91,2023_2024,28/10/2023,club_1f979dbb,club_4f5d50bb,0.0,2.0
2023_2024_92,2023_2024,28/10/2023,club_1e328148,club_6b195a60,5.0,0.0
2023_2024_93,2023_2024,28/10/2023,club_e2f1bb1e,club_eb6e74d9,2.0,1.0
2023_2024_94,2023_2024,28/10/2023,club_e74223a2,club_764f428a,2.0,2.0
2023_2024_95,2023_2024,29/10/2023,club_091d674e,club_7643b99d,0.0,1.0
2023_2024_96,2023_2024,29/10/2023,club_9d67c2fd,club_57859e4d,3.0,1.0
2023_2024_97,2023_2024,29/10/2023,club_d2d89a85,club_424e85c9,1.0,1.0
2023_2024_98,2023_2024,29/10/2023,club_3bb25b7f,club_f61de81b,3.0,0.0
2023_2024_99,2023_2024,29/10/2023,club_1c328863,club_b218207a,0.0,3.0
2023_2024_100,2023_2024,04/11/2023,club_424e85c9,club_1c328863,0.0,1.0
2023_2024_101,2023_2024,04/11/2023,club_4f5d50bb,club_091d674e,3.0,2.0
2023_2024_102,2023_2024,04/11/2023,club_eb6e74d9,club_81565bf5,0.0,2.0
2023_2024_103,2023_2024,04/11/2023,club_7643b99d,club_d2d89a85,1.0,1.0
2023_2024_104,2023_2024,04/11/2023,club_b218207a,club_e2f1bb1e,6.0,1.0
2023_2024_105,2023_2024,04/11/2023,club_6b195a60,club_e74223a2,2.0,1.0
2023_2024_106,2023_2024,04/11/2023,club_764f428a,club_1e328148,1.0,0.0
2023_2024_107,2023_2024,05/11/2023,club_f61de81b,club_9d67c2fd,2.0,0.0
2023_2024_108,2023_2024,05/11/2023,club_57859e4d,club_3bb25b7f,1.0,1.0
2023_2024_109,2023_2024,06/11/2023,club_b905ca11,club_1f979dbb,1.0,4.0
2023_2024_110,2023_2024,11/11/2023,club_e74223a2,club_b905ca11,2.0,1.0
2023_2024_111,2023_2024,11/11/2023,club_1e328148,club_eb6e74d9,3.0,1.0
2023_2024_112,2023_2024,11/11/2023,club_81565bf5,club_7643b99d,2.0,3.0
2023_2024_113,2023_2024,11/11/2023,club_1c328863,club_57859e4d,1.0,0.0
2023_2024_114,2023_2024,11/11/2023,club_e2f1bb1e,club_764f428a,2.0,0.0
2023_2024_115,2023_2024,12/11/2023,club_9d67c2fd,club_424e85c9,3.0,1.0
2023_2024_116,2023_2024,12/11/2023,club_d2d89a85,club_6b195a60,1.0,1.0
2023_2024_117,2023_2024,12/11/2023,club_3bb25b7f,club_4f5d50bb,3.0,0.0
2023_2024_118,2023_2024,12/11/2023,club_091d674e,club_f61de81b,3.0,2.0
2023_2024_119,2023_2024,12/11/2023,club_1f979dbb,club_b218207a,4.0,4.0
2023_2024_120,2023_2024,25/11/2023,club_b218207a,club_3bb25b7f,1.0,1.0
2023_2024_121,2023_2024,25/11/2023,club_eb6e74d9,club_091d674e,1.0,2.0
2023_2024_122,2023_2024,25/11/2023,club_57859e4d,club_81565bf5,2.0,1.0
2023_2024_123,2023_2024,25/11/2023,club_764f428a,club_1f979dbb,4.0,1.0
2023_2024_124,2023_2024,25/11/2023,club_f61de81b,club_d2d89a85,2.0,3.0
2023_2024_125,2023_2024,25/11/2023,club_6b195a60,club_e2f1bb1e,1.0,3.0
2023_2024_126,2023_2024,25/11/2023,club_4f5d50bb,club_1e328148,0.0,1.0
2023_2024_127,2023_2024,26/11/2023,club_b905ca11,club_9d67c2fd,1.0,2.0
2023_2024_128,2023_2024,26/11/2023,club_7643b99d,club_1c328863,0.0,3.0
2023_2024_129,2023_2024,27/11/2023,club_424e85c9,club_e74223a2,3.0,2.0
2023_2024_130,2023_2024,02/12/2023,club_1e328148,club_e74223a2,2.0,1.0
2023_2024_131,2023_2024,02/12/2023,club_4f5d50bb,club_57859e4d,3.0,1.0
2023_2024_132,2023_2024,02/12/2023,club_eb6e74d9,club_6b195a60,5.0,0.0
2023_2024_133,2023_2024,02/12/2023,club_f61de81b,club_7643b99d,0.0,1.0
2023_2024_134,2023_2024,02/12/2023,club_764f428a,club_1c328863,1.0,0.0
2023_2024_135,2023_2024,03/12/2023,club_e2f1bb1e,club_9d67c2fd,2.0,2.0
2023_2024_136,2023_2024,03/12/2023,club_1f979dbb,club_d2d89a85,3.0,2.0
2023_2024_137,2023_2024,03/12/2023,club_3bb25b7f,club_424e85c9,4.0,3.0
2023_2024_138,2023_2024,03/12/2023,club_091d674e,club_81565bf5,1.0,1.0
2023_2024_139,2023_2024,03/12/2023,club_b218207a,club_b905ca11,3.0,3.0
2023_2024_140,2023_2024,05/12/2023,club_e74223a2,club_eb6e74d9,1.0,0.0
2023_2024_141,2023_2024,05/12/2023,club_57859e4d,club_1e328148,3.0,4.0
2023_2024_142,2023_2024,06/12/2023,club_d2d89a85,club_4f5d50bb,2.0,1.0
2023_2024_143,2023_2024,06/12/2023,club_81565bf5,club_e2f1bb1e,0.0,2.0
2023_2024_144,2023_2024,06/12/2023,club_424e85c9,club_f61de81b,5.0,0.0
2023_2024_145,2023_2024,06/12/2023,club_6b195a60,club_3bb25b7f,0.0,2.0
2023_2024_146,2023_2024,06/12/2023,club_9d67c2fd,club_b218207a,1.0,0.0
2023_2024_147,2023_2024,06/12/2023,club_1c328863,club_1f979dbb,2.0,1.0
2023_2024_148,2023_2024,07/12/2023,club_7643b99d,club_764f428a,3.0,0.0
2023_2024_149,2023_2024,07/12/2023,club_b905ca11,club_091d674e,1.0,2.0
2023_2024_150,2023_2024,09/12/2023,club_81565bf5,club_3bb25b7f,1.0,2.0
2023_2024_151,2023_2024,09/12/2023,club_d2d89a85,club_eb6e74d9,1.0,1.0
2023_2024_152,2023_2024,09/12/2023,club_1c328863,club_e2f1bb1e,0.0,3.0
2023_2024_153,2023_2024,09/12/2023,club_6b195a60,club_4f5d50bb,1.0,0.0
2023_2024_154,2023_2024,09/12/2023,club_e74223a2,club_f61de81b,1.0,1.0
2023_2024_155,2023_2024,09/12/2023,club_9d67c2fd,club_1e328148,1.0,0.0
2023_2024_156,2023_2024,10/12/2023,club_7643b99d,club_1f979dbb,2.0,0.0
2023_2024_157,2023_2024,10/12/2023,club_424e85c9,club_091d674e,5.0,0.0
2023_2024_158,2023_2024,10/12/2023,club_57859e4d,club_b218207a,1.0,2.0
2023_2024_159,2023_2024,10/12/2023,club_b905ca11,club_764f428a,4.0,1.0
2023_2024_160,2023_2024,15/12/2023,club_f61de81b,club_b905ca11,0.0,2.0
2023_2024_161,2023_2024,16/12/2023,club_1f979dbb,club_6b195a60,2.0,0.0
2023_2024_162,2023_2024,16/12/2023,club_b218207a,club_81565bf5,2.0,2.0
2023_2024_163,2023_2024,16/12/2023,club_764f428a,club_424e85c9,3.0,0.0
2023_2024_164,2023_2024,16/12/2023,club_eb6e74d9,club_7643b99d,0.0,2.0
2023_2024_165,2023_2024,17/12/2023,club_1e328148,club_d2d89a85,2.0,0.0
2023_2024_166,2023_2024,17/12/2023,club_4f5d50bb,club_9d67c2fd,1.0,2.0
2023_2024_167,2023_2024,17/12/2023,club_091d674e,club_e74223a2,3.0,0.0
2023_2024_168,2023_2024,17/12/2023,club_3bb25b7f,club_1c328863,0.0,0.0
2023_2024_169,2023_2024,21/12/2023,club_81565bf5,club_d2d89a85,1.0,1.0
2023_2024_170,2023_2024,22/12/2023,club_9d67c2fd,club_6b195a60,1.0,1.0
2023_2024_171,2023_2024,23/12/2023,club_091d674e,club_1c328863,2.0,0.0
2023_2024_172,2023_2024,23/12/2023,club_424e85c9,club_eb6e74d9,0.0,2.0
2023_2024_173,2023_2024,23/12/2023,club_57859e4d,club_764f428a,1.0,0.0
2023_2024_174,2023_2024,23/12/2023,club_f61de81b,club_e2f1bb1e,2.0,3.0
2023_2024_175,2023_2024,23/12/2023,club_b905ca11,club_7643b99d,2.0,1.0
2023_2024_176,2023_2024,23/12/2023,club_3bb25b7f,club_1e328148,1.0,1.0
2023_2024_177,2023_2024,24/12/2023,club_e74223a2,club_1f979dbb,2.0,1.0
2023_2024_178,2023_2024,26/12/2023,club_764f428a,club_f61de81b,1.0,3.0
2023_2024_179,2023_2024,26/12/2023,club_e2f1bb1e,club_424e85c9,3.0,0.0
2023_2024_180,2023_2024,26/12/2023,club_6b195a60,club_57859e4d,2.0,3.0
2023_2024_181,2023_2024,26/12/2023,club_eb6e74d9,club_3bb25b7f,0.0,2.0
2023_2024_182,2023_2024,26/12/2023,club_1c328863,club_9d67c2fd,3.0,2.0
2023_2024_183,2023_2024,27/12/2023,club_4f5d50bb,club_e74223a2,1.0,4.0
2023_2024_184,2023_2024,27/12/2023,club_1f979dbb,club_81565bf5,2.0,1.0
2023_2024_185,2023_2024,27/12/2023,club_7643b99d,club_b218207a,1.0,3.0
2023_2024_186,2023_2024,28/12/2023,club_d2d89a85,club_b905ca11,4.0,2.0
2023_2024_187,2023_2024,28/12/2023,club_1e328148,club_091d674e,0.0,2.0
2023_2024_188,2023_2024,30/12/2023,club_57859e4d,club_1f979dbb,2.0,3.0
2023_2024_189,2023_2024,30/12/2023,club_9d67c2fd,club_eb6e74d9,3.0,2.0
2023_2024_190,2023_2024,30/12/2023,club_81565bf5,club_4f5d50bb,3.0,1.0
2023_2024_191,2023_2024,30/12/2023,club_b218207a,club_6b195a60,2.0,0.0
2023_2024_192,2023_2024,30/12/2023,club_e74223a2,club_7643b99d,3.0,0.0
2023_2024_193,2023_2024,30/12/2023,club_f61de81b,club_1c328863,2.0,1.0
2023_2024_194,2023_2024,31/12/2023,club_424e85c9,club_1e328148,2.0,1.0
2023_2024_195,2023_2024,31/12/2023,club_b905ca11,club_e2f1bb1e,3.0,1.0
2023_2024_196,2023_2024,01/01/2024,club_3bb25b7f,club_764f428a,4.0,2.0
2023_2024_197,2023_2024,02/01/2024,club_091d674e,club_d2d89a85,0.0,0.0
2023_2024_198,2023_2024,12/01/2024,club_eb6e74d9,club_57859e4d,1.0,1.0
2023_2024_199,2023_2024,13/01/2024,club_1f979dbb,club_424e85c9,1.0,0.0
2023_2024_200,2023_2024,13/01/2024,club_764f428a,club_b218207a,2.0,3.0
2023_2024_201,2023_2024,14/01/2024,club_7643b99d,club_9d67c2fd,0.0,0.0
2023_2024_202,2023_2024,14/01/2024,club_1c328863,club_b905ca11,2.0,2.0
2023_2024_203,2023_2024,20/01/2024,club_1e328148,club_81565bf5,5.0,0.0
2023_2024_204,2023_2024,20/01/2024,club_4f5d50bb,club_f61de81b,3.0,2.0
2023_2024_205,2023_2024,21/01/2024,club_6b195a60,club_091d674e,2.0,2.0
2023_2024_206,2023_2024,21/01/2024,club_e2f1bb1e,club_3bb25b7f,0.0,4.0
2023_2024_207,2023_2024,22/01/2024,club_d2d89a85,club_e74223a2,0.0,0.0
2023_2024_208,2023_2024,30/01/2024,club_f61de81b,club_1e328148,1.0,2.0
2023_2024_209,2023_2024,30/01/2024,club_424e85c9,club_7643b99d,0.0,0.0
2023_2024_210,2023_2024,30/01/2024,club_57859e4d,club_d2d89a85,4.0,0.0
2023_2024_211,2023_2024,30/01/2024,club_81565bf5,club_6b195a60,3.0,2.0
2023_2024_212,2023_2024,30/01/2024,club_9d67c2fd,club_764f428a,1.0,3.0
2023_2024_213,2023_2024,31/01/2024,club_b218207a,club_eb6e74d9,3.0,1.0
2023_2024_214,2023_2024,31/01/2024,club_b905ca11,club_4f5d50bb,3.0,2.0
2023_2024_215,2023_2024,31/01/2024,club_3bb25b7f,club_1f979dbb,4.0,1.0
2023_2024_216,2023_2024,01/02/2024,club_091d674e,club_e2f1bb1e,1.0,1.0
2023_2024_217,2023_2024,01/02/2024,club_e74223a2,club_1c328863,3.0,4.0
2023_2024_218,2023_2024,03/02/2024,club_7643b99d,club_b905ca11,2.0,2.0
2023_2024_219,2023_2024,03/02/2024,club_d2d89a85,club_81565bf5,4.0,1.0
2023_2024_220,2023_2024,03/02/2024,club_eb6e74d9,club_424e85c9,2.0,2.0
2023_2024_221,2023_2024,03/02/2024,club_764f428a,club_57859e4d,4.0,4.0
2023_2024_222,2023_2024,03/02/2024,club_6b195a60,club_9d67c2fd,0.0,5.0
2023_2024_223,2023_2024,04/02/2024,club_e2f1bb1e,club_f61de81b,1.0,1.0
2023_2024_224,2023_2024,04/02/2024,club_1f979dbb,club_e74223a2,2.0,4.0
2023_2024_225,2023_2024,04/02/2024,club_1c328863,club_091d674e,3.0,0.0
2023_2024_226,2023_2024,04/02/2024,club_1e328148,club_3bb25b7f,3.0,1.0
2023_2024_227,2023_2024,05/02/2024,club_4f5d50bb,club_b218207a,1.0,3.0
2023_2024_228,2023_2024,10/02/2024,club_b218207a,club_7643b99d,2.0,0.0
2023_2024_229,2023_2024,10/02/2024,club_424e85c9,club_e2f1bb1e,3.0,1.0
2023_2024_230,2023_2024,10/02/2024,club_3bb25b7f,club_eb6e74d9,3.0,1.0
2023_2024_231,2023_2024,10/02/2024,club_57859e4d,club_6b195a60,1.0,3.0
2023_2024_232,2023_2024,10/02/2024,club_b905ca11,club_d2d89a85,2.0,1.0
2023_2024_233,2023_2024,10/02/2024,club_e74223a2,club_4f5d50bb,0.0,2.0
2023_2024_234,2023_2024,10/02/2024,club_f61de81b,club_764f428a,2.0,3.0
2023_2024_235,2023_2024,11/02/2024,club_091d674e,club_1e328148,0.0,6.0
2023_2024_236,2023_2024,11/02/2024,club_9d67c2fd,club_1c328863,1.0,2.0
2023_2024_237,2023_2024,12/02/2024,club_81565bf5,club_1f979dbb,1.0,3.0
2023_2024_238,2023_2024,17/02/2024,club_4f5d50bb,club_3bb25b7f,1.0,4.0
2023_2024_239,2023_2024,17/02/2024,club_eb6e74d9,club_1e328148,0.0,5.0
2023_2024_240,2023_2024,17/02/2024,club_424e85c9,club_9d67c2fd,1.0,2.0
2023_2024_241,2023_2024,17/02/2024,club_764f428a,club_e2f1bb1e,2.0,2.0
2023_2024_242,2023_2024,17/02/2024,club_f61de81b,club_091d674e,2.0,0.0
2023_2024_243,2023_2024,17/02/2024,club_b905ca11,club_e74223a2,1.0,2.0
2023_2024_244,2023_2024,17/02/2024,club_b218207a,club_1f979dbb,1.0,1.0
2023_2024_245,2023_2024,18/02/2024,club_6b195a60,club_d2d89a85,0.0,5.0
2023_2024_246,2023_2024,18/02/2024,club_57859e4d,club_1c328863,1.0,2.0
2023_2024_247,2023_2024,19/02/2024,club_7643b99d,club_81565bf5,1.0,1.0
2023_2024_248,2023_2024,20/02/2024,club_b218207a,club_4f5d50bb,1.0,0.0
2023_2024_249,2023_2024,21/02/2024,club_3bb25b7f,club_57859e4d,4.0,1.0
2023_2024_250,2023_2024,24/02/2024,club_9d67c2fd,club_f61de81b,4.0,2.0
2023_2024_251,2023_2024,24/02/2024,club_d2d89a85,club_7643b99d,1.0,1.0
2023_2024_252,2023_2024,24/02/2024,club_81565bf5,club_eb6e74d9,3.0,0.0
2023_2024_253,2023_2024,24/02/2024,club_1c328863,club_424e85c9,1.0,2.0
2023_2024_254,2023_2024,24/02/2024,club_e2f1bb1e,club_b218207a,0.0,1.0
2023_2024_255,2023_2024,24/02/2024,club_1e328148,club_764f428a,4.0,1.0
2023_2024_256,2023_2024,25/02/2024,club_e74223a2,club_6b195a60,1.0,0.0
2023_2024_257,2023_2024,26/02/2024,club_091d674e,club_4f5d50bb,4.0,2.0
2023_2024_258,2023_2024,02/03/2024,club_4f5d50bb,club_1f979dbb,2.0,2.0
2023_2024_259,2023_2024,02/03/2024,club_7643b99d,club_091d674e,1.0,3.0
2023_2024_260,2023_2024,02/03/2024,club_424e85c9,club_d2d89a85,3.0,0.0
2023_2024_261,2023_2024,02/03/2024,club_764f428a,club_e74223a2,3.0,0.0
2023_2024_262,2023_2024,02/03/2024,club_f61de81b,club_3bb25b7f,0.0,1.0
2023_2024_263,2023_2024,02/03/2024,club_b905ca11,club_81565bf5,3.0,1.0
2023_2024_264,2023_2024,02/03/2024,club_57859e4d,club_9d67c2fd,2.0,3.0
2023_2024_265,2023_2024,03/03/2024,club_eb6e74d9,club_e2f1bb1e,0.0,2.0
2023_2024_266,2023_2024,03/03/2024,club_b218207a,club_1c328863,3.0,1.0
2023_2024_267,2023_2024,04/03/2024,club_6b195a60,club_1e328148,0.0,6.0
2023_2024_268,2023_2024,09/03/2024,club_1c328863,club_7643b99d,2.0,0.0
2023_2024_269,2023_2024,09/03/2024,club_e2f1bb1e,club_6b195a60,2.0,2.0
2023_2024_270,2023_2024,09/03/2024,club_81565bf5,club_57859e4d,1.0,1.0
2023_2024_271,2023_2024,09/03/2024,club_e74223a2,club_424e85c9,2.0,1.0
2023_2024_272,2023_2024,09/03/2024,club_1e328148,club_4f5d50bb,2.0,1.0
2023_2024_273,2023_2024,10/03/2024,club_9d67c2fd,club_b905ca11,0.0,4.0
2023_2024_274,2023_2024,10/03/2024,club_d2d89a85,club_f61de81b,1.0,0.0
2023_2024_275,2023_2024,10/03/2024,club_091d674e,club_eb6e74d9,2.0,2.0
2023_2024_276,2023_2024,10/03/2024,club_3bb25b7f,club_b218207a,1.0,1.0
2023_2024_277,2023_2024,11/03/2024,club_1f979dbb,club_764f428a,3.0,2.0
2023_2024_278,2023_2024,13/03/2024,club_e2f1bb1e,club_57859e4d,4.0,3.0
2023_2024_279,2023_2024,16/03/2024,club_eb6e74d9,club_4f5d50bb,2.0,1.0
2023_2024_280,2023_2024,16/03/2024,club_57859e4d,club_f61de81b,1.0,1.0
2023_2024_281,2023_2024,16/03/2024,club_424e85c9,club_b905ca11,3.0,0.0
2023_2024_282,2023_2024,17/03/2024,club_091d674e,club_9d67c2fd,1.0,1.0
2023_2024_283,2023_2024,30/03/2024,club_764f428a,club_091d674e,4.0,3.0
2023_2024_284,2023_2024,30/03/2024,club_e2f1bb1e,club_7643b99d,2.0,1.0
2023_2024_285,2023_2024,30/03/2024,club_1f979dbb,club_eb6e74d9,2.0,2.0
2023_2024_286,2023_2024,30/03/2024,club_f61de81b,club_81565bf5,1.0,1.0
2023_2024_287,2023_2024,30/03/2024,club_6b195a60,club_424e85c9,3.0,3.0
2023_2024_288,2023_2024,30/03/2024,club_b905ca11,club_57859e4d,2.0,1.0
2023_2024_289,2023_2024,30/03/2024,club_9d67c2fd,club_e74223a2,2.0,0.0
2023_2024_290,2023_2024,30/03/2024,club_4f5d50bb,club_1c328863,1.0,1.0
2023_2024_291,2023_2024,31/03/2024,club_3bb25b7f,club_d2d89a85,2.0,1.0
2023_2024_292,2023_2024,31/03/2024,club_b218207a,club_1e328148,0.0,0.0
2023_2024_293,2023_2024,02/04/2024,club_764f428a,club_7643b99d,1.0,1.0
2023_2024_294,2023_2024,02/04/2024,club_f61de81b,club_424e85c9,3.0,1.0
2023_2024_295,2023_2024,02/04/2024,club_e2f1bb1e,club_81565bf5,1.0,0.0
2023_2024_296,2023_2024,02/04/2024,club_eb6e74d9,club_e74223a2,1.0,1.0
2023_2024_297,2023_2024,02/04/2024,club_091d674e,club_b905ca11,1.0,1.0
2023_2024_298,2023_2024,03/04/2024,club_1e328148,club_57859e4d,2.0,0.0
2023_2024_299,2023_2024,03/04/2024,club_4f5d50bb,club_d2d89a85,0.0,0.0
2023_2024_300,2023_2024,03/04/2024,club_b218207a,club_9d67c2fd,4.0,1.0
2023_2024_301,2023_2024,04/04/2024,club_3bb25b7f,club_6b195a60,3.0,1.0
2023_2024_302,2023_2024,04/04/2024,club_1f979dbb,club_1c328863,4.0,3.0
2023_2024_303,2023_2024,06/04/2024,club_81565bf5,club_b218207a,2.0,4.0
2023_2024_304,2023_2024,06/04/2024,club_9d67c2fd,club_4f5d50bb,3.0,3.0
2023_2024_305,2023_2024,06/04/2024,club_7643b99d,club_eb6e74d9,1.0,0.0
2023_2024_306,2023_2024,06/04/2024,club_424e85c9,club_764f428a,0.0,1.0
2023_2024_307,2023_2024,06/04/2024,club_57859e4d,club_e2f1bb1e,2.0,1.0
2023_2024_308,2023_2024,06/04/2024,club_e74223a2,club_091d674e,1.0,2.0
2023_2024_309,2023_2024,06/04/2024,club_d2d89a85,club_1e328148,0.0,3.0
2023_2024_310,2023_2024,07/04/2024,club_1c328863,club_3bb25b7f,2.0,2.0
2023_2024_311,2023_2024,07/04/2024,club_6b195a60,club_1f979dbb,2.0,2.0
2023_2024_312,2023_2024,07/04/2024,club_b905ca11,club_f61de81b,3.0,1.0
2023_2024_313,2023_2024,13/04/2024,club_764f428a,club_b905ca11,4.0,0.0
2023_2024_314,2023_2024,13/04/2024,club_4f5d50bb,club_6b195a60,2.0,0.0
2023_2024_315,2023_2024,13/04/2024,club_eb6e74d9,club_d2d89a85,1.0,1.0
2023_2024_316,2023_2024,13/04/2024,club_b218207a,club_57859e4d,5.0,1.0
2023_2024_317,2023_2024,13/04/2024,club_f61de81b,club_e74223a2,2.0,2.0
2023_2024_318,2023_2024,13/04/2024,club_e2f1bb1e,club_1c328863,2.0,2.0
2023_2024_319,2023_2024,14/04/2024,club_3bb25b7f,club_81565bf5,0.0,1.0
2023_2024_320,2023_2024,14/04/2024,club_091d674e,club_424e85c9,0.0,2.0
2023_2024_321,2023_2024,14/04/2024,club_1e328148,club_9d67c2fd,0.0,2.0
2023_2024_322,2023_2024,15/04/2024,club_1f979dbb,club_7643b99d,6.0,0.0
2023_2024_323,2023_2024,20/04/2024,club_57859e4d,club_4f5d50bb,1.0,5.0
2023_2024_324,2023_2024,20/04/2024,club_6b195a60,club_eb6e74d9,1.0,4.0
2023_2024_325,2023_2024,20/04/2024,club_e74223a2,club_1e328148,0.0,2.0
2023_2024_326,2023_2024,21/04/2024,club_7643b99d,club_f61de81b,2.0,0.0
2023_2024_327,2023_2024,21/04/2024,club_9d67c2fd,club_e2f1bb1e,3.0,1.0
2023_2024_328,2023_2024,21/04/2024,club_81565bf5,club_091d674e,5.0,2.0
2023_2024_329,2023_2024,21/04/2024,club_424e85c9,club_3bb25b7f,1.0,3.0
2023_2024_330,2023_2024,23/04/2024,club_1e328148,club_1f979dbb,5.0,0.0
2023_2024_331,2023_2024,24/04/2024,club_e74223a2,club_e2f1bb1e,0.0,1.0
2023_2024_332,2023_2024,24/04/2024,club_81565bf5,club_764f428a,2.0,0.0
2023_2024_333,2023_2024,24/04/2024,club_7643b99d,club_3bb25b7f,2.0,0.0
2023_2024_334,2023_2024,24/04/2024,club_1c328863,club_6b195a60,4.0,2.0
2023_2024_335,2023_2024,25/04/2024,club_d2d89a85,club_b218207a,0.0,4.0
2023_2024_336,2023_2024,27/04/2024,club_091d674e,club_3bb25b7f,2.0,2.0
2023_2024_337,2023_2024,27/04/2024,club_424e85c9,club_81565bf5,1.0,1.0
2023_2024_338,2023_2024,27/04/2024,club_1c328863,club_eb6e74d9,1.0,1.0
2023_2024_339,2023_2024,27/04/2024,club_764f428a,club_6b195a60,5.0,1.0
2023_2024_340,2023_2024,27/04/2024,club_e74223a2,club_57859e4d,2.0,1.0
2023_2024_341,2023_2024,27/04/2024,club_7643b99d,club_4f5d50bb,1.0,0.0
2023_2024_342,2023_2024,27/04/2024,club_9d67c2fd,club_1f979dbb,2.0,2.0
2023_2024_343,2023_2024,28/04/2024,club_e2f1bb1e,club_d2d89a85,3.0,0.0
2023_2024_344,2023_2024,28/04/2024,club_b905ca11,club_1e328148,2.0,3.0
2023_2024_345,2023_2024,28/04/2024,club_f61de81b,club_b218207a,0.0,2.0
2023_2024_346,2023_2024,02/05/2024,club_1f979dbb,club_b905ca11,2.0,0.0
2023_2024_347,2023_2024,03/05/2024,club_57859e4d,club_7643b99d,1.0,1.0
2023_2024_348,2023_2024,04/05/2024,club_1e328148,club_e2f1bb1e,3.0,0.0
2023_2024_349,2023_2024,04/05/2024,club_4f5d50bb,club_424e85c9,0.0,0.0
2023_2024_350,2023_2024,04/05/2024,club_eb6e74d9,club_764f428a,1.0,4.0
2023_2024_351,2023_2024,04/05/2024,club_6b195a60,club_f61de81b,1.0,3.0
2023_2024_352,2023_2024,04/05/2024,club_b218207a,club_e74223a2,5.0,1.0
2023_2024_353,2023_2024,05/05/2024,club_d2d89a85,club_9d67c2fd,1.0,0.0
2023_2024_354,2023_2024,05/05/2024,club_1f979dbb,club_091d674e,5.0,0.0
2023_2024_355,2023_2024,05/05/2024,club_3bb25b7f,club_b905ca11,4.0,2.0
2023_2024_356,2023_2024,06/05/2024,club_81565bf5,club_1c328863,4.0,0.0
2023_2024_357,2023_2024,11/05/2024,club_424e85c9,club_b218207a,0.0,4.0
2023_2024_358,2023_2024,11/05/2024,club_e2f1bb1e,club_4f5d50bb,1.0,2.0
2023_2024_359,2023_2024,11/05/2024,club_7643b99d,club_6b195a60,1.0,0.0
2023_2024_360,2023_2024,11/05/2024,club_764f428a,club_d2d89a85,1.0,1.0
2023_2024_361,2023_2024,11/05/2024,club_b905ca11,club_eb6e74d9,2.0,1.0
2023_2024_362,2023_2024,11/05/2024,club_091d674e,club_57859e4d,3.0,1.0
2023_2024_363,2023_2024,11/05/2024,club_e74223a2,club_81565bf5,1.0,3.0
2023_2024_364,2023_2024,11/05/2024,club_f61de81b,club_1f979dbb,2.0,3.0
2023_2024_365,2023_2024,12/05/2024,club_1c328863,club_1e328148,0.0,1.0
2023_2024_366,2023_2024,13/05/2024,club_9d67c2fd,club_3bb25b7f,3.0,3.0
2023_2024_367,2023_2024,14/05/2024,club_b905ca11,club_b218207a,0.0,2.0
2023_2024_368,2023_2024,15/05/2024,club_d2d89a85,club_1f979dbb,1.0,2.0
2023_2024_369,2023_2024,15/05/2024,club_1c328863,club_764f428a,3.0,2.0
2023_2024_370,2023_2024,19/05/2024,club_1e328148,club_7643b99d,2.0,1.0
2023_2024_371,2023_2024,19/05/2024,club_4f5d50bb,club_764f428a,2.0,4.0
2023_2024_372,2023_2024,19/05/2024,club_d2d89a85,club_1c328863,0.0,2.0
2023_2024_373,2023_2024,19/05/2024,club_eb6e74d9,club_f61de81b,1.0,2.0
2023_2024_374,2023_2024,19/05/2024,club_1f979dbb,club_e2f1bb1e,2.0,1.0
2023_2024_375,2023_2024,19/05/2024,club_81565bf5,club_9d67c2fd,5.0,0.0
2023_2024_376,2023_2024,19/05/2024,club_3bb25b7f,club_e74223a2,2.0,0.0
2023_2024_377,2023_2024,19/05/2024,club_57859e4d,club_424e85c9,2.0,4.0
2023_2024_378,2023_2024,19/05/2024,club_b218207a,club_091d674e,3.0,1.0
2023_2024_379,2023_2024,19/05/2024,club_6b195a60,club_b905ca11,0.0,3.0
