transfer_id,season,actual_fee,model,prediction,fold,feature_set
b2a97bea-95e,2019_2020,60130000.0,Ridge,11621891.029411765,1,Enriched
f939f9d7-bdb,2019_2020,55835000.0,Ridge,11621891.029411765,1,Enriched
31da409f-081,2019_2020,10308000.0,Ridge,11621891.029411765,1,Enriched
351561ce-cfd,2019_2020,10308000.0,Ridge,11621891.029411765,1,Enriched
b8ab7475-5a9,2019_2020,5858380.0,Ridge,11621891.029411765,1,Enriched
c804e0d3-10b,2019_2020,2577000.0,Ridge,11621891.029411765,1,Enriched
1fcb26c0-f94,2019_2020,859000.0,Ridge,11621891.029411765,1,Enriched
8ba96375-9cb,2019_2020,31783000.0,Ridge,11621891.029411765,1,Enriched
1ecc38d5-f3b,2019_2020,8160500.0,Ridge,11621891.029411765,1,Enriched
a9501d9a-614,2019_2020,7301500.0,Ridge,11621891.029411765,1,Enriched
49c730c0-03c,2019_2020,1632100.0,Ridge,11621891.029411765,1,Enriched
1010cc76-1b1,2019_2020,6184800.0,Ridge,11621891.029411765,1,Enriched
9c119e3a-dd6,2019_2020,6013000.0,Ridge,11621891.029411765,1,Enriched
55f0baf7-89b,2019_2020,38655000.0,Ridge,11621891.029411765,1,Enriched
a807ef7b-4f5,2019_2020,103767200.0,Ridge,11621891.029411765,1,Enriched
26594a94-d0c,2019_2020,7731000.0,Ridge,11621891.029411765,1,Enriched
afd87f6d-9e1,2019_2020,7473300.0,Ridge,11621891.029411765,1,Enriched
426145e2-bb1,2019_2020,53258000.0,Ridge,11621891.029411765,1,Enriched
ed2ee30e-e7c,2019_2020,25770000.0,Ridge,11621891.029411765,1,Enriched
caf4dfe8-733,2019_2020,23193000.0,Ridge,11621891.029411765,1,Enriched
a50ce30d-4e7,2019_2020,9449000.0,Ridge,11621891.029411765,1,Enriched
eed06e21-cb3,2019_2020,23193000.0,Ridge,11621891.029411765,1,Enriched
f0906321-c71,2019_2020,18898000.0,Ridge,11621891.029411765,1,Enriched
1300914f-d8b,2019_2020,7731000.0,Ridge,11621891.029411765,1,Enriched
d7148479-c63,2019_2020,68720000.0,Ridge,11621891.029411765,1,Enriched
38acf972-fb2,2019_2020,25770000.0,Ridge,11621891.029411765,1,Enriched
92331da1-7db,2019_2020,23193000.0,Ridge,11621891.029411765,1,Enriched
867289f7-3e8,2019_2020,6098900.0,Ridge,11621891.029411765,1,Enriched
fb14508e-0ce,2019_2020,26113600.0,Ridge,11621891.029411765,1,Enriched
01f2a17c-b0c,2019_2020,7043800.0,Ridge,11621891.029411765,1,Enriched
7c9cf38d-605,2019_2020,4295000.0,Ridge,11621891.029411765,1,Enriched
2d3c04b8-afc,2019_2020,1889800.0,Ridge,11621891.029411765,1,Enriched
81cb5b70-ece,2019_2020,214750.0,Ridge,11621891.029411765,1,Enriched
18b7a241-ea2,2019_2020,74733000.0,Ridge,11621891.029411765,1,Enriched
3c98ac7b-dc3,2019_2020,55835000.0,Ridge,11621891.029411765,1,Enriched
5197a76f-273,2019_2020,47245000.0,Ridge,11621891.029411765,1,Enriched
ea219d6a-303,2019_2020,15290200.0,Ridge,11621891.029411765,1,Enriched
473335cf-497,2019_2020,63566000.0,Ridge,11621891.029411765,1,Enriched
7f20889c-c8c,2019_2020,2130320.0,Ridge,11621891.029411765,1,Enriched
eb8f7eee-499,2019_2020,1460300.0,Ridge,11621891.029411765,1,Enriched
1b8667a1-390,2019_2020,32642000.0,Ridge,11621891.029411765,1,Enriched
e16b0d1e-62f,2019_2020,16836400.0,Ridge,11621891.029411765,1,Enriched
9d1f4b74-280,2019_2020,15462000.0,Ridge,11621891.029411765,1,Enriched
df6086e7-759,2019_2020,15376100.0,Ridge,11621891.029411765,1,Enriched
f4c66e89-09e,2019_2020,11854200.0,Ridge,11621891.029411765,1,Enriched
f6cabc79-4f4,2019_2020,7645100.0,Ridge,11621891.029411765,1,Enriched
7efbe084-c42,2019_2020,429500.0,Ridge,11621891.029411765,1,Enriched
1582a4af-f2a,2019_2020,23622500.0,Ridge,11621891.029411765,1,Enriched
34395553-83b,2019_2020,21475000.0,Ridge,11621891.029411765,1,Enriched
f1fcab06-109,2019_2020,21475000.0,Ridge,11621891.029411765,1,Enriched
eb94e601-c96,2019_2020,944900.0,Ridge,11621891.029411765,1,Enriched
734b41cd-c81,2019_2020,25770000.0,Ridge,11621891.029411765,1,Enriched
baf07348-01f,2019_2020,15462000.0,Ridge,11621891.029411765,1,Enriched
27e88cf2-2d1,2019_2020,2834700.0,Ridge,11621891.029411765,1,Enriched
f091759c-606,2019_2020,38655000.0,Ridge,11621891.029411765,1,Enriched
1458f5b4-b7c,2019_2020,28690600.0,Ridge,11621891.029411765,1,Enriched
efc9fdd2-30b,2019_2020,16492800.0,Ridge,11621891.029411765,1,Enriched
4d348960-efc,2019_2020,5755300.0,Ridge,11621891.029411765,1,Enriched
5c71c4b2-330,2019_2020,1288500.0,Ridge,11621891.029411765,1,Enriched
f381eeae-ec0,2019_2020,42950000.0,Ridge,11621891.029411765,1,Enriched
15bd505e-78c,2019_2020,24052000.0,Ridge,11621891.029411765,1,Enriched
5879c56a-563,2019_2020,18296700.0,Ridge,11621891.029411765,1,Enriched
7fa29a8d-19f,2019_2020,9706700.0,Ridge,11621891.029411765,1,Enriched
92e163b2-e52,2019_2020,4037300.0,Ridge,11621891.029411765,1,Enriched
50f0f9c8-cc9,2019_2020,21475000.0,Ridge,11621891.029411765,1,Enriched
15875367-41d,2019_2020,6657250.0,Ridge,11621891.029411765,1,Enriched
c8edf059-7bc,2019_2020,6657250.0,Ridge,11621891.029411765,1,Enriched
8baca1a1-070,2019_2020,2233400.0,Ridge,11621891.029411765,1,Enriched
2607ef41-949,2019_2020,1975700.0,Ridge,11621891.029411765,1,Enriched
880db327-dd7,2019_2020,712970.0,Ridge,11621891.029411765,1,Enriched
c004ea4c-957,2019_2020,25770000.0,Ridge,11621891.029411765,1,Enriched
98b8a4ec-912,2019_2020,9878500.0,Ridge,11621891.029411765,1,Enriched
74572034-613,2019_2020,7301500.0,Ridge,11621891.029411765,1,Enriched
92e4818d-c09,2019_2020,5154000.0,Ridge,11621891.029411765,1,Enriched
e9d647e6-b60,2019_2020,2405200.0,Ridge,11621891.029411765,1,Enriched
09f6e727-a35,2019_2020,37366500.0,Ridge,11621891.029411765,1,Enriched
09c088b5-219,2019_2020,15462000.0,Ridge,11621891.029411765,1,Enriched
22b8daea-5b5,2019_2020,4638600.0,Ridge,11621891.029411765,1,Enriched
ed4c3bea-c3a,2019_2020,1924160.0,Ridge,11621891.029411765,1,Enriched
e5133f2c-f3e,2019_2020,14173500.0,Ridge,11621891.029411765,1,Enriched
d7025fac-809,2019_2020,14139140.0,Ridge,11621891.029411765,1,Enriched
b8a6decd-bf3,2019_2020,12713200.0,Ridge,11621891.029411765,1,Enriched
08d89da6-e38,2019_2020,3822550.0,Ridge,11621891.029411765,1,Enriched
e0dd3423-043,2019_2020,19155700.0,Ridge,11621891.029411765,1,Enriched
8f3a5e85-a42,2019_2020,9534900.0,Ridge,11621891.029411765,1,Enriched
4212f895-087,2019_2020,944900.0,Ridge,11621891.029411765,1,Enriched
58e41d80-b3f,2019_2020,8590000.0,Ridge,11621891.029411765,1,Enriched
58a94a4c-6ea,2019_2020,8590000.0,Ridge,11621891.029411765,1,Enriched
2bd59230-dd8,2019_2020,2362250.0,Ridge,11621891.029411765,1,Enriched
2350a274-379,2019_2020,944900.0,Ridge,11621891.029411765,1,Enriched
cd172a04-652,2019_2020,7559200.0,Ridge,11621891.029411765,1,Enriched
fb709f19-eed,2019_2020,14345300.0,Ridge,11621891.029411765,1,Enriched
eacc5a24-8c4,2019_2020,13486300.0,Ridge,11621891.029411765,1,Enriched
1870bfa2-1b1,2019_2020,13314500.0,Ridge,11621891.029411765,1,Enriched
62d509d9-bfe,2019_2020,5583500.0,Ridge,11621891.029411765,1,Enriched
130c1cc9-afe,2019_2020,3693700.0,Ridge,11621891.029411765,1,Enriched
eb3d0ab9-f71,2019_2020,19086980.0,Ridge,11621891.029411765,1,Enriched
8f33eb6b-bbc,2019_2020,13366040.0,Ridge,11621891.029411765,1,Enriched
8f65a45e-327,2019_2020,13366040.0,Ridge,11621891.029411765,1,Enriched
3d147a3a-c61,2019_2020,3350100.0,Ridge,11621891.029411765,1,Enriched
7023ecc1-f8d,2019_2020,2834700.0,Ridge,11621891.029411765,1,Enriched
a62dad4b-063,2019_2020,1030800.0,Ridge,11621891.029411765,1,Enriched
df517b14-fec,2019_2020,429500.0,Ridge,11621891.029411765,1,Enriched
87f9f73b-110,2019_2020,3564850.0,Ridge,11621891.029411765,1,Enriched
a5c01a0e-c25,2019_2020,429500.0,Ridge,11621891.029411765,1,Enriched
087b7540-c4f,2019_2020,287765.0,Ridge,11621891.029411765,1,Enriched
e07c5901-7e3,2019_2020,859000.0,Ridge,11621891.029411765,1,Enriched
6cac4d66-885,2019_2020,171800.0,Ridge,11621891.029411765,1,Enriched
5e2d80ad-c57,2019_2020,21475000.0,Ridge,11621891.029411765,1,Enriched
1c6c45d9-698,2019_2020,16406900.0,Ridge,11621891.029411765,1,Enriched
d00a10da-4d8,2019_2020,6700200.0,Ridge,11621891.029411765,1,Enriched
7b2f516d-e14,2019_2020,4810400.0,Ridge,11621891.029411765,1,Enriched
3b742baf-cde,2019_2020,3350100.0,Ridge,11621891.029411765,1,Enriched
ade23302-2fe,2019_2020,171800.0,Ridge,11621891.029411765,1,Enriched
f79bd3cf-c21,2019_2020,128850.0,Ridge,11621891.029411765,1,Enriched
645a9c8d-893,2019_2020,21475000.0,Ridge,11621891.029411765,1,Enriched
1c4011f0-425,2019_2020,11424700.0,Ridge,11621891.029411765,1,Enriched
b2df0bba-944,2019_2020,10308000.0,Ridge,11621891.029411765,1,Enriched
eba6cf9e-fdc,2019_2020,9019500.0,Ridge,11621891.029411765,1,Enriched
51703c20-092,2019_2020,8590000.0,Ridge,11621891.029411765,1,Enriched
99b6e62e-92f,2019_2020,7731000.0,Ridge,11621891.029411765,1,Enriched
f6ef528d-29f,2019_2020,6872000.0,Ridge,11621891.029411765,1,Enriched
0ceca448-5d4,2019_2020,3865500.0,Ridge,11621891.029411765,1,Enriched
3cee5880-f0c,2019_2020,2577000.0,Ridge,11621891.029411765,1,Enriched
b2a97bea-95e,2019_2020,60130000.0,XGBoost,11717785.0,1,Enriched
f939f9d7-bdb,2019_2020,55835000.0,XGBoost,11717785.0,1,Enriched
31da409f-081,2019_2020,10308000.0,XGBoost,11717785.0,1,Enriched
351561ce-cfd,2019_2020,10308000.0,XGBoost,11717785.0,1,Enriched
b8ab7475-5a9,2019_2020,5858380.0,XGBoost,11717785.0,1,Enriched
c804e0d3-10b,2019_2020,2577000.0,XGBoost,11717785.0,1,Enriched
1fcb26c0-f94,2019_2020,859000.0,XGBoost,11717785.0,1,Enriched
8ba96375-9cb,2019_2020,31783000.0,XGBoost,11717785.0,1,Enriched
1ecc38d5-f3b,2019_2020,8160500.0,XGBoost,11717785.0,1,Enriched
a9501d9a-614,2019_2020,7301500.0,XGBoost,11717785.0,1,Enriched
49c730c0-03c,2019_2020,1632100.0,XGBoost,11717785.0,1,Enriched
1010cc76-1b1,2019_2020,6184800.0,XGBoost,11717785.0,1,Enriched
9c119e3a-dd6,2019_2020,6013000.0,XGBoost,11717785.0,1,Enriched
55f0baf7-89b,2019_2020,38655000.0,XGBoost,11717785.0,1,Enriched
a807ef7b-4f5,2019_2020,103767200.0,XGBoost,11717785.0,1,Enriched
26594a94-d0c,2019_2020,7731000.0,XGBoost,11717785.0,1,Enriched
afd87f6d-9e1,2019_2020,7473300.0,XGBoost,11717785.0,1,Enriched
426145e2-bb1,2019_2020,53258000.0,XGBoost,11717785.0,1,Enriched
ed2ee30e-e7c,2019_2020,25770000.0,XGBoost,11717785.0,1,Enriched
caf4dfe8-733,2019_2020,23193000.0,XGBoost,11717785.0,1,Enriched
a50ce30d-4e7,2019_2020,9449000.0,XGBoost,11717785.0,1,Enriched
eed06e21-cb3,2019_2020,23193000.0,XGBoost,11717785.0,1,Enriched
f0906321-c71,2019_2020,18898000.0,XGBoost,11717785.0,1,Enriched
1300914f-d8b,2019_2020,7731000.0,XGBoost,11717785.0,1,Enriched
d7148479-c63,2019_2020,68720000.0,XGBoost,11717785.0,1,Enriched
38acf972-fb2,2019_2020,25770000.0,XGBoost,11717785.0,1,Enriched
92331da1-7db,2019_2020,23193000.0,XGBoost,11717785.0,1,Enriched
867289f7-3e8,2019_2020,6098900.0,XGBoost,11717785.0,1,Enriched
fb14508e-0ce,2019_2020,26113600.0,XGBoost,11717785.0,1,Enriched
01f2a17c-b0c,2019_2020,7043800.0,XGBoost,11717785.0,1,Enriched
7c9cf38d-605,2019_2020,4295000.0,XGBoost,11717785.0,1,Enriched
2d3c04b8-afc,2019_2020,1889800.0,XGBoost,11717785.0,1,Enriched
81cb5b70-ece,2019_2020,214750.0,XGBoost,11717785.0,1,Enriched
18b7a241-ea2,2019_2020,74733000.0,XGBoost,11717785.0,1,Enriched
3c98ac7b-dc3,2019_2020,55835000.0,XGBoost,11717785.0,1,Enriched
5197a76f-273,2019_2020,47245000.0,XGBoost,11717785.0,1,Enriched
ea219d6a-303,2019_2020,15290200.0,XGBoost,11717785.0,1,Enriched
473335cf-497,2019_2020,63566000.0,XGBoost,11717785.0,1,Enriched
7f20889c-c8c,2019_2020,2130320.0,XGBoost,11717785.0,1,Enriched
eb8f7eee-499,2019_2020,1460300.0,XGBoost,11717785.0,1,Enriched
1b8667a1-390,2019_2020,32642000.0,XGBoost,11717785.0,1,Enriched
e16b0d1e-62f,2019_2020,16836400.0,XGBoost,11717785.0,1,Enriched
9d1f4b74-280,2019_2020,15462000.0,XGBoost,11717785.0,1,Enriched
df6086e7-759,2019_2020,15376100.0,XGBoost,11717785.0,1,Enriched
f4c66e89-09e,2019_2020,11854200.0,XGBoost,11717785.0,1,Enriched
f6cabc79-4f4,2019_2020,7645100.0,XGBoost,11717785.0,1,Enriched
7efbe084-c42,2019_2020,429500.0,XGBoost,11717785.0,1,Enriched
1582a4af-f2a,2019_2020,23622500.0,XGBoost,11717785.0,1,Enriched
34395553-83b,2019_2020,21475000.0,XGBoost,11717785.0,1,Enriched
f1fcab06-109,2019_2020,21475000.0,XGBoost,11717785.0,1,Enriched
eb94e601-c96,2019_2020,944900.0,XGBoost,11717785.0,1,Enriched
734b41cd-c81,2019_2020,25770000.0,XGBoost,11717785.0,1,Enriched
baf07348-01f,2019_2020,15462000.0,XGBoost,11717785.0,1,Enriched
27e88cf2-2d1,2019_2020,2834700.0,XGBoost,11717785.0,1,Enriched
f091759c-606,2019_2020,38655000.0,XGBoost,11717785.0,1,Enriched
1458f5b4-b7c,2019_2020,28690600.0,XGBoost,11717785.0,1,Enriched
efc9fdd2-30b,2019_2020,16492800.0,XGBoost,11717785.0,1,Enriched
4d348960-efc,2019_2020,5755300.0,XGBoost,11717785.0,1,Enriched
5c71c4b2-330,2019_2020,1288500.0,XGBoost,11717785.0,1,Enriched
f381eeae-ec0,2019_2020,42950000.0,XGBoost,11717785.0,1,Enriched
15bd505e-78c,2019_2020,24052000.0,XGBoost,11717785.0,1,Enriched
5879c56a-563,2019_2020,18296700.0,XGBoost,11717785.0,1,Enriched
7fa29a8d-19f,2019_2020,9706700.0,XGBoost,11717785.0,1,Enriched
92e163b2-e52,2019_2020,4037300.0,XGBoost,11717785.0,1,Enriched
50f0f9c8-cc9,2019_2020,21475000.0,XGBoost,11717785.0,1,Enriched
15875367-41d,2019_2020,6657250.0,XGBoost,11717785.0,1,Enriched
c8edf059-7bc,2019_2020,6657250.0,XGBoost,11717785.0,1,Enriched
8baca1a1-070,2019_2020,2233400.0,XGBoost,11717785.0,1,Enriched
2607ef41-949,2019_2020,1975700.0,XGBoost,11717785.0,1,Enriched
880db327-dd7,2019_2020,712970.0,XGBoost,11717785.0,1,Enriched
c004ea4c-957,2019_2020,25770000.0,XGBoost,11717785.0,1,Enriched
98b8a4ec-912,2019_2020,9878500.0,XGBoost,11717785.0,1,Enriched
74572034-613,2019_2020,7301500.0,XGBoost,11717785.0,1,Enriched
92e4818d-c09,2019_2020,5154000.0,XGBoost,11717785.0,1,Enriched
e9d647e6-b60,2019_2020,2405200.0,XGBoost,11717785.0,1,Enriched
09f6e727-a35,2019_2020,37366500.0,XGBoost,11717785.0,1,Enriched
09c088b5-219,2019_2020,15462000.0,XGBoost,11717785.0,1,Enriched
22b8daea-5b5,2019_2020,4638600.0,XGBoost,11717785.0,1,Enriched
ed4c3bea-c3a,2019_2020,1924160.0,XGBoost,11717785.0,1,Enriched
e5133f2c-f3e,2019_2020,14173500.0,XGBoost,11717785.0,1,Enriched
d7025fac-809,2019_2020,14139140.0,XGBoost,11717785.0,1,Enriched
b8a6decd-bf3,2019_2020,12713200.0,XGBoost,11717785.0,1,Enriched
08d89da6-e38,2019_2020,3822550.0,XGBoost,11717785.0,1,Enriched
e0dd3423-043,2019_2020,19155700.0,XGBoost,11717785.0,1,Enriched
8f3a5e85-a42,2019_2020,9534900.0,XGBoost,11717785.0,1,Enriched
4212f895-087,2019_2020,944900.0,XGBoost,11717785.0,1,Enriched
58e41d80-b3f,2019_2020,8590000.0,XGBoost,11717785.0,1,Enriched
58a94a4c-6ea,2019_2020,8590000.0,XGBoost,11717785.0,1,Enriched
2bd59230-dd8,2019_2020,2362250.0,XGBoost,11717785.0,1,Enriched
2350a274-379,2019_2020,944900.0,XGBoost,11717785.0,1,Enriched
cd172a04-652,2019_2020,7559200.0,XGBoost,11717785.0,1,Enriched
fb709f19-eed,2019_2020,14345300.0,XGBoost,11717785.0,1,Enriched
eacc5a24-8c4,2019_2020,13486300.0,XGBoost,11717785.0,1,Enriched
1870bfa2-1b1,2019_2020,13314500.0,XGBoost,11717785.0,1,Enriched
62d509d9-bfe,2019_2020,5583500.0,XGBoost,11717785.0,1,Enriched
130c1cc9-afe,2019_2020,3693700.0,XGBoost,11717785.0,1,Enriched
eb3d0ab9-f71,2019_2020,19086980.0,XGBoost,11717785.0,1,Enriched
8f33eb6b-bbc,2019_2020,13366040.0,XGBoost,11717785.0,1,Enriched
8f65a45e-327,2019_2020,13366040.0,XGBoost,11717785.0,1,Enriched
3d147a3a-c61,2019_2020,3350100.0,XGBoost,11717785.0,1,Enriched
7023ecc1-f8d,2019_2020,2834700.0,XGBoost,11717785.0,1,Enriched
a62dad4b-063,2019_2020,1030800.0,XGBoost,11717785.0,1,Enriched
df517b14-fec,2019_2020,429500.0,XGBoost,11717785.0,1,Enriched
87f9f73b-110,2019_2020,3564850.0,XGBoost,11717785.0,1,Enriched
a5c01a0e-c25,2019_2020,429500.0,XGBoost,11717785.0,1,Enriched
087b7540-c4f,2019_2020,287765.0,XGBoost,11717785.0,1,Enriched
e07c5901-7e3,2019_2020,859000.0,XGBoost,11717785.0,1,Enriched
6cac4d66-885,2019_2020,171800.0,XGBoost,11717785.0,1,Enriched
5e2d80ad-c57,2019_2020,21475000.0,XGBoost,11717785.0,1,Enriched
1c6c45d9-698,2019_2020,16406900.0,XGBoost,11717785.0,1,Enriched
d00a10da-4d8,2019_2020,6700200.0,XGBoost,11717785.0,1,Enriched
7b2f516d-e14,2019_2020,4810400.0,XGBoost,11717785.0,1,Enriched
3b742baf-cde,2019_2020,3350100.0,XGBoost,11717785.0,1,Enriched
ade23302-2fe,2019_2020,171800.0,XGBoost,11717785.0,1,Enriched
f79bd3cf-c21,2019_2020,128850.0,XGBoost,11717785.0,1,Enriched
645a9c8d-893,2019_2020,21475000.0,XGBoost,11717785.0,1,Enriched
1c4011f0-425,2019_2020,11424700.0,XGBoost,11717785.0,1,Enriched
b2df0bba-944,2019_2020,10308000.0,XGBoost,11717785.0,1,Enriched
eba6cf9e-fdc,2019_2020,9019500.0,XGBoost,11717785.0,1,Enriched
51703c20-092,2019_2020,8590000.0,XGBoost,11717785.0,1,Enriched
99b6e62e-92f,2019_2020,7731000.0,XGBoost,11717785.0,1,Enriched
f6ef528d-29f,2019_2020,6872000.0,XGBoost,11717785.0,1,Enriched
0ceca448-5d4,2019_2020,3865500.0,XGBoost,11717785.0,1,Enriched
3cee5880-f0c,2019_2020,2577000.0,XGBoost,11717785.0,1,Enriched
b2a97bea-95e,2019_2020,60130000.0,RandomForest,11492077.18088235,1,Enriched
f939f9d7-bdb,2019_2020,55835000.0,RandomForest,11492077.18088235,1,Enriched
31da409f-081,2019_2020,10308000.0,RandomForest,11492077.18088235,1,Enriched
351561ce-cfd,2019_2020,10308000.0,RandomForest,11492077.18088235,1,Enriched
b8ab7475-5a9,2019_2020,5858380.0,RandomForest,11492077.18088235,1,Enriched
c804e0d3-10b,2019_2020,2577000.0,RandomForest,11492077.18088235,1,Enriched
1fcb26c0-f94,2019_2020,859000.0,RandomForest,11492077.18088235,1,Enriched
8ba96375-9cb,2019_2020,31783000.0,RandomForest,11492077.18088235,1,Enriched
1ecc38d5-f3b,2019_2020,8160500.0,RandomForest,11492077.18088235,1,Enriched
a9501d9a-614,2019_2020,7301500.0,RandomForest,11492077.18088235,1,Enriched
49c730c0-03c,2019_2020,1632100.0,RandomForest,11492077.18088235,1,Enriched
1010cc76-1b1,2019_2020,6184800.0,RandomForest,11492077.18088235,1,Enriched
9c119e3a-dd6,2019_2020,6013000.0,RandomForest,11492077.18088235,1,Enriched
55f0baf7-89b,2019_2020,38655000.0,RandomForest,11492077.18088235,1,Enriched
a807ef7b-4f5,2019_2020,103767200.0,RandomForest,11492077.18088235,1,Enriched
26594a94-d0c,2019_2020,7731000.0,RandomForest,11492077.18088235,1,Enriched
afd87f6d-9e1,2019_2020,7473300.0,RandomForest,11492077.18088235,1,Enriched
426145e2-bb1,2019_2020,53258000.0,RandomForest,11492077.18088235,1,Enriched
ed2ee30e-e7c,2019_2020,25770000.0,RandomForest,11492077.18088235,1,Enriched
caf4dfe8-733,2019_2020,23193000.0,RandomForest,11492077.18088235,1,Enriched
a50ce30d-4e7,2019_2020,9449000.0,RandomForest,11492077.18088235,1,Enriched
eed06e21-cb3,2019_2020,23193000.0,RandomForest,11492077.18088235,1,Enriched
f0906321-c71,2019_2020,18898000.0,RandomForest,11492077.18088235,1,Enriched
1300914f-d8b,2019_2020,7731000.0,RandomForest,11492077.18088235,1,Enriched
d7148479-c63,2019_2020,68720000.0,RandomForest,11492077.18088235,1,Enriched
38acf972-fb2,2019_2020,25770000.0,RandomForest,11492077.18088235,1,Enriched
92331da1-7db,2019_2020,23193000.0,RandomForest,11492077.18088235,1,Enriched
867289f7-3e8,2019_2020,6098900.0,RandomForest,11492077.18088235,1,Enriched
fb14508e-0ce,2019_2020,26113600.0,RandomForest,11492077.18088235,1,Enriched
01f2a17c-b0c,2019_2020,7043800.0,RandomForest,11492077.18088235,1,Enriched
7c9cf38d-605,2019_2020,4295000.0,RandomForest,11492077.18088235,1,Enriched
2d3c04b8-afc,2019_2020,1889800.0,RandomForest,11492077.18088235,1,Enriched
81cb5b70-ece,2019_2020,214750.0,RandomForest,11492077.18088235,1,Enriched
18b7a241-ea2,2019_2020,74733000.0,RandomForest,11492077.18088235,1,Enriched
3c98ac7b-dc3,2019_2020,55835000.0,RandomForest,11492077.18088235,1,Enriched
5197a76f-273,2019_2020,47245000.0,RandomForest,11492077.18088235,1,Enriched
ea219d6a-303,2019_2020,15290200.0,RandomForest,11492077.18088235,1,Enriched
473335cf-497,2019_2020,63566000.0,RandomForest,11492077.18088235,1,Enriched
7f20889c-c8c,2019_2020,2130320.0,RandomForest,11492077.18088235,1,Enriched
eb8f7eee-499,2019_2020,1460300.0,RandomForest,11492077.18088235,1,Enriched
1b8667a1-390,2019_2020,32642000.0,RandomForest,11492077.18088235,1,Enriched
e16b0d1e-62f,2019_2020,16836400.0,RandomForest,11492077.18088235,1,Enriched
9d1f4b74-280,2019_2020,15462000.0,RandomForest,11492077.18088235,1,Enriched
df6086e7-759,2019_2020,15376100.0,RandomForest,11492077.18088235,1,Enriched
f4c66e89-09e,2019_2020,11854200.0,RandomForest,11492077.18088235,1,Enriched
f6cabc79-4f4,2019_2020,7645100.0,RandomForest,11492077.18088235,1,Enriched
7efbe084-c42,2019_2020,429500.0,RandomForest,11492077.18088235,1,Enriched
1582a4af-f2a,2019_2020,23622500.0,RandomForest,11492077.18088235,1,Enriched
34395553-83b,2019_2020,21475000.0,RandomForest,11492077.18088235,1,Enriched
f1fcab06-109,2019_2020,21475000.0,RandomForest,11492077.18088235,1,Enriched
eb94e601-c96,2019_2020,944900.0,RandomForest,11492077.18088235,1,Enriched
734b41cd-c81,2019_2020,25770000.0,RandomForest,11492077.18088235,1,Enriched
baf07348-01f,2019_2020,15462000.0,RandomForest,11492077.18088235,1,Enriched
27e88cf2-2d1,2019_2020,2834700.0,RandomForest,11492077.18088235,1,Enriched
f091759c-606,2019_2020,38655000.0,RandomForest,11492077.18088235,1,Enriched
1458f5b4-b7c,2019_2020,28690600.0,RandomForest,11492077.18088235,1,Enriched
efc9fdd2-30b,2019_2020,16492800.0,RandomForest,11492077.18088235,1,Enriched
4d348960-efc,2019_2020,5755300.0,RandomForest,11492077.18088235,1,Enriched
5c71c4b2-330,2019_2020,1288500.0,RandomForest,11492077.18088235,1,Enriched
f381eeae-ec0,2019_2020,42950000.0,RandomForest,11492077.18088235,1,Enriched
15bd505e-78c,2019_2020,24052000.0,RandomForest,11492077.18088235,1,Enriched
5879c56a-563,2019_2020,18296700.0,RandomForest,11492077.18088235,1,Enriched
7fa29a8d-19f,2019_2020,9706700.0,RandomForest,11492077.18088235,1,Enriched
92e163b2-e52,2019_2020,4037300.0,RandomForest,11492077.18088235,1,Enriched
50f0f9c8-cc9,2019_2020,21475000.0,RandomForest,11492077.18088235,1,Enriched
15875367-41d,2019_2020,6657250.0,RandomForest,11492077.18088235,1,Enriched
c8edf059-7bc,2019_2020,6657250.0,RandomForest,11492077.18088235,1,Enriched
8baca1a1-070,2019_2020,2233400.0,RandomForest,11492077.18088235,1,Enriched
2607ef41-949,2019_2020,1975700.0,RandomForest,11492077.18088235,1,Enriched
880db327-dd7,2019_2020,712970.0,RandomForest,11492077.18088235,1,Enriched
c004ea4c-957,2019_2020,25770000.0,RandomForest,11492077.18088235,1,Enriched
98b8a4ec-912,2019_2020,9878500.0,RandomForest,11492077.18088235,1,Enriched
74572034-613,2019_2020,7301500.0,RandomForest,11492077.18088235,1,Enriched
92e4818d-c09,2019_2020,5154000.0,RandomForest,11492077.18088235,1,Enriched
e9d647e6-b60,2019_2020,2405200.0,RandomForest,11492077.18088235,1,Enriched
09f6e727-a35,2019_2020,37366500.0,RandomForest,11492077.18088235,1,Enriched
09c088b5-219,2019_2020,15462000.0,RandomForest,11492077.18088235,1,Enriched
22b8daea-5b5,2019_2020,4638600.0,RandomForest,11492077.18088235,1,Enriched
ed4c3bea-c3a,2019_2020,1924160.0,RandomForest,11492077.18088235,1,Enriched
e5133f2c-f3e,2019_2020,14173500.0,RandomForest,11492077.18088235,1,Enriched
d7025fac-809,2019_2020,14139140.0,RandomForest,11492077.18088235,1,Enriched
b8a6decd-bf3,2019_2020,12713200.0,RandomForest,11492077.18088235,1,Enriched
08d89da6-e38,2019_2020,3822550.0,RandomForest,11492077.18088235,1,Enriched
e0dd3423-043,2019_2020,19155700.0,RandomForest,11492077.18088235,1,Enriched
8f3a5e85-a42,2019_2020,9534900.0,RandomForest,11492077.18088235,1,Enriched
4212f895-087,2019_2020,944900.0,RandomForest,11492077.18088235,1,Enriched
58e41d80-b3f,2019_2020,8590000.0,RandomForest,11492077.18088235,1,Enriched
58a94a4c-6ea,2019_2020,8590000.0,RandomForest,11492077.18088235,1,Enriched
2bd59230-dd8,2019_2020,2362250.0,RandomForest,11492077.18088235,1,Enriched
2350a274-379,2019_2020,944900.0,RandomForest,11492077.18088235,1,Enriched
cd172a04-652,2019_2020,7559200.0,RandomForest,11492077.18088235,1,Enriched
fb709f19-eed,2019_2020,14345300.0,RandomForest,11492077.18088235,1,Enriched
eacc5a24-8c4,2019_2020,13486300.0,RandomForest,11492077.18088235,1,Enriched
1870bfa2-1b1,2019_2020,13314500.0,RandomForest,11492077.18088235,1,Enriched
62d509d9-bfe,2019_2020,5583500.0,RandomForest,11492077.18088235,1,Enriched
130c1cc9-afe,2019_2020,3693700.0,RandomForest,11492077.18088235,1,Enriched
eb3d0ab9-f71,2019_2020,19086980.0,RandomForest,11492077.18088235,1,Enriched
8f33eb6b-bbc,2019_2020,13366040.0,RandomForest,11492077.18088235,1,Enriched
8f65a45e-327,2019_2020,13366040.0,RandomForest,11492077.18088235,1,Enriched
3d147a3a-c61,2019_2020,3350100.0,RandomForest,11492077.18088235,1,Enriched
7023ecc1-f8d,2019_2020,2834700.0,RandomForest,11492077.18088235,1,Enriched
a62dad4b-063,2019_2020,1030800.0,RandomForest,11492077.18088235,1,Enriched
df517b14-fec,2019_2020,429500.0,RandomForest,11492077.18088235,1,Enriched
87f9f73b-110,2019_2020,3564850.0,RandomForest,11492077.18088235,1,Enriched
a5c01a0e-c25,2019_2020,429500.0,RandomForest,11492077.18088235,1,Enriched
087b7540-c4f,2019_2020,287765.0,RandomForest,11492077.18088235,1,Enriched
e07c5901-7e3,2019_2020,859000.0,RandomForest,11492077.18088235,1,Enriched
6cac4d66-885,2019_2020,171800.0,RandomForest,11492077.18088235,1,Enriched
5e2d80ad-c57,2019_2020,21475000.0,RandomForest,11492077.18088235,1,Enriched
1c6c45d9-698,2019_2020,16406900.0,RandomForest,11492077.18088235,1,Enriched
d00a10da-4d8,2019_2020,6700200.0,RandomForest,11492077.18088235,1,Enriched
7b2f516d-e14,2019_2020,4810400.0,RandomForest,11492077.18088235,1,Enriched
3b742baf-cde,2019_2020,3350100.0,RandomForest,11492077.18088235,1,Enriched
ade23302-2fe,2019_2020,171800.0,RandomForest,11492077.18088235,1,Enriched
f79bd3cf-c21,2019_2020,128850.0,RandomForest,11492077.18088235,1,Enriched
645a9c8d-893,2019_2020,21475000.0,RandomForest,11492077.18088235,1,Enriched
1c4011f0-425,2019_2020,11424700.0,RandomForest,11492077.18088235,1,Enriched
b2df0bba-944,2019_2020,10308000.0,RandomForest,11492077.18088235,1,Enriched
eba6cf9e-fdc,2019_2020,9019500.0,RandomForest,11492077.18088235,1,Enriched
51703c20-092,2019_2020,8590000.0,RandomForest,11492077.18088235,1,Enriched
99b6e62e-92f,2019_2020,7731000.0,RandomForest,11492077.18088235,1,Enriched
f6ef528d-29f,2019_2020,6872000.0,RandomForest,11492077.18088235,1,Enriched
0ceca448-5d4,2019_2020,3865500.0,RandomForest,11492077.18088235,1,Enriched
3cee5880-f0c,2019_2020,2577000.0,RandomForest,11492077.18088235,1,Enriched
9fdd3958-3b3,2020_2021,42950000.0,Ridge,12850516.653009301,2,Enriched
aa822567-229,2020_2021,22334000.0,Ridge,12850516.653009301,2,Enriched
c01f1ca5-17c,2020_2021,5154000.0,Ridge,14557576.98832121,2,Enriched
3d9ae8b9-a41,2020_2021,1718000.0,Ridge,12850516.653009301,2,Enriched
07030eb3-afb,2020_2021,14946600.0,Ridge,13419536.764779937,2,Enriched
b72048c1-06f,2020_2021,29206000.0,Ridge,12850516.653009301,2,Enriched
31a3f256-35a,2020_2021,15805600.0,Ridge,12850516.653009301,2,Enriched
f00707d7-4a5,2020_2021,13572200.0,Ridge,12850516.653009301,2,Enriched
227a66df-4d0,2020_2021,13529250.0,Ridge,12850516.653009301,2,Enriched
c51634a5-64b,2020_2021,24223800.0,Ridge,12850516.653009301,2,Enriched
45b1a53e-11d,2020_2021,9449000.0,Ridge,12850516.653009301,2,Enriched
5ea64d8d-9ea,2020_2021,5583500.0,Ridge,12850516.653009301,2,Enriched
f6e483e3-197,2020_2021,3436000.0,Ridge,12850516.653009301,2,Enriched
74665c28-89a,2020_2021,3350100.0,Ridge,12850516.653009301,2,Enriched
758588eb-b00,2020_2021,859000.0,Ridge,12850516.653009301,2,Enriched
ea74ee02-db5,2020_2021,3865500.0,Ridge,13419536.764779937,2,Enriched
0633338d-9ef,2020_2021,944900.0,Ridge,13419536.764779937,2,Enriched
714507dd-140,2020_2021,944900.0,Ridge,12850516.653009301,2,Enriched
ad845ac7-cb7,2020_2021,85900000.0,Ridge,12850516.653009301,2,Enriched
ba142a67-f12,2020_2021,45527000.0,Ridge,12850516.653009301,2,Enriched
c8d5312e-3a4,2020_2021,43121800.0,Ridge,12850516.653009301,2,Enriched
5a339a69-148,2020_2021,34360000.0,Ridge,12850516.653009301,2,Enriched
1d30df2d-272,2020_2021,20616000.0,Ridge,12850516.653009301,2,Enriched
b29a1074-4bb,2020_2021,15290200.0,Ridge,12850516.653009301,2,Enriched
4f3e9154-115,2020_2021,944900.0,Ridge,12850516.653009301,2,Enriched
e960cdaf-9ea,2020_2021,23622500.0,Ridge,12850516.653009301,2,Enriched
90720f23-bf0,2020_2021,21131400.0,Ridge,13988556.876550574,2,Enriched
33633e36-d3d,2020_2021,18898000.0,Ridge,12850516.653009301,2,Enriched
30926473-236,2020_2021,231930.0,Ridge,12850516.653009301,2,Enriched
2e0be0b2-969,2020_2021,1915570.0,Ridge,12850516.653009301,2,Enriched
bfc61328-b2f,2020_2021,5583500.0,Ridge,13988556.876550574,2,Enriched
2854ceca-b19,2020_2021,3779600.0,Ridge,13419536.764779937,2,Enriched
b608067d-fea,2020_2021,2748800.0,Ridge,12850516.653009301,2,Enriched
6a74fe34-c18,2020_2021,1803900.0,Ridge,12850516.653009301,2,Enriched
6afbb94a-023,2020_2021,1417350.0,Ridge,12850516.653009301,2,Enriched
ff62ddf2-297,2020_2021,25770000.0,Ridge,13419536.764779937,2,Enriched
fe98a487-94e,2020_2021,18039000.0,Ridge,12850516.653009301,2,Enriched
f8f5d03d-ca0,2020_2021,17180000.0,Ridge,12850516.653009301,2,Enriched
b457a0f4-b85,2020_2021,15977400.0,Ridge,12850516.653009301,2,Enriched
4a7b4c7e-bd6,2020_2021,15204300.0,Ridge,13419536.764779937,2,Enriched
a286a15e-b5c,2020_2021,11167000.0,Ridge,12850516.653009301,2,Enriched
5d98c8ab-0d3,2020_2021,5583500.0,Ridge,12850516.653009301,2,Enriched
1e884e5b-740,2020_2021,859000.0,Ridge,12850516.653009301,2,Enriched
207f17f7-b17,2020_2021,30065000.0,Ridge,12850516.653009301,2,Enriched
5ab4defe-6f5,2020_2021,17953100.0,Ridge,12850516.653009301,2,Enriched
0f9f663d-e22,2020_2021,1718000.0,Ridge,12850516.653009301,2,Enriched
12570a16-e84,2020_2021,38397300.0,Ridge,13419536.764779937,2,Enriched
04e500d6-f90,2020_2021,18898000.0,Ridge,12850516.653009301,2,Enriched
aca6e8e6-532,2020_2021,11167000.0,Ridge,12850516.653009301,2,Enriched
f0036537-61f,2020_2021,1589150.0,Ridge,12850516.653009301,2,Enriched
8196ac2c-b50,2020_2021,644250.0,Ridge,12850516.653009301,2,Enriched
12d434fd-497,2020_2021,10308000.0,Ridge,12850516.653009301,2,Enriched
014d741f-607,2020_2021,61504400.0,Ridge,12850516.653009301,2,Enriched
9054caa0-e2b,2020_2021,38912700.0,Ridge,12850516.653009301,2,Enriched
a5629819-38c,2020_2021,28776500.0,Ridge,12850516.653009301,2,Enriched
ddd80ea0-0b2,2020_2021,5583500.0,Ridge,12850516.653009301,2,Enriched
61694790-3b5,2020_2021,5154000.0,Ridge,12850516.653009301,2,Enriched
847f7599-54a,2020_2021,5154000.0,Ridge,12850516.653009301,2,Enriched
7b515993-9fe,2020_2021,3865500.0,Ridge,12850516.653009301,2,Enriched
12f7e7aa-550,2020_2021,42091000.0,Ridge,12850516.653009301,2,Enriched
a84a3f7e-541,2020_2021,12885000.0,Ridge,12850516.653009301,2,Enriched
40b49b2b-68f,2020_2021,33501000.0,Ridge,12850516.653009301,2,Enriched
5ce92385-5c7,2020_2021,23450700.0,Ridge,12850516.653009301,2,Enriched
a6804e89-ef9,2020_2021,12885000.0,Ridge,12850516.653009301,2,Enriched
f36b76f8-b13,2020_2021,7430350.0,Ridge,12850516.653009301,2,Enriched
993c9515-b86,2020_2021,1460300.0,Ridge,13419536.764779937,2,Enriched
c843adf3-577,2020_2021,19112750.0,Ridge,12850516.653009301,2,Enriched
fe0f7af6-4f1,2020_2021,14173500.0,Ridge,12850516.653009301,2,Enriched
bc317f7b-d0a,2020_2021,670020.0,Ridge,13988556.876550574,2,Enriched
9a7c8d03-0cc,2020_2021,22334000.0,Ridge,12850516.653009301,2,Enriched
8966e07f-9f7,2020_2021,17609500.0,Ridge,13419536.764779937,2,Enriched
e9ab00c3-dec,2020_2021,5583500.0,Ridge,12850516.653009301,2,Enriched
ac58b724-743,2020_2021,3307150.0,Ridge,12850516.653009301,2,Enriched
41c9a5b1-8c8,2020_2021,3307150.0,Ridge,12850516.653009301,2,Enriched
a8780044-9eb,2020_2021,1718000.0,Ridge,12850516.653009301,2,Enriched
3e6521fc-ce8,2020_2021,11424700.0,Ridge,13419536.764779937,2,Enriched
3d67532a-e0a,2020_2021,10308000.0,Ridge,12850516.653009301,2,Enriched
7572a486-858,2020_2021,10308000.0,Ridge,12850516.653009301,2,Enriched
4b31094d-caa,2020_2021,14259400.0,Ridge,12850516.653009301,2,Enriched
09e99d65-787,2020_2021,27488000.0,Ridge,13419536.764779937,2,Enriched
4458594f-2f1,2020_2021,25770000.0,Ridge,12850516.653009301,2,Enriched
157988e7-83f,2020_2021,14431200.0,Ridge,12850516.653009301,2,Enriched
e3444708-d91,2020_2021,10393900.0,Ridge,12850516.653009301,2,Enriched
03081fff-c26,2020_2021,14173500.0,Ridge,13419536.764779937,2,Enriched
aaf1b4ad-1e5,2020_2021,11596500.0,Ridge,13988556.876550574,2,Enriched
6df6af2c-2ec,2020_2021,7086750.0,Ridge,12850516.653009301,2,Enriched
78bf4725-991,2020_2021,944900.0,Ridge,12850516.653009301,2,Enriched
ad1e8881-e37,2020_2021,94490.0,Ridge,12850516.653009301,2,Enriched
6ae5e20d-866,2020_2021,944900.0,Ridge,12850516.653009301,2,Enriched
f598ded8-e6b,2020_2021,19842900.0,Ridge,12850516.653009301,2,Enriched
1c3cc996-175,2020_2021,13915800.0,Ridge,13419536.764779937,2,Enriched
d685fc59-5b7,2020_2021,5154000.0,Ridge,12850516.653009301,2,Enriched
7c82fe68-1ec,2020_2021,1374400.0,Ridge,12850516.653009301,2,Enriched
47c4907b-28e,2020_2021,19327500.0,Ridge,13419536.764779937,2,Enriched
e71507e3-674,2020_2021,4724500.0,Ridge,13419536.764779937,2,Enriched
38f06169-008,2020_2021,34360000.0,Ridge,12850516.653009301,2,Enriched
66b9beea-d59,2020_2021,27488000.0,Ridge,12850516.653009301,2,Enriched
b468bd64-b38,2020_2021,8418200.0,Ridge,12850516.653009301,2,Enriched
282bd856-c09,2020_2021,1718000.0,Ridge,12850516.653009301,2,Enriched
65d399f4-987,2020_2021,677751.0,Ridge,12850516.653009301,2,Enriched
9fdd3958-3b3,2020_2021,42950000.0,XGBoost,12850135.0,2,Enriched
aa822567-229,2020_2021,22334000.0,XGBoost,12850135.0,2,Enriched
c01f1ca5-17c,2020_2021,5154000.0,XGBoost,13348538.0,2,Enriched
3d9ae8b9-a41,2020_2021,1718000.0,XGBoost,12850135.0,2,Enriched
07030eb3-afb,2020_2021,14946600.0,XGBoost,13348538.0,2,Enriched
b72048c1-06f,2020_2021,29206000.0,XGBoost,12850135.0,2,Enriched
31a3f256-35a,2020_2021,15805600.0,XGBoost,12850135.0,2,Enriched
f00707d7-4a5,2020_2021,13572200.0,XGBoost,12850135.0,2,Enriched
227a66df-4d0,2020_2021,13529250.0,XGBoost,12850135.0,2,Enriched
c51634a5-64b,2020_2021,24223800.0,XGBoost,12850135.0,2,Enriched
45b1a53e-11d,2020_2021,9449000.0,XGBoost,12850135.0,2,Enriched
5ea64d8d-9ea,2020_2021,5583500.0,XGBoost,12850135.0,2,Enriched
f6e483e3-197,2020_2021,3436000.0,XGBoost,12850135.0,2,Enriched
74665c28-89a,2020_2021,3350100.0,XGBoost,12850135.0,2,Enriched
758588eb-b00,2020_2021,859000.0,XGBoost,12850135.0,2,Enriched
ea74ee02-db5,2020_2021,3865500.0,XGBoost,13348538.0,2,Enriched
0633338d-9ef,2020_2021,944900.0,XGBoost,13348538.0,2,Enriched
714507dd-140,2020_2021,944900.0,XGBoost,12850135.0,2,Enriched
ad845ac7-cb7,2020_2021,85900000.0,XGBoost,12850135.0,2,Enriched
ba142a67-f12,2020_2021,45527000.0,XGBoost,12850135.0,2,Enriched
c8d5312e-3a4,2020_2021,43121800.0,XGBoost,12850135.0,2,Enriched
5a339a69-148,2020_2021,34360000.0,XGBoost,12850135.0,2,Enriched
1d30df2d-272,2020_2021,20616000.0,XGBoost,12850135.0,2,Enriched
b29a1074-4bb,2020_2021,15290200.0,XGBoost,12850135.0,2,Enriched
4f3e9154-115,2020_2021,944900.0,XGBoost,12850135.0,2,Enriched
e960cdaf-9ea,2020_2021,23622500.0,XGBoost,12850135.0,2,Enriched
90720f23-bf0,2020_2021,21131400.0,XGBoost,13348538.0,2,Enriched
33633e36-d3d,2020_2021,18898000.0,XGBoost,12850135.0,2,Enriched
30926473-236,2020_2021,231930.0,XGBoost,12850135.0,2,Enriched
2e0be0b2-969,2020_2021,1915570.0,XGBoost,12850135.0,2,Enriched
bfc61328-b2f,2020_2021,5583500.0,XGBoost,13348538.0,2,Enriched
2854ceca-b19,2020_2021,3779600.0,XGBoost,13348538.0,2,Enriched
b608067d-fea,2020_2021,2748800.0,XGBoost,12850135.0,2,Enriched
6a74fe34-c18,2020_2021,1803900.0,XGBoost,12850135.0,2,Enriched
6afbb94a-023,2020_2021,1417350.0,XGBoost,12850135.0,2,Enriched
ff62ddf2-297,2020_2021,25770000.0,XGBoost,13348538.0,2,Enriched
fe98a487-94e,2020_2021,18039000.0,XGBoost,12850135.0,2,Enriched
f8f5d03d-ca0,2020_2021,17180000.0,XGBoost,12850135.0,2,Enriched
b457a0f4-b85,2020_2021,15977400.0,XGBoost,12850135.0,2,Enriched
4a7b4c7e-bd6,2020_2021,15204300.0,XGBoost,13348538.0,2,Enriched
a286a15e-b5c,2020_2021,11167000.0,XGBoost,12850135.0,2,Enriched
5d98c8ab-0d3,2020_2021,5583500.0,XGBoost,12850135.0,2,Enriched
1e884e5b-740,2020_2021,859000.0,XGBoost,12850135.0,2,Enriched
207f17f7-b17,2020_2021,30065000.0,XGBoost,12850135.0,2,Enriched
5ab4defe-6f5,2020_2021,17953100.0,XGBoost,12850135.0,2,Enriched
0f9f663d-e22,2020_2021,1718000.0,XGBoost,12850135.0,2,Enriched
12570a16-e84,2020_2021,38397300.0,XGBoost,13348538.0,2,Enriched
04e500d6-f90,2020_2021,18898000.0,XGBoost,12850135.0,2,Enriched
aca6e8e6-532,2020_2021,11167000.0,XGBoost,12850135.0,2,Enriched
f0036537-61f,2020_2021,1589150.0,XGBoost,12850135.0,2,Enriched
8196ac2c-b50,2020_2021,644250.0,XGBoost,12850135.0,2,Enriched
12d434fd-497,2020_2021,10308000.0,XGBoost,12850135.0,2,Enriched
014d741f-607,2020_2021,61504400.0,XGBoost,12850135.0,2,Enriched
9054caa0-e2b,2020_2021,38912700.0,XGBoost,12850135.0,2,Enriched
a5629819-38c,2020_2021,28776500.0,XGBoost,12850135.0,2,Enriched
ddd80ea0-0b2,2020_2021,5583500.0,XGBoost,12850135.0,2,Enriched
61694790-3b5,2020_2021,5154000.0,XGBoost,12850135.0,2,Enriched
847f7599-54a,2020_2021,5154000.0,XGBoost,12850135.0,2,Enriched
7b515993-9fe,2020_2021,3865500.0,XGBoost,12850135.0,2,Enriched
12f7e7aa-550,2020_2021,42091000.0,XGBoost,12850135.0,2,Enriched
a84a3f7e-541,2020_2021,12885000.0,XGBoost,12850135.0,2,Enriched
40b49b2b-68f,2020_2021,33501000.0,XGBoost,12850135.0,2,Enriched
5ce92385-5c7,2020_2021,23450700.0,XGBoost,12850135.0,2,Enriched
a6804e89-ef9,2020_2021,12885000.0,XGBoost,12850135.0,2,Enriched
f36b76f8-b13,2020_2021,7430350.0,XGBoost,12850135.0,2,Enriched
993c9515-b86,2020_2021,1460300.0,XGBoost,13348538.0,2,Enriched
c843adf3-577,2020_2021,19112750.0,XGBoost,12850135.0,2,Enriched
fe0f7af6-4f1,2020_2021,14173500.0,XGBoost,12850135.0,2,Enriched
bc317f7b-d0a,2020_2021,670020.0,XGBoost,13348538.0,2,Enriched
9a7c8d03-0cc,2020_2021,22334000.0,XGBoost,12850135.0,2,Enriched
8966e07f-9f7,2020_2021,17609500.0,XGBoost,13348538.0,2,Enriched
e9ab00c3-dec,2020_2021,5583500.0,XGBoost,12850135.0,2,Enriched
ac58b724-743,2020_2021,3307150.0,XGBoost,12850135.0,2,Enriched
41c9a5b1-8c8,2020_2021,3307150.0,XGBoost,12850135.0,2,Enriched
a8780044-9eb,2020_2021,1718000.0,XGBoost,12850135.0,2,Enriched
3e6521fc-ce8,2020_2021,11424700.0,XGBoost,13348538.0,2,Enriched
3d67532a-e0a,2020_2021,10308000.0,XGBoost,12850135.0,2,Enriched
7572a486-858,2020_2021,10308000.0,XGBoost,12850135.0,2,Enriched
4b31094d-caa,2020_2021,14259400.0,XGBoost,12850135.0,2,Enriched
09e99d65-787,2020_2021,27488000.0,XGBoost,13348538.0,2,Enriched
4458594f-2f1,2020_2021,25770000.0,XGBoost,12850135.0,2,Enriched
157988e7-83f,2020_2021,14431200.0,XGBoost,12850135.0,2,Enriched
e3444708-d91,2020_2021,10393900.0,XGBoost,12850135.0,2,Enriched
03081fff-c26,2020_2021,14173500.0,XGBoost,13348538.0,2,Enriched
aaf1b4ad-1e5,2020_2021,11596500.0,XGBoost,13348538.0,2,Enriched
6df6af2c-2ec,2020_2021,7086750.0,XGBoost,12850135.0,2,Enriched
78bf4725-991,2020_2021,944900.0,XGBoost,12850135.0,2,Enriched
ad1e8881-e37,2020_2021,94490.0,XGBoost,12850135.0,2,Enriched
6ae5e20d-866,2020_2021,944900.0,XGBoost,12850135.0,2,Enriched
f598ded8-e6b,2020_2021,19842900.0,XGBoost,12850135.0,2,Enriched
1c3cc996-175,2020_2021,13915800.0,XGBoost,13348538.0,2,Enriched
d685fc59-5b7,2020_2021,5154000.0,XGBoost,12850135.0,2,Enriched
7c82fe68-1ec,2020_2021,1374400.0,XGBoost,12850135.0,2,Enriched
47c4907b-28e,2020_2021,19327500.0,XGBoost,13348538.0,2,Enriched
e71507e3-674,2020_2021,4724500.0,XGBoost,13348538.0,2,Enriched
38f06169-008,2020_2021,34360000.0,XGBoost,12850135.0,2,Enriched
66b9beea-d59,2020_2021,27488000.0,XGBoost,12850135.0,2,Enriched
b468bd64-b38,2020_2021,8418200.0,XGBoost,12850135.0,2,Enriched
282bd856-c09,2020_2021,1718000.0,XGBoost,12850135.0,2,Enriched
65d399f4-987,2020_2021,677751.0,XGBoost,12850135.0,2,Enriched
9fdd3958-3b3,2020_2021,42950000.0,RandomForest,13076371.34774004,2,Enriched
aa822567-229,2020_2021,22334000.0,RandomForest,13076371.34774004,2,Enriched
c01f1ca5-17c,2020_2021,5154000.0,RandomForest,12752393.535701009,2,Enriched
3d9ae8b9-a41,2020_2021,1718000.0,RandomForest,13076371.34774004,2,Enriched
07030eb3-afb,2020_2021,14946600.0,RandomForest,12752393.535701009,2,Enriched
b72048c1-06f,2020_2021,29206000.0,RandomForest,13076371.34774004,2,Enriched
31a3f256-35a,2020_2021,15805600.0,RandomForest,13076371.34774004,2,Enriched
f00707d7-4a5,2020_2021,13572200.0,RandomForest,13076371.34774004,2,Enriched
227a66df-4d0,2020_2021,13529250.0,RandomForest,13076371.34774004,2,Enriched
c51634a5-64b,2020_2021,24223800.0,RandomForest,13076371.34774004,2,Enriched
45b1a53e-11d,2020_2021,9449000.0,RandomForest,13076371.34774004,2,Enriched
5ea64d8d-9ea,2020_2021,5583500.0,RandomForest,13076371.34774004,2,Enriched
f6e483e3-197,2020_2021,3436000.0,RandomForest,13076371.34774004,2,Enriched
74665c28-89a,2020_2021,3350100.0,RandomForest,13076371.34774004,2,Enriched
758588eb-b00,2020_2021,859000.0,RandomForest,13076371.34774004,2,Enriched
ea74ee02-db5,2020_2021,3865500.0,RandomForest,12752393.535701009,2,Enriched
0633338d-9ef,2020_2021,944900.0,RandomForest,12752393.535701009,2,Enriched
714507dd-140,2020_2021,944900.0,RandomForest,13076371.34774004,2,Enriched
ad845ac7-cb7,2020_2021,85900000.0,RandomForest,13076371.34774004,2,Enriched
ba142a67-f12,2020_2021,45527000.0,RandomForest,13076371.34774004,2,Enriched
c8d5312e-3a4,2020_2021,43121800.0,RandomForest,13076371.34774004,2,Enriched
5a339a69-148,2020_2021,34360000.0,RandomForest,13076371.34774004,2,Enriched
1d30df2d-272,2020_2021,20616000.0,RandomForest,13076371.34774004,2,Enriched
b29a1074-4bb,2020_2021,15290200.0,RandomForest,13076371.34774004,2,Enriched
4f3e9154-115,2020_2021,944900.0,RandomForest,13076371.34774004,2,Enriched
e960cdaf-9ea,2020_2021,23622500.0,RandomForest,13076371.34774004,2,Enriched
90720f23-bf0,2020_2021,21131400.0,RandomForest,12752393.535701009,2,Enriched
33633e36-d3d,2020_2021,18898000.0,RandomForest,13076371.34774004,2,Enriched
30926473-236,2020_2021,231930.0,RandomForest,13076371.34774004,2,Enriched
2e0be0b2-969,2020_2021,1915570.0,RandomForest,13076371.34774004,2,Enriched
bfc61328-b2f,2020_2021,5583500.0,RandomForest,12752393.535701009,2,Enriched
2854ceca-b19,2020_2021,3779600.0,RandomForest,12752393.535701009,2,Enriched
b608067d-fea,2020_2021,2748800.0,RandomForest,13076371.34774004,2,Enriched
6a74fe34-c18,2020_2021,1803900.0,RandomForest,13076371.34774004,2,Enriched
6afbb94a-023,2020_2021,1417350.0,RandomForest,13076371.34774004,2,Enriched
ff62ddf2-297,2020_2021,25770000.0,RandomForest,12752393.535701009,2,Enriched
fe98a487-94e,2020_2021,18039000.0,RandomForest,13076371.34774004,2,Enriched
f8f5d03d-ca0,2020_2021,17180000.0,RandomForest,13076371.34774004,2,Enriched
b457a0f4-b85,2020_2021,15977400.0,RandomForest,13076371.34774004,2,Enriched
4a7b4c7e-bd6,2020_2021,15204300.0,RandomForest,12752393.535701009,2,Enriched
a286a15e-b5c,2020_2021,11167000.0,RandomForest,13076371.34774004,2,Enriched
5d98c8ab-0d3,2020_2021,5583500.0,RandomForest,13076371.34774004,2,Enriched
1e884e5b-740,2020_2021,859000.0,RandomForest,13076371.34774004,2,Enriched
207f17f7-b17,2020_2021,30065000.0,RandomForest,13076371.34774004,2,Enriched
5ab4defe-6f5,2020_2021,17953100.0,RandomForest,13076371.34774004,2,Enriched
0f9f663d-e22,2020_2021,1718000.0,RandomForest,13076371.34774004,2,Enriched
12570a16-e84,2020_2021,38397300.0,RandomForest,12752393.535701009,2,Enriched
04e500d6-f90,2020_2021,18898000.0,RandomForest,13076371.34774004,2,Enriched
aca6e8e6-532,2020_2021,11167000.0,RandomForest,13076371.34774004,2,Enriched
f0036537-61f,2020_2021,1589150.0,RandomForest,13076371.34774004,2,Enriched
8196ac2c-b50,2020_2021,644250.0,RandomForest,13076371.34774004,2,Enriched
12d434fd-497,2020_2021,10308000.0,RandomForest,13076371.34774004,2,Enriched
014d741f-607,2020_2021,61504400.0,RandomForest,13076371.34774004,2,Enriched
9054caa0-e2b,2020_2021,38912700.0,RandomForest,13076371.34774004,2,Enriched
a5629819-38c,2020_2021,28776500.0,RandomForest,13076371.34774004,2,Enriched
ddd80ea0-0b2,2020_2021,5583500.0,RandomForest,13076371.34774004,2,Enriched
61694790-3b5,2020_2021,5154000.0,RandomForest,13076371.34774004,2,Enriched
847f7599-54a,2020_2021,5154000.0,RandomForest,13076371.34774004,2,Enriched
7b515993-9fe,2020_2021,3865500.0,RandomForest,13076371.34774004,2,Enriched
12f7e7aa-550,2020_2021,42091000.0,RandomForest,13076371.34774004,2,Enriched
a84a3f7e-541,2020_2021,12885000.0,RandomForest,13076371.34774004,2,Enriched
40b49b2b-68f,2020_2021,33501000.0,RandomForest,13076371.34774004,2,Enriched
5ce92385-5c7,2020_2021,23450700.0,RandomForest,13076371.34774004,2,Enriched
a6804e89-ef9,2020_2021,12885000.0,RandomForest,13076371.34774004,2,Enriched
f36b76f8-b13,2020_2021,7430350.0,RandomForest,13076371.34774004,2,Enriched
993c9515-b86,2020_2021,1460300.0,RandomForest,12752393.535701009,2,Enriched
c843adf3-577,2020_2021,19112750.0,RandomForest,13076371.34774004,2,Enriched
fe0f7af6-4f1,2020_2021,14173500.0,RandomForest,13076371.34774004,2,Enriched
bc317f7b-d0a,2020_2021,670020.0,RandomForest,12752393.535701009,2,Enriched
9a7c8d03-0cc,2020_2021,22334000.0,RandomForest,13076371.34774004,2,Enriched
8966e07f-9f7,2020_2021,17609500.0,RandomForest,12752393.535701009,2,Enriched
e9ab00c3-dec,2020_2021,5583500.0,RandomForest,13076371.34774004,2,Enriched
ac58b724-743,2020_2021,3307150.0,RandomForest,13076371.34774004,2,Enriched
41c9a5b1-8c8,2020_2021,3307150.0,RandomForest,13076371.34774004,2,Enriched
a8780044-9eb,2020_2021,1718000.0,RandomForest,13076371.34774004,2,Enriched
3e6521fc-ce8,2020_2021,11424700.0,RandomForest,12752393.535701009,2,Enriched
3d67532a-e0a,2020_2021,10308000.0,RandomForest,13076371.34774004,2,Enriched
7572a486-858,2020_2021,10308000.0,RandomForest,13076371.34774004,2,Enriched
4b31094d-caa,2020_2021,14259400.0,RandomForest,13076371.34774004,2,Enriched
09e99d65-787,2020_2021,27488000.0,RandomForest,12752393.535701009,2,Enriched
4458594f-2f1,2020_2021,25770000.0,RandomForest,13076371.34774004,2,Enriched
157988e7-83f,2020_2021,14431200.0,RandomForest,13076371.34774004,2,Enriched
e3444708-d91,2020_2021,10393900.0,RandomForest,13076371.34774004,2,Enriched
03081fff-c26,2020_2021,14173500.0,RandomForest,12752393.535701009,2,Enriched
aaf1b4ad-1e5,2020_2021,11596500.0,RandomForest,12752393.535701009,2,Enriched
6df6af2c-2ec,2020_2021,7086750.0,RandomForest,13076371.34774004,2,Enriched
78bf4725-991,2020_2021,944900.0,RandomForest,13076371.34774004,2,Enriched
ad1e8881-e37,2020_2021,94490.0,RandomForest,13076371.34774004,2,Enriched
6ae5e20d-866,2020_2021,944900.0,RandomForest,13076371.34774004,2,Enriched
f598ded8-e6b,2020_2021,19842900.0,RandomForest,13076371.34774004,2,Enriched
1c3cc996-175,2020_2021,13915800.0,RandomForest,12752393.535701009,2,Enriched
d685fc59-5b7,2020_2021,5154000.0,RandomForest,13076371.34774004,2,Enriched
7c82fe68-1ec,2020_2021,1374400.0,RandomForest,13076371.34774004,2,Enriched
47c4907b-28e,2020_2021,19327500.0,RandomForest,12752393.535701009,2,Enriched
e71507e3-674,2020_2021,4724500.0,RandomForest,12752393.535701009,2,Enriched
38f06169-008,2020_2021,34360000.0,RandomForest,13076371.34774004,2,Enriched
66b9beea-d59,2020_2021,27488000.0,RandomForest,13076371.34774004,2,Enriched
b468bd64-b38,2020_2021,8418200.0,RandomForest,13076371.34774004,2,Enriched
282bd856-c09,2020_2021,1718000.0,RandomForest,13076371.34774004,2,Enriched
65d399f4-987,2020_2021,677751.0,RandomForest,13076371.34774004,2,Enriched
d3888673-a37,2021_2022,50193000.0,Ridge,9780020.398371454,3,Enriched
8330842d-3a4,2021_2022,30030000.0,Ridge,12184335.25960553,3,Enriched
efa4ce71-df1,2021_2022,24024000.0,Ridge,14279256.06198851,3,Enriched
24de4eeb-fc2,2021_2022,15958800.0,Ridge,13386492.690222569,3,Enriched
598585a6-7fe,2021_2022,15015000.0,Ridge,13386492.690222569,3,Enriched
01203dad-b1d,2021_2022,6864000.0,Ridge,13386492.690222569,3,Enriched
228f5c8f-bf0,2021_2022,1544400.0,Ridge,13386492.690222569,3,Enriched
609c0ab3-fa5,2021_2022,25225200.0,Ridge,10982177.828988492,3,Enriched
1c67968c-f5e,2021_2022,32947200.0,Ridge,43583422.453368224,3,Enriched
6ad1efb7-4c9,2021_2022,27456000.0,Ridge,13386492.690222569,3,Enriched
07111dde-ee6,2021_2022,25740000.0,Ridge,15433163.567244574,3,Enriched
5354ca7f-29d,2021_2022,25225200.0,Ridge,10982177.828988492,3,Enriched
e3edd9d9-a58,2021_2022,100815000.0,Ridge,13386492.690222569,3,Enriched
ada8f489-945,2021_2022,3003000.0,Ridge,13470999.93589822,3,Enriched
105e60f9-ebf,2021_2022,13470600.0,Ridge,13386492.690222569,3,Enriched
19c145ae-80c,2021_2022,8580000.0,Ridge,13386492.690222569,3,Enriched
abc20830-b89,2021_2022,8580000.0,Ridge,13386492.690222569,3,Enriched
e59109ec-1fd,2021_2022,1287000.0,Ridge,13386492.690222569,3,Enriched
46b2f21d-e3c,2021_2022,19734000.0,Ridge,13386492.690222569,3,Enriched
ef221509-0b0,2021_2022,15444000.0,Ridge,13386492.690222569,3,Enriched
467295a2-86d,2021_2022,9438000.0,Ridge,13386492.690222569,3,Enriched
8bc19ec6-ac0,2021_2022,6864000.0,Ridge,13386492.690222569,3,Enriched
93f71f56-980,2021_2022,6006000.0,Ridge,13386492.690222569,3,Enriched
22dee879-297,2021_2022,4290000.0,Ridge,13386492.690222569,3,Enriched
d3ef6420-79e,2021_2022,2574000.0,Ridge,13386492.690222569,3,Enriched
098677ad-2e1,2021_2022,497640.0,Ridge,13386492.690222569,3,Enriched
ffc6fd70-6f2,2021_2022,12870000.0,Ridge,12755292.709710412,3,Enriched
60775938-351,2021_2022,1544400.0,Ridge,49063551.40461747,3,Enriched
5ba201b4-932,2021_2022,1029600.0,Ridge,10982177.828988492,3,Enriched
3ef02ef6-623,2021_2022,858000.0,Ridge,15803079.661678722,3,Enriched
52c5517a-1fc,2021_2022,15015000.0,Ridge,13386492.690222569,3,Enriched
e7c38afb-ae3,2021_2022,12870000.0,Ridge,13386492.690222569,3,Enriched
165ff125-d80,2021_2022,12012000.0,Ridge,12184335.25960553,3,Enriched
fa69744d-26c,2021_2022,2488200.0,Ridge,13386492.690222569,3,Enriched
0e455989-f25,2021_2022,25740000.0,Ridge,13386492.690222569,3,Enriched
ae51da7a-70b,2021_2022,7979400.0,Ridge,12498099.527039763,3,Enriched
e681c97e-650,2021_2022,1029600.0,Ridge,12184335.25960553,3,Enriched
80f936d6-08a,2021_2022,96954000.0,Ridge,24085983.515312918,3,Enriched
0c216cb0-392,2021_2022,35178000.0,Ridge,12184335.25960553,3,Enriched
045c2607-14b,2021_2022,30030000.0,Ridge,10982177.828988492,3,Enriched
9726a834-78a,2021_2022,20025720.0,Ridge,10982177.828988492,3,Enriched
29848a20-f89,2021_2022,4118400.0,Ridge,13386492.690222569,3,Enriched
4409f487-fcf,2021_2022,15015000.0,Ridge,12184335.25960553,3,Enriched
8785e3f4-ffd,2021_2022,13985400.0,Ridge,13386492.690222569,3,Enriched
31601f76-de8,2021_2022,9438000.0,Ridge,12184335.25960553,3,Enriched
fa2d7f6d-324,2021_2022,7979400.0,Ridge,13386492.690222569,3,Enriched
4b394a5c-86b,2021_2022,6006000.0,Ridge,13386492.690222569,3,Enriched
8e0e9bf8-670,2021_2022,1012440.0,Ridge,13386492.690222569,3,Enriched
6965c240-990,2021_2022,20163000.0,Ridge,13386492.690222569,3,Enriched
489fc010-6ae,2021_2022,12012000.0,Ridge,13386492.690222569,3,Enriched
d82b1950-47a,2021_2022,1716000.0,Ridge,12506001.428678703,3,Enriched
6aafe572-0c6,2021_2022,6864000.0,Ridge,12184335.25960553,3,Enriched
64cd6fe6-921,2021_2022,858000.0,Ridge,11388351.243737318,3,Enriched
8ffff09c-f4b,2021_2022,24967800.0,Ridge,15047164.164356766,3,Enriched
07a11aef-692,2021_2022,12870000.0,Ridge,13386492.690222569,3,Enriched
609db557-721,2021_2022,10982400.0,Ridge,12184335.25960553,3,Enriched
44ab6386-ae8,2021_2022,2059200.0,Ridge,13386492.690222569,3,Enriched
1ee91c39-b7b,2021_2022,25740000.0,Ridge,13386492.690222569,3,Enriched
bfb3cf63-a80,2021_2022,17160000.0,Ridge,13386492.690222569,3,Enriched
610332b5-e15,2021_2022,15100800.0,Ridge,16205162.373020187,3,Enriched
9dfce3db-cd3,2021_2022,42042000.0,Ridge,13386492.690222569,3,Enriched
7335cf7f-8c9,2021_2022,34320000.0,Ridge,13386492.690222569,3,Enriched
2016be26-086,2021_2022,12012000.0,Ridge,7375705.537137377,3,Enriched
ace9e838-470,2021_2022,5148000.0,Ridge,14548581.60229335,3,Enriched
54bde75c-15d,2021_2022,18361200.0,Ridge,13386492.690222569,3,Enriched
883f714f-175,2021_2022,47190000.0,Ridge,17572243.591581173,3,Enriched
63605e29-338,2021_2022,72930000.0,Ridge,13386492.690222569,3,Enriched
e247184b-811,2021_2022,34320000.0,Ridge,13386492.690222569,3,Enriched
0f89dd6d-394,2021_2022,14586000.0,Ridge,13386492.690222569,3,Enriched
79554187-592,2021_2022,42985800.0,Ridge,13386492.690222569,3,Enriched
43b36245-a0e,2021_2022,12012000.0,Ridge,15722663.11941043,3,Enriched
42344825-69d,2021_2022,9438000.0,Ridge,13386492.690222569,3,Enriched
88dc694e-d89,2021_2022,9438000.0,Ridge,13386492.690222569,3,Enriched
8e1f814d-6b8,2021_2022,8151000.0,Ridge,13386492.690222569,3,Enriched
a3e069c6-2a5,2021_2022,6435000.0,Ridge,13386492.690222569,3,Enriched
27d6c920-a0e,2021_2022,5019300.0,Ridge,12799591.684251918,3,Enriched
a042cc09-bc8,2021_2022,3346200.0,Ridge,13386492.690222569,3,Enriched
9f8a9ec5-e50,2021_2022,22479600.0,Ridge,13386492.690222569,3,Enriched
a3053a5c-ff1,2021_2022,15186600.0,Ridge,12489918.120225044,3,Enriched
c82c4121-741,2021_2022,10296000.0,Ridge,13386492.690222569,3,Enriched
366e0e1c-2d4,2021_2022,6435000.0,Ridge,13386492.690222569,3,Enriched
d75aadfa-9fd,2021_2022,4719000.0,Ridge,9780020.398371454,3,Enriched
bff05486-28f,2021_2022,1716000.0,Ridge,12184335.25960553,3,Enriched
5282e701-56b,2021_2022,21450000.0,Ridge,13386492.690222569,3,Enriched
ae97f314-cce,2021_2022,21450000.0,Ridge,13386492.690222569,3,Enriched
0674276a-ea4,2021_2022,16302000.0,Ridge,13386492.690222569,3,Enriched
7e941382-e55,2021_2022,14500200.0,Ridge,13386492.690222569,3,Enriched
5141b087-aab,2021_2022,11154000.0,Ridge,13386492.690222569,3,Enriched
f3a17515-0f8,2021_2022,3003000.0,Ridge,13386492.690222569,3,Enriched
37220a0d-58b,2021_2022,1029600.0,Ridge,11609426.858681178,3,Enriched
441ba487-03c,2021_2022,8580000.0,Ridge,13386492.690222569,3,Enriched
f4e2b27a-8c8,2021_2022,4290000.0,Ridge,13386492.690222569,3,Enriched
a2cd8aba-bd9,2021_2022,4290000.0,Ridge,13386492.690222569,3,Enriched
f240e77d-fd7,2021_2022,4032600.0,Ridge,13386492.690222569,3,Enriched
6fe11ee7-03d,2021_2022,3432000.0,Ridge,13386492.690222569,3,Enriched
29252825-bf0,2021_2022,3432000.0,Ridge,13386492.690222569,3,Enriched
64ec51d6-78b,2021_2022,2574000.0,Ridge,13386492.690222569,3,Enriched
6ff292ff-032,2021_2022,2574000.0,Ridge,13386492.690222569,3,Enriched
457af567-7d7,2021_2022,257400.0,Ridge,13386492.690222569,3,Enriched
87f69d48-3a9,2021_2022,1973400.0,Ridge,10745018.905590972,3,Enriched
c594277f-920,2021_2022,1544400.0,Ridge,12184335.25960553,3,Enriched
29e6305b-d58,2021_2022,1501500.0,Ridge,10053436.64208365,3,Enriched
62c025fb-e75,2021_2022,25740000.0,Ridge,10982177.828988492,3,Enriched
8b9ef9c3-249,2021_2022,9523800.0,Ridge,12184335.25960553,3,Enriched
78427ce2-eb9,2021_2022,6864000.0,Ridge,13386492.690222569,3,Enriched
bbe16a73-0c5,2021_2022,4461600.0,Ridge,13386492.690222569,3,Enriched
aa44a4cb-1c2,2021_2022,3003000.0,Ridge,13386492.690222569,3,Enriched
76f85f7d-38b,2021_2022,1716000.0,Ridge,13386492.690222569,3,Enriched
5007b36b-cf3,2021_2022,1029600.0,Ridge,13386492.690222569,3,Enriched
78bf8612-a5d,2021_2022,514800.0,Ridge,13386492.690222569,3,Enriched
e243b739-bfd,2021_2022,10124400.0,Ridge,15079330.781264085,3,Enriched
4134790f-f36,2021_2022,3432000.0,Ridge,12184335.25960553,3,Enriched
d3888673-a37,2021_2022,50193000.0,XGBoost,6904748.5,3,Enriched
8330842d-3a4,2021_2022,30030000.0,XGBoost,13650732.0,3,Enriched
efa4ce71-df1,2021_2022,24024000.0,XGBoost,5961037.5,3,Enriched
24de4eeb-fc2,2021_2022,15958800.0,XGBoost,13365506.0,3,Enriched
598585a6-7fe,2021_2022,15015000.0,XGBoost,13365506.0,3,Enriched
01203dad-b1d,2021_2022,6864000.0,XGBoost,13365506.0,3,Enriched
228f5c8f-bf0,2021_2022,1544400.0,XGBoost,13365506.0,3,Enriched
609c0ab3-fa5,2021_2022,25225200.0,XGBoost,9637471.0,3,Enriched
1c67968c-f5e,2021_2022,32947200.0,XGBoost,10188459.0,3,Enriched
6ad1efb7-4c9,2021_2022,27456000.0,XGBoost,13365506.0,3,Enriched
07111dde-ee6,2021_2022,25740000.0,XGBoost,7591114.0,3,Enriched
5354ca7f-29d,2021_2022,25225200.0,XGBoost,9637471.0,3,Enriched
e3edd9d9-a58,2021_2022,100815000.0,XGBoost,13365506.0,3,Enriched
ada8f489-945,2021_2022,3003000.0,XGBoost,3077066.75,3,Enriched
105e60f9-ebf,2021_2022,13470600.0,XGBoost,13365506.0,3,Enriched
19c145ae-80c,2021_2022,8580000.0,XGBoost,13365506.0,3,Enriched
abc20830-b89,2021_2022,8580000.0,XGBoost,13365506.0,3,Enriched
e59109ec-1fd,2021_2022,1287000.0,XGBoost,13365506.0,3,Enriched
46b2f21d-e3c,2021_2022,19734000.0,XGBoost,13365506.0,3,Enriched
ef221509-0b0,2021_2022,15444000.0,XGBoost,13365506.0,3,Enriched
467295a2-86d,2021_2022,9438000.0,XGBoost,13365506.0,3,Enriched
8bc19ec6-ac0,2021_2022,6864000.0,XGBoost,13365506.0,3,Enriched
93f71f56-980,2021_2022,6006000.0,XGBoost,13365506.0,3,Enriched
22dee879-297,2021_2022,4290000.0,XGBoost,13365506.0,3,Enriched
d3ef6420-79e,2021_2022,2574000.0,XGBoost,13365506.0,3,Enriched
098677ad-2e1,2021_2022,497640.0,XGBoost,13365506.0,3,Enriched
ffc6fd70-6f2,2021_2022,12870000.0,XGBoost,3987492.5,3,Enriched
60775938-351,2021_2022,1544400.0,XGBoost,5648768.5,3,Enriched
5ba201b4-932,2021_2022,1029600.0,XGBoost,9637471.0,3,Enriched
3ef02ef6-623,2021_2022,858000.0,XGBoost,7591114.0,3,Enriched
52c5517a-1fc,2021_2022,15015000.0,XGBoost,13365506.0,3,Enriched
e7c38afb-ae3,2021_2022,12870000.0,XGBoost,13365506.0,3,Enriched
165ff125-d80,2021_2022,12012000.0,XGBoost,13650732.0,3,Enriched
fa69744d-26c,2021_2022,2488200.0,XGBoost,13365506.0,3,Enriched
0e455989-f25,2021_2022,25740000.0,XGBoost,13365506.0,3,Enriched
ae51da7a-70b,2021_2022,7979400.0,XGBoost,28263292.0,3,Enriched
e681c97e-650,2021_2022,1029600.0,XGBoost,13650732.0,3,Enriched
80f936d6-08a,2021_2022,96954000.0,XGBoost,22963078.0,3,Enriched
0c216cb0-392,2021_2022,35178000.0,XGBoost,13650732.0,3,Enriched
045c2607-14b,2021_2022,30030000.0,XGBoost,9637471.0,3,Enriched
9726a834-78a,2021_2022,20025720.0,XGBoost,9637471.0,3,Enriched
29848a20-f89,2021_2022,4118400.0,XGBoost,13365506.0,3,Enriched
4409f487-fcf,2021_2022,15015000.0,XGBoost,13650732.0,3,Enriched
8785e3f4-ffd,2021_2022,13985400.0,XGBoost,13365506.0,3,Enriched
31601f76-de8,2021_2022,9438000.0,XGBoost,13650732.0,3,Enriched
fa2d7f6d-324,2021_2022,7979400.0,XGBoost,13365506.0,3,Enriched
4b394a5c-86b,2021_2022,6006000.0,XGBoost,13365506.0,3,Enriched
8e0e9bf8-670,2021_2022,1012440.0,XGBoost,13365506.0,3,Enriched
6965c240-990,2021_2022,20163000.0,XGBoost,13365506.0,3,Enriched
489fc010-6ae,2021_2022,12012000.0,XGBoost,13365506.0,3,Enriched
d82b1950-47a,2021_2022,1716000.0,XGBoost,13200635.0,3,Enriched
6aafe572-0c6,2021_2022,6864000.0,XGBoost,13650732.0,3,Enriched
64cd6fe6-921,2021_2022,858000.0,XGBoost,68638.03125,3,Enriched
8ffff09c-f4b,2021_2022,24967800.0,XGBoost,33462608.0,3,Enriched
07a11aef-692,2021_2022,12870000.0,XGBoost,13365506.0,3,Enriched
609db557-721,2021_2022,10982400.0,XGBoost,13650732.0,3,Enriched
44ab6386-ae8,2021_2022,2059200.0,XGBoost,13365506.0,3,Enriched
1ee91c39-b7b,2021_2022,25740000.0,XGBoost,13365506.0,3,Enriched
bfb3cf63-a80,2021_2022,17160000.0,XGBoost,13365506.0,3,Enriched
610332b5-e15,2021_2022,15100800.0,XGBoost,7591114.0,3,Enriched
9dfce3db-cd3,2021_2022,42042000.0,XGBoost,13365506.0,3,Enriched
7335cf7f-8c9,2021_2022,34320000.0,XGBoost,13365506.0,3,Enriched
2016be26-086,2021_2022,12012000.0,XGBoost,6904748.5,3,Enriched
ace9e838-470,2021_2022,5148000.0,XGBoost,33462608.0,3,Enriched
54bde75c-15d,2021_2022,18361200.0,XGBoost,13365506.0,3,Enriched
883f714f-175,2021_2022,47190000.0,XGBoost,7591114.0,3,Enriched
63605e29-338,2021_2022,72930000.0,XGBoost,13365506.0,3,Enriched
e247184b-811,2021_2022,34320000.0,XGBoost,13365506.0,3,Enriched
0f89dd6d-394,2021_2022,14586000.0,XGBoost,13365506.0,3,Enriched
79554187-592,2021_2022,42985800.0,XGBoost,13365506.0,3,Enriched
43b36245-a0e,2021_2022,12012000.0,XGBoost,7591114.0,3,Enriched
42344825-69d,2021_2022,9438000.0,XGBoost,13365506.0,3,Enriched
88dc694e-d89,2021_2022,9438000.0,XGBoost,13365506.0,3,Enriched
8e1f814d-6b8,2021_2022,8151000.0,XGBoost,13365506.0,3,Enriched
a3e069c6-2a5,2021_2022,6435000.0,XGBoost,13365506.0,3,Enriched
27d6c920-a0e,2021_2022,5019300.0,XGBoost,5933723.5,3,Enriched
a042cc09-bc8,2021_2022,3346200.0,XGBoost,13365506.0,3,Enriched
9f8a9ec5-e50,2021_2022,22479600.0,XGBoost,13365506.0,3,Enriched
a3053a5c-ff1,2021_2022,15186600.0,XGBoost,13200635.0,3,Enriched
c82c4121-741,2021_2022,10296000.0,XGBoost,13365506.0,3,Enriched
366e0e1c-2d4,2021_2022,6435000.0,XGBoost,13365506.0,3,Enriched
d75aadfa-9fd,2021_2022,4719000.0,XGBoost,6904748.5,3,Enriched
bff05486-28f,2021_2022,1716000.0,XGBoost,13650732.0,3,Enriched
5282e701-56b,2021_2022,21450000.0,XGBoost,13365506.0,3,Enriched
ae97f314-cce,2021_2022,21450000.0,XGBoost,13365506.0,3,Enriched
0674276a-ea4,2021_2022,16302000.0,XGBoost,13365506.0,3,Enriched
7e941382-e55,2021_2022,14500200.0,XGBoost,13365506.0,3,Enriched
5141b087-aab,2021_2022,11154000.0,XGBoost,13365506.0,3,Enriched
f3a17515-0f8,2021_2022,3003000.0,XGBoost,13365506.0,3,Enriched
37220a0d-58b,2021_2022,1029600.0,XGBoost,2306138.5,3,Enriched
441ba487-03c,2021_2022,8580000.0,XGBoost,13365506.0,3,Enriched
f4e2b27a-8c8,2021_2022,4290000.0,XGBoost,13365506.0,3,Enriched
a2cd8aba-bd9,2021_2022,4290000.0,XGBoost,13365506.0,3,Enriched
f240e77d-fd7,2021_2022,4032600.0,XGBoost,13365506.0,3,Enriched
6fe11ee7-03d,2021_2022,3432000.0,XGBoost,13365506.0,3,Enriched
29252825-bf0,2021_2022,3432000.0,XGBoost,13365506.0,3,Enriched
64ec51d6-78b,2021_2022,2574000.0,XGBoost,13365506.0,3,Enriched
6ff292ff-032,2021_2022,2574000.0,XGBoost,13365506.0,3,Enriched
457af567-7d7,2021_2022,257400.0,XGBoost,13365506.0,3,Enriched
87f69d48-3a9,2021_2022,1973400.0,XGBoost,68638.03125,3,Enriched
c594277f-920,2021_2022,1544400.0,XGBoost,13650732.0,3,Enriched
29e6305b-d58,2021_2022,1501500.0,XGBoost,6723262.0,3,Enriched
62c025fb-e75,2021_2022,25740000.0,XGBoost,9637471.0,3,Enriched
8b9ef9c3-249,2021_2022,9523800.0,XGBoost,13650732.0,3,Enriched
78427ce2-eb9,2021_2022,6864000.0,XGBoost,13365506.0,3,Enriched
bbe16a73-0c5,2021_2022,4461600.0,XGBoost,13365506.0,3,Enriched
aa44a4cb-1c2,2021_2022,3003000.0,XGBoost,13365506.0,3,Enriched
76f85f7d-38b,2021_2022,1716000.0,XGBoost,13365506.0,3,Enriched
5007b36b-cf3,2021_2022,1029600.0,XGBoost,13365506.0,3,Enriched
78bf8612-a5d,2021_2022,514800.0,XGBoost,13365506.0,3,Enriched
e243b739-bfd,2021_2022,10124400.0,XGBoost,33462608.0,3,Enriched
4134790f-f36,2021_2022,3432000.0,XGBoost,13650732.0,3,Enriched
d3888673-a37,2021_2022,50193000.0,RandomForest,10988929.407450432,3,Enriched
8330842d-3a4,2021_2022,30030000.0,RandomForest,12628788.046362001,3,Enriched
efa4ce71-df1,2021_2022,24024000.0,RandomForest,14857264.139869997,3,Enriched
24de4eeb-fc2,2021_2022,15958800.0,RandomForest,13537271.755690923,3,Enriched
598585a6-7fe,2021_2022,15015000.0,RandomForest,13537271.755690923,3,Enriched
01203dad-b1d,2021_2022,6864000.0,RandomForest,13537271.755690923,3,Enriched
228f5c8f-bf0,2021_2022,1544400.0,RandomForest,13537271.755690923,3,Enriched
609c0ab3-fa5,2021_2022,25225200.0,RandomForest,10988929.407450432,3,Enriched
1c67968c-f5e,2021_2022,32947200.0,RandomForest,13537271.755690923,3,Enriched
6ad1efb7-4c9,2021_2022,27456000.0,RandomForest,13537271.755690923,3,Enriched
07111dde-ee6,2021_2022,25740000.0,RandomForest,16062946.014970107,3,Enriched
5354ca7f-29d,2021_2022,25225200.0,RandomForest,10988929.407450432,3,Enriched
e3edd9d9-a58,2021_2022,100815000.0,RandomForest,13537271.755690923,3,Enriched
ada8f489-945,2021_2022,3003000.0,RandomForest,14299681.68013782,3,Enriched
105e60f9-ebf,2021_2022,13470600.0,RandomForest,13537271.755690923,3,Enriched
19c145ae-80c,2021_2022,8580000.0,RandomForest,13537271.755690923,3,Enriched
abc20830-b89,2021_2022,8580000.0,RandomForest,13537271.755690923,3,Enriched
e59109ec-1fd,2021_2022,1287000.0,RandomForest,13537271.755690923,3,Enriched
46b2f21d-e3c,2021_2022,19734000.0,RandomForest,13537271.755690923,3,Enriched
ef221509-0b0,2021_2022,15444000.0,RandomForest,13537271.755690923,3,Enriched
467295a2-86d,2021_2022,9438000.0,RandomForest,13537271.755690923,3,Enriched
8bc19ec6-ac0,2021_2022,6864000.0,RandomForest,13537271.755690923,3,Enriched
93f71f56-980,2021_2022,6006000.0,RandomForest,13537271.755690923,3,Enriched
22dee879-297,2021_2022,4290000.0,RandomForest,13537271.755690923,3,Enriched
d3ef6420-79e,2021_2022,2574000.0,RandomForest,13537271.755690923,3,Enriched
098677ad-2e1,2021_2022,497640.0,RandomForest,13537271.755690923,3,Enriched
ffc6fd70-6f2,2021_2022,12870000.0,RandomForest,12762399.237367678,3,Enriched
60775938-351,2021_2022,1544400.0,RandomForest,11611765.324940823,3,Enriched
5ba201b4-932,2021_2022,1029600.0,RandomForest,10988929.407450432,3,Enriched
3ef02ef6-623,2021_2022,858000.0,RandomForest,16062946.014970107,3,Enriched
52c5517a-1fc,2021_2022,15015000.0,RandomForest,13537271.755690923,3,Enriched
e7c38afb-ae3,2021_2022,12870000.0,RandomForest,13537271.755690923,3,Enriched
165ff125-d80,2021_2022,12012000.0,RandomForest,12628788.046362001,3,Enriched
fa69744d-26c,2021_2022,2488200.0,RandomForest,13537271.755690923,3,Enriched
0e455989-f25,2021_2022,25740000.0,RandomForest,13537271.755690923,3,Enriched
ae51da7a-70b,2021_2022,7979400.0,RandomForest,14857264.139869997,3,Enriched
e681c97e-650,2021_2022,1029600.0,RandomForest,12628788.046362001,3,Enriched
80f936d6-08a,2021_2022,96954000.0,RandomForest,16062946.014970107,3,Enriched
0c216cb0-392,2021_2022,35178000.0,RandomForest,12628788.046362001,3,Enriched
045c2607-14b,2021_2022,30030000.0,RandomForest,10988929.407450432,3,Enriched
9726a834-78a,2021_2022,20025720.0,RandomForest,10988929.407450432,3,Enriched
29848a20-f89,2021_2022,4118400.0,RandomForest,13537271.755690923,3,Enriched
4409f487-fcf,2021_2022,15015000.0,RandomForest,12628788.046362001,3,Enriched
8785e3f4-ffd,2021_2022,13985400.0,RandomForest,13537271.755690923,3,Enriched
31601f76-de8,2021_2022,9438000.0,RandomForest,12628788.046362001,3,Enriched
fa2d7f6d-324,2021_2022,7979400.0,RandomForest,13537271.755690923,3,Enriched
4b394a5c-86b,2021_2022,6006000.0,RandomForest,13537271.755690923,3,Enriched
8e0e9bf8-670,2021_2022,1012440.0,RandomForest,13537271.755690923,3,Enriched
6965c240-990,2021_2022,20163000.0,RandomForest,13537271.755690923,3,Enriched
489fc010-6ae,2021_2022,12012000.0,RandomForest,13537271.755690923,3,Enriched
d82b1950-47a,2021_2022,1716000.0,RandomForest,12860880.292414233,3,Enriched
6aafe572-0c6,2021_2022,6864000.0,RandomForest,12628788.046362001,3,Enriched
64cd6fe6-921,2021_2022,858000.0,RandomForest,13931637.501368776,3,Enriched
8ffff09c-f4b,2021_2022,24967800.0,RandomForest,16062946.014970107,3,Enriched
07a11aef-692,2021_2022,12870000.0,RandomForest,13537271.755690923,3,Enriched
609db557-721,2021_2022,10982400.0,RandomForest,12628788.046362001,3,Enriched
44ab6386-ae8,2021_2022,2059200.0,RandomForest,13537271.755690923,3,Enriched
1ee91c39-b7b,2021_2022,25740000.0,RandomForest,13537271.755690923,3,Enriched
bfb3cf63-a80,2021_2022,17160000.0,RandomForest,13537271.755690923,3,Enriched
610332b5-e15,2021_2022,15100800.0,RandomForest,16062946.014970107,3,Enriched
9dfce3db-cd3,2021_2022,42042000.0,RandomForest,13537271.755690923,3,Enriched
7335cf7f-8c9,2021_2022,34320000.0,RandomForest,13537271.755690923,3,Enriched
2016be26-086,2021_2022,12012000.0,RandomForest,10988929.407450432,3,Enriched
ace9e838-470,2021_2022,5148000.0,RandomForest,16062946.014970107,3,Enriched
54bde75c-15d,2021_2022,18361200.0,RandomForest,13537271.755690923,3,Enriched
883f714f-175,2021_2022,47190000.0,RandomForest,16062946.014970107,3,Enriched
63605e29-338,2021_2022,72930000.0,RandomForest,13537271.755690923,3,Enriched
e247184b-811,2021_2022,34320000.0,RandomForest,13537271.755690923,3,Enriched
0f89dd6d-394,2021_2022,14586000.0,RandomForest,13537271.755690923,3,Enriched
79554187-592,2021_2022,42985800.0,RandomForest,13537271.755690923,3,Enriched
43b36245-a0e,2021_2022,12012000.0,RandomForest,16062946.014970107,3,Enriched
42344825-69d,2021_2022,9438000.0,RandomForest,13537271.755690923,3,Enriched
88dc694e-d89,2021_2022,9438000.0,RandomForest,13537271.755690923,3,Enriched
8e1f814d-6b8,2021_2022,8151000.0,RandomForest,13537271.755690923,3,Enriched
a3e069c6-2a5,2021_2022,6435000.0,RandomForest,13537271.755690923,3,Enriched
27d6c920-a0e,2021_2022,5019300.0,RandomForest,13931637.501368776,3,Enriched
a042cc09-bc8,2021_2022,3346200.0,RandomForest,13537271.755690923,3,Enriched
9f8a9ec5-e50,2021_2022,22479600.0,RandomForest,13537271.755690923,3,Enriched
a3053a5c-ff1,2021_2022,15186600.0,RandomForest,12860880.292414233,3,Enriched
c82c4121-741,2021_2022,10296000.0,RandomForest,13537271.755690923,3,Enriched
366e0e1c-2d4,2021_2022,6435000.0,RandomForest,13537271.755690923,3,Enriched
d75aadfa-9fd,2021_2022,4719000.0,RandomForest,10988929.407450432,3,Enriched
bff05486-28f,2021_2022,1716000.0,RandomForest,12628788.046362001,3,Enriched
5282e701-56b,2021_2022,21450000.0,RandomForest,13537271.755690923,3,Enriched
ae97f314-cce,2021_2022,21450000.0,RandomForest,13537271.755690923,3,Enriched
0674276a-ea4,2021_2022,16302000.0,RandomForest,13537271.755690923,3,Enriched
7e941382-e55,2021_2022,14500200.0,RandomForest,13537271.755690923,3,Enriched
5141b087-aab,2021_2022,11154000.0,RandomForest,13537271.755690923,3,Enriched
f3a17515-0f8,2021_2022,3003000.0,RandomForest,13537271.755690923,3,Enriched
37220a0d-58b,2021_2022,1029600.0,RandomForest,11611765.324940823,3,Enriched
441ba487-03c,2021_2022,8580000.0,RandomForest,13537271.755690923,3,Enriched
f4e2b27a-8c8,2021_2022,4290000.0,RandomForest,13537271.755690923,3,Enriched
a2cd8aba-bd9,2021_2022,4290000.0,RandomForest,13537271.755690923,3,Enriched
f240e77d-fd7,2021_2022,4032600.0,RandomForest,13537271.755690923,3,Enriched
6fe11ee7-03d,2021_2022,3432000.0,RandomForest,13537271.755690923,3,Enriched
29252825-bf0,2021_2022,3432000.0,RandomForest,13537271.755690923,3,Enriched
64ec51d6-78b,2021_2022,2574000.0,RandomForest,13537271.755690923,3,Enriched
6ff292ff-032,2021_2022,2574000.0,RandomForest,13537271.755690923,3,Enriched
457af567-7d7,2021_2022,257400.0,RandomForest,13537271.755690923,3,Enriched
87f69d48-3a9,2021_2022,1973400.0,RandomForest,11900455.62804118,3,Enriched
c594277f-920,2021_2022,1544400.0,RandomForest,12628788.046362001,3,Enriched
29e6305b-d58,2021_2022,1501500.0,RandomForest,11393363.757591331,3,Enriched
62c025fb-e75,2021_2022,25740000.0,RandomForest,10988929.407450432,3,Enriched
8b9ef9c3-249,2021_2022,9523800.0,RandomForest,12628788.046362001,3,Enriched
78427ce2-eb9,2021_2022,6864000.0,RandomForest,13537271.755690923,3,Enriched
bbe16a73-0c5,2021_2022,4461600.0,RandomForest,13537271.755690923,3,Enriched
aa44a4cb-1c2,2021_2022,3003000.0,RandomForest,13537271.755690923,3,Enriched
76f85f7d-38b,2021_2022,1716000.0,RandomForest,13537271.755690923,3,Enriched
5007b36b-cf3,2021_2022,1029600.0,RandomForest,13537271.755690923,3,Enriched
78bf8612-a5d,2021_2022,514800.0,RandomForest,13537271.755690923,3,Enriched
e243b739-bfd,2021_2022,10124400.0,RandomForest,16062946.014970107,3,Enriched
4134790f-f36,2021_2022,3432000.0,RandomForest,12628788.046362001,3,Enriched
24b11dd6-765,2022_2023,44668000.0,Ridge,13272039.923861923,4,Enriched
26e9dc27-a03,2022_2023,30065000.0,Ridge,13272039.923861923,4,Enriched
b16fb33d-063,2022_2023,30065000.0,Ridge,13272039.923861923,4,Enriched
d4967922-812,2022_2023,20616000.0,Ridge,19407843.79062908,4,Enriched
81f3eefd-b6c,2022_2023,16750500.0,Ridge,13272039.923861923,4,Enriched
c265feb3-098,2022_2023,9706700.0,Ridge,38590308.436772496,4,Enriched
836adabd-fc5,2022_2023,5068100.0,Ridge,13272039.923861923,4,Enriched
e5b85102-e43,2022_2023,3006500.0,Ridge,13272039.923861923,4,Enriched
ca9eca46-1d6,2022_2023,3092400.0,Ridge,23777594.424306538,4,Enriched
ab0bb941-bda,2022_2023,26629000.0,Ridge,14982545.479404876,4,Enriched
36752228-044,2022_2023,25340500.0,Ridge,13272039.923861923,4,Enriched
350f991e-602,2022_2023,17180000.0,Ridge,12205161.602067508,4,Enriched
4f6cf34e-1ee,2022_2023,12885000.0,Ridge,17526266.19814904,4,Enriched
f5ff19f7-6fb,2022_2023,11596500.0,Ridge,13272039.923861923,4,Enriched
dbd8a644-dee,2022_2023,3006500.0,Ridge,11138283.280273095,4,Enriched
0be7c00c-bcd,2022_2023,15462000.0,Ridge,12205161.602067508,4,Enriched
0c618c2d-eb5,2022_2023,15032500.0,Ridge,18313191.63006129,4,Enriched
5510fed8-97a,2022_2023,10308000.0,Ridge,23664742.906210642,4,Enriched
839f547a-f9f,2022_2023,28347000.0,Ridge,13272039.923861923,4,Enriched
7ca34836-30f,2022_2023,19327500.0,Ridge,13272039.923861923,4,Enriched
4436e00c-da7,2022_2023,12885000.0,Ridge,13272039.923861923,4,Enriched
fa61816e-cf4,2022_2023,10222100.0,Ridge,13272039.923861923,4,Enriched
9a292cb5-56b,2022_2023,8804750.0,Ridge,13272039.923861923,4,Enriched
5585f40f-cd2,2022_2023,16321000.0,Ridge,13272039.923861923,4,Enriched
1413dd62-928,2022_2023,12885000.0,Ridge,13272039.923861923,4,Enriched
b9aa9021-3cf,2022_2023,12240750.0,Ridge,13272039.923861923,4,Enriched
6957c931-ecf,2022_2023,3092400.0,Ridge,12205161.602067508,4,Enriched
24c52738-bc2,2022_2023,15290200.0,Ridge,11138283.280273095,4,Enriched
c9a2bf2a-9d1,2022_2023,9964400.0,Ridge,13272039.923861923,4,Enriched
7233b254-be0,2022_2023,7129700.0,Ridge,11138283.280273095,4,Enriched
93b18501-ba9,2022_2023,6872000.0,Ridge,13272039.923861923,4,Enriched
7ea290b2-bd6,2022_2023,5154000.0,Ridge,13272039.923861923,4,Enriched
7e613591-870,2022_2023,3436000.0,Ridge,13272039.923861923,4,Enriched
b971a359-067,2022_2023,56092700.0,Ridge,26375566.77021987,4,Enriched
85142864-db9,2022_2023,25082800.0,Ridge,19981836.458612137,4,Enriched
497109c0-5b8,2022_2023,10136200.0,Ridge,19407843.79062908,4,Enriched
080a496b-8ef,2022_2023,2233400.0,Ridge,11876704.478747968,4,Enriched
4849af33-fa5,2022_2023,103939000.0,Ridge,13272039.923861923,4,Enriched
79690847-e49,2022_2023,69063600.0,Ridge,28406567.553202152,4,Enriched
7b88f0a0-fbd,2022_2023,60130000.0,Ridge,13272039.923861923,4,Enriched
ca390395-de4,2022_2023,48275800.0,Ridge,13272039.923861923,4,Enriched
534ce60f-a10,2022_2023,35992100.0,Ridge,13272039.923861923,4,Enriched
695b068c-34b,2022_2023,32642000.0,Ridge,13272039.923861923,4,Enriched
68e8571a-7f1,2022_2023,30065000.0,Ridge,13272039.923861923,4,Enriched
67990a39-db2,2022_2023,25770000.0,Ridge,13272039.923861923,4,Enriched
3f23eee8-09e,2022_2023,12764740.0,Ridge,13272039.923861923,4,Enriched
5500a786-d4c,2022_2023,10737500.0,Ridge,13272039.923861923,4,Enriched
d913af40-0af,2022_2023,10308000.0,Ridge,12205161.602067508,4,Enriched
29b7245a-57e,2022_2023,10308000.0,Ridge,13272039.923861923,4,Enriched
3274024e-bb0,2022_2023,7808310.0,Ridge,13272039.923861923,4,Enriched
14d34aed-fbd,2022_2023,17180000.0,Ridge,36738719.18521425,4,Enriched
f963c19c-2c4,2022_2023,429500.0,Ridge,7937648.314889849,4,Enriched
e739a37e-1e6,2022_2023,19413400.0,Ridge,13272039.923861923,4,Enriched
abb5104b-b3b,2022_2023,10308000.0,Ridge,13272039.923861923,4,Enriched
e2a6013f-c26,2022_2023,10308000.0,Ridge,13272039.923861923,4,Enriched
6cf68cc4-20a,2022_2023,4690140.0,Ridge,13272039.923861923,4,Enriched
958a569b-884,2022_2023,34248330.0,Ridge,13272039.923861923,4,Enriched
2c3a37cd-bba,2022_2023,14603000.0,Ridge,12205161.602067508,4,Enriched
482963f2-e90,2022_2023,8933600.0,Ridge,11138283.280273095,4,Enriched
e720cdb1-356,2022_2023,3436000.0,Ridge,26092080.988754347,4,Enriched
0b6e362e-06f,2022_2023,49822000.0,Ridge,30350736.26733831,4,Enriched
990cc88a-dac,2022_2023,39170400.0,Ridge,11138283.280273095,4,Enriched
f53e32e2-15c,2022_2023,21389100.0,Ridge,13272039.923861923,4,Enriched
0ac91384-c6a,2022_2023,15290200.0,Ridge,23777594.424306538,4,Enriched
58fae245-302,2022_2023,8418200.0,Ridge,13272039.923861923,4,Enriched
92cccd04-d4e,2022_2023,8160500.0,Ridge,9004526.636684263,4,Enriched
1140d63f-0d8,2022_2023,4724500.0,Ridge,13272039.923861923,4,Enriched
76d0ef65-751,2022_2023,4295000.0,Ridge,11138283.280273095,4,Enriched
419db4e2-e2f,2022_2023,8074600.0,Ridge,15933478.032930823,4,Enriched
e42e95ac-24b,2022_2023,34789500.0,Ridge,13272039.923861923,4,Enriched
ced7d67a-dd2,2022_2023,28209560.0,Ridge,13272039.923861923,4,Enriched
584503d9-235,2022_2023,21475000.0,Ridge,13272039.923861923,4,Enriched
ba1de6db-d9f,2022_2023,14603000.0,Ridge,13272039.923861923,4,Enriched
2d58dc69-036,2022_2023,11167000.0,Ridge,13272039.923861923,4,Enriched
da9a4084-dd9,2022_2023,10308000.0,Ridge,13272039.923861923,4,Enriched
ec813762-744,2022_2023,10308000.0,Ridge,13272039.923861923,4,Enriched
9a5534a6-8db,2022_2023,4982200.0,Ridge,13272039.923861923,4,Enriched
070ee97e-88f,2022_2023,3865500.0,Ridge,13272039.923861923,4,Enriched
33d202ad-5e1,2022_2023,49822000.0,Ridge,20815051.621813346,4,Enriched
7a026086-b67,2022_2023,42091000.0,Ridge,13272039.923861923,4,Enriched
d3f1c7a0-de6,2022_2023,1030800.0,Ridge,12435156.44354953,4,Enriched
b430923c-fde,2022_2023,14603000.0,Ridge,13272039.923861923,4,Enriched
d4a6141e-ada,2022_2023,14603000.0,Ridge,13272039.923861923,4,Enriched
41a4c4dc-264,2022_2023,12026000.0,Ridge,13272039.923861923,4,Enriched
5e20c94d-7fa,2022_2023,859000.0,Ridge,13272039.923861923,4,Enriched
de90c820-e57,2022_2023,73015000.0,Ridge,13272039.923861923,4,Enriched
675e1599-c45,2022_2023,36078000.0,Ridge,13272039.923861923,4,Enriched
4e4560aa-4e0,2022_2023,27488000.0,Ridge,13272039.923861923,4,Enriched
a2de6620-d33,2022_2023,17180000.0,Ridge,11138283.280273095,4,Enriched
3873b8e5-7ca,2022_2023,12885000.0,Ridge,14006032.118039947,4,Enriched
9e64cdc6-baa,2022_2023,3521900.0,Ridge,11994643.309118781,4,Enriched
3590e033-6c1,2022_2023,51540000.0,Ridge,13272039.923861923,4,Enriched
5cb9e7a9-e07,2022_2023,17180000.0,Ridge,13272039.923861923,4,Enriched
86e25179-44b,2022_2023,12885000.0,Ridge,13272039.923861923,4,Enriched
e1e0dd4e-bb1,2022_2023,9449000.0,Ridge,13272039.923861923,4,Enriched
28def603-6d4,2022_2023,81605000.0,Ridge,13272039.923861923,4,Enriched
d3df952e-dde,2022_2023,60130000.0,Ridge,13272039.923861923,4,Enriched
36303f0a-90a,2022_2023,49280830.0,Ridge,13272039.923861923,4,Enriched
863016da-945,2022_2023,12885000.0,Ridge,13272039.923861923,4,Enriched
40b033c1-89b,2022_2023,1503250.0,Ridge,10071404.958478678,4,Enriched
6de97bf6-13d,2022_2023,66572500.0,Ridge,13272039.923861923,4,Enriched
95d7cb54-80a,2022_2023,31783000.0,Ridge,13272039.923861923,4,Enriched
e6e431e0-6c5,2022_2023,9878500.0,Ridge,13272039.923861923,4,Enriched
e84fd0ba-be2,2022_2023,5583500.0,Ridge,13272039.923861923,4,Enriched
5ddbbebf-333,2022_2023,25340500.0,Ridge,11138283.280273095,4,Enriched
9cab31b4-ee4,2022_2023,17609500.0,Ridge,7937648.314889849,4,Enriched
0422eec4-69d,2022_2023,17180000.0,Ridge,29332362.178981274,4,Enriched
3e5d55b6-ccb,2022_2023,12713200.0,Ridge,14054595.33645281,4,Enriched
b383fda9-b7f,2022_2023,11854200.0,Ridge,13272039.923861923,4,Enriched
bcaf079f-1e9,2022_2023,11167000.0,Ridge,13272039.923861923,4,Enriched
e7daecc5-01a,2022_2023,8590000.0,Ridge,13272039.923861923,4,Enriched
9bea1f1f-3b5,2022_2023,8074600.0,Ridge,13272039.923861923,4,Enriched
fb9aa658-af2,2022_2023,7301500.0,Ridge,12205161.602067508,4,Enriched
6e61787f-c3c,2022_2023,7129700.0,Ridge,13272039.923861923,4,Enriched
77315422-539,2022_2023,3436000.0,Ridge,13272039.923861923,4,Enriched
a11c7099-3e2,2022_2023,2233400.0,Ridge,17759929.356742244,4,Enriched
22c33bf4-b3b,2022_2023,2061600.0,Ridge,13272039.923861923,4,Enriched
d4b02890-29b,2022_2023,1975700.0,Ridge,13272039.923861923,4,Enriched
c32468d4-7e5,2022_2023,1975700.0,Ridge,13272039.923861923,4,Enriched
240e090b-54e,2022_2023,816050.0,Ridge,13272039.923861923,4,Enriched
9cb10191-2ab,2022_2023,4295000.0,Ridge,13272039.923861923,4,Enriched
fde8a017-8de,2022_2023,21475000.0,Ridge,13272039.923861923,4,Enriched
66fbf265-2d7,2022_2023,19121340.0,Ridge,13272039.923861923,4,Enriched
00809ca8-46a,2022_2023,15462000.0,Ridge,13272039.923861923,4,Enriched
4fb31e7d-ee4,2022_2023,12026000.0,Ridge,13272039.923861923,4,Enriched
9e9e17de-177,2022_2023,11725350.0,Ridge,13272039.923861923,4,Enriched
cdb699ff-8c6,2022_2023,10308000.0,Ridge,13272039.923861923,4,Enriched
d33a7269-36d,2022_2023,9878500.0,Ridge,13272039.923861923,4,Enriched
bddae300-891,2022_2023,7043800.0,Ridge,13272039.923861923,4,Enriched
2af470d1-892,2022_2023,6872000.0,Ridge,13272039.923861923,4,Enriched
fe151bd9-c29,2022_2023,6872000.0,Ridge,13272039.923861923,4,Enriched
d91d706a-cf2,2022_2023,6013000.0,Ridge,13272039.923861923,4,Enriched
538583b8-7d9,2022_2023,4939250.0,Ridge,13272039.923861923,4,Enriched
bf994641-1b5,2022_2023,730150.0,Ridge,10071404.958478678,4,Enriched
66c31e00-40d,2022_2023,4724500.0,Ridge,13272039.923861923,4,Enriched
3b937c34-bb8,2022_2023,46214200.0,Ridge,12205161.602067508,4,Enriched
df22706a-929,2022_2023,15462000.0,Ridge,13272039.923861923,4,Enriched
a966c0e6-362,2022_2023,12627300.0,Ridge,13272039.923861923,4,Enriched
b1872de7-5b3,2022_2023,26843750.0,Ridge,26092080.988754347,4,Enriched
870fe68c-713,2022_2023,6013000.0,Ridge,9004526.636684263,4,Enriched
e531b51c-e16,2022_2023,36894050.0,Ridge,13272039.923861923,4,Enriched
94e10ca9-d26,2022_2023,33157400.0,Ridge,13272039.923861923,4,Enriched
57dbbdea-4d9,2022_2023,30065000.0,Ridge,13272039.923861923,4,Enriched
bfbcf9e8-780,2022_2023,17781300.0,Ridge,19140538.10601239,4,Enriched
58e54745-b89,2022_2023,10308000.0,Ridge,13272039.923861923,4,Enriched
56f2361e-b0a,2022_2023,9148350.0,Ridge,13272039.923861923,4,Enriched
8d2f8877-076,2022_2023,7988700.0,Ridge,11138283.280273095,4,Enriched
62ca93cb-81a,2022_2023,3221250.0,Ridge,10067951.03395581,4,Enriched
92acb1fd-00d,2022_2023,40716600.0,Ridge,13272039.923861923,4,Enriched
d90faad1-bb7,2022_2023,28003400.0,Ridge,13272039.923861923,4,Enriched
22815b86-708,2022_2023,20873700.0,Ridge,17611301.350621648,4,Enriched
4bb36993-d44,2022_2023,16063300.0,Ridge,13272039.923861923,4,Enriched
985729de-680,2022_2023,15462000.0,Ridge,13272039.923861923,4,Enriched
42d44673-d4a,2022_2023,14345300.0,Ridge,0.0,4,Enriched
2742cade-8b1,2022_2023,9449000.0,Ridge,11547498.021464054,4,Enriched
72e172a6-d81,2022_2023,4295000.0,Ridge,13272039.923861923,4,Enriched
f30ffbb0-fde,2022_2023,47245.0,Ridge,13272039.923861923,4,Enriched
de1f722f-1e8,2022_2023,489630.0,Ridge,9004526.636684265,4,Enriched
24b11dd6-765,2022_2023,44668000.0,XGBoost,13334420.0,4,Enriched
26e9dc27-a03,2022_2023,30065000.0,XGBoost,13334420.0,4,Enriched
b16fb33d-063,2022_2023,30065000.0,XGBoost,13334420.0,4,Enriched
d4967922-812,2022_2023,20616000.0,XGBoost,13020130.0,4,Enriched
81f3eefd-b6c,2022_2023,16750500.0,XGBoost,13334420.0,4,Enriched
c265feb3-098,2022_2023,9706700.0,XGBoost,19394182.0,4,Enriched
836adabd-fc5,2022_2023,5068100.0,XGBoost,13334420.0,4,Enriched
e5b85102-e43,2022_2023,3006500.0,XGBoost,13334420.0,4,Enriched
ca9eca46-1d6,2022_2023,3092400.0,XGBoost,16606287.0,4,Enriched
ab0bb941-bda,2022_2023,26629000.0,XGBoost,4854756.0,4,Enriched
36752228-044,2022_2023,25340500.0,XGBoost,13334420.0,4,Enriched
350f991e-602,2022_2023,17180000.0,XGBoost,13319376.0,4,Enriched
4f6cf34e-1ee,2022_2023,12885000.0,XGBoost,6169224.5,4,Enriched
f5ff19f7-6fb,2022_2023,11596500.0,XGBoost,13334420.0,4,Enriched
dbd8a644-dee,2022_2023,3006500.0,XGBoost,16543483.0,4,Enriched
0be7c00c-bcd,2022_2023,15462000.0,XGBoost,13319376.0,4,Enriched
0c618c2d-eb5,2022_2023,15032500.0,XGBoost,13119983.0,4,Enriched
5510fed8-97a,2022_2023,10308000.0,XGBoost,15018178.0,4,Enriched
839f547a-f9f,2022_2023,28347000.0,XGBoost,13334420.0,4,Enriched
7ca34836-30f,2022_2023,19327500.0,XGBoost,13334420.0,4,Enriched
4436e00c-da7,2022_2023,12885000.0,XGBoost,13334420.0,4,Enriched
fa61816e-cf4,2022_2023,10222100.0,XGBoost,13334420.0,4,Enriched
9a292cb5-56b,2022_2023,8804750.0,XGBoost,13334420.0,4,Enriched
5585f40f-cd2,2022_2023,16321000.0,XGBoost,13334420.0,4,Enriched
1413dd62-928,2022_2023,12885000.0,XGBoost,13334420.0,4,Enriched
b9aa9021-3cf,2022_2023,12240750.0,XGBoost,13334420.0,4,Enriched
6957c931-ecf,2022_2023,3092400.0,XGBoost,13319376.0,4,Enriched
24c52738-bc2,2022_2023,15290200.0,XGBoost,16543483.0,4,Enriched
c9a2bf2a-9d1,2022_2023,9964400.0,XGBoost,13334420.0,4,Enriched
7233b254-be0,2022_2023,7129700.0,XGBoost,16543483.0,4,Enriched
93b18501-ba9,2022_2023,6872000.0,XGBoost,13334420.0,4,Enriched
7ea290b2-bd6,2022_2023,5154000.0,XGBoost,13334420.0,4,Enriched
7e613591-870,2022_2023,3436000.0,XGBoost,13334420.0,4,Enriched
b971a359-067,2022_2023,56092700.0,XGBoost,79304376.0,4,Enriched
85142864-db9,2022_2023,25082800.0,XGBoost,13020130.0,4,Enriched
497109c0-5b8,2022_2023,10136200.0,XGBoost,13020130.0,4,Enriched
080a496b-8ef,2022_2023,2233400.0,XGBoost,1924404.875,4,Enriched
4849af33-fa5,2022_2023,103939000.0,XGBoost,13334420.0,4,Enriched
79690847-e49,2022_2023,69063600.0,XGBoost,38937212.0,4,Enriched
7b88f0a0-fbd,2022_2023,60130000.0,XGBoost,13334420.0,4,Enriched
ca390395-de4,2022_2023,48275800.0,XGBoost,13334420.0,4,Enriched
534ce60f-a10,2022_2023,35992100.0,XGBoost,13334420.0,4,Enriched
695b068c-34b,2022_2023,32642000.0,XGBoost,13334420.0,4,Enriched
68e8571a-7f1,2022_2023,30065000.0,XGBoost,13334420.0,4,Enriched
67990a39-db2,2022_2023,25770000.0,XGBoost,13334420.0,4,Enriched
3f23eee8-09e,2022_2023,12764740.0,XGBoost,13334420.0,4,Enriched
5500a786-d4c,2022_2023,10737500.0,XGBoost,13334420.0,4,Enriched
d913af40-0af,2022_2023,10308000.0,XGBoost,13319376.0,4,Enriched
29b7245a-57e,2022_2023,10308000.0,XGBoost,13334420.0,4,Enriched
3274024e-bb0,2022_2023,7808310.0,XGBoost,13334420.0,4,Enriched
14d34aed-fbd,2022_2023,17180000.0,XGBoost,19394182.0,4,Enriched
f963c19c-2c4,2022_2023,429500.0,XGBoost,15679021.0,4,Enriched
e739a37e-1e6,2022_2023,19413400.0,XGBoost,13334420.0,4,Enriched
abb5104b-b3b,2022_2023,10308000.0,XGBoost,13334420.0,4,Enriched
e2a6013f-c26,2022_2023,10308000.0,XGBoost,13334420.0,4,Enriched
6cf68cc4-20a,2022_2023,4690140.0,XGBoost,13334420.0,4,Enriched
958a569b-884,2022_2023,34248330.0,XGBoost,13334420.0,4,Enriched
2c3a37cd-bba,2022_2023,14603000.0,XGBoost,13319376.0,4,Enriched
482963f2-e90,2022_2023,8933600.0,XGBoost,16543483.0,4,Enriched
e720cdb1-356,2022_2023,3436000.0,XGBoost,16606287.0,4,Enriched
0b6e362e-06f,2022_2023,49822000.0,XGBoost,38937212.0,4,Enriched
990cc88a-dac,2022_2023,39170400.0,XGBoost,16543483.0,4,Enriched
f53e32e2-15c,2022_2023,21389100.0,XGBoost,13334420.0,4,Enriched
0ac91384-c6a,2022_2023,15290200.0,XGBoost,16606287.0,4,Enriched
58fae245-302,2022_2023,8418200.0,XGBoost,13334420.0,4,Enriched
92cccd04-d4e,2022_2023,8160500.0,XGBoost,17163338.0,4,Enriched
1140d63f-0d8,2022_2023,4724500.0,XGBoost,13334420.0,4,Enriched
76d0ef65-751,2022_2023,4295000.0,XGBoost,16543483.0,4,Enriched
419db4e2-e2f,2022_2023,8074600.0,XGBoost,13774865.0,4,Enriched
e42e95ac-24b,2022_2023,34789500.0,XGBoost,13334420.0,4,Enriched
ced7d67a-dd2,2022_2023,28209560.0,XGBoost,13334420.0,4,Enriched
584503d9-235,2022_2023,21475000.0,XGBoost,13334420.0,4,Enriched
ba1de6db-d9f,2022_2023,14603000.0,XGBoost,13334420.0,4,Enriched
2d58dc69-036,2022_2023,11167000.0,XGBoost,13334420.0,4,Enriched
da9a4084-dd9,2022_2023,10308000.0,XGBoost,13334420.0,4,Enriched
ec813762-744,2022_2023,10308000.0,XGBoost,13334420.0,4,Enriched
9a5534a6-8db,2022_2023,4982200.0,XGBoost,13334420.0,4,Enriched
070ee97e-88f,2022_2023,3865500.0,XGBoost,13334420.0,4,Enriched
33d202ad-5e1,2022_2023,49822000.0,XGBoost,11483263.0,4,Enriched
7a026086-b67,2022_2023,42091000.0,XGBoost,13334420.0,4,Enriched
d3f1c7a0-de6,2022_2023,1030800.0,XGBoost,13319376.0,4,Enriched
b430923c-fde,2022_2023,14603000.0,XGBoost,13334420.0,4,Enriched
d4a6141e-ada,2022_2023,14603000.0,XGBoost,13334420.0,4,Enriched
41a4c4dc-264,2022_2023,12026000.0,XGBoost,13334420.0,4,Enriched
5e20c94d-7fa,2022_2023,859000.0,XGBoost,13334420.0,4,Enriched
de90c820-e57,2022_2023,73015000.0,XGBoost,13334420.0,4,Enriched
675e1599-c45,2022_2023,36078000.0,XGBoost,13334420.0,4,Enriched
4e4560aa-4e0,2022_2023,27488000.0,XGBoost,13334420.0,4,Enriched
a2de6620-d33,2022_2023,17180000.0,XGBoost,16543483.0,4,Enriched
3873b8e5-7ca,2022_2023,12885000.0,XGBoost,1838153.0,4,Enriched
9e64cdc6-baa,2022_2023,3521900.0,XGBoost,11059609.0,4,Enriched
3590e033-6c1,2022_2023,51540000.0,XGBoost,13334420.0,4,Enriched
5cb9e7a9-e07,2022_2023,17180000.0,XGBoost,13334420.0,4,Enriched
86e25179-44b,2022_2023,12885000.0,XGBoost,13334420.0,4,Enriched
e1e0dd4e-bb1,2022_2023,9449000.0,XGBoost,13334420.0,4,Enriched
28def603-6d4,2022_2023,81605000.0,XGBoost,13334420.0,4,Enriched
d3df952e-dde,2022_2023,60130000.0,XGBoost,13334420.0,4,Enriched
36303f0a-90a,2022_2023,49280830.0,XGBoost,13334420.0,4,Enriched
863016da-945,2022_2023,12885000.0,XGBoost,13334420.0,4,Enriched
40b033c1-89b,2022_2023,1503250.0,XGBoost,17163338.0,4,Enriched
6de97bf6-13d,2022_2023,66572500.0,XGBoost,13334420.0,4,Enriched
95d7cb54-80a,2022_2023,31783000.0,XGBoost,13334420.0,4,Enriched
e6e431e0-6c5,2022_2023,9878500.0,XGBoost,13334420.0,4,Enriched
e84fd0ba-be2,2022_2023,5583500.0,XGBoost,13334420.0,4,Enriched
5ddbbebf-333,2022_2023,25340500.0,XGBoost,16543483.0,4,Enriched
9cab31b4-ee4,2022_2023,17609500.0,XGBoost,15679021.0,4,Enriched
0422eec4-69d,2022_2023,17180000.0,XGBoost,38937212.0,4,Enriched
3e5d55b6-ccb,2022_2023,12713200.0,XGBoost,4854756.0,4,Enriched
b383fda9-b7f,2022_2023,11854200.0,XGBoost,13334420.0,4,Enriched
bcaf079f-1e9,2022_2023,11167000.0,XGBoost,13334420.0,4,Enriched
e7daecc5-01a,2022_2023,8590000.0,XGBoost,13334420.0,4,Enriched
9bea1f1f-3b5,2022_2023,8074600.0,XGBoost,13334420.0,4,Enriched
fb9aa658-af2,2022_2023,7301500.0,XGBoost,13319376.0,4,Enriched
6e61787f-c3c,2022_2023,7129700.0,XGBoost,13334420.0,4,Enriched
77315422-539,2022_2023,3436000.0,XGBoost,13334420.0,4,Enriched
a11c7099-3e2,2022_2023,2233400.0,XGBoost,6244539.0,4,Enriched
22c33bf4-b3b,2022_2023,2061600.0,XGBoost,13334420.0,4,Enriched
d4b02890-29b,2022_2023,1975700.0,XGBoost,13334420.0,4,Enriched
c32468d4-7e5,2022_2023,1975700.0,XGBoost,13334420.0,4,Enriched
240e090b-54e,2022_2023,816050.0,XGBoost,13334420.0,4,Enriched
9cb10191-2ab,2022_2023,4295000.0,XGBoost,13334420.0,4,Enriched
fde8a017-8de,2022_2023,21475000.0,XGBoost,13334420.0,4,Enriched
66fbf265-2d7,2022_2023,19121340.0,XGBoost,13334420.0,4,Enriched
00809ca8-46a,2022_2023,15462000.0,XGBoost,13334420.0,4,Enriched
4fb31e7d-ee4,2022_2023,12026000.0,XGBoost,13334420.0,4,Enriched
9e9e17de-177,2022_2023,11725350.0,XGBoost,13334420.0,4,Enriched
cdb699ff-8c6,2022_2023,10308000.0,XGBoost,13334420.0,4,Enriched
d33a7269-36d,2022_2023,9878500.0,XGBoost,13334420.0,4,Enriched
bddae300-891,2022_2023,7043800.0,XGBoost,13334420.0,4,Enriched
2af470d1-892,2022_2023,6872000.0,XGBoost,13334420.0,4,Enriched
fe151bd9-c29,2022_2023,6872000.0,XGBoost,13334420.0,4,Enriched
d91d706a-cf2,2022_2023,6013000.0,XGBoost,13334420.0,4,Enriched
538583b8-7d9,2022_2023,4939250.0,XGBoost,13334420.0,4,Enriched
bf994641-1b5,2022_2023,730150.0,XGBoost,17163338.0,4,Enriched
66c31e00-40d,2022_2023,4724500.0,XGBoost,13334420.0,4,Enriched
3b937c34-bb8,2022_2023,46214200.0,XGBoost,13319376.0,4,Enriched
df22706a-929,2022_2023,15462000.0,XGBoost,13334420.0,4,Enriched
a966c0e6-362,2022_2023,12627300.0,XGBoost,13334420.0,4,Enriched
b1872de7-5b3,2022_2023,26843750.0,XGBoost,16606287.0,4,Enriched
870fe68c-713,2022_2023,6013000.0,XGBoost,17163338.0,4,Enriched
e531b51c-e16,2022_2023,36894050.0,XGBoost,13334420.0,4,Enriched
94e10ca9-d26,2022_2023,33157400.0,XGBoost,13334420.0,4,Enriched
57dbbdea-4d9,2022_2023,30065000.0,XGBoost,13334420.0,4,Enriched
bfbcf9e8-780,2022_2023,17781300.0,XGBoost,13020130.0,4,Enriched
58e54745-b89,2022_2023,10308000.0,XGBoost,13334420.0,4,Enriched
56f2361e-b0a,2022_2023,9148350.0,XGBoost,13334420.0,4,Enriched
8d2f8877-076,2022_2023,7988700.0,XGBoost,16543483.0,4,Enriched
62ca93cb-81a,2022_2023,3221250.0,XGBoost,3291382.75,4,Enriched
92acb1fd-00d,2022_2023,40716600.0,XGBoost,13334420.0,4,Enriched
d90faad1-bb7,2022_2023,28003400.0,XGBoost,13334420.0,4,Enriched
22815b86-708,2022_2023,20873700.0,XGBoost,6169224.5,4,Enriched
4bb36993-d44,2022_2023,16063300.0,XGBoost,13334420.0,4,Enriched
985729de-680,2022_2023,15462000.0,XGBoost,13334420.0,4,Enriched
42d44673-d4a,2022_2023,14345300.0,XGBoost,11330593.0,4,Enriched
2742cade-8b1,2022_2023,9449000.0,XGBoost,1924404.875,4,Enriched
72e172a6-d81,2022_2023,4295000.0,XGBoost,13334420.0,4,Enriched
f30ffbb0-fde,2022_2023,47245.0,XGBoost,13334420.0,4,Enriched
de1f722f-1e8,2022_2023,489630.0,XGBoost,17163338.0,4,Enriched
24b11dd6-765,2022_2023,44668000.0,RandomForest,13463887.244281188,4,Enriched
26e9dc27-a03,2022_2023,30065000.0,RandomForest,13463887.244281188,4,Enriched
b16fb33d-063,2022_2023,30065000.0,RandomForest,13463887.244281188,4,Enriched
d4967922-812,2022_2023,20616000.0,RandomForest,13959665.185572758,4,Enriched
81f3eefd-b6c,2022_2023,16750500.0,RandomForest,13463887.244281188,4,Enriched
c265feb3-098,2022_2023,9706700.0,RandomForest,34366056.62002164,4,Enriched
836adabd-fc5,2022_2023,5068100.0,RandomForest,13463887.244281188,4,Enriched
e5b85102-e43,2022_2023,3006500.0,RandomForest,13463887.244281188,4,Enriched
ca9eca46-1d6,2022_2023,3092400.0,RandomForest,29083924.320923522,4,Enriched
ab0bb941-bda,2022_2023,26629000.0,RandomForest,5618189.189396061,4,Enriched
36752228-044,2022_2023,25340500.0,RandomForest,13463887.244281188,4,Enriched
350f991e-602,2022_2023,17180000.0,RandomForest,12941659.955129463,4,Enriched
4f6cf34e-1ee,2022_2023,12885000.0,RandomForest,13648940.420119258,4,Enriched
f5ff19f7-6fb,2022_2023,11596500.0,RandomForest,13463887.244281188,4,Enriched
dbd8a644-dee,2022_2023,3006500.0,RandomForest,16418987.064958742,4,Enriched
0be7c00c-bcd,2022_2023,15462000.0,RandomForest,12941659.955129463,4,Enriched
0c618c2d-eb5,2022_2023,15032500.0,RandomForest,13456645.424881162,4,Enriched
5510fed8-97a,2022_2023,10308000.0,RandomForest,33093447.45347985,4,Enriched
839f547a-f9f,2022_2023,28347000.0,RandomForest,13463887.244281188,4,Enriched
7ca34836-30f,2022_2023,19327500.0,RandomForest,13463887.244281188,4,Enriched
4436e00c-da7,2022_2023,12885000.0,RandomForest,13463887.244281188,4,Enriched
fa61816e-cf4,2022_2023,10222100.0,RandomForest,13463887.244281188,4,Enriched
9a292cb5-56b,2022_2023,8804750.0,RandomForest,13463887.244281188,4,Enriched
5585f40f-cd2,2022_2023,16321000.0,RandomForest,13463887.244281188,4,Enriched
1413dd62-928,2022_2023,12885000.0,RandomForest,13463887.244281188,4,Enriched
b9aa9021-3cf,2022_2023,12240750.0,RandomForest,13463887.244281188,4,Enriched
6957c931-ecf,2022_2023,3092400.0,RandomForest,12941659.955129463,4,Enriched
24c52738-bc2,2022_2023,15290200.0,RandomForest,16418987.064958742,4,Enriched
c9a2bf2a-9d1,2022_2023,9964400.0,RandomForest,13463887.244281188,4,Enriched
7233b254-be0,2022_2023,7129700.0,RandomForest,16418987.064958742,4,Enriched
93b18501-ba9,2022_2023,6872000.0,RandomForest,13463887.244281188,4,Enriched
7ea290b2-bd6,2022_2023,5154000.0,RandomForest,13463887.244281188,4,Enriched
7e613591-870,2022_2023,3436000.0,RandomForest,13463887.244281188,4,Enriched
b971a359-067,2022_2023,56092700.0,RandomForest,20003855.812737267,4,Enriched
85142864-db9,2022_2023,25082800.0,RandomForest,14728177.70599123,4,Enriched
497109c0-5b8,2022_2023,10136200.0,RandomForest,13959665.185572758,4,Enriched
080a496b-8ef,2022_2023,2233400.0,RandomForest,3877799.3250155393,4,Enriched
4849af33-fa5,2022_2023,103939000.0,RandomForest,13463887.244281188,4,Enriched
79690847-e49,2022_2023,69063600.0,RandomForest,34366056.62002164,4,Enriched
7b88f0a0-fbd,2022_2023,60130000.0,RandomForest,13463887.244281188,4,Enriched
ca390395-de4,2022_2023,48275800.0,RandomForest,13463887.244281188,4,Enriched
534ce60f-a10,2022_2023,35992100.0,RandomForest,13463887.244281188,4,Enriched
695b068c-34b,2022_2023,32642000.0,RandomForest,13463887.244281188,4,Enriched
68e8571a-7f1,2022_2023,30065000.0,RandomForest,13463887.244281188,4,Enriched
67990a39-db2,2022_2023,25770000.0,RandomForest,13463887.244281188,4,Enriched
3f23eee8-09e,2022_2023,12764740.0,RandomForest,13463887.244281188,4,Enriched
5500a786-d4c,2022_2023,10737500.0,RandomForest,13463887.244281188,4,Enriched
d913af40-0af,2022_2023,10308000.0,RandomForest,12941659.955129463,4,Enriched
29b7245a-57e,2022_2023,10308000.0,RandomForest,13463887.244281188,4,Enriched
3274024e-bb0,2022_2023,7808310.0,RandomForest,13463887.244281188,4,Enriched
14d34aed-fbd,2022_2023,17180000.0,RandomForest,34366056.62002164,4,Enriched
f963c19c-2c4,2022_2023,429500.0,RandomForest,14058756.563790051,4,Enriched
e739a37e-1e6,2022_2023,19413400.0,RandomForest,13463887.244281188,4,Enriched
abb5104b-b3b,2022_2023,10308000.0,RandomForest,13463887.244281188,4,Enriched
e2a6013f-c26,2022_2023,10308000.0,RandomForest,13463887.244281188,4,Enriched
6cf68cc4-20a,2022_2023,4690140.0,RandomForest,13463887.244281188,4,Enriched
958a569b-884,2022_2023,34248330.0,RandomForest,13463887.244281188,4,Enriched
2c3a37cd-bba,2022_2023,14603000.0,RandomForest,12941659.955129463,4,Enriched
482963f2-e90,2022_2023,8933600.0,RandomForest,16418987.064958742,4,Enriched
e720cdb1-356,2022_2023,3436000.0,RandomForest,34366056.62002164,4,Enriched
0b6e362e-06f,2022_2023,49822000.0,RandomForest,34366056.62002164,4,Enriched
990cc88a-dac,2022_2023,39170400.0,RandomForest,16418987.064958742,4,Enriched
f53e32e2-15c,2022_2023,21389100.0,RandomForest,13463887.244281188,4,Enriched
0ac91384-c6a,2022_2023,15290200.0,RandomForest,29083924.320923522,4,Enriched
58fae245-302,2022_2023,8418200.0,RandomForest,13463887.244281188,4,Enriched
92cccd04-d4e,2022_2023,8160500.0,RandomForest,14058756.563790051,4,Enriched
1140d63f-0d8,2022_2023,4724500.0,RandomForest,13463887.244281188,4,Enriched
76d0ef65-751,2022_2023,4295000.0,RandomForest,16418987.064958742,4,Enriched
419db4e2-e2f,2022_2023,8074600.0,RandomForest,18459839.293335535,4,Enriched
e42e95ac-24b,2022_2023,34789500.0,RandomForest,13463887.244281188,4,Enriched
ced7d67a-dd2,2022_2023,28209560.0,RandomForest,13463887.244281188,4,Enriched
584503d9-235,2022_2023,21475000.0,RandomForest,13463887.244281188,4,Enriched
ba1de6db-d9f,2022_2023,14603000.0,RandomForest,13463887.244281188,4,Enriched
2d58dc69-036,2022_2023,11167000.0,RandomForest,13463887.244281188,4,Enriched
da9a4084-dd9,2022_2023,10308000.0,RandomForest,13463887.244281188,4,Enriched
ec813762-744,2022_2023,10308000.0,RandomForest,13463887.244281188,4,Enriched
9a5534a6-8db,2022_2023,4982200.0,RandomForest,13463887.244281188,4,Enriched
070ee97e-88f,2022_2023,3865500.0,RandomForest,13463887.244281188,4,Enriched
33d202ad-5e1,2022_2023,49822000.0,RandomForest,15643831.290911864,4,Enriched
7a026086-b67,2022_2023,42091000.0,RandomForest,13463887.244281188,4,Enriched
d3f1c7a0-de6,2022_2023,1030800.0,RandomForest,12941659.955129463,4,Enriched
b430923c-fde,2022_2023,14603000.0,RandomForest,13463887.244281188,4,Enriched
d4a6141e-ada,2022_2023,14603000.0,RandomForest,13463887.244281188,4,Enriched
41a4c4dc-264,2022_2023,12026000.0,RandomForest,13463887.244281188,4,Enriched
5e20c94d-7fa,2022_2023,859000.0,RandomForest,13463887.244281188,4,Enriched
de90c820-e57,2022_2023,73015000.0,RandomForest,13463887.244281188,4,Enriched
675e1599-c45,2022_2023,36078000.0,RandomForest,13463887.244281188,4,Enriched
4e4560aa-4e0,2022_2023,27488000.0,RandomForest,13463887.244281188,4,Enriched
a2de6620-d33,2022_2023,17180000.0,RandomForest,16418987.064958742,4,Enriched
3873b8e5-7ca,2022_2023,12885000.0,RandomForest,4080582.8871656116,4,Enriched
9e64cdc6-baa,2022_2023,3521900.0,RandomForest,11024635.482218413,4,Enriched
3590e033-6c1,2022_2023,51540000.0,RandomForest,13463887.244281188,4,Enriched
5cb9e7a9-e07,2022_2023,17180000.0,RandomForest,13463887.244281188,4,Enriched
86e25179-44b,2022_2023,12885000.0,RandomForest,13463887.244281188,4,Enriched
e1e0dd4e-bb1,2022_2023,9449000.0,RandomForest,13463887.244281188,4,Enriched
28def603-6d4,2022_2023,81605000.0,RandomForest,13463887.244281188,4,Enriched
d3df952e-dde,2022_2023,60130000.0,RandomForest,13463887.244281188,4,Enriched
36303f0a-90a,2022_2023,49280830.0,RandomForest,13463887.244281188,4,Enriched
863016da-945,2022_2023,12885000.0,RandomForest,13463887.244281188,4,Enriched
40b033c1-89b,2022_2023,1503250.0,RandomForest,14058756.563790051,4,Enriched
6de97bf6-13d,2022_2023,66572500.0,RandomForest,13463887.244281188,4,Enriched
95d7cb54-80a,2022_2023,31783000.0,RandomForest,13463887.244281188,4,Enriched
e6e431e0-6c5,2022_2023,9878500.0,RandomForest,13463887.244281188,4,Enriched
e84fd0ba-be2,2022_2023,5583500.0,RandomForest,13463887.244281188,4,Enriched
5ddbbebf-333,2022_2023,25340500.0,RandomForest,16418987.064958742,4,Enriched
9cab31b4-ee4,2022_2023,17609500.0,RandomForest,14058756.563790051,4,Enriched
0422eec4-69d,2022_2023,17180000.0,RandomForest,34366056.62002164,4,Enriched
3e5d55b6-ccb,2022_2023,12713200.0,RandomForest,5644692.3712685015,4,Enriched
b383fda9-b7f,2022_2023,11854200.0,RandomForest,13463887.244281188,4,Enriched
bcaf079f-1e9,2022_2023,11167000.0,RandomForest,13463887.244281188,4,Enriched
e7daecc5-01a,2022_2023,8590000.0,RandomForest,13463887.244281188,4,Enriched
9bea1f1f-3b5,2022_2023,8074600.0,RandomForest,13463887.244281188,4,Enriched
fb9aa658-af2,2022_2023,7301500.0,RandomForest,12941659.955129463,4,Enriched
6e61787f-c3c,2022_2023,7129700.0,RandomForest,13463887.244281188,4,Enriched
77315422-539,2022_2023,3436000.0,RandomForest,13463887.244281188,4,Enriched
a11c7099-3e2,2022_2023,2233400.0,RandomForest,7206208.771633923,4,Enriched
22c33bf4-b3b,2022_2023,2061600.0,RandomForest,13463887.244281188,4,Enriched
d4b02890-29b,2022_2023,1975700.0,RandomForest,13463887.244281188,4,Enriched
c32468d4-7e5,2022_2023,1975700.0,RandomForest,13463887.244281188,4,Enriched
240e090b-54e,2022_2023,816050.0,RandomForest,13463887.244281188,4,Enriched
9cb10191-2ab,2022_2023,4295000.0,RandomForest,13463887.244281188,4,Enriched
fde8a017-8de,2022_2023,21475000.0,RandomForest,13463887.244281188,4,Enriched
66fbf265-2d7,2022_2023,19121340.0,RandomForest,13463887.244281188,4,Enriched
00809ca8-46a,2022_2023,15462000.0,RandomForest,13463887.244281188,4,Enriched
4fb31e7d-ee4,2022_2023,12026000.0,RandomForest,13463887.244281188,4,Enriched
9e9e17de-177,2022_2023,11725350.0,RandomForest,13463887.244281188,4,Enriched
cdb699ff-8c6,2022_2023,10308000.0,RandomForest,13463887.244281188,4,Enriched
d33a7269-36d,2022_2023,9878500.0,RandomForest,13463887.244281188,4,Enriched
bddae300-891,2022_2023,7043800.0,RandomForest,13463887.244281188,4,Enriched
2af470d1-892,2022_2023,6872000.0,RandomForest,13463887.244281188,4,Enriched
fe151bd9-c29,2022_2023,6872000.0,RandomForest,13463887.244281188,4,Enriched
d91d706a-cf2,2022_2023,6013000.0,RandomForest,13463887.244281188,4,Enriched
538583b8-7d9,2022_2023,4939250.0,RandomForest,13463887.244281188,4,Enriched
bf994641-1b5,2022_2023,730150.0,RandomForest,14058756.563790051,4,Enriched
66c31e00-40d,2022_2023,4724500.0,RandomForest,13463887.244281188,4,Enriched
3b937c34-bb8,2022_2023,46214200.0,RandomForest,12941659.955129463,4,Enriched
df22706a-929,2022_2023,15462000.0,RandomForest,13463887.244281188,4,Enriched
a966c0e6-362,2022_2023,12627300.0,RandomForest,13463887.244281188,4,Enriched
b1872de7-5b3,2022_2023,26843750.0,RandomForest,34366056.62002164,4,Enriched
870fe68c-713,2022_2023,6013000.0,RandomForest,14058756.563790051,4,Enriched
e531b51c-e16,2022_2023,36894050.0,RandomForest,13463887.244281188,4,Enriched
94e10ca9-d26,2022_2023,33157400.0,RandomForest,13463887.244281188,4,Enriched
57dbbdea-4d9,2022_2023,30065000.0,RandomForest,13463887.244281188,4,Enriched
bfbcf9e8-780,2022_2023,17781300.0,RandomForest,13959665.185572758,4,Enriched
58e54745-b89,2022_2023,10308000.0,RandomForest,13463887.244281188,4,Enriched
56f2361e-b0a,2022_2023,9148350.0,RandomForest,13463887.244281188,4,Enriched
8d2f8877-076,2022_2023,7988700.0,RandomForest,16418987.064958742,4,Enriched
62ca93cb-81a,2022_2023,3221250.0,RandomForest,6248098.646907943,4,Enriched
92acb1fd-00d,2022_2023,40716600.0,RandomForest,13463887.244281188,4,Enriched
d90faad1-bb7,2022_2023,28003400.0,RandomForest,13463887.244281188,4,Enriched
22815b86-708,2022_2023,20873700.0,RandomForest,13648940.420119258,4,Enriched
4bb36993-d44,2022_2023,16063300.0,RandomForest,13463887.244281188,4,Enriched
985729de-680,2022_2023,15462000.0,RandomForest,13463887.244281188,4,Enriched
42d44673-d4a,2022_2023,14345300.0,RandomForest,18084420.196525913,4,Enriched
2742cade-8b1,2022_2023,9449000.0,RandomForest,3820959.28453935,4,Enriched
72e172a6-d81,2022_2023,4295000.0,RandomForest,13463887.244281188,4,Enriched
f30ffbb0-fde,2022_2023,47245.0,RandomForest,13463887.244281188,4,Enriched
de1f722f-1e8,2022_2023,489630.0,RandomForest,14058756.563790051,4,Enriched
