master_player_id,canonical_name,date_of_birth,canonical_position,nationality,height,preferred_foot,created_at
plr_569dc14c,petr cech,,,,,,2026-09-30T09:17:37.450282Z
plr_1428fd3e,bernd leno,,,,,,2026-09-30T09:17:37.450282Z
plr_3fab3b87,laurent koscielny,,,,,,2026-09-30T09:17:37.450282Z
plr_c28d089b,héctor bellerín,,,,,,2026-09-30T09:17:37.450282Z
plr_4c40da69,nacho monreal,,,,,,2026-09-30T09:17:37.450282Z
plr_5d6c7016,rob holding,,,,,,2026-09-30T09:17:37.450282Z
plr_77afc4df,shkodran mustafi,,,,,,2026-09-30T09:17:37.450282Z
plr_9d68e285,sead kolasinac,,,,,,2026-09-30T09:17:37.450282Z
plr_208ff36c,konstantinos mavropanos,,,,,,2026-09-30T09:17:37.450282Z
plr_71d84a1d,stephan lichtsteiner,,,,,,2026-09-30T09:17:37.450282Z
plr_d55daa88,sokratis papastathopoulos,,,,,,2026-09-30T09:17:37.450282Z
plr_2df0cb13,mesut özil,,,,,,2026-09-30T09:17:37.450282Z
plr_50585d71,aaron ramsey,,,,,,2026-09-30T09:17:37.450282Z
plr_0f6c67f6,alex iwobi,,,,,,2026-09-30T09:17:37.450282Z
plr_528bf654,mohamed elneny,,,,,,2026-09-30T09:17:37.450282Z
plr_092d4d51,granit xhaka,,,,,,2026-09-30T09:17:37.450282Z
plr_9d720bcf,henrikh mkhitaryan,,,,,,2026-09-30T09:17:37.450282Z
plr_7124259f,reiss nelson,,,,,,2026-09-30T09:17:37.450282Z
plr_e9bad5d1,ainsley maitlandniles,,,,,,2026-09-30T09:17:37.450282Z
plr_87a492b6,danny welbeck,,,,,,2026-09-30T09:17:37.450282Z
plr_8bba88d8,alexandre lacazette,,,,,,2026-09-30T09:17:37.450282Z
plr_1f98732c,pierreemerick aubameyang,,,,,,2026-09-30T09:17:37.450282Z
plr_0002ce69,lucas torreira,,,,,,2026-09-30T09:17:37.450282Z
plr_7cf2ea79,matteo guendouzi,,,,,,2026-09-30T09:17:37.450282Z
plr_fbc173a0,emiliano martínez,,,,,,2026-09-30T09:17:37.450282Z
plr_17c29f46,emile smithrowe,,,,,,2026-09-30T09:17:37.450282Z
plr_cd9038ce,zech medley,,,,,,2026-09-30T09:17:37.450282Z
plr_a573339d,edward nketiah,,,,,,2026-09-30T09:17:37.450282Z
plr_fc4367b1,bukayo saka,,,,,,2026-09-30T09:17:37.450282Z
plr_13d0ea49,joseph willock,,,,,,2026-09-30T09:17:37.450282Z
plr_ad0d0bc8,carl jenkinson,,,,,,2026-09-30T09:17:37.450282Z
plr_babf6d0c,denis suárez,,,,,,2026-09-30T09:17:37.450282Z
plr_26dc52a9,asmir begovic,,,,,,2026-09-30T09:17:37.450282Z
plr_2e5621b7,artur boruc,,,,,,2026-09-30T09:17:37.450282Z
plr_d56584a3,simon francis,,,,,,2026-09-30T09:17:37.450282Z
plr_9f484448,steve cook,,,,,,2026-09-30T09:17:37.450282Z
plr_86d156b8,charlie daniels,,,,,,2026-09-30T09:17:37.450282Z
plr_1210d5da,adam smith,,,,,,2026-09-30T09:17:37.450282Z
plr_ff5ef784,tyrone mings,,,,,,2026-09-30T09:17:37.450282Z
plr_fc15fe28,nathan aké,,,,,,2026-09-30T09:17:37.450282Z
plr_089a0978,jack simpson,,,,,,2026-09-30T09:17:37.450282Z
plr_f92ed997,marc pugh,,,,,,2026-09-30T09:17:37.450282Z
plr_74989b11,andrew surman,,,,,,2026-09-30T09:17:37.450282Z
plr_c63673bf,junior stanislas,,,,,,2026-09-30T09:17:37.450282Z
plr_d9523fc2,dan gosling,,,,,,2026-09-30T09:17:37.450282Z
plr_2ff35d79,jordon ibe,,,,,,2026-09-30T09:17:37.450282Z
plr_71ae4701,lewis cook,,,,,,2026-09-30T09:17:37.450282Z
plr_473481e9,ryan fraser,,,,,,2026-09-30T09:17:37.450282Z
plr_8ce797ce,emerson hyndman,,,,,,2026-09-30T09:17:37.450282Z
plr_3d5d63c5,david brooks,,,,,,2026-09-30T09:17:37.450282Z
plr_b0091eef,callum wilson,,,,,,2026-09-30T09:17:37.450282Z
plr_35ad7087,lys mousset,,,,,,2026-09-30T09:17:37.450282Z
plr_83d6d5c3,joshua king,,,,,,2026-09-30T09:17:37.450282Z
plr_69daac56,jermain defoe,,,,,,2026-09-30T09:17:37.450282Z
plr_4bbb1935,nathaniel clyne,,,,,,2026-09-30T09:17:37.450282Z
plr_a46bac7d,dominic solanke,,,,,,2026-09-30T09:17:37.450282Z
plr_5b9e1947,diego rico,,,,,,2026-09-30T09:17:37.450282Z
plr_ec727651,jefferson lerma,,,,,,2026-09-30T09:17:37.450282Z
plr_033c1004,chris mepham,,,,,,2026-09-30T09:17:37.450282Z
plr_a1f4d6e6,sam surridge,,,,,,2026-09-30T09:17:37.450282Z
plr_eeb5453e,kyle taylor,,,,,,2026-09-30T09:17:37.450282Z
plr_60fe62aa,nnamdi ofoborh,,,,,,2026-09-30T09:17:37.450282Z
plr_8ec939c3,mark travers,,,,,,2026-09-30T09:17:37.450282Z
plr_4a2f6a35,matt butcher,,,,,,2026-09-30T09:17:37.450282Z
plr_60fd42bd,mathew ryan,,,,,,2026-09-30T09:17:37.450282Z
plr_6e7d59f2,lewis dunk,,,,,,2026-09-30T09:17:37.450282Z
plr_bc1efc9a,shane duffy,,,,,,2026-09-30T09:17:37.450282Z
plr_dc35cca3,bruno saltor grau,,,,,,2026-09-30T09:17:37.450282Z
plr_973e4a3b,gaëtan bong,,,,,,2026-09-30T09:17:37.450282Z
plr_4d79fe1b,markus suttner,,,,,,2026-09-30T09:17:37.450282Z
plr_542254da,ezequiel schelotto,,,,,,2026-09-30T09:17:37.450282Z
plr_481b06bc,leon balogun,,,,,,2026-09-30T09:17:37.450282Z
plr_76748ba6,anthony knockaert,,,,,,2026-09-30T09:17:37.450282Z
plr_2b831ac0,dale stephens,,,,,,2026-09-30T09:17:37.450282Z
plr_861ee9a5,beram kayal,,,,,,2026-09-30T09:17:37.450282Z
plr_973453ea,solomon march,,,,,,2026-09-30T09:17:37.450282Z
plr_7a6027b2,pascal groß,,,,,,2026-09-30T09:17:37.451308Z
plr_2198492a,davy pröpper,,,,,,2026-09-30T09:17:37.451308Z
plr_1211ee03,josé heriberto izquierdo mena,,,,,,2026-09-30T09:17:37.451308Z
plr_51430396,glenn murray,,,,,,2026-09-30T09:17:37.451308Z
plr_75c9ca1c,tomer hemed,,,,,,2026-09-30T09:17:37.451308Z
plr_297fcbf4,sam baldock,,,,,,2026-09-30T09:17:37.451308Z
plr_aa7bc1d5,jürgen locadia,,,,,,2026-09-30T09:17:37.451308Z
plr_9a987637,florin andone,,,,,,2026-09-30T09:17:37.451308Z
plr_532641b2,david button,,,,,,2026-09-30T09:17:37.451308Z
plr_c69b7eb0,jason steele,,,,,,2026-09-30T09:17:37.451308Z
plr_3bc28b36,bernardo fernandes da silva junior,,,,,,2026-09-30T09:17:37.451308Z
plr_42047687,yves bissouma,,,,,,2026-09-30T09:17:37.451308Z
plr_508aa546,alireza jahanbakhsh,,,,,,2026-09-30T09:17:37.451308Z
plr_44468301,martín montoya,,,,,,2026-09-30T09:17:37.451308Z
plr_220e297b,viktor gyokeres,,,,,,2026-09-30T09:17:37.451308Z
plr_1435248e,ben white,,,,,,2026-09-30T09:17:37.451308Z
plr_8cffcfce,max sanders,,,,,,2026-09-30T09:17:37.451308Z
plr_8e85c7c2,dan burn,,,,,,2026-09-30T09:17:37.451308Z
plr_dfdbc1fa,jayson molumby,,,,,,2026-09-30T09:17:37.451308Z
plr_f4a0a6d3,tom heaton,,,,,,2026-09-30T09:17:37.451308Z
plr_ef5d2fde,nick pope,,,,,,2026-09-30T09:17:37.451308Z
plr_68a23045,matthew lowton,,,,,,2026-09-30T09:17:37.451308Z
plr_5413ac2c,ben mee,,,,,,2026-09-30T09:17:37.451308Z
plr_6945edcc,stephen ward,,,,,,2026-09-30T09:17:37.451308Z
plr_a566c68e,james tarkowski,,,,,,2026-09-30T09:17:37.451308Z
plr_4c4f02f8,kevin long,,,,,,2026-09-30T09:17:37.451308Z
plr_9fb9fe11,charlie taylor,,,,,,2026-09-30T09:17:37.451308Z
plr_be5bd356,phil bardsley,,,,,,2026-09-30T09:17:37.451308Z
plr_6af64175,johann berg gudmundsson,,,,,,2026-09-30T09:17:37.451308Z
plr_72fa8392,steven defour,,,,,,2026-09-30T09:17:37.451308Z
plr_a8c20f50,jeff hendrick,,,,,,2026-09-30T09:17:37.451308Z
plr_425399ad,robbie brady,,,,,,2026-09-30T09:17:37.451308Z
plr_29b3481e,ashley westwood,,,,,,2026-09-30T09:17:37.451308Z
plr_6b5839e7,jonathan walters,,,,,,2026-09-30T09:17:37.451308Z
plr_d77e5795,jack cork,,,,,,2026-09-30T09:17:37.451308Z
plr_1cdbf075,aaron lennon,,,,,,2026-09-30T09:17:37.451308Z
plr_b35395b1,sam vokes,,,,,,2026-09-30T09:17:37.451308Z
plr_d7833c4c,ashley barnes,,,,,,2026-09-30T09:17:37.451308Z
plr_e082eb5e,nahki wells,,,,,,2026-09-30T09:17:37.451308Z
plr_f64a195f,chris wood,,,,,,2026-09-30T09:17:37.451308Z
plr_44a70f63,anders lindegaard,,,,,,2026-09-30T09:17:37.451308Z
plr_06341f32,joe hart,,,,,,2026-09-30T09:17:37.451308Z
plr_e0fb6674,ben gibson,,,,,,2026-09-30T09:17:37.451308Z
plr_92371766,matej vydra,,,,,,2026-09-30T09:17:37.451308Z
plr_208df530,dwight mcneil,,,,,,2026-09-30T09:17:37.451308Z
plr_fc41f6f9,abdalali morakinyo olaposi koiki,,,,,,2026-09-30T09:17:37.451308Z
plr_4f2f77b8,josh benson,,,,,,2026-09-30T09:17:37.451308Z
plr_afd0e8b5,peter crouch,,,,,,2026-09-30T09:17:37.451308Z
plr_884dada6,anthony driscollglennon,,,,,,2026-09-30T09:17:37.451308Z
plr_c95ae376,harry arter,,,,,,2026-09-30T09:17:37.451308Z
plr_2cd4e9a8,neil etheridge,,,,,,2026-09-30T09:17:37.451308Z
plr_f5c50b75,alex smithies,,,,,,2026-09-30T09:17:37.451308Z
plr_4fc1560e,sean morrison,,,,,,2026-09-30T09:17:37.451308Z
plr_885de0b6,sol bamba,,,,,,2026-09-30T09:17:37.451308Z
plr_1ef78a74,bruno ecuele manga,,,,,,2026-09-30T09:17:37.451308Z
plr_a05d2380,matthew connolly,,,,,,2026-09-30T09:17:37.451308Z
plr_eebd3eeb,joe bennett,,,,,,2026-09-30T09:17:37.451308Z
plr_5943435d,lee peltier,,,,,,2026-09-30T09:17:37.451308Z
plr_c051e216,ashley darel jazz richards,,,,,,2026-09-30T09:17:37.451308Z
plr_1be8bdba,greg halford,,,,,,2026-09-30T09:17:37.451308Z
plr_c4b8c3cf,joe ralls,,,,,,2026-09-30T09:17:37.451308Z
plr_b92bb250,david junior hoilett,,,,,,2026-09-30T09:17:37.451308Z
plr_486324f2,nathaniel mendezlaing,,,,,,2026-09-30T09:17:37.451308Z
plr_376ca02b,callum paterson,,,,,,2026-09-30T09:17:37.451308Z
plr_77fd107d,aron gunnarsson,,,,,,2026-09-30T09:17:37.451308Z
plr_cd009cc7,anthony pilkington,,,,,,2026-09-30T09:17:37.451308Z
plr_9bfc1601,loïc damour,,,,,,2026-09-30T09:17:37.451308Z
plr_e99d25d2,danny ward,,,,,,2026-09-30T09:17:37.451308Z
plr_6ec72bd1,josh murphy,,,,,,2026-09-30T09:17:37.451308Z
plr_82ad0811,kenneth zohore,,,,,,2026-09-30T09:17:37.451308Z
plr_e5eba929,omar bogle,,,,,,2026-09-30T09:17:37.451308Z
plr_5faa6205,gary madine,,,,,,2026-09-30T09:17:37.451308Z
plr_d61e26ca,bobby reid,,,,,,2026-09-30T09:17:37.451308Z
plr_09e9c769,oumar niasse,,,,,,2026-09-30T09:17:37.451308Z
plr_4fbd51a7,greg cunninghamm,,,,,,2026-09-30T09:17:37.451308Z
plr_764b8447,víctor camarasa,,,,,,2026-09-30T09:17:37.451308Z
plr_932523ad,kadeem harris,,,,,,2026-09-30T09:17:37.451308Z
plr_8e516b95,brian murphy,,,,,,2026-09-30T09:17:37.451308Z
plr_9de7334c,rhys healey,,,,,,2026-09-30T09:17:37.451308Z
plr_f37fe529,leandro bacuna,,,,,,2026-09-30T09:17:37.451308Z
plr_941a92ab,thibaut courtois,,,,,,2026-09-30T09:17:37.451308Z
plr_ef0bbc5a,willy caballero,,,,,,2026-09-30T09:17:37.451308Z
plr_71c220ab,césar azpilicueta,,,,,,2026-09-30T09:17:37.451308Z
plr_ea397c75,gary cahill,,,,,,2026-09-30T09:17:37.451308Z
plr_2826cb21,marcos alonso,,,,,,2026-09-30T09:17:37.451308Z
plr_6f8b8bea,david luiz moreira marinho,,,,,,2026-09-30T09:17:37.451308Z
plr_6f1af571,victor moses,,,,,,2026-09-30T09:17:37.451308Z
plr_6868e991,antonio rüdiger,,,,,,2026-09-30T09:17:37.451308Z
plr_b6ba3793,andreas christensen,,,,,,2026-09-30T09:17:37.451308Z
plr_1fa07280,davide zappacosta,,,,,,2026-09-30T09:17:37.451308Z
plr_6173266e,emerson palmieri dos santos,,,,,,2026-09-30T09:17:37.451308Z
plr_0f5e38e9,eden hazard,,,,,,2026-09-30T09:17:37.451308Z
plr_f7384ec8,cesc fàbregas,,,,,,2026-09-30T09:17:37.451308Z
plr_574c7e96,willian borges da silva,,,,,,2026-09-30T09:17:37.451308Z
plr_61dad760,pedro rodríguez ledesma,,,,,,2026-09-30T09:17:37.451308Z
plr_6c46dc4c,ngolo kanté,,,,,,2026-09-30T09:17:37.451308Z
plr_673cfab3,ross barkley,,,,,,2026-09-30T09:17:37.451308Z
plr_3e594bdb,daniel drinkwater,,,,,,2026-09-30T09:17:37.451308Z
plr_e2b837a7,tiemoué bakayoko,,,,,,2026-09-30T09:17:37.451308Z
plr_c8c2df65,ethan ampadu,,,,,,2026-09-30T09:17:37.451308Z
plr_52ee411b,callum hudsonodoi,,,,,,2026-09-30T09:17:37.451308Z
plr_6b8810ff,ruben loftuscheek,,,,,,2026-09-30T09:17:37.451308Z
plr_10bbb0d8,olivier giroud,,,,,,2026-09-30T09:17:37.452310Z
plr_f055db06,álvaro morata,,,,,,2026-09-30T09:17:37.452310Z
plr_83b5cd51,jorge luiz frello filho,,,,,,2026-09-30T09:17:37.452310Z
plr_e19d612b,tammy abraham,,,,,,2026-09-30T09:17:37.452310Z
plr_f367ce9f,kepa arrizabalaga,,,,,,2026-09-30T09:17:37.452310Z
plr_99a11ace,mateo kovacic,,,,,,2026-09-30T09:17:37.452310Z
plr_cb466124,gonzalo higuaín,,,,,,2026-09-30T09:17:37.452310Z
plr_298dd03d,addji keaninkin marcisrael guehi,,,,,,2026-09-30T09:17:37.452310Z
plr_de07a986,wayne hennessey,,,,,,2026-09-30T09:17:37.452310Z
plr_118c712c,julian speroni,,,,,,2026-09-30T09:17:37.452310Z
plr_8d8ea1ff,vicente guaita,,,,,,2026-09-30T09:17:37.452310Z
plr_50efee62,james tomkins,,,,,,2026-09-30T09:17:37.452310Z
plr_c3b48477,scott dann,,,,,,2026-09-30T09:17:37.452310Z
plr_0f6ce7b1,martin kelly,,,,,,2026-09-30T09:17:37.452310Z
plr_ac4709b6,jeffrey schlupp,,,,,,2026-09-30T09:17:37.452310Z
plr_1183b95e,patrick van aanholt,,,,,,2026-09-30T09:17:37.452310Z
plr_fdf37817,mamadou sakho,,,,,,2026-09-30T09:17:37.452310Z
plr_ebcb60c4,jairo riedewald,,,,,,2026-09-30T09:17:37.452310Z
plr_b9cc9a07,aaron wanbissaka,,,,,,2026-09-30T09:17:37.452310Z
plr_c0c536dd,james mcarthur,,,,,,2026-09-30T09:17:37.452310Z
plr_1f542b2d,bakary sako,,,,,,2026-09-30T09:17:37.452310Z
plr_b1716ce8,andros townsend,,,,,,2026-09-30T09:17:37.452310Z
plr_c1fd5ee1,luka milivojevic,,,,,,2026-09-30T09:17:37.452310Z
plr_b61af771,wilfried zaha,,,,,,2026-09-30T09:17:37.452310Z
plr_11054601,christian benteke,,,,,,2026-09-30T09:17:37.452310Z
plr_89dcee99,alexander sørloth,,,,,,2026-09-30T09:17:37.452310Z
plr_48cc406b,cheikhou kouyaté,,,,,,2026-09-30T09:17:37.452310Z
plr_3acaf742,joel ward,,,,,,2026-09-30T09:17:37.452310Z
plr_251eca56,jaroslaw jach,,,,,,2026-09-30T09:17:37.452310Z
plr_26deef24,pape souaré,,,,,,2026-09-30T09:17:37.452310Z
plr_81f31007,connor wickham,,,,,,2026-09-30T09:17:37.452310Z
plr_79113137,sullay kaikai,,,,,,2026-09-30T09:17:37.452310Z
plr_c1f35599,max meyer,,,,,,2026-09-30T09:17:37.452310Z
plr_04400911,jordan ayew,,,,,,2026-09-30T09:17:37.452310Z
plr_941e9f78,joe tupper,,,,,,2026-09-30T09:17:37.452310Z
plr_49a6ff23,lucas perri,,,,,,2026-09-30T09:17:37.452310Z
plr_153f715d,michy batshuayi,,,,,,2026-09-30T09:17:37.452310Z
plr_44a6b76d,sam woods,,,,,,2026-09-30T09:17:37.452310Z
plr_42044fe5,luke dreher,,,,,,2026-09-30T09:17:37.452310Z
plr_f702e28e,nikola tavares,,,,,,2026-09-30T09:17:37.452310Z
plr_c5ebfde0,jordan pickford,,,,,,2026-09-30T09:17:37.452310Z
plr_32fe933e,maarten stekelenburg,,,,,,2026-09-30T09:17:37.452310Z
plr_1a610229,leighton baines,,,,,,2026-09-30T09:17:37.452310Z
plr_6b0723b5,seamus coleman,,,,,,2026-09-30T09:17:37.452310Z
plr_d65aef93,phil jagielka,,,,,,2026-09-30T09:17:37.452310Z
plr_a731f038,ashley williams,,,,,,2026-09-30T09:17:37.452310Z
plr_ffa99396,mason holgate,,,,,,2026-09-30T09:17:37.452310Z
plr_6c8f13a9,jonjoe kenny,,,,,,2026-09-30T09:17:37.452310Z
plr_161dd142,michael keane,,,,,,2026-09-30T09:17:37.452310Z
plr_35c38f75,cuco martina,,,,,,2026-09-30T09:17:37.452310Z
plr_3f0f724c,theo walcott,,,,,,2026-09-30T09:17:37.452310Z
plr_df31ebae,yannick bolasie,,,,,,2026-09-30T09:17:37.452310Z
plr_0061283a,james mccarthy,,,,,,2026-09-30T09:17:37.452310Z
plr_06208938,morgan schneiderlin,,,,,,2026-09-30T09:17:37.452310Z
plr_0d71f785,idrissa gueye,,,,,,2026-09-30T09:17:37.452310Z
plr_d30e5489,tom davies,,,,,,2026-09-30T09:17:37.452310Z
plr_4e1069b9,ademola lookman,,,,,,2026-09-30T09:17:37.452310Z
plr_6b07b640,davy klaassen,,,,,,2026-09-30T09:17:37.452310Z
plr_625fce0f,gylfi sigurdsson,,,,,,2026-09-30T09:17:37.452310Z
plr_2e655d1d,nikola vlasic,,,,,,2026-09-30T09:17:37.452310Z
plr_ad0785ee,beni baningime,,,,,,2026-09-30T09:17:37.452310Z
plr_399dc18b,dominic calvertlewin,,,,,,2026-09-30T09:17:37.452310Z
plr_ff9ef66a,cenk tosun,,,,,,2026-09-30T09:17:37.452310Z
plr_52c0bbb5,richarlison de andrade,,,,,,2026-09-30T09:17:37.452310Z
plr_0107d1cf,kevin mirallas,,,,,,2026-09-30T09:17:37.452310Z
plr_9dc75fe3,sandro ramírez,,,,,,2026-09-30T09:17:37.452310Z
plr_6face4a9,lucas digne,,,,,,2026-09-30T09:17:37.452310Z
plr_19e6c3ba,yerry mina,,,,,,2026-09-30T09:17:37.452310Z
plr_e7c63952,bernard anício caldeira duarte,,,,,,2026-09-30T09:17:37.452310Z
plr_da25c5fa,andré filipe tavares gomes,,,,,,2026-09-30T09:17:37.452310Z
plr_d63a49be,kurt zouma,,,,,,2026-09-30T09:17:37.452310Z
plr_30017acd,kieran dowell,,,,,,2026-09-30T09:17:37.452310Z
plr_c19e3649,tyias browning,,,,,,2026-09-30T09:17:37.452310Z
plr_fc4996be,calum chambers,,,,,,2026-09-30T09:17:37.452310Z
plr_a14d2b61,marcus bettinelli,,,,,,2026-09-30T09:17:37.452310Z
plr_c41ec98b,tim ream,,,,,,2026-09-30T09:17:37.452310Z
plr_69052346,denis odoi,,,,,,2026-09-30T09:17:37.452310Z
plr_efe91b11,tom cairney,,,,,,2026-09-30T09:17:37.452310Z
plr_79421cb8,kevin mcdonald,,,,,,2026-09-30T09:17:37.452310Z
plr_1b8f4c67,ryan sessegnon,,,,,,2026-09-30T09:17:37.452310Z
plr_048a1491,stefan johansen,,,,,,2026-09-30T09:17:37.452310Z
plr_964b005a,floyd ayité,,,,,,2026-09-30T09:17:37.452310Z
plr_cdf0e3cd,neeskens kebano,,,,,,2026-09-30T09:17:37.452310Z
plr_d5991a02,rui pedro da rocha fonte,,,,,,2026-09-30T09:17:37.452310Z
plr_5a8c03f0,aboubakar kamara,,,,,,2026-09-30T09:17:37.452310Z
plr_ff89e002,maxime le marchand,,,,,,2026-09-30T09:17:37.452310Z
plr_48f1c362,jean michael seri,,,,,,2026-09-30T09:17:37.452310Z
plr_3426b144,cyrus christie,,,,,,2026-09-30T09:17:37.452310Z
plr_d6a607a1,fabricio agosto ramírez,,,,,,2026-09-30T09:17:37.452310Z
plr_5c0d9924,andré schürrle,,,,,,2026-09-30T09:17:37.452310Z
plr_0b069697,aleksandar mitrovic,,,,,,2026-09-30T09:17:37.452310Z
plr_9911a387,alfie mawson,,,,,,2026-09-30T09:17:37.452310Z
plr_570ce681,sergio rico,,,,,,2026-09-30T09:17:37.452310Z
plr_c609ab88,joe bryan,,,,,,2026-09-30T09:17:37.452310Z
plr_3aff19d5,timothy fosumensah,,,,,,2026-09-30T09:17:37.452310Z
plr_4588f307,andréfrank zambo anguissa,,,,,,2026-09-30T09:17:37.452310Z
plr_2eb6d93e,luciano vietto,,,,,,2026-09-30T09:17:37.452310Z
plr_a9c48f55,ibrahima cissé,,,,,,2026-09-30T09:17:37.452310Z
plr_0cd17036,zeze steven sessegnon,,,,,,2026-09-30T09:17:37.452310Z
plr_280548db,ryan babel,,,,,,2026-09-30T09:17:37.452310Z
plr_25eaca77,håvard nordtveit,,,,,,2026-09-30T09:17:37.452310Z
plr_ef490467,lazar markovic,,,,,,2026-09-30T09:17:37.452310Z
plr_b077ffa5,harvey elliott,,,,,,2026-09-30T09:17:37.452310Z
plr_29277fdc,luca de la torre,,,,,,2026-09-30T09:17:37.452310Z
plr_5d0d2c4c,jason puncheon,,,,,,2026-09-30T09:17:37.452310Z
plr_aaa479d5,ben hamer,,,,,,2026-09-30T09:17:37.452310Z
plr_51a2507f,jonas lössl,,,,,,2026-09-30T09:17:37.452310Z
plr_bf6ae55e,christopher schindler,,,,,,2026-09-30T09:17:37.452310Z
plr_ad3652f5,chris löwe,,,,,,2026-09-30T09:17:37.452310Z
plr_d4a230d7,tommy smith,,,,,,2026-09-30T09:17:37.453308Z
plr_6736cf80,mathias jorgensen,,,,,,2026-09-30T09:17:37.453308Z
plr_39f26118,scott malone,,,,,,2026-09-30T09:17:37.453308Z
plr_cb9f6842,florent hadergjonaj,,,,,,2026-09-30T09:17:37.453308Z
plr_21ee61ef,terence kongolo,,,,,,2026-09-30T09:17:37.453308Z
plr_2fd4092e,aaron mooy,,,,,,2026-09-30T09:17:37.453308Z
plr_c5093729,rajiv van la parra,,,,,,2026-09-30T09:17:37.453308Z
plr_75f22fe3,jonathan hogg,,,,,,2026-09-30T09:17:37.453308Z
plr_b966fd7c,philip billing,,,,,,2026-09-30T09:17:37.453308Z
plr_93c18389,tom ince,,,,,,2026-09-30T09:17:37.453308Z
plr_0acc101a,danny williams,,,,,,2026-09-30T09:17:37.453308Z
plr_56a53446,abdelhamid sabiri,,,,,,2026-09-30T09:17:37.453308Z
plr_c94506ed,alex pritchard,,,,,,2026-09-30T09:17:37.453308Z
plr_589e4b01,ramadan sobhi,,,,,,2026-09-30T09:17:37.453308Z
plr_356080e0,juninho bacuna,,,,,,2026-09-30T09:17:37.453308Z
plr_7364eb4d,collin quaner,,,,,,2026-09-30T09:17:37.453308Z
plr_9b227eca,laurent depoitre,,,,,,2026-09-30T09:17:37.453308Z
plr_e77b0ac8,steve mounie,,,,,,2026-09-30T09:17:37.453308Z
plr_10f347b1,elias kachunga,,,,,,2026-09-30T09:17:37.453308Z
plr_d108932b,erik durm,,,,,,2026-09-30T09:17:37.453308Z
plr_51391b30,adama diakhaby,,,,,,2026-09-30T09:17:37.453308Z
plr_ef63cbf4,isaac mbenza,,,,,,2026-09-30T09:17:37.453308Z
plr_df9eccf0,jon gorenc stankovic,,,,,,2026-09-30T09:17:37.453308Z
plr_9d4f4295,ryan schofield,,,,,,2026-09-30T09:17:37.453308Z
plr_49df5af6,karlan grant,,,,,,2026-09-30T09:17:37.453308Z
plr_275e541b,joel coleman,,,,,,2026-09-30T09:17:37.453308Z
plr_8ba17134,demeaco duhaney,,,,,,2026-09-30T09:17:37.453308Z
plr_b639325b,matthew daly,,,,,,2026-09-30T09:17:37.453308Z
plr_6ea5f951,aaron rowe,,,,,,2026-09-30T09:17:37.453308Z
plr_43e9fe5e,kasper schmeichel,,,,,,2026-09-30T09:17:37.453308Z
plr_95c6f486,eldin jakupovic,,,,,,2026-09-30T09:17:37.453308Z
plr_b0f6e271,wes morgan,,,,,,2026-09-30T09:17:37.453308Z
plr_79e7bfb0,christian fuchs,,,,,,2026-09-30T09:17:37.453308Z
plr_37b5222f,danny simpson,,,,,,2026-09-30T09:17:37.453308Z
plr_1b53db53,yohan benalouane,,,,,,2026-09-30T09:17:37.453308Z
plr_e98c62ca,benjamin chilwell,,,,,,2026-09-30T09:17:37.453308Z
plr_baacfe09,harry maguire,,,,,,2026-09-30T09:17:37.453308Z
plr_b02d0f56,ricardo domingos barbosa pereira,,,,,,2026-09-30T09:17:37.453308Z
plr_59225587,jonny evans,,,,,,2026-09-30T09:17:37.453308Z
plr_f0d61714,marc albrighton,,,,,,2026-09-30T09:17:37.453308Z
plr_fd24b1dc,demarai gray,,,,,,2026-09-30T09:17:37.453308Z
plr_fca72bf8,daniel amartey,,,,,,2026-09-30T09:17:37.453308Z
plr_6720ba39,wilfred ndidi,,,,,,2026-09-30T09:17:37.453308Z
plr_97187ae2,vicente iborra,,,,,,2026-09-30T09:17:37.453308Z
plr_5ad43ecc,matty james,,,,,,2026-09-30T09:17:37.453308Z
plr_600cc0b0,hamza choudhury,,,,,,2026-09-30T09:17:37.453308Z
plr_b252be1c,adrien sebastian perruchet silva,,,,,,2026-09-30T09:17:37.453308Z
plr_8216d44e,fousseni diabaté,,,,,,2026-09-30T09:17:37.453308Z
plr_eddd947f,james maddison,,,,,,2026-09-30T09:17:37.453308Z
plr_d651b798,jamie vardy,,,,,,2026-09-30T09:17:37.453308Z
plr_80d3a706,shinji okazaki,,,,,,2026-09-30T09:17:37.453308Z
plr_3e35016b,kelechi iheanacho,,,,,,2026-09-30T09:17:37.453308Z
plr_5ae882ae,danny ward,,,,,,2026-09-30T09:17:37.453308Z
plr_805640dc,rachid ghezzal,,,,,,2026-09-30T09:17:37.453308Z
plr_f77e6dcb,filip benkovic,,,,,,2026-09-30T09:17:37.453308Z
plr_b148352f,çaglar söyüncü,,,,,,2026-09-30T09:17:37.453308Z
plr_49a2c216,nampalys mendy,,,,,,2026-09-30T09:17:37.453308Z
plr_a5e0b53f,josh knight,,,,,,2026-09-30T09:17:37.453308Z
plr_0d90b276,harvey barnes,,,,,,2026-09-30T09:17:37.453308Z
plr_97d99afb,youri tielemans,,,,,,2026-09-30T09:17:37.453308Z
plr_da24d8fc,simon mignolet,,,,,,2026-09-30T09:17:37.453308Z
plr_daf77a07,loris karius,,,,,,2026-09-30T09:17:37.453308Z
plr_649a3758,dejan lovren,,,,,,2026-09-30T09:17:37.453308Z
plr_872d206e,alberto moreno,,,,,,2026-09-30T09:17:37.453308Z
plr_5f8de75d,joseph gomez,,,,,,2026-09-30T09:17:37.453308Z
plr_13c773fc,joel matip,,,,,,2026-09-30T09:17:37.453308Z
plr_a25fa6a7,ragnar klavan,,,,,,2026-09-30T09:17:37.453308Z
plr_7548a39f,trent alexanderarnold,,,,,,2026-09-30T09:17:37.453308Z
plr_79cf3151,virgil van dijk,,,,,,2026-09-30T09:17:37.453308Z
plr_a4d96cc6,andrew robertson,,,,,,2026-09-30T09:17:37.453308Z
plr_ed2775ac,alex oxladechamberlain,,,,,,2026-09-30T09:17:37.453308Z
plr_538f7a82,jordan henderson,,,,,,2026-09-30T09:17:37.453308Z
plr_5c5b6f17,adam lallana,,,,,,2026-09-30T09:17:37.453308Z
plr_369f7aa4,sadio mané,,,,,,2026-09-30T09:17:37.453308Z
plr_4d61ae05,georginio wijnaldum,,,,,,2026-09-30T09:17:37.453308Z
plr_026e4eb9,mohamed salah,,,,,,2026-09-30T09:17:37.453308Z
plr_833cc749,james milner,,,,,,2026-09-30T09:17:37.453308Z
plr_d6df57de,fabio henrique tavares,,,,,,2026-09-30T09:17:37.453308Z
plr_3f002143,naby keita,,,,,,2026-09-30T09:17:37.453308Z
plr_7289db35,roberto firmino,,,,,,2026-09-30T09:17:37.453308Z
plr_db541176,xherdan shaqiri,,,,,,2026-09-30T09:17:37.453308Z
plr_0849b0ba,alisson ramses becker,,,,,,2026-09-30T09:17:37.453308Z
plr_40cab230,daniel sturridge,,,,,,2026-09-30T09:17:37.453308Z
plr_1d40f1b0,divock origi,,,,,,2026-09-30T09:17:37.453308Z
plr_742f6d93,rafael camacho,,,,,,2026-09-30T09:17:37.453308Z
plr_ef13bcea,curtis jones,,,,,,2026-09-30T09:17:37.453308Z
plr_8aea0b2c,riyad mahrez,,,,,,2026-09-30T09:17:37.453308Z
plr_4c9aca91,ederson santana de moraes,,,,,,2026-09-30T09:17:37.453308Z
plr_ce49eb7b,claudio bravo,,,,,,2026-09-30T09:17:37.453308Z
plr_b64d71d4,john stones,,,,,,2026-09-30T09:17:37.453308Z
plr_0a3793db,vincent kompany,,,,,,2026-09-30T09:17:37.453308Z
plr_1ef4e544,nicolás otamendi,,,,,,2026-09-30T09:17:37.453308Z
plr_16eee15f,kyle walker,,,,,,2026-09-30T09:17:37.453308Z
plr_6d6bf4eb,danilo luiz da silva,,,,,,2026-09-30T09:17:37.453308Z
plr_f6e6a505,benjamin mendy,,,,,,2026-09-30T09:17:37.453308Z
plr_e05b1e07,aymeric laporte,,,,,,2026-09-30T09:17:37.453308Z
plr_d2e9662b,fabian delph,,,,,,2026-09-30T09:17:37.453308Z
plr_105aa3d9,raheem sterling,,,,,,2026-09-30T09:17:37.453308Z
plr_6fc7b619,david silva,,,,,,2026-09-30T09:17:37.453308Z
plr_33d16a6f,fernando luiz rosa,,,,,,2026-09-30T09:17:37.453308Z
plr_6a336f47,kevin de bruyne,,,,,,2026-09-30T09:17:37.453308Z
plr_2d7a71a3,ilkay gündogan,,,,,,2026-09-30T09:17:37.453308Z
plr_dfb8d559,leroy sané,,,,,,2026-09-30T09:17:37.453308Z
plr_08c2eb1f,bernardo mota veiga de carvalho e silva,,,,,,2026-09-30T09:17:37.453308Z
plr_bed421dc,phil foden,,,,,,2026-09-30T09:17:37.453308Z
plr_61c95bfd,brahim diaz,,,,,,2026-09-30T09:17:37.453308Z
plr_05aeb8e0,oleksandr zinchenko,,,,,,2026-09-30T09:17:37.453308Z
plr_3e0fc5e5,sergio agüero,,,,,,2026-09-30T09:17:37.453308Z
plr_6af1e310,gabriel fernando de jesus,,,,,,2026-09-30T09:17:37.453308Z
plr_da872fd3,arijanet muric,,,,,,2026-09-30T09:17:37.454311Z
plr_dc6c0e74,philippe sandler,,,,,,2026-09-30T09:17:37.454311Z
plr_e0a054f0,david de gea,,,,,,2026-09-30T09:17:37.454311Z
plr_ad26d9b8,sergio romero,,,,,,2026-09-30T09:17:37.454311Z
plr_8dda1b3e,chris smalling,,,,,,2026-09-30T09:17:37.454311Z
plr_472e5429,phil jones,,,,,,2026-09-30T09:17:37.454311Z
plr_09b34bb8,luke shaw,,,,,,2026-09-30T09:17:37.454311Z
plr_67ffebd5,marcos rojo,,,,,,2026-09-30T09:17:37.454311Z
plr_4f6b0803,antonio valencia,,,,,,2026-09-30T09:17:37.454311Z
plr_71457ce8,matteo darmian,,,,,,2026-09-30T09:17:37.454311Z
plr_d56f1341,daley blind,,,,,,2026-09-30T09:17:37.454311Z
plr_54d64445,eric bailly,,,,,,2026-09-30T09:17:37.454311Z
plr_7f279865,victor lindelöf,,,,,,2026-09-30T09:17:37.454311Z
plr_68c4c447,ashley young,,,,,,2026-09-30T09:17:37.454311Z
plr_9e2fb938,josé diogo dalot teixeira,,,,,,2026-09-30T09:17:37.454311Z
plr_b3fa3efa,alexis sánchez,,,,,,2026-09-30T09:17:37.454311Z
plr_e1a145d8,nemanja matic,,,,,,2026-09-30T09:17:37.454311Z
plr_3578df9b,juan mata,,,,,,2026-09-30T09:17:37.454311Z
plr_1e2ebee6,marouane fellaini,,,,,,2026-09-30T09:17:37.454311Z
plr_00a03259,ander herrera,,,,,,2026-09-30T09:17:37.454311Z
plr_6251b786,jesse lingard,,,,,,2026-09-30T09:17:37.454311Z
plr_356a3fe0,anthony martial,,,,,,2026-09-30T09:17:37.454311Z
plr_a916a9a3,paul pogba,,,,,,2026-09-30T09:17:37.454311Z
plr_1cd9942c,scott mctominay,,,,,,2026-09-30T09:17:37.454311Z
plr_54b3cda9,frederico rodrigues de paula santos,,,,,,2026-09-30T09:17:37.454311Z
plr_52834f28,marcus rashford,,,,,,2026-09-30T09:17:37.454311Z
plr_818e59dd,romelu lukaku,,,,,,2026-09-30T09:17:37.454311Z
plr_3bebb6c9,andreas pereira,,,,,,2026-09-30T09:17:37.454311Z
plr_6cb18e9a,lee grant,,,,,,2026-09-30T09:17:37.454311Z
plr_639f9320,angel gomes,,,,,,2026-09-30T09:17:37.454311Z
plr_0e1e2bc8,james garner,,,,,,2026-09-30T09:17:37.454311Z
plr_34c056af,tahith chong,,,,,,2026-09-30T09:17:37.454311Z
plr_736964ec,mason greenwood,,,,,,2026-09-30T09:17:37.454311Z
plr_16fdc200,robert elliot,,,,,,2026-09-30T09:17:37.454311Z
plr_d11e0488,karl darlow,,,,,,2026-09-30T09:17:37.454311Z
plr_9749115d,martin dubravka,,,,,,2026-09-30T09:17:37.454311Z
plr_c542991d,deandre yedlin,,,,,,2026-09-30T09:17:37.454311Z
plr_7f9b2945,ciaran clark,,,,,,2026-09-30T09:17:37.454311Z
plr_db6eca67,jamaal lascelles,,,,,,2026-09-30T09:17:37.454311Z
plr_671fe23f,paul dummett,,,,,,2026-09-30T09:17:37.454311Z
plr_7b6d5f4a,florian lejeune,,,,,,2026-09-30T09:17:37.454311Z
plr_09f33d47,javier manquillo,,,,,,2026-09-30T09:17:37.454311Z
plr_15120ccc,chancel mbemba,,,,,,2026-09-30T09:17:37.454311Z
plr_3085b659,matt ritchie,,,,,,2026-09-30T09:17:37.454311Z
plr_abe4ca77,jonjo shelvey,,,,,,2026-09-30T09:17:37.454311Z
plr_4208a251,mohamed diamé,,,,,,2026-09-30T09:17:37.454311Z
plr_fbc3b89c,christian atsu,,,,,,2026-09-30T09:17:37.454311Z
plr_b03effdc,jacob murphy,,,,,,2026-09-30T09:17:37.454311Z
plr_80982b74,mikel merino,,,,,,2026-09-30T09:17:37.454311Z
plr_12ba7080,isaac hayden,,,,,,2026-09-30T09:17:37.454311Z
plr_c949338c,sungyueng ki,,,,,,2026-09-30T09:17:37.454311Z
plr_3654f1a3,dwight gayle,,,,,,2026-09-30T09:17:37.454311Z
plr_3a68ab01,ayoze pérez,,,,,,2026-09-30T09:17:37.454311Z
plr_bde8ba92,jose luis mato sanmartín,,,,,,2026-09-30T09:17:37.454311Z
plr_0c9c5d06,robert kenedy nunes do nascimento,,,,,,2026-09-30T09:17:37.454311Z
plr_f8dd7e74,fabian schär,,,,,,2026-09-30T09:17:37.454311Z
plr_8b4df567,yoshinori muto,,,,,,2026-09-30T09:17:37.454311Z
plr_d1bd9bdb,salomón rondón,,,,,,2026-09-30T09:17:37.454311Z
plr_b91e90c0,federico fernández,,,,,,2026-09-30T09:17:37.454311Z
plr_23cec891,jamie sterry,,,,,,2026-09-30T09:17:37.454311Z
plr_ba2fc205,sean longstaff,,,,,,2026-09-30T09:17:37.454311Z
plr_c3864398,frederick woodman,,,,,,2026-09-30T09:17:37.454311Z
plr_f1d94330,callum roberts,,,,,,2026-09-30T09:17:37.454311Z
plr_683143fb,miguel almirón,,,,,,2026-09-30T09:17:37.454311Z
plr_07013090,antonio barreca,,,,,,2026-09-30T09:17:37.454311Z
plr_0f0b22ed,kelland watts,,,,,,2026-09-30T09:17:37.454311Z
plr_a597617f,lewis cass,,,,,,2026-09-30T09:17:37.454311Z
plr_eee31c87,danny ings,,,,,,2026-09-30T09:17:37.454311Z
plr_24a1e062,alex mccarthy,,,,,,2026-09-30T09:17:37.454311Z
plr_97e401ea,fraser forster,,,,,,2026-09-30T09:17:37.454311Z
plr_57310b47,ryan bertrand,,,,,,2026-09-30T09:17:37.454311Z
plr_96cfbd37,maya yoshida,,,,,,2026-09-30T09:17:37.454311Z
plr_3d7157e4,cédric soares,,,,,,2026-09-30T09:17:37.454311Z
plr_a2470ca3,jack stephens,,,,,,2026-09-30T09:17:37.454311Z
plr_9e73b010,sam mcqueen,,,,,,2026-09-30T09:17:37.454311Z
plr_c2a46a3f,jan bednarek,,,,,,2026-09-30T09:17:37.454311Z
plr_d9109e60,wesley hoedt,,,,,,2026-09-30T09:17:37.454311Z
plr_313f12dc,steven davis,,,,,,2026-09-30T09:17:37.454311Z
plr_936a5fc7,james wardprowse,,,,,,2026-09-30T09:17:37.454311Z
plr_66370c23,oriol romeu vidal,,,,,,2026-09-30T09:17:37.454311Z
plr_ac7aacf2,pierreemile højbjerg,,,,,,2026-09-30T09:17:37.454311Z
plr_a025e6c4,sofiane boufal,,,,,,2026-09-30T09:17:37.454311Z
plr_838fea8e,joshua sims,,,,,,2026-09-30T09:17:37.454311Z
plr_2f306129,nathan redmond,,,,,,2026-09-30T09:17:37.454311Z
plr_68885946,mario lemina,,,,,,2026-09-30T09:17:37.454311Z
plr_3a776316,stuart armstrong,,,,,,2026-09-30T09:17:37.454311Z
plr_5d586ba2,mohamed elyounoussi,,,,,,2026-09-30T09:17:37.454311Z
plr_c7f28865,shane long,,,,,,2026-09-30T09:17:37.454311Z
plr_ef8221c4,charlie austin,,,,,,2026-09-30T09:17:37.454311Z
plr_1eade641,manolo gabbiadini,,,,,,2026-09-30T09:17:37.454311Z
plr_6ca9fe9b,guido carrillo,,,,,,2026-09-30T09:17:37.454311Z
plr_bbd4e8dc,angus gunn,,,,,,2026-09-30T09:17:37.454311Z
plr_219ef86c,jannik vestergaard,,,,,,2026-09-30T09:17:37.454311Z
plr_198d4b01,matt targett,,,,,,2026-09-30T09:17:37.454311Z
plr_cd2c67e2,michael obafemi,,,,,,2026-09-30T09:17:37.454311Z
plr_6e664c42,yan valery,,,,,,2026-09-30T09:17:37.454311Z
plr_f4c8a225,tyreke johnson,,,,,,2026-09-30T09:17:37.454311Z
plr_8fa0b2e7,kayne ramsay,,,,,,2026-09-30T09:17:37.454311Z
plr_3d579a18,callum slattery,,,,,,2026-09-30T09:17:37.454311Z
plr_4c0b1e3e,sam gallagher,,,,,,2026-09-30T09:17:37.454311Z
plr_7523f873,alfie jones,,,,,,2026-09-30T09:17:37.454311Z
plr_63ae9a52,hugo lloris,,,,,,2026-09-30T09:17:37.454311Z
plr_1e34a9f7,michel vorm,,,,,,2026-09-30T09:17:37.454311Z
plr_144ced4d,toby alderweireld,,,,,,2026-09-30T09:17:37.454311Z
plr_3fb2c357,danny rose,,,,,,2026-09-30T09:17:37.454311Z
plr_e3701816,jan vertonghen,,,,,,2026-09-30T09:17:37.454311Z
plr_8928fbe8,ben davies,,,,,,2026-09-30T09:17:37.454311Z
plr_f85d25e1,kieran trippier,,,,,,2026-09-30T09:17:37.455308Z
plr_100c6f03,kyle walkerpeters,,,,,,2026-09-30T09:17:37.455308Z
plr_a602574f,davinson sánchez,,,,,,2026-09-30T09:17:37.455308Z
plr_ccef0fa9,serge aurier,,,,,,2026-09-30T09:17:37.455308Z
plr_c1330eb0,eric dier,,,,,,2026-09-30T09:17:37.455308Z
plr_e0c1de2c,mousa dembélé,,,,,,2026-09-30T09:17:37.455308Z
plr_a06d98ce,erik lamela,,,,,,2026-09-30T09:17:37.455308Z
plr_f529b524,christian eriksen,,,,,,2026-09-30T09:17:37.455308Z
plr_40b0a22d,bamidele alli,,,,,,2026-09-30T09:17:37.455308Z
plr_f0424b10,victor wanyama,,,,,,2026-09-30T09:17:37.455308Z
plr_7d82408d,heungmin son,,,,,,2026-09-30T09:17:37.455308Z
plr_e0a2290c,harry winks,,,,,,2026-09-30T09:17:37.455308Z
plr_fdbc88df,moussa sissoko,,,,,,2026-09-30T09:17:37.455308Z
plr_9fc30f17,lucas rodrigues moura da silva,,,,,,2026-09-30T09:17:37.455308Z
plr_269fb425,fernando llorente,,,,,,2026-09-30T09:17:37.455308Z
plr_e1332ae8,harry kane,,,,,,2026-09-30T09:17:37.455308Z
plr_b6470895,georgeskévin nkoudou,,,,,,2026-09-30T09:17:37.455308Z
plr_c940eaf6,luke amos,,,,,,2026-09-30T09:17:37.455308Z
plr_f069d9c1,paulo gazzaniga,,,,,,2026-09-30T09:17:37.455308Z
plr_5564ab09,alfie whiteman,,,,,,2026-09-30T09:17:37.455308Z
plr_6da0ec3c,oliver skipp,,,,,,2026-09-30T09:17:37.455308Z
plr_df041bea,juan foyth,,,,,,2026-09-30T09:17:37.455308Z
plr_875d4382,timothy eyoma,,,,,,2026-09-30T09:17:37.455308Z
plr_f7129bf8,kazaiah sterling,,,,,,2026-09-30T09:17:37.455308Z
plr_51398cdc,george marsh,,,,,,2026-09-30T09:17:37.455308Z
plr_97eeadf5,vincent janssen,,,,,,2026-09-30T09:17:37.455308Z
plr_583045ba,heurelho gomes,,,,,,2026-09-30T09:17:37.455308Z
plr_6d436e10,pontus dahlberg,,,,,,2026-09-30T09:17:37.455308Z
plr_99a0b97b,younes kaboul,,,,,,2026-09-30T09:17:37.455308Z
plr_4c1d3402,craig cathcart,,,,,,2026-09-30T09:17:37.455308Z
plr_c111cd58,sebastian prödl,,,,,,2026-09-30T09:17:37.455308Z
plr_cad38e7e,josé holebas,,,,,,2026-09-30T09:17:37.455308Z
plr_365bb05e,miguel britos,,,,,,2026-09-30T09:17:37.455308Z
plr_54f47547,christian kabasele,,,,,,2026-09-30T09:17:37.455308Z
plr_d472f9d0,daryl janmaat,,,,,,2026-09-30T09:17:37.455308Z
plr_673d46ff,adrian mariappa,,,,,,2026-09-30T09:17:37.455308Z
plr_794b7ad7,francisco femenía far,,,,,,2026-09-30T09:17:37.455308Z
plr_4973ad04,marvin zeegelaar,,,,,,2026-09-30T09:17:37.455308Z
plr_29d5fb1b,marc navarro,,,,,,2026-09-30T09:17:37.455308Z
plr_10f67678,adam masina,,,,,,2026-09-30T09:17:37.455308Z
plr_d61c767a,nathaniel chalobah,,,,,,2026-09-30T09:17:37.455308Z
plr_4ae13af4,tom cleverley,,,,,,2026-09-30T09:17:37.455308Z
plr_ab6d640c,etienne capoue,,,,,,2026-09-30T09:17:37.455308Z
plr_920f9a89,abdoulaye doucouré,,,,,,2026-09-30T09:17:37.455308Z
plr_059a0c35,roberto pereyra,,,,,,2026-09-30T09:17:37.455308Z
plr_40c995f5,will hughes,,,,,,2026-09-30T09:17:37.455308Z
plr_2bcc1d60,gerard deulofeu,,,,,,2026-09-30T09:17:37.455308Z
plr_2072d1cb,andre gray,,,,,,2026-09-30T09:17:37.455308Z
plr_9c8c671e,troy deeney,,,,,,2026-09-30T09:17:37.455308Z
plr_7556f312,stefano okaka,,,,,,2026-09-30T09:17:37.455308Z
plr_5c99aad1,jerome sinclair,,,,,,2026-09-30T09:17:37.455308Z
plr_14ef6691,ben foster,,,,,,2026-09-30T09:17:37.455308Z
plr_6fefbeb3,ken sema,,,,,,2026-09-30T09:17:37.455308Z
plr_00c94cee,domingos quina,,,,,,2026-09-30T09:17:37.455308Z
plr_f35b006f,isaac success ajayi,,,,,,2026-09-30T09:17:37.455308Z
plr_05351ccb,ben wilmot,,,,,,2026-09-30T09:17:37.455308Z
plr_dc60b2a4,adalberto peñaranda,,,,,,2026-09-30T09:17:37.455308Z
plr_6dbd5431,adrián san miguel del castillo,,,,,,2026-09-30T09:17:37.455308Z
plr_7cd03f7c,lukasz fabianski,,,,,,2026-09-30T09:17:37.455308Z
plr_4ecad3b8,winston reid,,,,,,2026-09-30T09:17:37.455308Z
plr_b63493e7,aaron cresswell,,,,,,2026-09-30T09:17:37.455308Z
plr_a57fdbd4,angelo ogbonna,,,,,,2026-09-30T09:17:37.455308Z
plr_0d312432,sam byram,,,,,,2026-09-30T09:17:37.455308Z
plr_9bb0f358,pablo zabaleta,,,,,,2026-09-30T09:17:37.455308Z
plr_c58a7cc8,declan rice,,,,,,2026-09-30T09:17:37.455308Z
plr_3854e802,reece oxford,,,,,,2026-09-30T09:17:37.455308Z
plr_79dfa87a,ryan fredericks,,,,,,2026-09-30T09:17:37.455308Z
plr_90c0a9f1,issa diop,,,,,,2026-09-30T09:17:37.455308Z
plr_d7ec6d2c,arthur masuaku,,,,,,2026-09-30T09:17:37.455308Z
plr_b33184dc,mark noble,,,,,,2026-09-30T09:17:37.455308Z
plr_e24aec7a,pedro obiang,,,,,,2026-09-30T09:17:37.455308Z
plr_ed5bcf50,manuel lanzini,,,,,,2026-09-30T09:17:37.455308Z
plr_c201ba3e,michail antonio,,,,,,2026-09-30T09:17:37.455308Z
plr_1a9fe208,edimilson fernandes,,,,,,2026-09-30T09:17:37.455308Z
plr_b8f9c714,marko arnautovic,,,,,,2026-09-30T09:17:37.455308Z
plr_92b7ec11,andy carroll,,,,,,2026-09-30T09:17:37.455308Z
plr_0a824e58,javier hernández balcázar,,,,,,2026-09-30T09:17:37.455308Z
plr_c12c754f,jordan hugill,,,,,,2026-09-30T09:17:37.455308Z
plr_71a2d1c9,jack wilshere,,,,,,2026-09-30T09:17:37.455308Z
plr_a2c9564b,andriy yarmolenko,,,,,,2026-09-30T09:17:37.455308Z
plr_cfbc0628,fabián balbuena,,,,,,2026-09-30T09:17:37.455308Z
plr_f5b1986c,felipe anderson pereira gomes,,,,,,2026-09-30T09:17:37.455308Z
plr_9ce1d040,robert snodgrass,,,,,,2026-09-30T09:17:37.455308Z
plr_32384ed3,lucas pérez,,,,,,2026-09-30T09:17:37.455308Z
plr_f1040d7b,carlos sánchez,,,,,,2026-09-30T09:17:37.455308Z
plr_d1c27c2b,grady diangana,,,,,,2026-09-30T09:17:37.455308Z
plr_dc66e1fb,joe powell,,,,,,2026-09-30T09:17:37.455308Z
plr_75c2eaf5,conor coventry,,,,,,2026-09-30T09:17:37.455308Z
plr_db4e1dac,alexandre nascimento costa silva,,,,,,2026-09-30T09:17:37.455308Z
plr_ab143f4a,samir nasri,,,,,,2026-09-30T09:17:37.455308Z
plr_c87bcddb,ben johnson,,,,,,2026-09-30T09:17:37.455308Z
plr_4ae25c58,nathan holland,,,,,,2026-09-30T09:17:37.455308Z
plr_b5e114d5,john ruddy,,,,,,2026-09-30T09:17:37.455308Z
plr_d6c51cd6,will norris,,,,,,2026-09-30T09:17:37.455308Z
plr_ccd9271d,willy boly,,,,,,2026-09-30T09:17:37.455308Z
plr_3c55134e,barry douglas,,,,,,2026-09-30T09:17:37.455308Z
plr_f4bc4b00,matt doherty,,,,,,2026-09-30T09:17:37.455308Z
plr_d277726e,romain saïss,,,,,,2026-09-30T09:17:37.455308Z
plr_5384e59f,ryan bennett,,,,,,2026-09-30T09:17:37.455308Z
plr_ce62070e,danny batth,,,,,,2026-09-30T09:17:37.456278Z
plr_c883b27f,roderick jefferson gonçalves miranda,,,,,,2026-09-30T09:17:37.456278Z
plr_0c41a4ce,conor coady,,,,,,2026-09-30T09:17:37.456278Z
plr_99dce76f,rúben gonçalo silva nascimento vinagre,,,,,,2026-09-30T09:17:37.456278Z
plr_402c4293,diogo jota,,,,,,2026-09-30T09:17:37.456278Z
plr_dd6ec269,rúben diogo da silva neves,,,,,,2026-09-30T09:17:37.456278Z
plr_1438731a,ivan cavaleiro,,,,,,2026-09-30T09:17:37.456278Z
plr_17bce08f,hélder costa,,,,,,2026-09-30T09:17:37.456278Z
plr_7c13b581,bright enobakhare,,,,,,2026-09-30T09:17:37.456278Z
plr_b552a30b,raúl jiménez,,,,,,2026-09-30T09:17:37.456278Z
plr_c8bf144a,bonatini lohner maia bonatini,,,,,,2026-09-30T09:17:37.456278Z
plr_f923be04,morgan gibbswhite,,,,,,2026-09-30T09:17:37.456278Z
plr_a60fe08b,rafa mir,,,,,,2026-09-30T09:17:37.456278Z
plr_4febf44e,rui pedro dos santos patrício,,,,,,2026-09-30T09:17:37.456278Z
plr_90331c53,joão filipe iria santos moutinho,,,,,,2026-09-30T09:17:37.456278Z
plr_9c8616ae,jonathan castro otto,,,,,,2026-09-30T09:17:37.456278Z
plr_a3aa127d,adama traoré,,,,,,2026-09-30T09:17:37.456278Z
plr_2411b26a,leander dendoncker,,,,,,2026-09-30T09:17:37.456278Z
plr_cc2722c3,kortney hause,,,,,,2026-09-30T09:17:37.456278Z
plr_ee293bac,ryan john giles,,,,,,2026-09-30T09:17:37.456278Z
plr_b2ca666a,max kilman,,,,,,2026-09-30T09:17:37.456278Z
plr_5d5f38eb,cameron john,,,,,,2026-09-30T09:17:37.456278Z
plr_9a7d432a,shkodran mustafi,,,,,,2026-09-30T09:17:37.456278Z
plr_5a0ebbee,héctor bellerín,,,,,,2026-09-30T09:17:37.456278Z
plr_c01c0f34,sead kolasinac,,,,,,2026-09-30T09:17:37.456278Z
plr_392cba90,ainsley maitlandniles,,,,,,2026-09-30T09:17:37.456278Z
plr_025ec52f,sokratis papastathopoulos,,,,,,2026-09-30T09:17:37.456278Z
plr_ef198175,nacho monreal,,,,,,2026-09-30T09:17:37.456278Z
plr_b26384ba,laurent koscielny,,,,,,2026-09-30T09:17:37.456278Z
plr_6a0eb3a5,konstantinos mavropanos,,,,,,2026-09-30T09:17:37.456278Z
plr_80802187,carl jenkinson,,,,,,2026-09-30T09:17:37.456278Z
plr_37d5e4c9,rob holding,,,,,,2026-09-30T09:17:37.456278Z
plr_2f57aaa1,pierreemerick aubameyang,,,,,,2026-09-30T09:17:37.456278Z
plr_b2b0aad5,alexandre lacazette,,,,,,2026-09-30T09:17:37.456278Z
plr_d84c055c,edward nketiah,,,,,,2026-09-30T09:17:37.456278Z
plr_cb2e95da,bernd leno,,,,,,2026-09-30T09:17:37.456278Z
plr_92738bc5,mesut özil,,,,,,2026-09-30T09:17:37.456278Z
plr_fea6bbe6,henrikh mkhitaryan,,,,,,2026-09-30T09:17:37.456278Z
plr_5151239d,granit xhaka,,,,,,2026-09-30T09:17:37.456278Z
plr_e7f93ff9,lucas torreira,,,,,,2026-09-30T09:17:37.456278Z
plr_f4aa1c65,mohamed elneny,,,,,,2026-09-30T09:17:37.456278Z
plr_5148b62a,matteo guendouzi,,,,,,2026-09-30T09:17:37.456278Z
plr_aaa5e414,david luiz moreira marinho,,,,,,2026-09-30T09:17:37.456278Z
plr_544f1585,emiliano martínez,,,,,,2026-09-30T09:17:37.456278Z
plr_0c8aabc6,calum chambers,,,,,,2026-09-30T09:17:37.456278Z
plr_b5a99534,daniel ceballos fernández,,,,,,2026-09-30T09:17:37.456278Z
plr_2c9d1626,cédric soares,,,,,,2026-09-30T09:17:37.456278Z
plr_10471fa2,nicolas pépé,,,,,,2026-09-30T09:17:37.456278Z
plr_7887878e,reiss nelson,,,,,,2026-09-30T09:17:37.456278Z
plr_dc1b6445,joseph willock,,,,,,2026-09-30T09:17:37.456278Z
plr_d27bc6db,gabriel teodoro martinelli silva,,,,,,2026-09-30T09:17:37.456278Z
plr_732bbb2c,kieran tierney,,,,,,2026-09-30T09:17:37.456278Z
plr_b4f16d75,bukayo saka,,,,,,2026-09-30T09:17:37.456278Z
plr_7df7ea53,emile smith rowe,,,,,,2026-09-30T09:17:37.456278Z
plr_1d330415,tyreece johnjules,,,,,,2026-09-30T09:17:37.456278Z
plr_e7a66a7c,pablo marí,,,,,,2026-09-30T09:17:37.456278Z
plr_9591bae4,zech medley,,,,,,2026-09-30T09:17:37.456278Z
plr_9995e0df,matt macey,,,,,,2026-09-30T09:17:37.456278Z
plr_57355679,matthew smith,,,,,,2026-09-30T09:17:37.456278Z
plr_6e8a3fb6,ahmed el mohamady,,,,,,2026-09-30T09:17:37.456278Z
plr_5fffb888,james chester,,,,,,2026-09-30T09:17:37.456278Z
plr_19863cde,neil taylor,,,,,,2026-09-30T09:17:37.456278Z
plr_de063bc2,kortney hause,,,,,,2026-09-30T09:17:37.456278Z
plr_d2b2fc34,jonathan kodjia,,,,,,2026-09-30T09:17:37.457313Z
plr_730530c1,ørjan nyland,,,,,,2026-09-30T09:17:37.457313Z
plr_dd59d8da,conor hourihane,,,,,,2026-09-30T09:17:37.457313Z
plr_ee98921e,jack grealish,,,,,,2026-09-30T09:17:37.457313Z
plr_a82de73a,anwar el ghazi,,,,,,2026-09-30T09:17:37.457313Z
plr_4403335a,john mcginn,,,,,,2026-09-30T09:17:37.457313Z
plr_748abafb,andre green,,,,,,2026-09-30T09:17:37.457313Z
plr_b3d62b7d,birkir bjarnason,,,,,,2026-09-30T09:17:37.457313Z
plr_8fbffa8e,keinan davis,,,,,,2026-09-30T09:17:37.457313Z
plr_2e0e770b,henri lansbury,,,,,,2026-09-30T09:17:37.457313Z
plr_a4a78e0a,josé ignacio peleteiro romallo,,,,,,2026-09-30T09:17:37.457313Z
plr_bc1baf0b,tom heaton,,,,,,2026-09-30T09:17:37.457313Z
plr_0a9f02e0,daniel drinkwater,,,,,,2026-09-30T09:17:37.457313Z
plr_749538c1,matt targett,,,,,,2026-09-30T09:17:37.457313Z
plr_96d13ae1,wesley moraes,,,,,,2026-09-30T09:17:37.457313Z
plr_6f31cabe,jed steer,,,,,,2026-09-30T09:17:37.457313Z
plr_95c8c117,tyrone mings,,,,,,2026-09-30T09:17:37.457313Z
plr_f8807897,ezri konsa ngoyo,,,,,,2026-09-30T09:17:37.457313Z
plr_1cfa8e56,bjorn engels,,,,,,2026-09-30T09:17:37.457313Z
plr_195825f2,frédéric guilbert,,,,,,2026-09-30T09:17:37.457313Z
plr_615b6876,mahmoud ahmed ibrahim hassan,,,,,,2026-09-30T09:17:37.457313Z
plr_d1da8ffe,douglas luiz soares de paulo,,,,,,2026-09-30T09:17:37.457313Z
plr_a2e4f905,lovre kalinic,,,,,,2026-09-30T09:17:37.457313Z
plr_73c60311,marvelous nakamba,,,,,,2026-09-30T09:17:37.457313Z
plr_002f6651,indiana vassilev,,,,,,2026-09-30T09:17:37.457313Z
plr_64311c11,josé reina,,,,,,2026-09-30T09:17:37.457313Z
plr_7a6c7e15,mbwana samatta,,,,,,2026-09-30T09:17:37.457313Z
plr_db7b6bc0,borja gonzález tomás,,,,,,2026-09-30T09:17:37.457313Z
plr_e9ff1590,kaine hayden,,,,,,2026-09-30T09:17:37.457313Z
plr_d84173c1,steve cook,,,,,,2026-09-30T09:17:37.457313Z
plr_e92de438,nathan aké,,,,,,2026-09-30T09:17:37.457313Z
plr_f9225ffb,charlie daniels,,,,,,2026-09-30T09:17:37.457313Z
plr_0e97e729,chris mepham,,,,,,2026-09-30T09:17:37.457313Z
plr_7ace284a,simon francis,,,,,,2026-09-30T09:17:37.457313Z
plr_e7af0e38,adam smith,,,,,,2026-09-30T09:17:37.457313Z
plr_560e09e5,lloyd kelly,,,,,,2026-09-30T09:17:37.457313Z
plr_f948a1ca,diego rico,,,,,,2026-09-30T09:17:37.457313Z
plr_e7ccbcbb,jack simpson,,,,,,2026-09-30T09:17:37.457313Z
plr_69d060e3,callum wilson,,,,,,2026-09-30T09:17:37.457313Z
plr_60ec0b9d,joshua king,,,,,,2026-09-30T09:17:37.457313Z
plr_48a7c94d,dominic solanke,,,,,,2026-09-30T09:17:37.457313Z
plr_5718c9d0,sam surridge,,,,,,2026-09-30T09:17:37.457313Z
plr_ca3a62da,asmir begovic,,,,,,2026-09-30T09:17:37.457313Z
plr_da777c41,artur boruc,,,,,,2026-09-30T09:17:37.457313Z
plr_4622c2e8,mark travers,,,,,,2026-09-30T09:17:37.457313Z
plr_2239b360,ryan fraser,,,,,,2026-09-30T09:17:37.457313Z
plr_651baab7,david brooks,,,,,,2026-09-30T09:17:37.457313Z
plr_004e26fa,junior stanislas,,,,,,2026-09-30T09:17:37.457313Z
plr_b50b429b,jordon ibe,,,,,,2026-09-30T09:17:37.457313Z
plr_a8d95069,lewis cook,,,,,,2026-09-30T09:17:37.457313Z
plr_7189b5c6,andrew surman,,,,,,2026-09-30T09:17:37.457313Z
plr_9f644d62,dan gosling,,,,,,2026-09-30T09:17:37.457313Z
plr_1f9b83b6,jefferson lerma,,,,,,2026-09-30T09:17:37.457313Z
plr_b14c054d,jack stacey,,,,,,2026-09-30T09:17:37.457313Z
plr_441fad4e,philip billing,,,,,,2026-09-30T09:17:37.457313Z
plr_b3abac56,arnaut danjuma groeneveld,,,,,,2026-09-30T09:17:37.457313Z
plr_658f15f6,aaron ramsdale,,,,,,2026-09-30T09:17:37.457313Z
plr_04283c23,harry wilson,,,,,,2026-09-30T09:17:37.457313Z
plr_405bfb99,christian saydee,,,,,,2026-09-30T09:17:37.457313Z
plr_a9eaff24,gavin kilkenny,,,,,,2026-09-30T09:17:37.457313Z
plr_1428f14e,mihaialexandru dobre,,,,,,2026-09-30T09:17:37.457313Z
plr_cb4054f2,shane duffy,,,,,,2026-09-30T09:17:37.457313Z
plr_79f6dc80,martín montoya,,,,,,2026-09-30T09:17:37.457313Z
plr_ee34c0af,bernardo fernandes da silva junior,,,,,,2026-09-30T09:17:37.457313Z
plr_dd44fa23,leon balogun,,,,,,2026-09-30T09:17:37.457313Z
plr_65bb2c13,gaëtan bong,,,,,,2026-09-30T09:17:37.457313Z
plr_9a666597,lewis dunk,,,,,,2026-09-30T09:17:37.457313Z
plr_ec79dff6,matthew clarke,,,,,,2026-09-30T09:17:37.457313Z
plr_29dc68d1,glenn murray,,,,,,2026-09-30T09:17:37.457313Z
plr_ac34887e,jürgen locadia,,,,,,2026-09-30T09:17:37.457313Z
plr_08595b71,florin andone,,,,,,2026-09-30T09:17:37.457313Z
plr_ca7953b4,mathew ryan,,,,,,2026-09-30T09:17:37.457313Z
plr_3cb82f14,david button,,,,,,2026-09-30T09:17:37.457313Z
plr_eee4ba71,pascal groß,,,,,,2026-09-30T09:17:37.457313Z
plr_78a08f00,alireza jahanbakhsh,,,,,,2026-09-30T09:17:37.457313Z
plr_08d122c7,josé heriberto izquierdo mena,,,,,,2026-09-30T09:17:37.457313Z
plr_5349c59b,anthony knockaert,,,,,,2026-09-30T09:17:37.457313Z
plr_5263a44d,yves bissouma,,,,,,2026-09-30T09:17:37.457313Z
plr_238b663e,davy pröpper,,,,,,2026-09-30T09:17:37.457313Z
plr_e9f46d01,solomon march,,,,,,2026-09-30T09:17:37.457313Z
plr_e219d9da,beram kayal,,,,,,2026-09-30T09:17:37.457313Z
plr_c22af7d3,dale stephens,,,,,,2026-09-30T09:17:37.457313Z
plr_9c7fd488,leandro trossard,,,,,,2026-09-30T09:17:37.457313Z
plr_3e59eea8,dan burn,,,,,,2026-09-30T09:17:37.457313Z
plr_cb95cf6d,adam webster,,,,,,2026-09-30T09:17:37.457313Z
plr_a2085edd,neal maupay,,,,,,2026-09-30T09:17:37.457313Z
plr_b8ac4ec7,aaron mooy,,,,,,2026-09-30T09:17:37.457313Z
plr_13d6ceb8,aaron connolly,,,,,,2026-09-30T09:17:37.457313Z
plr_e7ee76a6,tudor baluta,,,,,,2026-09-30T09:17:37.457313Z
plr_2ae468a9,steven alzate,,,,,,2026-09-30T09:17:37.457313Z
plr_c7607bce,ezequiel schelotto,,,,,,2026-09-30T09:17:37.457313Z
plr_e59f0550,tariq lamptey,,,,,,2026-09-30T09:17:37.457313Z
plr_fac1aa20,alexis mac allister,,,,,,2026-09-30T09:17:37.457313Z
plr_f0ea90fc,alex cochrane,,,,,,2026-09-30T09:17:37.457313Z
plr_df5a39fa,ben mee,,,,,,2026-09-30T09:17:37.457313Z
plr_76c331a3,james tarkowski,,,,,,2026-09-30T09:17:37.457313Z
plr_da0e5486,matthew lowton,,,,,,2026-09-30T09:17:37.457313Z
plr_18e7ac7c,phil bardsley,,,,,,2026-09-30T09:17:37.457313Z
plr_4b98bc57,charlie taylor,,,,,,2026-09-30T09:17:37.457313Z
plr_1ccb2e9c,kevin long,,,,,,2026-09-30T09:17:37.457313Z
plr_1028a9cd,ben gibson,,,,,,2026-09-30T09:17:37.457313Z
plr_0e030f44,ashley barnes,,,,,,2026-09-30T09:17:37.457313Z
plr_15759244,chris wood,,,,,,2026-09-30T09:17:37.457313Z
plr_d7a30cc3,matej vydra,,,,,,2026-09-30T09:17:37.457313Z
plr_256c5a5f,nick pope,,,,,,2026-09-30T09:17:37.457313Z
plr_cde4e237,joe hart,,,,,,2026-09-30T09:17:37.457313Z
plr_3812121d,johann berg gudmundsson,,,,,,2026-09-30T09:17:37.457313Z
plr_b3d79119,dwight mcneil,,,,,,2026-09-30T09:17:37.457313Z
plr_7d3f3770,robbie brady,,,,,,2026-09-30T09:17:37.457313Z
plr_d525837d,steven defour,,,,,,2026-09-30T09:17:37.458354Z
plr_091dba64,jeff hendrick,,,,,,2026-09-30T09:17:37.458354Z
plr_bc3d7cbe,ashley westwood,,,,,,2026-09-30T09:17:37.458354Z
plr_b3b27182,jack cork,,,,,,2026-09-30T09:17:37.458354Z
plr_7b5b7cc5,aaron lennon,,,,,,2026-09-30T09:17:37.458354Z
plr_b0f9d10d,erik pieters,,,,,,2026-09-30T09:17:37.458354Z
plr_29ca1515,jay rodriguez,,,,,,2026-09-30T09:17:37.458354Z
plr_4cbcaf14,bailey peacockfarrell,,,,,,2026-09-30T09:17:37.458354Z
plr_5832955a,mace goodridge,,,,,,2026-09-30T09:17:37.458354Z
plr_4015dcab,anthony driscollglennon,,,,,,2026-09-30T09:17:37.458354Z
plr_b3d3f1d0,abdalali morakinyo olaposi koiki,,,,,,2026-09-30T09:17:37.458354Z
plr_8d02bdef,josh brownhill,,,,,,2026-09-30T09:17:37.458354Z
plr_a09ff2c7,jimmy dunne,,,,,,2026-09-30T09:17:37.458354Z
plr_676b11d7,bobby thomas,,,,,,2026-09-30T09:17:37.458354Z
plr_ddaddd42,max thompson,,,,,,2026-09-30T09:17:37.458354Z
plr_daa1c19e,lukas jensen,,,,,,2026-09-30T09:17:37.458354Z
plr_7671721e,josh benson,,,,,,2026-09-30T09:17:37.458354Z
plr_7ca19ff5,joel mumbongo,,,,,,2026-09-30T09:17:37.458354Z
plr_40e12851,marcos alonso,,,,,,2026-09-30T09:17:37.458354Z
plr_2f100a72,antonio rüdiger,,,,,,2026-09-30T09:17:37.458354Z
plr_38757e4f,césar azpilicueta,,,,,,2026-09-30T09:17:37.458354Z
plr_0f64ffc4,emerson palmieri dos santos,,,,,,2026-09-30T09:17:37.458354Z
plr_90a006c7,andreas christensen,,,,,,2026-09-30T09:17:37.458354Z
plr_82cf2b60,davide zappacosta,,,,,,2026-09-30T09:17:37.458354Z
plr_f0bb169f,olivier giroud,,,,,,2026-09-30T09:17:37.458354Z
plr_48da0531,kepa arrizabalaga,,,,,,2026-09-30T09:17:37.458354Z
plr_71107e77,willy caballero,,,,,,2026-09-30T09:17:37.458354Z
plr_c12ffbf6,willian borges da silva,,,,,,2026-09-30T09:17:37.458354Z
plr_6525094d,pedro rodríguez ledesma,,,,,,2026-09-30T09:17:37.458354Z
plr_e80566a5,ruben loftuscheek,,,,,,2026-09-30T09:17:37.458354Z
plr_916a1162,callum hudsonodoi,,,,,,2026-09-30T09:17:37.458354Z
plr_a9ede3eb,ross barkley,,,,,,2026-09-30T09:17:37.458354Z
plr_485e6e8a,jorge luiz frello filho,,,,,,2026-09-30T09:17:37.458354Z
plr_d4170fee,ngolo kanté,,,,,,2026-09-30T09:17:37.458354Z
plr_112ac4e4,ethan ampadu,,,,,,2026-09-30T09:17:37.458354Z
plr_5fb12128,christian pulisic,,,,,,2026-09-30T09:17:37.458354Z
plr_8c81f5e9,mateo kovacic,,,,,,2026-09-30T09:17:37.458354Z
plr_b2b4f15b,kurt zouma,,,,,,2026-09-30T09:17:37.458354Z
plr_bbe96b8c,tammy abraham,,,,,,2026-09-30T09:17:37.458354Z
plr_a4cf3580,michy batshuayi,,,,,,2026-09-30T09:17:37.458354Z
plr_5d260965,robert kenedy nunes do nascimento,,,,,,2026-09-30T09:17:37.458354Z
plr_22960927,mason mount,,,,,,2026-09-30T09:17:37.458354Z
plr_496d6581,reece james,,,,,,2026-09-30T09:17:37.458354Z
plr_2657cf82,fikayo tomori,,,,,,2026-09-30T09:17:37.458354Z
plr_7e350dc4,billy gilmour,,,,,,2026-09-30T09:17:37.458354Z
plr_f07d5934,addji keaninkin marcisrael guehi,,,,,,2026-09-30T09:17:37.458354Z
plr_7a4fc239,faustino anjorin,,,,,,2026-09-30T09:17:37.458354Z
plr_a1727b64,armando broja,,,,,,2026-09-30T09:17:37.458354Z
plr_cdd267e0,lewis bate,,,,,,2026-09-30T09:17:37.458354Z
plr_9624ba0e,patrick van aanholt,,,,,,2026-09-30T09:17:37.458354Z
plr_4fecd43d,james tomkins,,,,,,2026-09-30T09:17:37.458354Z
plr_85c9af64,mamadou sakho,,,,,,2026-09-30T09:17:37.458354Z
plr_05d3466d,joel ward,,,,,,2026-09-30T09:17:37.458354Z
plr_a41b7526,scott dann,,,,,,2026-09-30T09:17:37.458354Z
plr_32dd3ea1,martin kelly,,,,,,2026-09-30T09:17:37.458354Z
plr_7a1a7b3a,christian benteke,,,,,,2026-09-30T09:17:37.458354Z
plr_753abd94,connor wickham,,,,,,2026-09-30T09:17:37.458354Z
plr_37e7085f,vicente guaita,,,,,,2026-09-30T09:17:37.458354Z
plr_0df984f6,wayne hennessey,,,,,,2026-09-30T09:17:37.458354Z
plr_e012a16c,wilfried zaha,,,,,,2026-09-30T09:17:37.458354Z
plr_a0692a7b,luka milivojevic,,,,,,2026-09-30T09:17:37.458354Z
plr_138545df,andros townsend,,,,,,2026-09-30T09:17:37.458354Z
plr_8d024ace,max meyer,,,,,,2026-09-30T09:17:37.458354Z
plr_b7f2396f,jeffrey schlupp,,,,,,2026-09-30T09:17:37.458354Z
plr_94abbca6,james mcarthur,,,,,,2026-09-30T09:17:37.458354Z
plr_021f0f85,cheikhou kouyaté,,,,,,2026-09-30T09:17:37.458354Z
plr_2a69153b,luke dreher,,,,,,2026-09-30T09:17:37.458354Z
plr_2449d988,james mccarthy,,,,,,2026-09-30T09:17:37.458354Z
plr_01b59b92,jordan ayew,,,,,,2026-09-30T09:17:37.458354Z
plr_585b5aa6,gary cahill,,,,,,2026-09-30T09:17:37.458354Z
plr_31be08c4,víctor camarasa,,,,,,2026-09-30T09:17:37.458354Z
plr_8bc0451a,jairo riedewald,,,,,,2026-09-30T09:17:37.458354Z
plr_a57b4f27,stephen henderson,,,,,,2026-09-30T09:17:37.458354Z
plr_b6115b77,sam woods,,,,,,2026-09-30T09:17:37.458354Z
plr_454161ef,tyrick mitchell,,,,,,2026-09-30T09:17:37.458354Z
plr_49f6deeb,brandon pierrick,,,,,,2026-09-30T09:17:37.458354Z
plr_568807f6,james daly,,,,,,2026-09-30T09:17:37.458354Z
plr_4089d14b,nya kirby,,,,,,2026-09-30T09:17:37.458354Z
plr_890672aa,giovanni mcgregor,,,,,,2026-09-30T09:17:37.458354Z
plr_77f3a070,nikola tavares,,,,,,2026-09-30T09:17:37.458354Z
plr_cb912767,johnkymani gordon,,,,,,2026-09-30T09:17:37.458354Z
plr_2e6be15c,alex iwobi,,,,,,2026-09-30T09:17:37.458354Z
plr_a72e51d9,lucas digne,,,,,,2026-09-30T09:17:37.458354Z
plr_bc14a727,yerry mina,,,,,,2026-09-30T09:17:37.458354Z
plr_7faa096f,michael keane,,,,,,2026-09-30T09:17:37.458354Z
plr_f36381c3,seamus coleman,,,,,,2026-09-30T09:17:37.458354Z
plr_7e9bcb51,leighton baines,,,,,,2026-09-30T09:17:37.458354Z
plr_4918af43,cenk tosun,,,,,,2026-09-30T09:17:37.458354Z
plr_92035224,dominic calvertlewin,,,,,,2026-09-30T09:17:37.458354Z
plr_48662845,jordan pickford,,,,,,2026-09-30T09:17:37.458354Z
plr_1b3a482d,maarten stekelenburg,,,,,,2026-09-30T09:17:37.458354Z
plr_b0768044,richarlison de andrade,,,,,,2026-09-30T09:17:37.458354Z
plr_73f623fb,gylfi sigurdsson,,,,,,2026-09-30T09:17:37.458354Z
plr_a9a6c31c,bernard anício caldeira duarte,,,,,,2026-09-30T09:17:37.458354Z
plr_73e02eb5,theo walcott,,,,,,2026-09-30T09:17:37.458354Z
plr_8ff5dcd0,tom davies,,,,,,2026-09-30T09:17:37.458354Z
plr_4ef07116,ademola lookman,,,,,,2026-09-30T09:17:37.458354Z
plr_defa9b89,idrissa gueye,,,,,,2026-09-30T09:17:37.458354Z
plr_45a39995,morgan schneiderlin,,,,,,2026-09-30T09:17:37.458354Z
plr_5e470d1f,fabian delph,,,,,,2026-09-30T09:17:37.458354Z
plr_34a9b1fd,andré filipe tavares gomes,,,,,,2026-09-30T09:17:37.458354Z
plr_519c4827,lewis gibson,,,,,,2026-09-30T09:17:37.458354Z
plr_1137b8a3,mason holgate,,,,,,2026-09-30T09:17:37.458354Z
plr_88dd4703,jonas lössl,,,,,,2026-09-30T09:17:37.458354Z
plr_9dd1ee31,moise kean,,,,,,2026-09-30T09:17:37.458354Z
plr_e475a388,jeanphilippe gbamin,,,,,,2026-09-30T09:17:37.458354Z
plr_22fc351d,djibril sidibé,,,,,,2026-09-30T09:17:37.458354Z
plr_4208ef24,beni baningime,,,,,,2026-09-30T09:17:37.458354Z
plr_84b9ba63,anthony gordon,,,,,,2026-09-30T09:17:37.458354Z
plr_2d12bcf1,oumar niasse,,,,,,2026-09-30T09:17:37.459354Z
plr_ee3c9833,rhuendly martina,,,,,,2026-09-30T09:17:37.459354Z
plr_69de690c,joão manuel neves virgínia,,,,,,2026-09-30T09:17:37.459354Z
plr_b65a8734,jarrad branthwaite,,,,,,2026-09-30T09:17:37.459354Z
plr_872c17e5,ellis simms,,,,,,2026-09-30T09:17:37.459354Z
plr_ff3059f8,ricardo domingos barbosa pereira,,,,,,2026-09-30T09:17:37.459354Z
plr_e23ba8c3,benjamin chilwell,,,,,,2026-09-30T09:17:37.459354Z
plr_7c371aa4,jonny evans,,,,,,2026-09-30T09:17:37.459354Z
plr_f2a8f35c,christian fuchs,,,,,,2026-09-30T09:17:37.459354Z
plr_ec3f8e39,çaglar söyüncü,,,,,,2026-09-30T09:17:37.459354Z
plr_837dc310,wes morgan,,,,,,2026-09-30T09:17:37.459354Z
plr_cd223ecb,jamie vardy,,,,,,2026-09-30T09:17:37.459354Z
plr_ad6e3d24,kelechi iheanacho,,,,,,2026-09-30T09:17:37.459354Z
plr_44c73370,kasper schmeichel,,,,,,2026-09-30T09:17:37.459354Z
plr_0a6d320d,eldin jakupovic,,,,,,2026-09-30T09:17:37.459354Z
plr_56e5638a,danny ward,,,,,,2026-09-30T09:17:37.459354Z
plr_5dd77f54,james maddison,,,,,,2026-09-30T09:17:37.459354Z
plr_b56a5265,harvey barnes,,,,,,2026-09-30T09:17:37.459354Z
plr_4586b377,rachid ghezzal,,,,,,2026-09-30T09:17:37.459354Z
plr_e0bb67f4,marc albrighton,,,,,,2026-09-30T09:17:37.459354Z
plr_ec32280e,demarai gray,,,,,,2026-09-30T09:17:37.459354Z
plr_8bf5b8f6,wilfred ndidi,,,,,,2026-09-30T09:17:37.459354Z
plr_884228ff,matty james,,,,,,2026-09-30T09:17:37.459354Z
plr_ede910eb,daniel amartey,,,,,,2026-09-30T09:17:37.459354Z
plr_34a5afbe,nampalys mendy,,,,,,2026-09-30T09:17:37.459354Z
plr_65859724,hamza choudhury,,,,,,2026-09-30T09:17:37.459354Z
plr_7256d498,ayoze pérez,,,,,,2026-09-30T09:17:37.459354Z
plr_6f7bef74,ryan bennett,,,,,,2026-09-30T09:17:37.459354Z
plr_3227c75b,james justin,,,,,,2026-09-30T09:17:37.459354Z
plr_27e79178,youri tielemans,,,,,,2026-09-30T09:17:37.459354Z
plr_68357a6d,andy king,,,,,,2026-09-30T09:17:37.459354Z
plr_ea1bf1b1,dennis praet,,,,,,2026-09-30T09:17:37.459354Z
plr_04fcef14,filip benkovic,,,,,,2026-09-30T09:17:37.459354Z
plr_8f95c172,luke thomas,,,,,,2026-09-30T09:17:37.459354Z
plr_2d1bac50,george hirst,,,,,,2026-09-30T09:17:37.459354Z
plr_f004b835,darnell johnson,,,,,,2026-09-30T09:17:37.459354Z
plr_887cbcc4,andrew robertson,,,,,,2026-09-30T09:17:37.459354Z
plr_4dc06f11,trent alexanderarnold,,,,,,2026-09-30T09:17:37.459354Z
plr_c3213d09,virgil van dijk,,,,,,2026-09-30T09:17:37.459354Z
plr_2bb408e0,joseph gomez,,,,,,2026-09-30T09:17:37.459354Z
plr_73592ecf,joel matip,,,,,,2026-09-30T09:17:37.459354Z
plr_cc20c957,dejan lovren,,,,,,2026-09-30T09:17:37.459354Z
plr_e958afda,roberto firmino,,,,,,2026-09-30T09:17:37.459354Z
plr_3e33e8a9,divock origi,,,,,,2026-09-30T09:17:37.459354Z
plr_cad8bf4d,alisson ramses becker,,,,,,2026-09-30T09:17:37.459354Z
plr_5a5a639f,simon mignolet,,,,,,2026-09-30T09:17:37.459354Z
plr_2ea74fb2,mohamed salah,,,,,,2026-09-30T09:17:37.459354Z
plr_f836e5b1,sadio mané,,,,,,2026-09-30T09:17:37.459354Z
plr_a2b8ff23,alex oxladechamberlain,,,,,,2026-09-30T09:17:37.459354Z
plr_ed0878e4,xherdan shaqiri,,,,,,2026-09-30T09:17:37.459354Z
plr_6c4f55a5,adam lallana,,,,,,2026-09-30T09:17:37.459354Z
plr_bae294ac,naby keita,,,,,,2026-09-30T09:17:37.459354Z
plr_4e93aab9,fabio henrique tavares,,,,,,2026-09-30T09:17:37.459354Z
plr_7b2652b2,jordan henderson,,,,,,2026-09-30T09:17:37.459354Z
plr_7ff693ba,georginio wijnaldum,,,,,,2026-09-30T09:17:37.459354Z
plr_48f9d83e,james milner,,,,,,2026-09-30T09:17:37.459354Z
plr_d88f887f,rafael camacho,,,,,,2026-09-30T09:17:37.459354Z
plr_7d0d0002,rhian brewster,,,,,,2026-09-30T09:17:37.459354Z
plr_96e11d8e,adrián san miguel del castillo,,,,,,2026-09-30T09:17:37.459354Z
plr_cc558d8e,andy lonergan,,,,,,2026-09-30T09:17:37.459354Z
plr_fc22c982,caoimhin kelleher,,,,,,2026-09-30T09:17:37.459354Z
plr_313e57f6,harvey elliott,,,,,,2026-09-30T09:17:37.459354Z
plr_f57bd4ce,curtis jones,,,,,,2026-09-30T09:17:37.459354Z
plr_7cdbe839,neco williams,,,,,,2026-09-30T09:17:37.459354Z
plr_5d5900a2,nathaniel phillips,,,,,,2026-09-30T09:17:37.459354Z
plr_15e42035,takumi minamino,,,,,,2026-09-30T09:17:37.459354Z
plr_e58a4908,kijana hoever,,,,,,2026-09-30T09:17:37.459354Z
plr_f6d2dc12,aymeric laporte,,,,,,2026-09-30T09:17:37.459354Z
plr_23fb89c6,kyle walker,,,,,,2026-09-30T09:17:37.459354Z
plr_f03dc189,benjamin mendy,,,,,,2026-09-30T09:17:37.459354Z
plr_180e06c0,oleksandr zinchenko,,,,,,2026-09-30T09:17:37.459354Z
plr_7c9cedbf,john stones,,,,,,2026-09-30T09:17:37.459354Z
plr_73f4acc6,nicolás otamendi,,,,,,2026-09-30T09:17:37.459354Z
plr_9a150698,danilo luiz da silva,,,,,,2026-09-30T09:17:37.459354Z
plr_8a34c213,sergio agüero,,,,,,2026-09-30T09:17:37.459354Z
plr_ce0c439a,gabriel fernando de jesus,,,,,,2026-09-30T09:17:37.459354Z
plr_08f623ce,ederson santana de moraes,,,,,,2026-09-30T09:17:37.459354Z
plr_b32734ba,claudio bravo,,,,,,2026-09-30T09:17:37.459354Z
plr_ca95c32f,raheem sterling,,,,,,2026-09-30T09:17:37.459354Z
plr_1f299b91,kevin de bruyne,,,,,,2026-09-30T09:17:37.459354Z
plr_bf48ab5e,leroy sané,,,,,,2026-09-30T09:17:37.459354Z
plr_38d66193,riyad mahrez,,,,,,2026-09-30T09:17:37.459354Z
plr_482f06cf,bernardo mota veiga de carvalho e silva,,,,,,2026-09-30T09:17:37.459354Z
plr_6857889d,david silva,,,,,,2026-09-30T09:17:37.459354Z
plr_353ceb8c,phil foden,,,,,,2026-09-30T09:17:37.459354Z
plr_721b370d,fernando luiz rosa,,,,,,2026-09-30T09:17:37.459354Z
plr_5a3f5113,ilkay gündogan,,,,,,2026-09-30T09:17:37.459354Z
plr_0b7c2187,josé ángel esmorís tasende,,,,,,2026-09-30T09:17:37.459354Z
plr_e3c76527,rodrigo hernandez,,,,,,2026-09-30T09:17:37.459354Z
plr_8a1dc85d,joão pedro cavaco cancelo,,,,,,2026-09-30T09:17:37.459354Z
plr_3bcccd90,eric garcia,,,,,,2026-09-30T09:17:37.459354Z
plr_520ab15b,scott carson,,,,,,2026-09-30T09:17:37.459354Z
plr_662fdea6,taylor harwoodbellis,,,,,,2026-09-30T09:17:37.459354Z
plr_92807238,cole palmer,,,,,,2026-09-30T09:17:37.459354Z
plr_c1c8a64e,tommy doyle,,,,,,2026-09-30T09:17:37.459354Z
plr_b44ba65a,aaron wanbissaka,,,,,,2026-09-30T09:17:37.459354Z
plr_ebb2ea52,harry maguire,,,,,,2026-09-30T09:17:37.459354Z
plr_f30a6174,chris smalling,,,,,,2026-09-30T09:17:37.459354Z
plr_05759676,ashley young,,,,,,2026-09-30T09:17:37.459354Z
plr_2b163c45,victor lindelöf,,,,,,2026-09-30T09:17:37.459354Z
plr_4a69013b,luke shaw,,,,,,2026-09-30T09:17:37.459354Z
plr_8456a55f,marcos rojo,,,,,,2026-09-30T09:17:37.459354Z
plr_9cd0b2c1,eric bailly,,,,,,2026-09-30T09:17:37.459354Z
plr_afdbad00,josé diogo dalot teixeira,,,,,,2026-09-30T09:17:37.459354Z
plr_659c4473,matteo darmian,,,,,,2026-09-30T09:17:37.459354Z
plr_19d73aaa,phil jones,,,,,,2026-09-30T09:17:37.459354Z
plr_29831028,romelu lukaku,,,,,,2026-09-30T09:17:37.459354Z
plr_e0c59d75,marcus rashford,,,,,,2026-09-30T09:17:37.460358Z
plr_e5222477,mason greenwood,,,,,,2026-09-30T09:17:37.460358Z
plr_0f9a53c4,david de gea,,,,,,2026-09-30T09:17:37.460358Z
plr_1b8aa862,sergio romero,,,,,,2026-09-30T09:17:37.460358Z
plr_6d439c00,lee grant,,,,,,2026-09-30T09:17:37.460358Z
plr_3a598a13,paul pogba,,,,,,2026-09-30T09:17:37.460358Z
plr_bcb187a0,anthony martial,,,,,,2026-09-30T09:17:37.460358Z
plr_790b5c2f,alexis sánchez,,,,,,2026-09-30T09:17:37.460358Z
plr_6ebadfd2,jesse lingard,,,,,,2026-09-30T09:17:37.460358Z
plr_c6e8ef67,juan mata,,,,,,2026-09-30T09:17:37.460358Z
plr_06a46691,daniel james,,,,,,2026-09-30T09:17:37.460358Z
plr_120aa65d,frederico rodrigues de paula santos,,,,,,2026-09-30T09:17:37.460358Z
plr_ef78636d,angel gomes,,,,,,2026-09-30T09:17:37.460358Z
plr_35113c14,andreas pereira,,,,,,2026-09-30T09:17:37.460358Z
plr_f4269e9d,nemanja matic,,,,,,2026-09-30T09:17:37.460358Z
plr_3874bfb6,scott mctominay,,,,,,2026-09-30T09:17:37.460358Z
plr_612cb118,tahith chong,,,,,,2026-09-30T09:17:37.460358Z
plr_13cd75c2,james garner,,,,,,2026-09-30T09:17:37.460358Z
plr_4826d903,axel tuanzebe,,,,,,2026-09-30T09:17:37.460358Z
plr_6a112562,brandon williams,,,,,,2026-09-30T09:17:37.460358Z
plr_a3fb11c2,bruno miguel borges fernandes,,,,,,2026-09-30T09:17:37.460358Z
plr_91c3f796,odion ighalo,,,,,,2026-09-30T09:17:37.460358Z
plr_92caba5f,timothy fosumensah,,,,,,2026-09-30T09:17:37.460358Z
plr_952fbc64,matt ritchie,,,,,,2026-09-30T09:17:37.460358Z
plr_3cdb554f,fabian schär,,,,,,2026-09-30T09:17:37.460358Z
plr_49e4e60d,deandre yedlin,,,,,,2026-09-30T09:17:37.460358Z
plr_7c60217c,federico fernández,,,,,,2026-09-30T09:17:37.460358Z
plr_233aced3,paul dummett,,,,,,2026-09-30T09:17:37.460358Z
plr_dbd818ff,javier manquillo,,,,,,2026-09-30T09:17:37.460358Z
plr_b201ea0c,florian lejeune,,,,,,2026-09-30T09:17:37.460358Z
plr_c2a54c9f,jamaal lascelles,,,,,,2026-09-30T09:17:37.460358Z
plr_1f075e9c,ciaran clark,,,,,,2026-09-30T09:17:37.460358Z
plr_857fe42c,yoshinori muto,,,,,,2026-09-30T09:17:37.460358Z
plr_de1e900b,jose luis mato sanmartín,,,,,,2026-09-30T09:17:37.460358Z
plr_82d8a54e,martin dubravka,,,,,,2026-09-30T09:17:37.460358Z
plr_62fdd3cf,karl darlow,,,,,,2026-09-30T09:17:37.460358Z
plr_7f459bfb,frederick woodman,,,,,,2026-09-30T09:17:37.460358Z
plr_85a18404,miguel almirón,,,,,,2026-09-30T09:17:37.460358Z
plr_36808acf,christian atsu,,,,,,2026-09-30T09:17:37.460358Z
plr_f37a7b7f,sungyueng ki,,,,,,2026-09-30T09:17:37.460358Z
plr_06314795,jonjo shelvey,,,,,,2026-09-30T09:17:37.460358Z
plr_94c853c1,sean longstaff,,,,,,2026-09-30T09:17:37.460358Z
plr_71218984,isaac hayden,,,,,,2026-09-30T09:17:37.460358Z
plr_3a71c980,danny rose,,,,,,2026-09-30T09:17:37.460358Z
plr_9d9ed213,joelinton cássio apolinário de lira,,,,,,2026-09-30T09:17:37.460358Z
plr_36ad044e,jack colback,,,,,,2026-09-30T09:17:37.460358Z
plr_646c761d,jacob murphy,,,,,,2026-09-30T09:17:37.460358Z
plr_2b72cd2e,jetro willems,,,,,,2026-09-30T09:17:37.460358Z
plr_a1746f2e,rolando aarons,,,,,,2026-09-30T09:17:37.460358Z
plr_40f7b308,allan saintmaximin,,,,,,2026-09-30T09:17:37.460358Z
plr_0fdf4228,emil krafth,,,,,,2026-09-30T09:17:37.460358Z
plr_d6c06bd1,andy carroll,,,,,,2026-09-30T09:17:37.460358Z
plr_eb5688d3,matthew longstaff,,,,,,2026-09-30T09:17:37.460358Z
plr_b6af946d,dwight gayle,,,,,,2026-09-30T09:17:37.460358Z
plr_6ba78c2f,robert elliot,,,,,,2026-09-30T09:17:37.460358Z
plr_df3ee396,thomas allan,,,,,,2026-09-30T09:17:37.460358Z
plr_b5257fb7,kelland watts,,,,,,2026-09-30T09:17:37.460358Z
plr_5b927960,liam gibson,,,,,,2026-09-30T09:17:37.460358Z
plr_a28be6a4,nabil bentaleb,,,,,,2026-09-30T09:17:37.460358Z
plr_25d062dc,valentino lazaro,,,,,,2026-09-30T09:17:37.460358Z
plr_165e580c,jack young,,,,,,2026-09-30T09:17:37.460358Z
plr_7c3ea9b6,timm klose,,,,,,2026-09-30T09:17:37.460358Z
plr_a1133c1d,ben godfrey,,,,,,2026-09-30T09:17:37.460358Z
plr_763e6838,maximillian aarons,,,,,,2026-09-30T09:17:37.460358Z
plr_42c0a6ed,christoph zimmermann,,,,,,2026-09-30T09:17:37.460358Z
plr_12aa06be,jamal lewis,,,,,,2026-09-30T09:17:37.460358Z
plr_5737981b,grant hanley,,,,,,2026-09-30T09:17:37.460358Z
plr_4a2fe65c,teemu pukki,,,,,,2026-09-30T09:17:37.460358Z
plr_61a6d1fc,dennis srbeny,,,,,,2026-09-30T09:17:37.460358Z
plr_80d879f8,tim krul,,,,,,2026-09-30T09:17:37.460358Z
plr_c09d41c4,michael mcgovern,,,,,,2026-09-30T09:17:37.460358Z
plr_a339cc3b,mario vrancic,,,,,,2026-09-30T09:17:37.460358Z
plr_8ed1b0e5,emiliano buendía,,,,,,2026-09-30T09:17:37.460358Z
plr_770cbb42,onel hernández,,,,,,2026-09-30T09:17:37.460358Z
plr_b981232a,marco stiepermann,,,,,,2026-09-30T09:17:37.460358Z
plr_1e0d674b,kenny mclean,,,,,,2026-09-30T09:17:37.460358Z
plr_ee21492a,todd cantwell,,,,,,2026-09-30T09:17:37.460358Z
plr_dbfa47d3,moritz leitner,,,,,,2026-09-30T09:17:37.460358Z
plr_dcddbb38,alexander tettey,,,,,,2026-09-30T09:17:37.460358Z
plr_9a0bcd68,tom trybull,,,,,,2026-09-30T09:17:37.460358Z
plr_7839b5d3,josip drmic,,,,,,2026-09-30T09:17:37.460358Z
plr_27a97d88,patrick roberts,,,,,,2026-09-30T09:17:37.460358Z
plr_b7ed9d09,ralf fahrmann,,,,,,2026-09-30T09:17:37.460358Z
plr_47da48a1,sam byram,,,,,,2026-09-30T09:17:37.460358Z
plr_5578b651,philip heise,,,,,,2026-09-30T09:17:37.460358Z
plr_a840dd4d,ibrahim amadou,,,,,,2026-09-30T09:17:37.460358Z
plr_1818431c,adam idah,,,,,,2026-09-30T09:17:37.460358Z
plr_caa2bcc8,archie mair,,,,,,2026-09-30T09:17:37.460358Z
plr_3321f892,akin famewo,,,,,,2026-09-30T09:17:37.460358Z
plr_9d527562,ondrej duda,,,,,,2026-09-30T09:17:37.460358Z
plr_17754e2c,lukas rupp,,,,,,2026-09-30T09:17:37.460358Z
plr_27c89c9b,josh martin,,,,,,2026-09-30T09:17:37.460358Z
plr_d06637c5,jordan thomas,,,,,,2026-09-30T09:17:37.460358Z
plr_4e211b25,daniel adshead,,,,,,2026-09-30T09:17:37.460358Z
plr_a4fc7a2c,lys mousset,,,,,,2026-09-30T09:17:37.460358Z
plr_e5994e8a,enda stevens,,,,,,2026-09-30T09:17:37.460358Z
plr_f806f3fc,kieron freeman,,,,,,2026-09-30T09:17:37.460358Z
plr_73c42cdf,jack oconnell,,,,,,2026-09-30T09:17:37.460358Z
plr_bbf0fb0d,george baldock,,,,,,2026-09-30T09:17:37.460358Z
plr_2e98b98f,john egan,,,,,,2026-09-30T09:17:37.460358Z
plr_82abb29f,richard stearman,,,,,,2026-09-30T09:17:37.460358Z
plr_6bf2fefb,john lundstram,,,,,,2026-09-30T09:17:37.460358Z
plr_a48f7e39,billy sharp,,,,,,2026-09-30T09:17:37.460358Z
plr_89db9673,jake eastwood,,,,,,2026-09-30T09:17:37.460358Z
plr_f1b62d41,mark duffy,,,,,,2026-09-30T09:17:37.460358Z
plr_4dd90c46,john fleck,,,,,,2026-09-30T09:17:37.461355Z
plr_bdad5a63,oliver norwood,,,,,,2026-09-30T09:17:37.461355Z
plr_9ab475dc,david mcgoldrick,,,,,,2026-09-30T09:17:37.461355Z
plr_660c221c,chris basham,,,,,,2026-09-30T09:17:37.461355Z
plr_f72f031e,simon moore,,,,,,2026-09-30T09:17:37.461355Z
plr_6705854b,luke freeman,,,,,,2026-09-30T09:17:37.461355Z
plr_2245951f,phil jagielka,,,,,,2026-09-30T09:17:37.461355Z
plr_e8b1efa4,callum robinson,,,,,,2026-09-30T09:17:37.461355Z
plr_b2043a25,ravel morrison,,,,,,2026-09-30T09:17:37.461355Z
plr_7bf6790c,dean henderson,,,,,,2026-09-30T09:17:37.461355Z
plr_03f4b6a5,ben osborn,,,,,,2026-09-30T09:17:37.461355Z
plr_737d9406,oliver mcburnie,,,,,,2026-09-30T09:17:37.461355Z
plr_85c68943,michael verrips,,,,,,2026-09-30T09:17:37.461355Z
plr_30efeb64,muhamed bešić,,,,,,2026-09-30T09:17:37.461355Z
plr_f5668199,leon clarke,,,,,,2026-09-30T09:17:37.461355Z
plr_fb02246d,jack rodwell,,,,,,2026-09-30T09:17:37.461355Z
plr_2753084e,jack robinson,,,,,,2026-09-30T09:17:37.461355Z
plr_f0b96748,sander berge,,,,,,2026-09-30T09:17:37.461355Z
plr_d6cfb269,richairo zivkovic,,,,,,2026-09-30T09:17:37.461355Z
plr_fe12bd8c,panagiotis retsos,,,,,,2026-09-30T09:17:37.461355Z
plr_63f14b9a,jannik vestergaard,,,,,,2026-09-30T09:17:37.461355Z
plr_7fa7a82f,ryan bertrand,,,,,,2026-09-30T09:17:37.461355Z
plr_c4b38f03,yan valery,,,,,,2026-09-30T09:17:37.461355Z
plr_2e690777,jan bednarek,,,,,,2026-09-30T09:17:37.461355Z
plr_77e26536,jack stephens,,,,,,2026-09-30T09:17:37.461355Z
plr_570a5929,maya yoshida,,,,,,2026-09-30T09:17:37.461355Z
plr_5e904196,kayne ramsay,,,,,,2026-09-30T09:17:37.461355Z
plr_96b753b6,charlie austin,,,,,,2026-09-30T09:17:37.461355Z
plr_f35cacfa,danny ings,,,,,,2026-09-30T09:17:37.461355Z
plr_5b9b91bb,michael obafemi,,,,,,2026-09-30T09:17:37.461355Z
plr_abae3c55,shane long,,,,,,2026-09-30T09:17:37.461355Z
plr_3afeb7ea,sam gallagher,,,,,,2026-09-30T09:17:37.461355Z
plr_87142c30,fraser forster,,,,,,2026-09-30T09:17:37.461355Z
plr_e1a457bb,alex mccarthy,,,,,,2026-09-30T09:17:37.461355Z
plr_d7a926b8,angus gunn,,,,,,2026-09-30T09:17:37.461355Z
plr_d4e30ab2,nathan redmond,,,,,,2026-09-30T09:17:37.461355Z
plr_0d091aa5,james wardprowse,,,,,,2026-09-30T09:17:37.461355Z
plr_5595d76f,mohamed elyounoussi,,,,,,2026-09-30T09:17:37.461355Z
plr_b8006ebc,stuart armstrong,,,,,,2026-09-30T09:17:37.461355Z
plr_d8b40850,mario lemina,,,,,,2026-09-30T09:17:37.461355Z
plr_8bc548fb,pierreemile højbjerg,,,,,,2026-09-30T09:17:37.461355Z
plr_1fcc229d,tyreke johnson,,,,,,2026-09-30T09:17:37.461355Z
plr_200b6746,callum slattery,,,,,,2026-09-30T09:17:37.461355Z
plr_54023597,oriol romeu vidal,,,,,,2026-09-30T09:17:37.461355Z
plr_fbd29eeb,kyle walkerpeters,,,,,,2026-09-30T09:17:37.461355Z
plr_2ba3b31d,che adams,,,,,,2026-09-30T09:17:37.461355Z
plr_6c7e1835,moussa djenepo,,,,,,2026-09-30T09:17:37.461355Z
plr_7fb65103,wesley hoedt,,,,,,2026-09-30T09:17:37.461355Z
plr_b5b2cdc3,sofiane boufal,,,,,,2026-09-30T09:17:37.461355Z
plr_ee9308c2,kevin danso,,,,,,2026-09-30T09:17:37.461355Z
plr_dfa2c127,daniel nlundulu,,,,,,2026-09-30T09:17:37.461355Z
plr_a93bd6e1,harry lewis,,,,,,2026-09-30T09:17:37.461355Z
plr_0e7fc8e3,william smallbone,,,,,,2026-09-30T09:17:37.461355Z
plr_2e77994b,nathan tella,,,,,,2026-09-30T09:17:37.461355Z
plr_09200389,jake vokins,,,,,,2026-09-30T09:17:37.461355Z
plr_56d6ec55,alexandre jankewitz,,,,,,2026-09-30T09:17:37.461355Z
plr_4aabde78,will ferry,,,,,,2026-09-30T09:17:37.461355Z
plr_a40a07b3,jacob maddox,,,,,,2026-09-30T09:17:37.461355Z
plr_1911f07b,ben davies,,,,,,2026-09-30T09:17:37.461355Z
plr_71afa1b1,jan vertonghen,,,,,,2026-09-30T09:17:37.461355Z
plr_a5039c70,toby alderweireld,,,,,,2026-09-30T09:17:37.461355Z
plr_845443a3,davinson sánchez,,,,,,2026-09-30T09:17:37.461355Z
plr_a7e54609,kieran trippier,,,,,,2026-09-30T09:17:37.461355Z
plr_2544c165,juan foyth,,,,,,2026-09-30T09:17:37.461355Z
plr_82aea942,serge aurier,,,,,,2026-09-30T09:17:37.461355Z
plr_849208d8,harry kane,,,,,,2026-09-30T09:17:37.461355Z
plr_d0de4e9f,vincent janssen,,,,,,2026-09-30T09:17:37.461355Z
plr_d9f3432e,hugo lloris,,,,,,2026-09-30T09:17:37.461355Z
plr_a0aab7b6,paulo gazzaniga,,,,,,2026-09-30T09:17:37.461355Z
plr_d9817493,heungmin son,,,,,,2026-09-30T09:17:37.461355Z
plr_c1b0dd47,christian eriksen,,,,,,2026-09-30T09:17:37.461355Z
plr_53721a36,bamidele alli,,,,,,2026-09-30T09:17:37.461355Z
plr_28ba2fe0,lucas rodrigues moura da silva,,,,,,2026-09-30T09:17:37.461355Z
plr_5dd7fb80,erik lamela,,,,,,2026-09-30T09:17:37.461355Z
plr_3b7bfd91,harry winks,,,,,,2026-09-30T09:17:37.461355Z
plr_d755f6f9,victor wanyama,,,,,,2026-09-30T09:17:37.461355Z
plr_9bfd664b,moussa sissoko,,,,,,2026-09-30T09:17:37.461355Z
plr_eaf62399,eric dier,,,,,,2026-09-30T09:17:37.461355Z
plr_d14a3456,luke amos,,,,,,2026-09-30T09:17:37.461355Z
plr_baacf4d5,oliver skipp,,,,,,2026-09-30T09:17:37.461355Z
plr_8050d42e,tanguy ndombele,,,,,,2026-09-30T09:17:37.461355Z
plr_b3d323ce,troy parrott,,,,,,2026-09-30T09:17:37.461355Z
plr_edc2579b,giovani lo celso,,,,,,2026-09-30T09:17:37.461355Z
plr_403e1574,ryan sessegnon,,,,,,2026-09-30T09:17:37.461355Z
plr_07ef1b0f,georgeskévin nkoudou,,,,,,2026-09-30T09:17:37.461355Z
plr_8a3c7e6a,alfie whiteman,,,,,,2026-09-30T09:17:37.461355Z
plr_833cdf60,michel vorm,,,,,,2026-09-30T09:17:37.461355Z
plr_c248e0da,brandon austin,,,,,,2026-09-30T09:17:37.461355Z
plr_ea3ba6b5,japhet tanganga,,,,,,2026-09-30T09:17:37.461355Z
plr_ab4049bf,gedson carvalho fernandes,,,,,,2026-09-30T09:17:37.461355Z
plr_2ccc3a8c,steven bergwijn,,,,,,2026-09-30T09:17:37.461355Z
plr_e9b5fa07,harvey white,,,,,,2026-09-30T09:17:37.461355Z
plr_ba688344,dennis cirkin,,,,,,2026-09-30T09:17:37.461355Z
plr_9b9a0cd0,josé holebas,,,,,,2026-09-30T09:17:37.461355Z
plr_a3ae60b3,christian kabasele,,,,,,2026-09-30T09:17:37.461355Z
plr_9d736e03,adam masina,,,,,,2026-09-30T09:17:37.461355Z
plr_f55efa6b,adrian mariappa,,,,,,2026-09-30T09:17:37.461355Z
plr_98cd6b1d,francisco femenía far,,,,,,2026-09-30T09:17:37.461355Z
plr_6ac627f3,craig cathcart,,,,,,2026-09-30T09:17:37.461355Z
plr_c5a14892,daryl janmaat,,,,,,2026-09-30T09:17:37.461355Z
plr_815e00d1,marc navarro,,,,,,2026-09-30T09:17:37.461355Z
plr_46ef53bc,sebastian prödl,,,,,,2026-09-30T09:17:37.461355Z
plr_ef746453,troy deeney,,,,,,2026-09-30T09:17:37.461355Z
plr_55a93d48,gerard deulofeu,,,,,,2026-09-30T09:17:37.461355Z
plr_48047502,andre gray,,,,,,2026-09-30T09:17:37.461355Z
plr_2a6a0d35,isaac success ajayi,,,,,,2026-09-30T09:17:37.461355Z
plr_6c48ce7f,ben foster,,,,,,2026-09-30T09:17:37.462355Z
plr_b16d5a81,pontus dahlberg,,,,,,2026-09-30T09:17:37.462355Z
plr_3571e4d0,abdoulaye doucouré,,,,,,2026-09-30T09:17:37.462355Z
plr_f6e289d3,roberto pereyra,,,,,,2026-09-30T09:17:37.462355Z
plr_d9a1af61,will hughes,,,,,,2026-09-30T09:17:37.462355Z
plr_172e8741,tom cleverley,,,,,,2026-09-30T09:17:37.462355Z
plr_72a886f2,ken sema,,,,,,2026-09-30T09:17:37.462355Z
plr_80d6f5ee,etienne capoue,,,,,,2026-09-30T09:17:37.462355Z
plr_41329e01,nathaniel chalobah,,,,,,2026-09-30T09:17:37.462355Z
plr_fe0f21ee,domingos quina,,,,,,2026-09-30T09:17:37.462355Z
plr_ea5eb2ac,craig dawson,,,,,,2026-09-30T09:17:37.462355Z
plr_e64a0cfc,danny welbeck,,,,,,2026-09-30T09:17:37.462355Z
plr_d01d6c6d,heurelho da silva gomes,,,,,,2026-09-30T09:17:37.462355Z
plr_8fb559cc,ismaïla sarr,,,,,,2026-09-30T09:17:37.462355Z
plr_dd6a08e5,dimitri foulquier,,,,,,2026-09-30T09:17:37.462355Z
plr_2583663a,ayotomiwa delebashiru,,,,,,2026-09-30T09:17:37.462355Z
plr_dfacaaab,joão pedro junqueira de jesus,,,,,,2026-09-30T09:17:37.462355Z
plr_87f245ba,ignacio pussetto,,,,,,2026-09-30T09:17:37.462355Z
plr_9ee13d80,adalberto peñaranda,,,,,,2026-09-30T09:17:37.462355Z
plr_99983f15,aaron cresswell,,,,,,2026-09-30T09:17:37.462355Z
plr_962daccd,angelo ogbonna,,,,,,2026-09-30T09:17:37.462355Z
plr_44bd8b06,arthur masuaku,,,,,,2026-09-30T09:17:37.462355Z
plr_9b4ce0d7,pablo zabaleta,,,,,,2026-09-30T09:17:37.462355Z
plr_69bebd02,ryan fredericks,,,,,,2026-09-30T09:17:37.462355Z
plr_f013a3e7,issa diop,,,,,,2026-09-30T09:17:37.462355Z
plr_a5cae2ca,fabián balbuena,,,,,,2026-09-30T09:17:37.462355Z
plr_d7e366f0,winston reid,,,,,,2026-09-30T09:17:37.462355Z
plr_3f9df728,ben johnson,,,,,,2026-09-30T09:17:37.462355Z
plr_8bd8370f,marko arnautovic,,,,,,2026-09-30T09:17:37.462355Z
plr_1c85cd03,javier hernández balcázar,,,,,,2026-09-30T09:17:37.462355Z
plr_9dc83f3e,alexandre nascimento costa silva,,,,,,2026-09-30T09:17:37.462355Z
plr_cf787fd9,lukasz fabianski,,,,,,2026-09-30T09:17:37.462355Z
plr_9d22c23d,michail antonio,,,,,,2026-09-30T09:17:37.462355Z
plr_2744271c,felipe anderson pereira gomes,,,,,,2026-09-30T09:17:37.462355Z
plr_0e63390d,manuel lanzini,,,,,,2026-09-30T09:17:37.462355Z
plr_0237fe79,andriy yarmolenko,,,,,,2026-09-30T09:17:37.462355Z
plr_87f0c77e,robert snodgrass,,,,,,2026-09-30T09:17:37.462355Z
plr_08ba9645,jack wilshere,,,,,,2026-09-30T09:17:37.462355Z
plr_6a0f573d,declan rice,,,,,,2026-09-30T09:17:37.462355Z
plr_160612ca,mark noble,,,,,,2026-09-30T09:17:37.462355Z
plr_8d569c7b,carlos sánchez,,,,,,2026-09-30T09:17:37.462355Z
plr_e483c4e8,grady diangana,,,,,,2026-09-30T09:17:37.462355Z
plr_3ed2bd72,pablo fornals,,,,,,2026-09-30T09:17:37.462355Z
plr_edab1893,pedro obiang,,,,,,2026-09-30T09:17:37.462355Z
plr_e34c47fb,roberto jimenez gago,,,,,,2026-09-30T09:17:37.462355Z
plr_78297c9c,sébastien haller,,,,,,2026-09-30T09:17:37.462355Z
plr_65eeafd8,albian ajeti,,,,,,2026-09-30T09:17:37.462355Z
plr_312147dd,david martin,,,,,,2026-09-30T09:17:37.462355Z
plr_32ca7812,nathan holland,,,,,,2026-09-30T09:17:37.462355Z
plr_3bc00dfd,joseph anang,,,,,,2026-09-30T09:17:37.462355Z
plr_ee2fbb03,jeremy ngakia,,,,,,2026-09-30T09:17:37.462355Z
plr_0ae4313b,gonçalo bento soares cardoso,,,,,,2026-09-30T09:17:37.462355Z
plr_f3e8d38f,bernardo costa da rosa,,,,,,2026-09-30T09:17:37.462355Z
plr_64a65720,darren randolph,,,,,,2026-09-30T09:17:37.462355Z
plr_b872433c,tomas soucek,,,,,,2026-09-30T09:17:37.462355Z
plr_66a98d63,jarrod bowen,,,,,,2026-09-30T09:17:37.462355Z
plr_fc7b29fe,alfie lewis,,,,,,2026-09-30T09:17:37.462355Z
plr_2c35db8f,conor coventry,,,,,,2026-09-30T09:17:37.462355Z
plr_04770b01,matt doherty,,,,,,2026-09-30T09:17:37.462355Z
plr_b0458f27,jonathan castro otto,,,,,,2026-09-30T09:17:37.462355Z
plr_5a268bfe,conor coady,,,,,,2026-09-30T09:17:37.462355Z
plr_a3075da9,willy boly,,,,,,2026-09-30T09:17:37.462355Z
plr_e01d81ad,rúben gonçalo silva nascimento vinagre,,,,,,2026-09-30T09:17:37.462355Z
plr_bb288989,romain saïss,,,,,,2026-09-30T09:17:37.462355Z
plr_4538230d,max kilman,,,,,,2026-09-30T09:17:37.462355Z
plr_243db76c,raúl jiménez,,,,,,2026-09-30T09:17:37.462355Z
plr_98c8f8f3,diogo jota,,,,,,2026-09-30T09:17:37.462355Z
plr_ba999046,rui pedro dos santos patrício,,,,,,2026-09-30T09:17:37.462355Z
plr_635dee57,john ruddy,,,,,,2026-09-30T09:17:37.462355Z
plr_814a654a,will norris,,,,,,2026-09-30T09:17:37.462355Z
plr_831d0395,rúben diogo da silva neves,,,,,,2026-09-30T09:17:37.462355Z
plr_ded60278,joão filipe iria santos moutinho,,,,,,2026-09-30T09:17:37.462355Z
plr_9f0c3ae8,morgan gibbswhite,,,,,,2026-09-30T09:17:37.462355Z
plr_8029791e,adama traoré,,,,,,2026-09-30T09:17:37.462355Z
plr_1421d07f,hélder costa,,,,,,2026-09-30T09:17:37.462355Z
plr_630b259c,ivan cavaleiro,,,,,,2026-09-30T09:17:37.462355Z
plr_2830091a,leander dendoncker,,,,,,2026-09-30T09:17:37.462355Z
plr_6350c8ad,jesús vallejo lázaro,,,,,,2026-09-30T09:17:37.462355Z
plr_7068a1e1,patrick cutrone,,,,,,2026-09-30T09:17:37.462355Z
plr_3838ae66,pedro lomba neto,,,,,,2026-09-30T09:17:37.462355Z
plr_d8f34408,bernard ashleyseal,,,,,,2026-09-30T09:17:37.462355Z
plr_29933ff6,taylor perry,,,,,,2026-09-30T09:17:37.462355Z
plr_7f6671fd,owen otasowie,,,,,,2026-09-30T09:17:37.462355Z
plr_33ad1500,luke cundle,,,,,,2026-09-30T09:17:37.462355Z
plr_de9368b1,oskar buur,,,,,,2026-09-30T09:17:37.462355Z
plr_81bd3dec,ryan giles,,,,,,2026-09-30T09:17:37.462355Z
plr_6a649e63,bruno andré cavaco jordao,,,,,,2026-09-30T09:17:37.462355Z
plr_25862ce8,daniel castelo podence,,,,,,2026-09-30T09:17:37.462355Z
plr_396ccfa2,leonardo campana,,,,,,2026-09-30T09:17:37.462355Z
plr_8ca01e4c,mesut özil,,,,,,2026-09-30T09:17:37.463321Z
plr_f1fb4336,sokratis papastathopoulos,,,,,,2026-09-30T09:17:37.463321Z
plr_e5e96498,david luiz moreira marinho,,,,,,2026-09-30T09:17:37.463321Z
plr_336f3a54,pierreemerick aubameyang,,,,,,2026-09-30T09:17:37.463321Z
plr_46c7ed67,cédric soares,,,,,,2026-09-30T09:17:37.463321Z
plr_afb4fa39,alexandre lacazette,,,,,,2026-09-30T09:17:37.463321Z
plr_d345e0dc,shkodran mustafi,,,,,,2026-09-30T09:17:37.463321Z
plr_fbee069f,bernd leno,,,,,,2026-09-30T09:17:37.463321Z
plr_8749e9c2,granit xhaka,,,,,,2026-09-30T09:17:37.463321Z
plr_a576d35f,pablo marí,,,,,,2026-09-30T09:17:37.463321Z
plr_01e55b53,héctor bellerín,,,,,,2026-09-30T09:17:37.463321Z
plr_e9506d9a,calum chambers,,,,,,2026-09-30T09:17:37.463321Z
plr_64c4f855,sead kolasinac,,,,,,2026-09-30T09:17:37.463321Z
plr_2a6489b3,rob holding,,,,,,2026-09-30T09:17:37.463321Z
plr_d7a31be6,kieran tierney,,,,,,2026-09-30T09:17:37.463321Z
plr_d0ffa088,nicolas pépé,,,,,,2026-09-30T09:17:37.463321Z
plr_af9c7bb0,lucas torreira,,,,,,2026-09-30T09:17:37.463321Z
plr_578cbdf3,reiss nelson,,,,,,2026-09-30T09:17:37.463321Z
plr_d459d45b,edward nketiah,,,,,,2026-09-30T09:17:37.463321Z
plr_82b63592,emile smith rowe,,,,,,2026-09-30T09:17:37.463321Z
plr_6660424b,bukayo saka,,,,,,2026-09-30T09:17:37.463321Z
plr_5b9d6b5d,matteo guendouzi,,,,,,2026-09-30T09:17:37.463321Z
plr_c8646960,gabriel teodoro martinelli silva,,,,,,2026-09-30T09:17:37.463321Z
plr_f331e355,william saliba,,,,,,2026-09-30T09:17:37.463321Z
plr_2dd968bd,mathew ryan,,,,,,2026-09-30T09:17:37.463321Z
plr_90d47187,willian borges da silva,,,,,,2026-09-30T09:17:37.463321Z
plr_4f456209,gabriel magalhães,,,,,,2026-09-30T09:17:37.463321Z
plr_cb77edda,daniel ceballos fernández,,,,,,2026-09-30T09:17:37.463321Z
plr_3c04e26b,mohamed naser el sayed elneny,,,,,,2026-09-30T09:17:37.463321Z
plr_3b8aa497,matt macey,,,,,,2026-09-30T09:17:37.463321Z
plr_eaa0237c,rúnar alex rúnarsson,,,,,,2026-09-30T09:17:37.463321Z
plr_edc82139,thomas partey,,,,,,2026-09-30T09:17:37.463321Z
plr_c80cc009,martin ødegaard,,,,,,2026-09-30T09:17:37.463321Z
plr_d8631481,miguel azeez,,,,,,2026-09-30T09:17:37.463321Z
plr_6ce84ed7,emiliano martínez,,,,,,2026-09-30T09:17:37.463321Z
plr_12d7ef58,tom heaton,,,,,,2026-09-30T09:17:37.463321Z
plr_0577423d,ahmed el mohamady,,,,,,2026-09-30T09:17:37.463321Z
plr_500860bb,henri lansbury,,,,,,2026-09-30T09:17:37.463321Z
plr_c4388f94,neil taylor,,,,,,2026-09-30T09:17:37.463321Z
plr_3630d895,jed steer,,,,,,2026-09-30T09:17:37.463321Z
plr_3d8d23e1,conor hourihane,,,,,,2026-09-30T09:17:37.463321Z
plr_4e6f3f63,josé ignacio peleteiro romallo,,,,,,2026-09-30T09:17:37.463321Z
plr_ae36d34c,ørjan nyland,,,,,,2026-09-30T09:17:37.463321Z
plr_be660ef5,bjorn engels,,,,,,2026-09-30T09:17:37.463321Z
plr_3cded3e4,jack grealish,,,,,,2026-09-30T09:17:37.463321Z
plr_c73a895b,john mcginn,,,,,,2026-09-30T09:17:37.463321Z
plr_be3db92a,kortney hause,,,,,,2026-09-30T09:17:37.463321Z
plr_351486a3,mahmoud ahmed ibrahim hassan,,,,,,2026-09-30T09:17:37.463321Z
plr_5e1cfbd8,tyrone mings,,,,,,2026-09-30T09:17:37.463321Z
plr_15449c58,matt targett,,,,,,2026-09-30T09:17:37.463321Z
plr_0e0549a0,james bree,,,,,,2026-09-30T09:17:37.463321Z
plr_918d4966,marvelous nakamba,,,,,,2026-09-30T09:17:37.463321Z
plr_ea2aecf2,anwar el ghazi,,,,,,2026-09-30T09:17:37.463321Z
plr_067b16b0,ezri konsa ngoyo,,,,,,2026-09-30T09:17:37.463321Z
plr_74cce58d,frédéric guilbert,,,,,,2026-09-30T09:17:37.463321Z
plr_6de3f1c3,wesley moraes,,,,,,2026-09-30T09:17:37.463321Z
plr_e46b9437,mbwana samatta,,,,,,2026-09-30T09:17:37.463321Z
plr_7c0555f8,keinan davis,,,,,,2026-09-30T09:17:37.463321Z
plr_dd5a4a15,indiana vassilev,,,,,,2026-09-30T09:17:37.463321Z
plr_36505aac,douglas luiz soares de paulo,,,,,,2026-09-30T09:17:37.463321Z
plr_e72aea78,ross barkley,,,,,,2026-09-30T09:17:37.463321Z
plr_8ffe1c86,matthew cash,,,,,,2026-09-30T09:17:37.463321Z
plr_60fb47e5,ollie watkins,,,,,,2026-09-30T09:17:37.463321Z
plr_c68d6c16,bertrand traoré,,,,,,2026-09-30T09:17:37.463321Z
plr_2b8dd2b9,jacob ramsey,,,,,,2026-09-30T09:17:37.463321Z
plr_fcc0754e,morgan sanson,,,,,,2026-09-30T09:17:37.463321Z
plr_c2e8fa10,kaine hayden,,,,,,2026-09-30T09:17:37.463321Z
plr_05780f76,carney chukwuemeka,,,,,,2026-09-30T09:17:37.463321Z
plr_95bb9b80,jaden philogenebidace,,,,,,2026-09-30T09:17:37.463321Z
plr_9bb974f1,glenn murray,,,,,,2026-09-30T09:17:37.463321Z
plr_c8ac9c7c,adam lallana,,,,,,2026-09-30T09:17:37.463321Z
plr_e6aca181,pascal groß,,,,,,2026-09-30T09:17:37.463321Z
plr_f0a6b1d8,shane duffy,,,,,,2026-09-30T09:17:37.463321Z
plr_e0a83dca,davy pröpper,,,,,,2026-09-30T09:17:37.463321Z
plr_7216d85e,aaron mooy,,,,,,2026-09-30T09:17:37.463321Z
plr_b5b771b1,dan burn,,,,,,2026-09-30T09:17:37.463321Z
plr_463d8870,lewis dunk,,,,,,2026-09-30T09:17:37.463321Z
plr_9e87530d,martín montoya,,,,,,2026-09-30T09:17:37.463321Z
plr_c09db844,florin andone,,,,,,2026-09-30T09:17:37.463321Z
plr_3e3f17cd,solomon march,,,,,,2026-09-30T09:17:37.464355Z
plr_b7344446,adam webster,,,,,,2026-09-30T09:17:37.464355Z
plr_f9252fd6,joël veltman,,,,,,2026-09-30T09:17:37.464355Z
plr_e9a25cba,neal maupay,,,,,,2026-09-30T09:17:37.464355Z
plr_72883066,leandro trossard,,,,,,2026-09-30T09:17:37.464355Z
plr_dac439d8,alireza jahanbakhsh,,,,,,2026-09-30T09:17:37.464355Z
plr_df8ad3d8,josé izquierdo,,,,,,2026-09-30T09:17:37.464355Z
plr_a028cb92,matthew clarke,,,,,,2026-09-30T09:17:37.464355Z
plr_53b39929,ben white,,,,,,2026-09-30T09:17:37.464355Z
plr_bcdbfc23,bernardo fernandes da silva junior,,,,,,2026-09-30T09:17:37.464355Z
plr_61f56cb3,yves bissouma,,,,,,2026-09-30T09:17:37.464355Z
plr_57e7597d,tariq lamptey,,,,,,2026-09-30T09:17:37.464355Z
plr_7286e471,aaron connolly,,,,,,2026-09-30T09:17:37.464355Z
plr_8a93fba4,steven alzate,,,,,,2026-09-30T09:17:37.464355Z
plr_7975ee3b,alexis mac allister,,,,,,2026-09-30T09:17:37.464355Z
plr_79d29f46,christian walton,,,,,,2026-09-30T09:17:37.464355Z
plr_0b711bc8,jason steele,,,,,,2026-09-30T09:17:37.464355Z
plr_69e1edb9,jayson molumby,,,,,,2026-09-30T09:17:37.464355Z
plr_29b3267f,andi zeqiri,,,,,,2026-09-30T09:17:37.464355Z
plr_aaa9cf52,danny welbeck,,,,,,2026-09-30T09:17:37.464355Z
plr_9a1ef932,robert sánchez,,,,,,2026-09-30T09:17:37.464355Z
plr_0c703dfb,percy tau,,,,,,2026-09-30T09:17:37.464355Z
plr_1d0743db,jakub moder,,,,,,2026-09-30T09:17:37.464355Z
plr_0992d61c,reda khadra,,,,,,2026-09-30T09:17:37.464355Z
plr_f5f3f308,teddy jenks,,,,,,2026-09-30T09:17:37.464355Z
plr_e0c57b58,max sanders,,,,,,2026-09-30T09:17:37.464355Z
plr_7f724bf8,jensen weir,,,,,,2026-09-30T09:17:37.464355Z
plr_c2dfeaa0,thomas mcgill,,,,,,2026-09-30T09:17:37.464355Z
plr_a5598aab,michal karbownik,,,,,,2026-09-30T09:17:37.464355Z
plr_c795f503,moisés caicedo,,,,,,2026-09-30T09:17:37.464355Z
plr_92ddff3b,dale stephens,,,,,,2026-09-30T09:17:37.464355Z
plr_109a8623,james tarkowski,,,,,,2026-09-30T09:17:37.464355Z
plr_93e487af,phil bardsley,,,,,,2026-09-30T09:17:37.464355Z
plr_79d6f44e,erik pieters,,,,,,2026-09-30T09:17:37.464355Z
plr_4a4ca107,jack cork,,,,,,2026-09-30T09:17:37.464355Z
plr_8350ab12,kevin long,,,,,,2026-09-30T09:17:37.464355Z
plr_c0353d73,jay rodriguez,,,,,,2026-09-30T09:17:37.464355Z
plr_1e69e0e3,ashley barnes,,,,,,2026-09-30T09:17:37.464355Z
plr_0c715f77,ben mee,,,,,,2026-09-30T09:17:37.464355Z
plr_7b4b57a7,ashley westwood,,,,,,2026-09-30T09:17:37.464355Z
plr_ac84ae28,johann berg gudmundsson,,,,,,2026-09-30T09:17:37.464355Z
plr_798f9e5f,chris wood,,,,,,2026-09-30T09:17:37.464355Z
plr_cc33a8cf,matthew lowton,,,,,,2026-09-30T09:17:37.464355Z
plr_0dc253c2,matej vydra,,,,,,2026-09-30T09:17:37.464355Z
plr_16df6793,ben gibson,,,,,,2026-09-30T09:17:37.464355Z
plr_cba5817b,robbie brady,,,,,,2026-09-30T09:17:37.464355Z
plr_0c1b86d1,nick pope,,,,,,2026-09-30T09:17:37.464355Z
plr_39e400e8,charlie taylor,,,,,,2026-09-30T09:17:37.464355Z
plr_fcd20b78,josh brownhill,,,,,,2026-09-30T09:17:37.464355Z
plr_b882118a,bailey peacockfarrell,,,,,,2026-09-30T09:17:37.464355Z
plr_50a6dd8e,dwight mcneil,,,,,,2026-09-30T09:17:37.464355Z
plr_5cd01878,jimmy dunne,,,,,,2026-09-30T09:17:37.464355Z
plr_edef8798,bobby thomas,,,,,,2026-09-30T09:17:37.464355Z
plr_ac2de6ee,josh benson,,,,,,2026-09-30T09:17:37.464355Z
plr_de2cfa41,anthony driscollglennon,,,,,,2026-09-30T09:17:37.464355Z
plr_0fe64002,mace goodridge,,,,,,2026-09-30T09:17:37.464355Z
plr_a2b63ee7,will norris,,,,,,2026-09-30T09:17:37.464355Z
plr_ddebc3a8,max thompson,,,,,,2026-09-30T09:17:37.464355Z
plr_83e80228,lewis richardson,,,,,,2026-09-30T09:17:37.464355Z
plr_fbf6b8e7,anthony mancini,,,,,,2026-09-30T09:17:37.464355Z
plr_db6ca92a,joel mumbongo,,,,,,2026-09-30T09:17:37.464355Z
plr_f35ba9d0,richard nartey,,,,,,2026-09-30T09:17:37.464355Z
plr_e39bcdcf,willy caballero,,,,,,2026-09-30T09:17:37.464355Z
plr_636d9385,césar azpilicueta,,,,,,2026-09-30T09:17:37.464355Z
plr_9da38b5e,olivier giroud,,,,,,2026-09-30T09:17:37.464355Z
plr_3be5a07d,marcos alonso,,,,,,2026-09-30T09:17:37.464355Z
plr_b4643b80,jorge luiz frello filho,,,,,,2026-09-30T09:17:37.464355Z
plr_a62a071a,mateo kovacic,,,,,,2026-09-30T09:17:37.464355Z
plr_907cd3ce,antonio rüdiger,,,,,,2026-09-30T09:17:37.464355Z
plr_a4e0bb6c,kurt zouma,,,,,,2026-09-30T09:17:37.464355Z
plr_661cf5e4,emerson palmieri dos santos,,,,,,2026-09-30T09:17:37.464355Z
plr_29f1076f,kepa arrizabalaga,,,,,,2026-09-30T09:17:37.464355Z
plr_af3f508d,ngolo kanté,,,,,,2026-09-30T09:17:37.464355Z
plr_3c46f015,hakim ziyech,,,,,,2026-09-30T09:17:37.464355Z
plr_374c8efc,andreas christensen,,,,,,2026-09-30T09:17:37.464355Z
plr_be50c2b9,timo werner,,,,,,2026-09-30T09:17:37.464355Z
plr_1a4e29b5,tammy abraham,,,,,,2026-09-30T09:17:37.464355Z
plr_a2a4b173,christian pulisic,,,,,,2026-09-30T09:17:37.464355Z
plr_ef316a79,mason mount,,,,,,2026-09-30T09:17:37.464355Z
plr_7818c50e,fikayo tomori,,,,,,2026-09-30T09:17:37.464355Z
plr_9e8951bf,callum hudsonodoi,,,,,,2026-09-30T09:17:37.464355Z
plr_64db18fb,reece james,,,,,,2026-09-30T09:17:37.464355Z
plr_58b97c8d,billy gilmour,,,,,,2026-09-30T09:17:37.464355Z
plr_5e968626,benjamin chilwell,,,,,,2026-09-30T09:17:37.464355Z
plr_353caf99,thiago thiago,,,,,,2026-09-30T09:17:37.464355Z
plr_2252608f,kai havertz,,,,,,2026-09-30T09:17:37.464355Z
plr_c361f5d5,edouard mendy,,,,,,2026-09-30T09:17:37.464355Z
plr_3b13a1c8,karlo ziger,,,,,,2026-09-30T09:17:37.464355Z
plr_1a0ad438,faustino anjorin,,,,,,2026-09-30T09:17:37.464355Z
plr_8d5ebed7,valentino livramento,,,,,,2026-09-30T09:17:37.464355Z
plr_97acd18e,michy batshuayi,,,,,,2026-09-30T09:17:37.464355Z
plr_31244ce5,gary cahill,,,,,,2026-09-30T09:17:37.464355Z
plr_e615031d,wayne hennessey,,,,,,2026-09-30T09:17:37.464355Z
plr_6b67afcd,mamadou sakho,,,,,,2026-09-30T09:17:37.464355Z
plr_7e9c7af0,vicente guaita,,,,,,2026-09-30T09:17:37.464355Z
plr_7add5395,james tomkins,,,,,,2026-09-30T09:17:37.464355Z
plr_c353b953,james mcarthur,,,,,,2026-09-30T09:17:37.464355Z
plr_9f7b03ea,james mccarthy,,,,,,2026-09-30T09:17:37.464355Z
plr_d126575b,christian benteke,,,,,,2026-09-30T09:17:37.464355Z
plr_54bf52d7,cheikhou kouyaté,,,,,,2026-09-30T09:17:37.464355Z
plr_375eaa1a,joel ward,,,,,,2026-09-30T09:17:37.464355Z
plr_e3384b33,martin kelly,,,,,,2026-09-30T09:17:37.464355Z
plr_c37fb231,connor wickham,,,,,,2026-09-30T09:17:37.464355Z
plr_91d1225c,andros townsend,,,,,,2026-09-30T09:17:37.464355Z
plr_4cbbe233,luka milivojevic,,,,,,2026-09-30T09:17:37.464355Z
plr_eb2a8bb3,patrick van aanholt,,,,,,2026-09-30T09:17:37.464355Z
plr_d23eb3b6,jordan ayew,,,,,,2026-09-30T09:17:37.465354Z
plr_704ec321,wilfried zaha,,,,,,2026-09-30T09:17:37.465354Z
plr_f3841daa,jeffrey schlupp,,,,,,2026-09-30T09:17:37.465354Z
plr_058085fe,max meyer,,,,,,2026-09-30T09:17:37.465354Z
plr_19041649,jairo riedewald,,,,,,2026-09-30T09:17:37.465354Z
plr_cef76dbb,nathan ferguson,,,,,,2026-09-30T09:17:37.465354Z
plr_000877f3,tyrick mitchell,,,,,,2026-09-30T09:17:37.465354Z
plr_dec3790b,brandon pierrick,,,,,,2026-09-30T09:17:37.465354Z
plr_ef917ec9,scott dann,,,,,,2026-09-30T09:17:37.465354Z
plr_9caf8252,eberechi eze,,,,,,2026-09-30T09:17:37.465354Z
plr_312e7953,sam woods,,,,,,2026-09-30T09:17:37.465354Z
plr_83eeec1c,ryan inniss,,,,,,2026-09-30T09:17:37.465354Z
plr_e2f9377c,nathaniel clyne,,,,,,2026-09-30T09:17:37.465354Z
plr_fc7233ff,stephen henderson,,,,,,2026-09-30T09:17:37.465354Z
plr_47e9f14f,jack butland,,,,,,2026-09-30T09:17:37.465354Z
plr_fafbfb91,jeanphilippe mateta,,,,,,2026-09-30T09:17:37.465354Z
plr_12c2f46f,reece hannam,,,,,,2026-09-30T09:17:37.465354Z
plr_887f749b,jesurun raksakyi,,,,,,2026-09-30T09:17:37.465354Z
plr_333faa17,fabian delph,,,,,,2026-09-30T09:17:37.465354Z
plr_b483a5ba,gylfi sigurdsson,,,,,,2026-09-30T09:17:37.465354Z
plr_3961ea94,jonas lössl,,,,,,2026-09-30T09:17:37.465354Z
plr_8d0574db,seamus coleman,,,,,,2026-09-30T09:17:37.465354Z
plr_a7cd3206,cenk tosun,,,,,,2026-09-30T09:17:37.465354Z
plr_35f9d8bc,bernard anício caldeira duarte,,,,,,2026-09-30T09:17:37.465354Z
plr_a484fe99,lucas digne,,,,,,2026-09-30T09:17:37.465354Z
plr_378aa74b,michael keane,,,,,,2026-09-30T09:17:37.465354Z
plr_4a9279f3,jordan pickford,,,,,,2026-09-30T09:17:37.465354Z
plr_0f02b4d1,andré filipe tavares gomes,,,,,,2026-09-30T09:17:37.465354Z
plr_f3ccdd59,alex iwobi,,,,,,2026-09-30T09:17:37.465354Z
plr_4d377dcd,jonjoe kenny,,,,,,2026-09-30T09:17:37.465354Z
plr_b48b0d30,jeanphilippe gbamin,,,,,,2026-09-30T09:17:37.465354Z
plr_7c99be78,yerry mina,,,,,,2026-09-30T09:17:37.465354Z
plr_a744c5de,tom davies,,,,,,2026-09-30T09:17:37.465354Z
plr_f1e96f8e,dominic calvertlewin,,,,,,2026-09-30T09:17:37.465354Z
plr_e588a81c,mason holgate,,,,,,2026-09-30T09:17:37.465354Z
plr_7a89ca88,richarlison de andrade,,,,,,2026-09-30T09:17:37.465354Z
plr_e708fa9e,joão virgínia,,,,,,2026-09-30T09:17:37.465354Z
plr_627d7f89,anthony gordon,,,,,,2026-09-30T09:17:37.465354Z
plr_1bf0a914,moise kean,,,,,,2026-09-30T09:17:37.465354Z
plr_24651113,jarrad branthwaite,,,,,,2026-09-30T09:17:37.465354Z
plr_fa3961b7,allan marques loureiro,,,,,,2026-09-30T09:17:37.465354Z
plr_a0cf6c54,james rodríguez,,,,,,2026-09-30T09:17:37.465354Z
plr_0ee97c7d,abdoulaye doucouré,,,,,,2026-09-30T09:17:37.465354Z
plr_a5932c18,niels nkounkou,,,,,,2026-09-30T09:17:37.465354Z
plr_c3c64e08,ben godfrey,,,,,,2026-09-30T09:17:37.465354Z
plr_f14d5a14,robin olsen,,,,,,2026-09-30T09:17:37.465354Z
plr_e682c174,ellis simms,,,,,,2026-09-30T09:17:37.465354Z
plr_6bdd5031,tyler onyango,,,,,,2026-09-30T09:17:37.465354Z
plr_70f3fb3e,joshua king,,,,,,2026-09-30T09:17:37.465354Z
plr_cf83ce31,kyle john,,,,,,2026-09-30T09:17:37.465354Z
plr_c232b6bb,nathan broadhead,,,,,,2026-09-30T09:17:37.465354Z
plr_33e02a3c,ryan astley,,,,,,2026-09-30T09:17:37.465354Z
plr_e45d5794,harry tyrer,,,,,,2026-09-30T09:17:37.465354Z
plr_0e49f943,reece welch,,,,,,2026-09-30T09:17:37.465354Z
plr_e85d1170,isaac price,,,,,,2026-09-30T09:17:37.465354Z
plr_c05b2476,ruben loftuscheek,,,,,,2026-09-30T09:17:37.465354Z
plr_98cc59b2,fabricio agosto ramírez,,,,,,2026-09-30T09:17:37.465354Z
plr_8cf84c36,kevin mcdonald,,,,,,2026-09-30T09:17:37.465354Z
plr_06340ad7,maxime le marchand,,,,,,2026-09-30T09:17:37.465354Z
plr_b73b1891,stefan johansen,,,,,,2026-09-30T09:17:37.465354Z
plr_f6c145ed,tom cairney,,,,,,2026-09-30T09:17:37.465354Z
plr_a7310362,tim ream,,,,,,2026-09-30T09:17:37.465354Z
plr_ee397abb,anthony knockaert,,,,,,2026-09-30T09:17:37.465354Z
plr_41af90b5,michael hector,,,,,,2026-09-30T09:17:37.465354Z
plr_927ca207,cyrus christie,,,,,,2026-09-30T09:17:37.465354Z
plr_7fd0518d,neeskens kebano,,,,,,2026-09-30T09:17:37.465354Z
plr_01793771,bobby decordovareid,,,,,,2026-09-30T09:17:37.465354Z
plr_e77959d1,joe bryan,,,,,,2026-09-30T09:17:37.465354Z
plr_6e6a84f8,marcus bettinelli,,,,,,2026-09-30T09:17:37.465354Z
plr_d84f0880,aleksandar mitrović,,,,,,2026-09-30T09:17:37.465354Z
plr_b04f7af8,alfie mawson,,,,,,2026-09-30T09:17:37.465354Z
plr_d44dc480,marek rodák,,,,,,2026-09-30T09:17:37.465354Z
plr_9bcb98e5,ivan ricardo neves abreu cavaleiro,,,,,,2026-09-30T09:17:37.465354Z
plr_d9b94916,josh onomah,,,,,,2026-09-30T09:17:37.465354Z
plr_0b2d53f9,jean michaël seri,,,,,,2026-09-30T09:17:37.465354Z
plr_e4092d85,aboubakar kamara,,,,,,2026-09-30T09:17:37.465354Z
plr_7ed9a96c,andréfrank zambo anguissa,,,,,,2026-09-30T09:17:37.465354Z
plr_026ce522,zeze steven sessegnon,,,,,,2026-09-30T09:17:37.465354Z
plr_f65813bf,harrison reed,,,,,,2026-09-30T09:17:37.465354Z
plr_c90504cd,antonee robinson,,,,,,2026-09-30T09:17:37.465354Z
plr_5de82ff0,mario lemina,,,,,,2026-09-30T09:17:37.465354Z
plr_a3e2aa57,alphonse areola,,,,,,2026-09-30T09:17:37.465354Z
plr_6b4300fe,kenny tete,,,,,,2026-09-30T09:17:37.465354Z
plr_f0ae3f07,denis odoi,,,,,,2026-09-30T09:17:37.465354Z
plr_5b11996f,ademola lookman,,,,,,2026-09-30T09:17:37.465354Z
plr_f7016931,ola aina,,,,,,2026-09-30T09:17:37.465354Z
plr_502e4810,joachim andersen,,,,,,2026-09-30T09:17:37.465354Z
plr_e709d35a,tosin adarabioyo,,,,,,2026-09-30T09:17:37.465354Z
plr_dff030ea,terence kongolo,,,,,,2026-09-30T09:17:37.465354Z
plr_b1308bd0,josh maja,,,,,,2026-09-30T09:17:37.465354Z
plr_3523be83,fabio carvalho,,,,,,2026-09-30T09:17:37.465354Z
plr_a17021da,sylvester jasper,,,,,,2026-09-30T09:17:37.465354Z
plr_449bab99,tyrese francois,,,,,,2026-09-30T09:17:37.465354Z
plr_54dade2e,wes morgan,,,,,,2026-09-30T09:17:37.465354Z
plr_c016e860,kasper schmeichel,,,,,,2026-09-30T09:17:37.465354Z
plr_2664ca38,christian fuchs,,,,,,2026-09-30T09:17:37.465354Z
plr_d5ec6962,jonny evans,,,,,,2026-09-30T09:17:37.465354Z
plr_2d1a08fa,adrien silva,,,,,,2026-09-30T09:17:37.465354Z
plr_d56968be,marc albrighton,,,,,,2026-09-30T09:17:37.465354Z
plr_bdf3847c,matty james,,,,,,2026-09-30T09:17:37.465354Z
plr_7e1c5aca,danny ward,,,,,,2026-09-30T09:17:37.465354Z
plr_ac91ede4,jamie vardy,,,,,,2026-09-30T09:17:37.465354Z
plr_85021fa4,dennis praet,,,,,,2026-09-30T09:17:37.465354Z
plr_b75f49f3,ricardo domingos barbosa pereira,,,,,,2026-09-30T09:17:37.465354Z
plr_97c5c30d,daniel amartey,,,,,,2026-09-30T09:17:37.465354Z
plr_241b642a,youri tielemans,,,,,,2026-09-30T09:17:37.465354Z
plr_a24440cc,ayoze pérez,,,,,,2026-09-30T09:17:37.466355Z
plr_3680092b,demarai gray,,,,,,2026-09-30T09:17:37.466355Z
plr_aa7b1a5e,james maddison,,,,,,2026-09-30T09:17:37.466355Z
plr_caa70569,kelechi iheanacho,,,,,,2026-09-30T09:17:37.466355Z
plr_020be452,hamza choudhury,,,,,,2026-09-30T09:17:37.466355Z
plr_79b14052,harvey barnes,,,,,,2026-09-30T09:17:37.466355Z
plr_9d7f3203,wilfred ndidi,,,,,,2026-09-30T09:17:37.466355Z
plr_034e18f0,filip benkovic,,,,,,2026-09-30T09:17:37.466355Z
plr_9b62290e,çaglar söyüncü,,,,,,2026-09-30T09:17:37.466355Z
plr_474a9298,james justin,,,,,,2026-09-30T09:17:37.466355Z
plr_4777d9d0,luke thomas,,,,,,2026-09-30T09:17:37.466355Z
plr_062aad17,timothy castagne,,,,,,2026-09-30T09:17:37.466355Z
plr_c4d398c9,nampalys mendy,,,,,,2026-09-30T09:17:37.466355Z
plr_2397c42e,cengiz ünder,,,,,,2026-09-30T09:17:37.466355Z
plr_4dc1fd65,wesley fofana,,,,,,2026-09-30T09:17:37.466355Z
plr_d59aeda4,islam slimani,,,,,,2026-09-30T09:17:37.466355Z
plr_87ca08cc,vontae daleycampbell,,,,,,2026-09-30T09:17:37.466355Z
plr_5a086917,thakgalo leshabela,,,,,,2026-09-30T09:17:37.466355Z
plr_4245047e,sidnei tavares,,,,,,2026-09-30T09:17:37.466355Z
plr_a85409df,shane flynn,,,,,,2026-09-30T09:17:37.466355Z
plr_7efb3610,thanawat suengchitthawon,,,,,,2026-09-30T09:17:37.466355Z
plr_b3a0c98d,tawanda maswanhise,,,,,,2026-09-30T09:17:37.466355Z
plr_d0045c0b,pablo hernández domínguez,,,,,,2026-09-30T09:17:37.466355Z
plr_7cce4335,francisco casilla cortés,,,,,,2026-09-30T09:17:37.466355Z
plr_36a61f50,liam cooper,,,,,,2026-09-30T09:17:37.466355Z
plr_d9bbb634,barry douglas,,,,,,2026-09-30T09:17:37.466355Z
plr_98f1e394,luke ayling,,,,,,2026-09-30T09:17:37.466355Z
plr_d2e0ef41,mateusz klich,,,,,,2026-09-30T09:17:37.466355Z
plr_26e000f3,adam forshaw,,,,,,2026-09-30T09:17:37.466355Z
plr_ec0fcea1,stuart dallas,,,,,,2026-09-30T09:17:37.466355Z
plr_7a09de5b,ezgjan alioski,,,,,,2026-09-30T09:17:37.466355Z
plr_aec8a7bd,patrick bamford,,,,,,2026-09-30T09:17:37.466355Z
plr_0d34d177,jack harrison,,,,,,2026-09-30T09:17:37.466355Z
plr_a721eda9,kalvin phillips,,,,,,2026-09-30T09:17:37.466355Z
plr_fb6389a0,hélder wander sousa de azevedo e costa,,,,,,2026-09-30T09:17:37.466355Z
plr_a616e695,tyler roberts,,,,,,2026-09-30T09:17:37.466355Z
plr_d8044f2d,jayroy grot,,,,,,2026-09-30T09:17:37.466355Z
plr_bc384ffa,kamil miazek,,,,,,2026-09-30T09:17:37.466355Z
plr_e9a984dc,ian carlo povedaocampo,,,,,,2026-09-30T09:17:37.466355Z
plr_3f1820b4,jamie shackleton,,,,,,2026-09-30T09:17:37.466355Z
plr_21823e84,pascal struijk,,,,,,2026-09-30T09:17:37.466355Z
plr_c9c7a858,jordan stevens,,,,,,2026-09-30T09:17:37.466355Z
plr_ab6ce4ea,illan meslier,,,,,,2026-09-30T09:17:37.466355Z
plr_9155d2f9,leif davis,,,,,,2026-09-30T09:17:37.466355Z
plr_b9021453,oliver casey,,,,,,2026-09-30T09:17:37.466355Z
plr_9e1258d8,robin koch,,,,,,2026-09-30T09:17:37.466355Z
plr_e76d1ffd,rodrigo moreno,,,,,,2026-09-30T09:17:37.466355Z
plr_282adf2a,elia caprile,,,,,,2026-09-30T09:17:37.466355Z
plr_8ef46b22,mateusz bogusz,,,,,,2026-09-30T09:17:37.466355Z
plr_daed29cf,diego llorente,,,,,,2026-09-30T09:17:37.466355Z
plr_0eaad073,raphael dias belloli,,,,,,2026-09-30T09:17:37.466355Z
plr_1350e6c8,jack jenkins,,,,,,2026-09-30T09:17:37.466355Z
plr_ee18a175,niall huggins,,,,,,2026-09-30T09:17:37.466355Z
plr_fe42270b,charlie cresswell,,,,,,2026-09-30T09:17:37.466355Z
plr_3d6a882e,joe gelhardt,,,,,,2026-09-30T09:17:37.466355Z
plr_7f028f04,gaetano berardi,,,,,,2026-09-30T09:17:37.466355Z
plr_66a07cf8,sam greenwood,,,,,,2026-09-30T09:17:37.466355Z
plr_213d25dc,crysencio summerville,,,,,,2026-09-30T09:17:37.466355Z
plr_852fc8c3,cody drameh,,,,,,2026-09-30T09:17:37.466355Z
plr_55620fc9,james milner,,,,,,2026-09-30T09:17:37.466355Z
plr_684a2666,konstantinos tsimikas,,,,,,2026-09-30T09:17:37.466355Z
plr_0dfd230a,georginio wijnaldum,,,,,,2026-09-30T09:17:37.466355Z
plr_3d749398,jordan henderson,,,,,,2026-09-30T09:17:37.466355Z
plr_91b4510d,adrián san miguel del castillo,,,,,,2026-09-30T09:17:37.466355Z
plr_3025d61e,joel matip,,,,,,2026-09-30T09:17:37.466355Z
plr_f62f682f,xherdan shaqiri,,,,,,2026-09-30T09:17:37.466355Z
plr_e0305ff7,alex oxladechamberlain,,,,,,2026-09-30T09:17:37.466355Z
plr_cc1d6a65,roberto firmino,,,,,,2026-09-30T09:17:37.466355Z
plr_a498d6a7,virgil van dijk,,,,,,2026-09-30T09:17:37.466355Z
plr_90dcba0f,sadio mané,,,,,,2026-09-30T09:17:37.466355Z
plr_b2bdc0af,alisson ramses becker,,,,,,2026-09-30T09:17:37.466355Z
plr_e1819f01,fabio henrique tavares,,,,,,2026-09-30T09:17:37.466355Z
plr_962eeca2,mohamed salah,,,,,,2026-09-30T09:17:37.466355Z
plr_60c2a2b7,andrew robertson,,,,,,2026-09-30T09:17:37.466355Z
plr_1deed2bd,divock origi,,,,,,2026-09-30T09:17:37.466355Z
plr_4be08100,harry wilson,,,,,,2026-09-30T09:17:37.466355Z
plr_7b1cbd6d,trent alexanderarnold,,,,,,2026-09-30T09:17:37.466355Z
plr_dd25bd2f,joseph gomez,,,,,,2026-09-30T09:17:37.466355Z
plr_be8e97a0,naby keita,,,,,,2026-09-30T09:17:37.466355Z
plr_122b7141,curtis jones,,,,,,2026-09-30T09:17:37.466355Z
plr_0faa05d8,neco williams,,,,,,2026-09-30T09:17:37.466355Z
plr_cf806328,harvey elliott,,,,,,2026-09-30T09:17:37.466355Z
plr_f76397bd,diogo jota,,,,,,2026-09-30T09:17:37.466355Z
plr_52c7bb54,thiago alcántara do nascimento,,,,,,2026-09-30T09:17:37.466355Z
plr_5559254d,caoimhin kelleher,,,,,,2026-09-30T09:17:37.466355Z
plr_24047240,nathaniel phillips,,,,,,2026-09-30T09:17:37.466355Z
plr_bfd1eb63,rhys williams,,,,,,2026-09-30T09:17:37.466355Z
plr_7394961c,leighton clarkson,,,,,,2026-09-30T09:17:37.466355Z
plr_144d3a5a,jake cain,,,,,,2026-09-30T09:17:37.466355Z
plr_c2b64cfd,ozan kabak,,,,,,2026-09-30T09:17:37.466355Z
plr_46c8d31d,ben davies,,,,,,2026-09-30T09:17:37.466355Z
plr_865cc583,liam hughes,,,,,,2026-09-30T09:17:37.466355Z
plr_34852514,jakub ojrzynski,,,,,,2026-09-30T09:17:37.466355Z
plr_7f1b66a0,ben woodburn,,,,,,2026-09-30T09:17:37.466355Z
plr_7b47204b,billy koumetio,,,,,,2026-09-30T09:17:37.466355Z
plr_f58fdb08,fernando luiz rosa,,,,,,2026-09-30T09:17:37.466355Z
plr_108f600f,claudio bravo,,,,,,2026-09-30T09:17:37.466355Z
plr_2a1c617b,sergio agüero,,,,,,2026-09-30T09:17:37.466355Z
plr_01cd0637,nicolás otamendi,,,,,,2026-09-30T09:17:37.466355Z
plr_bcfc3b34,kyle walker,,,,,,2026-09-30T09:17:37.466355Z
plr_4f5ead07,ilkay gündogan,,,,,,2026-09-30T09:17:37.466355Z
plr_26b49d87,kevin de bruyne,,,,,,2026-09-30T09:17:37.467354Z
plr_c48f2323,john stones,,,,,,2026-09-30T09:17:37.467354Z
plr_67a85100,benjamin mendy,,,,,,2026-09-30T09:17:37.467354Z
plr_bfc08612,riyad mahrez,,,,,,2026-09-30T09:17:37.467354Z
plr_dd7f1b49,raheem sterling,,,,,,2026-09-30T09:17:37.467354Z
plr_8808bb6d,joão pedro cavaco cancelo,,,,,,2026-09-30T09:17:37.467354Z
plr_73f5799b,ederson santana de moraes,,,,,,2026-09-30T09:17:37.467354Z
plr_3f5eedfe,nathan aké,,,,,,2026-09-30T09:17:37.467354Z
plr_074b2d2f,aymeric laporte,,,,,,2026-09-30T09:17:37.467354Z
plr_a87ea106,bernardo mota veiga de carvalho e silva,,,,,,2026-09-30T09:17:37.467354Z
plr_0692357f,gabriel fernando de jesus,,,,,,2026-09-30T09:17:37.467354Z
plr_34410e9e,oleksandr zinchenko,,,,,,2026-09-30T09:17:37.467354Z
plr_4418abb7,phil foden,,,,,,2026-09-30T09:17:37.467354Z
plr_ff9a8711,tommy doyle,,,,,,2026-09-30T09:17:37.467354Z
plr_0ac42dca,rodrigo hernandez,,,,,,2026-09-30T09:17:37.467354Z
plr_de402e8b,ferran torres,,,,,,2026-09-30T09:17:37.467354Z
plr_b8e56c95,eric garcia,,,,,,2026-09-30T09:17:37.467354Z
plr_95dda115,adrián bernabé,,,,,,2026-09-30T09:17:37.467354Z
plr_5a549c34,zack steffen,,,,,,2026-09-30T09:17:37.467354Z
plr_92304221,liam delap,,,,,,2026-09-30T09:17:37.467354Z
plr_914e537d,cole palmer,,,,,,2026-09-30T09:17:37.467354Z
plr_7d821da9,rúben santos gato alves dias,,,,,,2026-09-30T09:17:37.467354Z
plr_e6fd72e4,james trafford,,,,,,2026-09-30T09:17:37.467354Z
plr_c8213a41,scott carson,,,,,,2026-09-30T09:17:37.467354Z
plr_674b0000,felix nmecha,,,,,,2026-09-30T09:17:37.467354Z
plr_19169993,luke mbete,,,,,,2026-09-30T09:17:37.467354Z
plr_07126552,taylor harwoodbellis,,,,,,2026-09-30T09:17:37.467354Z
plr_46dc100a,claudio gomes,,,,,,2026-09-30T09:17:37.467354Z
plr_21d53b87,sergio romero,,,,,,2026-09-30T09:17:37.467354Z
plr_1c8a8cf6,juan mata,,,,,,2026-09-30T09:17:37.467354Z
plr_50ab2c31,david de gea,,,,,,2026-09-30T09:17:37.467354Z
plr_794e127e,chris smalling,,,,,,2026-09-30T09:17:37.467354Z
plr_5f2c2511,odion ighalo,,,,,,2026-09-30T09:17:37.467354Z
plr_6310a880,marcos rojo,,,,,,2026-09-30T09:17:37.467354Z
plr_32b238fb,nemanja matic,,,,,,2026-09-30T09:17:37.467354Z
plr_d0a5315a,paul pogba,,,,,,2026-09-30T09:17:37.467354Z
plr_e9ea4df9,phil jones,,,,,,2026-09-30T09:17:37.467354Z
plr_32d1563e,harry maguire,,,,,,2026-09-30T09:17:37.467354Z
plr_3313ae3c,frederico rodrigues de paula santos,,,,,,2026-09-30T09:17:37.467354Z
plr_95bff4ad,luke shaw,,,,,,2026-09-30T09:17:37.467354Z
plr_a2beb175,bruno miguel borges fernandes,,,,,,2026-09-30T09:17:37.467354Z
plr_2144650a,anthony martial,,,,,,2026-09-30T09:17:37.467354Z
plr_7ab5eca5,andreas pereira,,,,,,2026-09-30T09:17:37.467354Z
plr_733cc4b6,dean henderson,,,,,,2026-09-30T09:17:37.467354Z
plr_924bfa79,marcus rashford,,,,,,2026-09-30T09:17:37.467354Z
plr_b410c737,axel tuanzebe,,,,,,2026-09-30T09:17:37.467354Z
plr_c9d272ef,victor lindelöf,,,,,,2026-09-30T09:17:37.467354Z
plr_007313e4,scott mctominay,,,,,,2026-09-30T09:17:37.467354Z
plr_538ff131,eric bailly,,,,,,2026-09-30T09:17:37.467354Z
plr_7e8bc77c,daniel james,,,,,,2026-09-30T09:17:37.467354Z
plr_4cf9b861,timothy fosumensah,,,,,,2026-09-30T09:17:37.467354Z
plr_59f42f06,aaron wanbissaka,,,,,,2026-09-30T09:17:37.467354Z
plr_ee3ec4d8,josé diogo dalot teixeira,,,,,,2026-09-30T09:17:37.467354Z
plr_641f330b,mason greenwood,,,,,,2026-09-30T09:17:37.467354Z
plr_6c145214,tahith chong,,,,,,2026-09-30T09:17:37.467354Z
plr_d63714ca,james garner,,,,,,2026-09-30T09:17:37.467354Z
plr_e1a4858d,brandon williams,,,,,,2026-09-30T09:17:37.467354Z
plr_700131f8,teden mengi,,,,,,2026-09-30T09:17:37.467354Z
plr_8b8cf281,donny van de beek,,,,,,2026-09-30T09:17:37.467354Z
plr_b5ab7284,alex nicolao telles,,,,,,2026-09-30T09:17:37.467354Z
plr_30bd7b8d,edinson cavani,,,,,,2026-09-30T09:17:37.467354Z
plr_b7c7c881,facundo pellistri,,,,,,2026-09-30T09:17:37.467354Z
plr_9a1e9557,lee grant,,,,,,2026-09-30T09:17:37.467354Z
plr_74b94270,amad diallo,,,,,,2026-09-30T09:17:37.467354Z
plr_e49d9f61,shola shoretire,,,,,,2026-09-30T09:17:37.467354Z
plr_82330b0b,nathan bishop,,,,,,2026-09-30T09:17:37.467354Z
plr_075e2c29,anthony elanga,,,,,,2026-09-30T09:17:37.467354Z
plr_14ff245f,hannibal mejbri,,,,,,2026-09-30T09:17:37.467354Z
plr_da1deca4,william fish,,,,,,2026-09-30T09:17:37.467354Z
plr_6e4ad12e,joseph willock,,,,,,2026-09-30T09:17:37.467354Z
plr_cf08a331,andy carroll,,,,,,2026-09-30T09:17:37.467354Z
plr_46b028bd,jonjo shelvey,,,,,,2026-09-30T09:17:37.467354Z
plr_20ba5851,matt ritchie,,,,,,2026-09-30T09:17:37.467354Z
plr_657f222c,federico fernández,,,,,,2026-09-30T09:17:37.467354Z
plr_61c31c9f,ciaran clark,,,,,,2026-09-30T09:17:37.467354Z
plr_8dbd347f,karl darlow,,,,,,2026-09-30T09:17:37.467354Z
plr_2e21581e,martin dubravka,,,,,,2026-09-30T09:17:37.467354Z
plr_34f583b1,florian lejeune,,,,,,2026-09-30T09:17:37.467354Z
plr_c9598691,jamaal lascelles,,,,,,2026-09-30T09:17:37.467354Z
plr_cbb5c127,dwight gayle,,,,,,2026-09-30T09:17:37.467354Z
plr_e3fa1474,christian atsu,,,,,,2026-09-30T09:17:37.467354Z
plr_0ec376c7,paul dummett,,,,,,2026-09-30T09:17:37.467354Z
plr_d6d509ac,javier manquillo,,,,,,2026-09-30T09:17:37.467354Z
plr_d0308cd6,emil krafth,,,,,,2026-09-30T09:17:37.467354Z
plr_43d1572b,fabian schär,,,,,,2026-09-30T09:17:37.467354Z
plr_79d26f3f,deandre yedlin,,,,,,2026-09-30T09:17:37.467354Z
plr_be34637d,isaac hayden,,,,,,2026-09-30T09:17:37.467354Z
plr_a2eb1973,rolando aarons,,,,,,2026-09-30T09:17:37.467354Z
plr_738dfd6c,allan saintmaximin,,,,,,2026-09-30T09:17:37.467354Z
plr_7f36e333,miguel almirón,,,,,,2026-09-30T09:17:37.467354Z
plr_e0a15d66,joelinton cássio apolinário de lira,,,,,,2026-09-30T09:17:37.467354Z
plr_5bf3d5b2,yoshinori muto,,,,,,2026-09-30T09:17:37.467354Z
plr_39b97c30,kelland watts,,,,,,2026-09-30T09:17:37.467354Z
plr_0d112fcc,sean longstaff,,,,,,2026-09-30T09:17:37.467354Z
plr_9704b517,jeff hendrick,,,,,,2026-09-30T09:17:37.467354Z
plr_b0e588bc,matthew longstaff,,,,,,2026-09-30T09:17:37.467354Z
plr_7e82c2b0,mark gillespie,,,,,,2026-09-30T09:17:37.467354Z
plr_5b9ff132,jacob murphy,,,,,,2026-09-30T09:17:37.467354Z
plr_3df0d96b,callum wilson,,,,,,2026-09-30T09:17:37.467354Z
plr_ece24b3c,ryan fraser,,,,,,2026-09-30T09:17:37.467354Z
plr_3f52f329,jamal lewis,,,,,,2026-09-30T09:17:37.467354Z
plr_f9e1465e,elliot anderson,,,,,,2026-09-30T09:17:37.467354Z
plr_51c07822,daniel langley,,,,,,2026-09-30T09:17:37.467354Z
plr_55ffcfe6,rhian brewster,,,,,,2026-09-30T09:17:37.467354Z
plr_b2cc9f0a,billy sharp,,,,,,2026-09-30T09:17:37.467354Z
plr_5e6ca5fd,david mcgoldrick,,,,,,2026-09-30T09:17:37.468357Z
plr_f192dece,chris basham,,,,,,2026-09-30T09:17:37.468357Z
plr_ccce6a9e,john fleck,,,,,,2026-09-30T09:17:37.468357Z
plr_3929440f,enda stevens,,,,,,2026-09-30T09:17:37.468357Z
plr_12c388a1,simon moore,,,,,,2026-09-30T09:17:37.468357Z
plr_4dd9d065,oliver norwood,,,,,,2026-09-30T09:17:37.468357Z
plr_e7297fc1,wes foderingham,,,,,,2026-09-30T09:17:37.468357Z
plr_59b47bc1,george baldock,,,,,,2026-09-30T09:17:37.468357Z
plr_56dd2aa7,jack robinson,,,,,,2026-09-30T09:17:37.468357Z
plr_b5550dbd,john egan,,,,,,2026-09-30T09:17:37.468357Z
plr_909fb67a,jack oconnell,,,,,,2026-09-30T09:17:37.468357Z
plr_5826f506,john lundstram,,,,,,2026-09-30T09:17:37.468357Z
plr_9ebef462,ben osborn,,,,,,2026-09-30T09:17:37.468357Z
plr_3e63e38c,oliver mcburnie,,,,,,2026-09-30T09:17:37.468357Z
plr_aba75436,lys mousset,,,,,,2026-09-30T09:17:37.468357Z
plr_29a14bec,sander berge,,,,,,2026-09-30T09:17:37.468357Z
plr_178fcfa8,oliver burke,,,,,,2026-09-30T09:17:37.468357Z
plr_5c223c13,luke freeman,,,,,,2026-09-30T09:17:37.468357Z
plr_882a419b,aaron ramsdale,,,,,,2026-09-30T09:17:37.468357Z
plr_510f76d0,ethan ampadu,,,,,,2026-09-30T09:17:37.468357Z
plr_346e4a7e,jayden bogle,,,,,,2026-09-30T09:17:37.468357Z
plr_a566a2db,max lowe,,,,,,2026-09-30T09:17:37.468357Z
plr_4ce09cbc,phil jagielka,,,,,,2026-09-30T09:17:37.468357Z
plr_e742f164,michael verrips,,,,,,2026-09-30T09:17:37.468357Z
plr_b0ec248a,kean bryan,,,,,,2026-09-30T09:17:37.468357Z
plr_79a29a11,antwoine hackford,,,,,,2026-09-30T09:17:37.468357Z
plr_4dea8812,kyron gordon,,,,,,2026-09-30T09:17:37.468357Z
plr_912b22d5,iliman ndiaye,,,,,,2026-09-30T09:17:37.468357Z
plr_f960df8c,zak brunt,,,,,,2026-09-30T09:17:37.468357Z
plr_8c19cb0f,frankie maguire,,,,,,2026-09-30T09:17:37.468357Z
plr_bc42e1e2,daniel jebbison,,,,,,2026-09-30T09:17:37.468357Z
plr_1019b00e,harry boyes,,,,,,2026-09-30T09:17:37.468357Z
plr_8b04cda4,femi seriki,,,,,,2026-09-30T09:17:37.468357Z
plr_6bc98b8b,william osula,,,,,,2026-09-30T09:17:37.468357Z
plr_13751bb5,theo walcott,,,,,,2026-09-30T09:17:37.468357Z
plr_2aa264a2,takumi minamino,,,,,,2026-09-30T09:17:37.468357Z
plr_392b789f,shane long,,,,,,2026-09-30T09:17:37.468357Z
plr_bdf4a35a,ryan bertrand,,,,,,2026-09-30T09:17:37.468357Z
plr_315d4171,alex mccarthy,,,,,,2026-09-30T09:17:37.468357Z
plr_39603596,oriol romeu vidal,,,,,,2026-09-30T09:17:37.468357Z
plr_4a3c95d7,nathan redmond,,,,,,2026-09-30T09:17:37.468357Z
plr_285ab880,danny ings,,,,,,2026-09-30T09:17:37.468357Z
plr_9f3797a0,jack stephens,,,,,,2026-09-30T09:17:37.468357Z
plr_11938605,stuart armstrong,,,,,,2026-09-30T09:17:37.468357Z
plr_66989195,jannik vestergaard,,,,,,2026-09-30T09:17:37.468357Z
plr_4b30dbf1,james wardprowse,,,,,,2026-09-30T09:17:37.468357Z
plr_8b272306,angus gunn,,,,,,2026-09-30T09:17:37.468357Z
plr_8b1f9e9a,sofiane boufal,,,,,,2026-09-30T09:17:37.468357Z
plr_a146657c,josh sims,,,,,,2026-09-30T09:17:37.468357Z
plr_5472b11a,kyle walkerpeters,,,,,,2026-09-30T09:17:37.468357Z
plr_bc84c42a,jan bednarek,,,,,,2026-09-30T09:17:37.468357Z
plr_46cd0677,che adams,,,,,,2026-09-30T09:17:37.468357Z
plr_b68813b3,yan valery,,,,,,2026-09-30T09:17:37.468357Z
plr_a71eb8b1,william smallbone,,,,,,2026-09-30T09:17:37.468357Z
plr_b1f1eda3,jake vokins,,,,,,2026-09-30T09:17:37.468357Z
plr_07717003,michael obafemi,,,,,,2026-09-30T09:17:37.468357Z
plr_23d99269,moussa djenepo,,,,,,2026-09-30T09:17:37.468357Z
plr_fb6890b8,mohammed salisu,,,,,,2026-09-30T09:17:37.468357Z
plr_e4aad05f,fraser forster,,,,,,2026-09-30T09:17:37.468357Z
plr_d2cae005,nathan tella,,,,,,2026-09-30T09:17:37.468357Z
plr_974e4a64,ibrahima diallo,,,,,,2026-09-30T09:17:37.468357Z
plr_4ecc57a9,daniel nlundulu,,,,,,2026-09-30T09:17:37.468357Z
plr_48dd4e67,kayne ramsay,,,,,,2026-09-30T09:17:37.468357Z
plr_51f294ab,kgaogelo chauke,,,,,,2026-09-30T09:17:37.468357Z
plr_ed85d2b5,harry lewis,,,,,,2026-09-30T09:17:37.468357Z
plr_25a96f0e,will ferry,,,,,,2026-09-30T09:17:37.468357Z
plr_51f5f8fc,allan tchaptchet,,,,,,2026-09-30T09:17:37.468357Z
plr_58de257d,caleb watts,,,,,,2026-09-30T09:17:37.468357Z
plr_f1a6b3db,alexandre jankewitz,,,,,,2026-09-30T09:17:37.468357Z
plr_bf03df1f,ryan finnigan,,,,,,2026-09-30T09:17:37.468357Z
plr_982a47a0,hugo lloris,,,,,,2026-09-30T09:17:37.468357Z
plr_451ce9d3,danny rose,,,,,,2026-09-30T09:17:37.468357Z
plr_4968850f,moussa sissoko,,,,,,2026-09-30T09:17:37.468357Z
plr_01fb7267,toby alderweireld,,,,,,2026-09-30T09:17:37.468357Z
plr_76276f1a,erik lamela,,,,,,2026-09-30T09:17:37.468357Z
plr_efd133f5,harry kane,,,,,,2026-09-30T09:17:37.468357Z
plr_174b8041,serge aurier,,,,,,2026-09-30T09:17:37.468357Z
plr_9680542a,heungmin son,,,,,,2026-09-30T09:17:37.468357Z
plr_fe9f49b0,eric dier,,,,,,2026-09-30T09:17:37.468357Z
plr_6e82c973,lucas rodrigues moura da silva,,,,,,2026-09-30T09:17:37.468357Z
plr_ae6c94bb,paulo gazzaniga,,,,,,2026-09-30T09:17:37.468357Z
plr_dd370405,bamidele alli,,,,,,2026-09-30T09:17:37.468357Z
plr_f8fcb274,ben davies,,,,,,2026-09-30T09:17:37.468357Z
plr_a1347e4b,pierreemile højbjerg,,,,,,2026-09-30T09:17:37.468357Z
plr_68483280,harry winks,,,,,,2026-09-30T09:17:37.468357Z
plr_007e5dd8,davinson sánchez,,,,,,2026-09-30T09:17:37.468357Z
plr_cffdff8e,ryan sessegnon,,,,,,2026-09-30T09:17:37.468357Z
plr_b37b382b,steven bergwijn,,,,,,2026-09-30T09:17:37.468357Z
plr_279016fc,gedson carvalho fernandes,,,,,,2026-09-30T09:17:37.468357Z
plr_fbc183ec,japhet tanganga,,,,,,2026-09-30T09:17:37.468357Z
plr_0ed1d593,giovani lo celso,,,,,,2026-09-30T09:17:37.468357Z
plr_b96288e3,oliver skipp,,,,,,2026-09-30T09:17:37.468357Z
plr_cac26686,tanguy ndombele,,,,,,2026-09-30T09:17:37.468357Z
plr_b9171160,juan foyth,,,,,,2026-09-30T09:17:37.468357Z
plr_32f9d054,matt doherty,,,,,,2026-09-30T09:17:37.468357Z
plr_c3ab7bba,joe hart,,,,,,2026-09-30T09:17:37.468357Z
plr_e81737e0,cameron cartervickers,,,,,,2026-09-30T09:17:37.468357Z
plr_87cb672f,sergio reguilón,,,,,,2026-09-30T09:17:37.468357Z
plr_6d5a662a,gareth bale,,,,,,2026-09-30T09:17:37.468357Z
plr_fe3779ff,carlos vinicius alves morais,,,,,,2026-09-30T09:17:37.468357Z
plr_c1e41eae,joe rodon,,,,,,2026-09-30T09:17:37.468357Z
plr_3c7ea824,alfie devine,,,,,,2026-09-30T09:17:37.468357Z
plr_aba72f00,dane scarlett,,,,,,2026-09-30T09:17:37.468357Z
plr_20d91bd8,nile john,,,,,,2026-09-30T09:17:37.468357Z
plr_49c78561,ainsley maitlandniles,,,,,,2026-09-30T09:17:37.468357Z
plr_25a07455,david button,,,,,,2026-09-30T09:17:37.468357Z
plr_d4f486a5,callum robinson,,,,,,2026-09-30T09:17:37.468357Z
plr_26329364,kieran gibbs,,,,,,2026-09-30T09:17:37.468357Z
plr_7157ecf7,hal robsonkanu,,,,,,2026-09-30T09:17:37.468357Z
plr_cc99a7c1,jake livermore,,,,,,2026-09-30T09:17:37.468357Z
plr_def15834,kamil grosicki,,,,,,2026-09-30T09:17:37.469358Z
plr_82ba1ffc,matt phillips,,,,,,2026-09-30T09:17:37.469358Z
plr_f0e21d78,kyle bartley,,,,,,2026-09-30T09:17:37.469358Z
plr_6d913436,romaine sawyers,,,,,,2026-09-30T09:17:37.469358Z
plr_99ec11c4,ahmed elsayed hegazy,,,,,,2026-09-30T09:17:37.469358Z
plr_a0b5e1c6,charlie austin,,,,,,2026-09-30T09:17:37.469358Z
plr_abab11f9,kenneth zohore,,,,,,2026-09-30T09:17:37.469358Z
plr_3575396b,sam johnstone,,,,,,2026-09-30T09:17:37.469358Z
plr_31770158,conor townsend,,,,,,2026-09-30T09:17:37.469358Z
plr_51c15581,oluwasemilogo adesewo ibidapo ajayi,,,,,,2026-09-30T09:17:37.469358Z
plr_b250ca28,jonathan leko,,,,,,2026-09-30T09:17:37.469358Z
plr_ba43543c,kyle edwards,,,,,,2026-09-30T09:17:37.469358Z
plr_c41cea4f,darnell furlong,,,,,,2026-09-30T09:17:37.469358Z
plr_60eb7df2,sam field,,,,,,2026-09-30T09:17:37.469358Z
plr_c828877d,dara oshea,,,,,,2026-09-30T09:17:37.469358Z
plr_cf980af5,rekeem harper,,,,,,2026-09-30T09:17:37.469358Z
plr_6dba5be3,robert snodgrass,,,,,,2026-09-30T09:17:37.469358Z
plr_c3c93a05,grady diangana,,,,,,2026-09-30T09:17:37.469358Z
plr_332d2522,matheus pereira,,,,,,2026-09-30T09:17:37.469358Z
plr_f974fc7b,cedric kipre,,,,,,2026-09-30T09:17:37.469358Z
plr_e6b22a37,branislav ivanovic,,,,,,2026-09-30T09:17:37.469358Z
plr_3598de66,conor gallagher,,,,,,2026-09-30T09:17:37.469358Z
plr_44fdc421,filip krovinovic,,,,,,2026-09-30T09:17:37.469358Z
plr_59c470b7,karlan grant,,,,,,2026-09-30T09:17:37.469358Z
plr_e1acc1e4,lee peltier,,,,,,2026-09-30T09:17:37.469358Z
plr_3cb08597,cheikh diaby,,,,,,2026-09-30T09:17:37.469358Z
plr_1723a916,andy lonergan,,,,,,2026-09-30T09:17:37.469358Z
plr_259bf79e,mbaye diagne,,,,,,2026-09-30T09:17:37.469358Z
plr_20e210b9,okay yokuslu,,,,,,2026-09-30T09:17:37.469358Z
plr_689ca8be,caleb taylor,,,,,,2026-09-30T09:17:37.469358Z
plr_e449ddb4,taylor gardnerhickman,,,,,,2026-09-30T09:17:37.469358Z
plr_cb0f8b8b,toby king,,,,,,2026-09-30T09:17:37.469358Z
plr_dd72e42f,tim iroegbunam,,,,,,2026-09-30T09:17:37.469358Z
plr_9fe39f74,jesse lingard,,,,,,2026-09-30T09:17:37.469358Z
plr_e2dad607,mark noble,,,,,,2026-09-30T09:17:37.469358Z
plr_d333d2f9,david martin,,,,,,2026-09-30T09:17:37.469358Z
plr_c0be2b4a,darren randolph,,,,,,2026-09-30T09:17:37.469358Z
plr_e9d29df6,lukasz fabianski,,,,,,2026-09-30T09:17:37.469358Z
plr_0a9efe09,angelo ogbonna,,,,,,2026-09-30T09:17:37.469358Z
plr_64d3fb79,roberto jimenez gago,,,,,,2026-09-30T09:17:37.469358Z
plr_fd6523f7,jack wilshere,,,,,,2026-09-30T09:17:37.469358Z
plr_157337d8,aaron cresswell,,,,,,2026-09-30T09:17:37.469358Z
plr_414ee64d,andriy yarmolenko,,,,,,2026-09-30T09:17:37.469358Z
plr_7d76d817,michail antonio,,,,,,2026-09-30T09:17:37.469358Z
plr_b55e240a,ryan fredericks,,,,,,2026-09-30T09:17:37.469358Z
plr_280f02b3,manuel lanzini,,,,,,2026-09-30T09:17:37.469358Z
plr_b1920ffe,felipe anderson pereira gomes,,,,,,2026-09-30T09:17:37.469358Z
plr_cde5c85f,sébastien haller,,,,,,2026-09-30T09:17:37.469358Z
plr_a695b2f1,arthur masuaku,,,,,,2026-09-30T09:17:37.469358Z
plr_dd716efe,fabián balbuena,,,,,,2026-09-30T09:17:37.469358Z
plr_ba29b048,jordan hugill,,,,,,2026-09-30T09:17:37.469358Z
plr_e551f6f7,jarrod bowen,,,,,,2026-09-30T09:17:37.469358Z
plr_9683831e,albian ajeti,,,,,,2026-09-30T09:17:37.469358Z
plr_43440291,declan rice,,,,,,2026-09-30T09:17:37.469358Z
plr_d269d250,tomas soucek,,,,,,2026-09-30T09:17:37.469358Z
plr_f5560a26,pablo fornals,,,,,,2026-09-30T09:17:37.469358Z
plr_0a3959ac,issa diop,,,,,,2026-09-30T09:17:37.469358Z
plr_d0cc90af,ben johnson,,,,,,2026-09-30T09:17:37.469358Z
plr_f603521b,vladimir coufal,,,,,,2026-09-30T09:17:37.469358Z
plr_0c0ee52a,craig dawson,,,,,,2026-09-30T09:17:37.469358Z
plr_853b998e,saïd benrahma,,,,,,2026-09-30T09:17:37.469358Z
plr_a27799ef,frederik alves,,,,,,2026-09-30T09:17:37.469358Z
plr_aba7d2bf,ademipo odubeko,,,,,,2026-09-30T09:17:37.469358Z
plr_aabe856b,conor coventry,,,,,,2026-09-30T09:17:37.469358Z
plr_9b1b9971,jamal baptiste,,,,,,2026-09-30T09:17:37.469358Z
plr_cf1f0b81,nathan trott,,,,,,2026-09-30T09:17:37.469358Z
plr_d04f158a,john ruddy,,,,,,2026-09-30T09:17:37.469358Z
plr_be514896,joão filipe iria santos moutinho,,,,,,2026-09-30T09:17:37.469358Z
plr_0b245662,rui pedro dos santos patrício,,,,,,2026-09-30T09:17:37.469358Z
plr_e8571774,ryan bennett,,,,,,2026-09-30T09:17:37.469358Z
plr_d427723e,willy boly,,,,,,2026-09-30T09:17:37.469358Z
plr_70251eb5,conor coady,,,,,,2026-09-30T09:17:37.469358Z
plr_e90b0fea,raúl jiménez,,,,,,2026-09-30T09:17:37.469358Z
plr_14e2786c,romain saïss,,,,,,2026-09-30T09:17:37.469358Z
plr_ff095f82,jonathan castro otto,,,,,,2026-09-30T09:17:37.469358Z
plr_6bcbb576,léo bonatini,,,,,,2026-09-30T09:17:37.469358Z
plr_73f5750c,leander dendoncker,,,,,,2026-09-30T09:17:37.469358Z
plr_4a5b7d83,adama traoré,,,,,,2026-09-30T09:17:37.469358Z
plr_5182af3c,rúben diogo da silva neves,,,,,,2026-09-30T09:17:37.469358Z
plr_ac2f37ee,oskar buur,,,,,,2026-09-30T09:17:37.469358Z
plr_73b95b55,daniel castelo podence,,,,,,2026-09-30T09:17:37.469358Z
plr_ce798fbd,max kilman,,,,,,2026-09-30T09:17:37.469358Z
plr_8f346f26,rúben gonçalo silva nascimento vinagre,,,,,,2026-09-30T09:17:37.469358Z
plr_ba32ab70,matija sarkic,,,,,,2026-09-30T09:17:37.469358Z
plr_8de051df,morgan gibbswhite,,,,,,2026-09-30T09:17:37.469358Z
plr_2d94ffe3,pedro lomba neto,,,,,,2026-09-30T09:17:37.469358Z
plr_a05be961,bruno andré cavaco jordao,,,,,,2026-09-30T09:17:37.469358Z
plr_37fb54f2,leonardo campana,,,,,,2026-09-30T09:17:37.469358Z
plr_1d196211,fabio silva,,,,,,2026-09-30T09:17:37.469358Z
plr_96405cfa,fernando marçal,,,,,,2026-09-30T09:17:37.469358Z
plr_6f15426d,vitor ferreira,,,,,,2026-09-30T09:17:37.469358Z
plr_e2767302,kijana hoever,,,,,,2026-09-30T09:17:37.469358Z
plr_73cce49b,nélson cabral semedo,,,,,,2026-09-30T09:17:37.469358Z
plr_24086800,meritan shabani,,,,,,2026-09-30T09:17:37.469358Z
plr_28b0bd5a,rayan ait nouri,,,,,,2026-09-30T09:17:37.469358Z
plr_b531ea63,owen otasowie,,,,,,2026-09-30T09:17:37.469358Z
plr_aaa8ad1b,theo corbeanu,,,,,,2026-09-30T09:17:37.469358Z
plr_b6cb4864,taylor perry,,,,,,2026-09-30T09:17:37.469358Z
plr_303daa5e,luke cundle,,,,,,2026-09-30T09:17:37.469358Z
plr_ca975e7a,lewis richards,,,,,,2026-09-30T09:17:37.469358Z
plr_61cf5914,christian marques,,,,,,2026-09-30T09:17:37.469358Z
plr_92f4b28f,andreas söndergaard,,,,,,2026-09-30T09:17:37.469358Z
plr_54d6d243,patrick cutrone,,,,,,2026-09-30T09:17:37.469358Z
plr_6d406c73,nigel lonwijk,,,,,,2026-09-30T09:17:37.469358Z
plr_ecad7ebf,willian josé da silva,,,,,,2026-09-30T09:17:37.469358Z
plr_4369e4d7,hugo bueno,,,,,,2026-09-30T09:17:37.469358Z
plr_ba6dc226,bernd leno,,,,,,2026-09-30T09:17:37.470321Z
plr_324c1d80,rúnar alex rúnarsson,,,,,,2026-09-30T09:17:37.470321Z
plr_16f80818,willian borges da silva,,,,,,2026-09-30T09:17:37.470321Z
plr_c1b96ef6,pierreemerick aubameyang,,,,,,2026-09-30T09:17:37.470321Z
plr_575c30f5,cédric soares,,,,,,2026-09-30T09:17:37.470321Z
plr_009d331b,alexandre lacazette,,,,,,2026-09-30T09:17:37.470321Z
plr_7a074e6e,granit xhaka,,,,,,2026-09-30T09:17:37.470321Z
plr_07936f22,pablo marí,,,,,,2026-09-30T09:17:37.470321Z
plr_b02ec8ab,héctor bellerín,,,,,,2026-09-30T09:17:37.470321Z
plr_1f539221,sead kolasinac,,,,,,2026-09-30T09:17:37.470321Z
plr_1d21fce3,mohamed naser el sayed elneny,,,,,,2026-09-30T09:17:37.470321Z
plr_8bb04ac4,ainsley maitlandniles,,,,,,2026-09-30T09:17:37.470321Z
plr_75fc177b,rob holding,,,,,,2026-09-30T09:17:37.470321Z
plr_6d04cd45,thomas partey,,,,,,2026-09-30T09:17:37.470321Z
plr_19759780,kieran tierney,,,,,,2026-09-30T09:17:37.470321Z
plr_c7fa4b2c,nicolas pépé,,,,,,2026-09-30T09:17:37.470321Z
plr_4f499a09,lucas torreira,,,,,,2026-09-30T09:17:37.470321Z
plr_e495a629,edward nketiah,,,,,,2026-09-30T09:17:37.470321Z
plr_41c13082,emile smith rowe,,,,,,2026-09-30T09:17:37.470321Z
plr_9046d1f9,bukayo saka,,,,,,2026-09-30T09:17:37.470321Z
plr_9306d6f5,gabriel magalhães,,,,,,2026-09-30T09:17:37.470321Z
plr_dab601da,konstantinos mavropanos,,,,,,2026-09-30T09:17:37.470321Z
plr_17759ef5,mattéo guendouzi,,,,,,2026-09-30T09:17:37.470321Z
plr_6799bae1,gabriel teodoro martinelli silva,,,,,,2026-09-30T09:17:37.470321Z
plr_0877063a,william saliba,,,,,,2026-09-30T09:17:37.470321Z
plr_dabacad7,ben white,,,,,,2026-09-30T09:17:37.470321Z
plr_5fc05833,nuno varela tavares,,,,,,2026-09-30T09:17:37.470321Z
plr_4f7ebeaa,albert sambi lokonga,,,,,,2026-09-30T09:17:37.470321Z
plr_05b88612,folarin balogun,,,,,,2026-09-30T09:17:37.470321Z
plr_21153a8e,reiss nelson,,,,,,2026-09-30T09:17:37.470321Z
plr_946b687f,karl hein,,,,,,2026-09-30T09:17:37.470321Z
plr_4275fa01,martin ødegaard,,,,,,2026-09-30T09:17:37.470321Z
plr_7ed50f7b,aaron ramsdale,,,,,,2026-09-30T09:17:37.470321Z
plr_1e2387d0,arthur okonkwo,,,,,,2026-09-30T09:17:37.470321Z
plr_ffbab246,takehiro tomiyasu,,,,,,2026-09-30T09:17:37.470321Z
plr_f9feb19c,charlie patino,,,,,,2026-09-30T09:17:37.470321Z
plr_b28c6133,omari hutchinson,,,,,,2026-09-30T09:17:37.470321Z
plr_ded2c891,salaheddine oulad mhand,,,,,,2026-09-30T09:17:37.470321Z
plr_618fcadb,mika biereth,,,,,,2026-09-30T09:17:37.470321Z
plr_dc035a0f,ryan alebiosu,,,,,,2026-09-30T09:17:37.470321Z
plr_b751aa87,zach awe,,,,,,2026-09-30T09:17:37.470321Z
plr_66bb1ff3,zak swanson,,,,,,2026-09-30T09:17:37.470321Z
plr_e95f0411,mazeed ogungbo,,,,,,2026-09-30T09:17:37.470321Z
plr_8b45345b,marcelo flores,,,,,,2026-09-30T09:17:37.470321Z
plr_cfca29ec,miguel azeez,,,,,,2026-09-30T09:17:37.470321Z
plr_76bf21c8,alex kirk,,,,,,2026-09-30T09:17:37.470321Z
plr_69be10b5,calum chambers,,,,,,2026-09-30T09:17:37.470321Z
plr_bdadaff1,jed steer,,,,,,2026-09-30T09:17:37.470321Z
plr_4c243d2b,conor hourihane,,,,,,2026-09-30T09:17:37.470321Z
plr_0f9a7324,emiliano martínez,,,,,,2026-09-30T09:17:37.470321Z
plr_2c61a1c6,björn engels,,,,,,2026-09-30T09:17:37.470321Z
plr_97c20402,bertrand traoré,,,,,,2026-09-30T09:17:37.470321Z
plr_af1ca28d,morgan sanson,,,,,,2026-09-30T09:17:37.470321Z
plr_b80b178b,john mcginn,,,,,,2026-09-30T09:17:37.470321Z
plr_47ba0c28,kortney hause,,,,,,2026-09-30T09:17:37.470321Z
plr_b2ae3cd9,mahmoud ahmed ibrahim hassan,,,,,,2026-09-30T09:17:37.470321Z
plr_2a1cceba,tyrone mings,,,,,,2026-09-30T09:17:37.470321Z
plr_f62bf7c1,ollie watkins,,,,,,2026-09-30T09:17:37.470321Z
plr_79a574cf,marvelous nakamba,,,,,,2026-09-30T09:17:37.470321Z
plr_856c6932,emiliano buendía stati,,,,,,2026-09-30T09:17:37.470321Z
plr_ceecf8ab,matthew cash,,,,,,2026-09-30T09:17:37.470321Z
plr_6fca36f8,ezri konsa ngoyo,,,,,,2026-09-30T09:17:37.470321Z
plr_199625c1,frédéric guilbert,,,,,,2026-09-30T09:17:37.470321Z
plr_f3e2c44b,wesley moraes,,,,,,2026-09-30T09:17:37.470321Z
plr_05f136cc,mbwana ally samatta,,,,,,2026-09-30T09:17:37.470321Z
plr_bf0dc4a8,keinan davis,,,,,,2026-09-30T09:17:37.470321Z
plr_224cb649,douglas luiz soares de paulo,,,,,,2026-09-30T09:17:37.470321Z
plr_fd69e239,jacob ramsey,,,,,,2026-09-30T09:17:37.471356Z
plr_53414c88,ashley young,,,,,,2026-09-30T09:17:37.471356Z
plr_c092db73,lucas digne,,,,,,2026-09-30T09:17:37.471356Z
plr_186f2d5c,danny ings,,,,,,2026-09-30T09:17:37.471356Z
plr_4f6c54ae,leon bailey,,,,,,2026-09-30T09:17:37.471356Z
plr_c3944c1f,aaron ramsey,,,,,,2026-09-30T09:17:37.471356Z
plr_4325001a,jaden philogenebidace,,,,,,2026-09-30T09:17:37.471356Z
plr_640190f2,carney chukwuemeka,,,,,,2026-09-30T09:17:37.471356Z
plr_f4399801,cameron archer,,,,,,2026-09-30T09:17:37.471356Z
plr_cae338cb,viljami sinisalo,,,,,,2026-09-30T09:17:37.471356Z
plr_bb525c72,lamare bogarde,,,,,,2026-09-30T09:17:37.471356Z
plr_2e60dc70,tim iroegbunam,,,,,,2026-09-30T09:17:37.471356Z
plr_7f42ad4d,filip marschall,,,,,,2026-09-30T09:17:37.471356Z
plr_ff649b8c,josh feeney,,,,,,2026-09-30T09:17:37.471356Z
plr_2528b8e0,philippe coutinho correia,,,,,,2026-09-30T09:17:37.471356Z
plr_75d310d3,kaine hayden,,,,,,2026-09-30T09:17:37.471356Z
plr_ec05e60f,robin olsen,,,,,,2026-09-30T09:17:37.471356Z
plr_2e0e058d,benjamin chrisene,,,,,,2026-09-30T09:17:37.471356Z
plr_c4185370,tommi oreilly,,,,,,2026-09-30T09:17:37.471356Z
plr_8a88b301,pontus jansson,,,,,,2026-09-30T09:17:37.471356Z
plr_029b2ea7,christian nørgaard,,,,,,2026-09-30T09:17:37.471356Z
plr_58ba4b80,ivan toney,,,,,,2026-09-30T09:17:37.471356Z
plr_422a59e4,tariqe fosuhenry,,,,,,2026-09-30T09:17:37.471356Z
plr_f72dc2e5,david raya martin,,,,,,2026-09-30T09:17:37.471356Z
plr_549001fa,sergi canós,,,,,,2026-09-30T09:17:37.471356Z
plr_45314dab,pelenda joshua dasilva,,,,,,2026-09-30T09:17:37.471356Z
plr_051f2849,rico henry,,,,,,2026-09-30T09:17:37.471356Z
plr_b581a768,vitaly janelt,,,,,,2026-09-30T09:17:37.471356Z
plr_a084db7e,saman ghoddos,,,,,,2026-09-30T09:17:37.471356Z
plr_9660b2bc,mathias jensen,,,,,,2026-09-30T09:17:37.471356Z
plr_d9698762,charlie goode,,,,,,2026-09-30T09:17:37.471356Z
plr_e6cabd43,marcus forss,,,,,,2026-09-30T09:17:37.471356Z
plr_b1c4f45e,mads roerslev rasmussen,,,,,,2026-09-30T09:17:37.471356Z
plr_0eff10a4,mads bech sørensen,,,,,,2026-09-30T09:17:37.471356Z
plr_d4e55497,ethan pinnock,,,,,,2026-09-30T09:17:37.471356Z
plr_c67e84b0,ellery balcombe,,,,,,2026-09-30T09:17:37.471356Z
plr_0187e258,jan zamburek,,,,,,2026-09-30T09:17:37.471356Z
plr_5fdfefdf,patrik gunnarsson,,,,,,2026-09-30T09:17:37.471356Z
plr_484684f5,halil dervişoğlu,,,,,,2026-09-30T09:17:37.471356Z
plr_dc53e5ae,bryan mbeumo,,,,,,2026-09-30T09:17:37.471356Z
plr_e49151a3,mads bidstrup,,,,,,2026-09-30T09:17:37.471356Z
plr_258a34e6,frank onyeka,,,,,,2026-09-30T09:17:37.471356Z
plr_422824a3,kristoffer ajer,,,,,,2026-09-30T09:17:37.471356Z
plr_1bd0d717,dominic thompson,,,,,,2026-09-30T09:17:37.471356Z
plr_fd7aaf72,shandon baptiste,,,,,,2026-09-30T09:17:37.471356Z
plr_4de1884b,yoane wissa,,,,,,2026-09-30T09:17:37.471356Z
plr_8a0547f9,álvaro fernández,,,,,,2026-09-30T09:17:37.471356Z
plr_99e2d8a9,finley stevens,,,,,,2026-09-30T09:17:37.471356Z
plr_edb71096,mathias jorgensen,,,,,,2026-09-30T09:17:37.471356Z
plr_d4221244,paris maghoma,,,,,,2026-09-30T09:17:37.471356Z
plr_140e036d,matthew cox,,,,,,2026-09-30T09:17:37.471356Z
plr_bad00700,maxwell haygarth,,,,,,2026-09-30T09:17:37.471356Z
plr_5aab9094,nathan youngcoombes,,,,,,2026-09-30T09:17:37.471356Z
plr_a7bb9b95,myles peartharris,,,,,,2026-09-30T09:17:37.471356Z
plr_969e1656,jonas lössl,,,,,,2026-09-30T09:17:37.471356Z
plr_db85421e,christian eriksen,,,,,,2026-09-30T09:17:37.471356Z
plr_feb09c35,julian jeanvier,,,,,,2026-09-30T09:17:37.471356Z
plr_69404e2f,adam lallana,,,,,,2026-09-30T09:17:37.471356Z
plr_99e3e7a9,jason steele,,,,,,2026-09-30T09:17:37.471356Z
plr_53b3d5c8,pascal groß,,,,,,2026-09-30T09:17:37.471356Z
plr_9ac03e31,shane duffy,,,,,,2026-09-30T09:17:37.471356Z
plr_047f0623,davy pröpper,,,,,,2026-09-30T09:17:37.471356Z
plr_92d26c82,lewis dunk,,,,,,2026-09-30T09:17:37.471356Z
plr_124ba265,solomon march,,,,,,2026-09-30T09:17:37.471356Z
plr_722b129b,adam webster,,,,,,2026-09-30T09:17:37.471356Z
plr_d9b9d326,joël veltman,,,,,,2026-09-30T09:17:37.471356Z
plr_be9ef6b4,neal maupay,,,,,,2026-09-30T09:17:37.471356Z
plr_baa7df05,leandro trossard,,,,,,2026-09-30T09:17:37.471356Z
plr_2cf1a31b,mathew ryan,,,,,,2026-09-30T09:17:37.471356Z
plr_9de67afd,alireza jahanbakhsh,,,,,,2026-09-30T09:17:37.471356Z
plr_39c360df,bernardo fernandes da silva junior,,,,,,2026-09-30T09:17:37.471356Z
plr_9ae50171,robert sánchez,,,,,,2026-09-30T09:17:37.471356Z
plr_85eca013,yves bissouma,,,,,,2026-09-30T09:17:37.471356Z
plr_7c605626,tariq lamptey,,,,,,2026-09-30T09:17:37.471356Z
plr_416ebe5f,aaron connolly,,,,,,2026-09-30T09:17:37.471356Z
plr_b183cff6,steven alzate,,,,,,2026-09-30T09:17:37.471356Z
plr_a7905d85,alexis mac allister,,,,,,2026-09-30T09:17:37.471356Z
plr_47ce5e6d,jakub moder,,,,,,2026-09-30T09:17:37.471356Z
plr_57a59d45,danny welbeck,,,,,,2026-09-30T09:17:37.471356Z
plr_e10bd51a,enock mwepu,,,,,,2026-09-30T09:17:37.471356Z
plr_0a6b8ac7,kjell scherpen,,,,,,2026-09-30T09:17:37.471356Z
plr_bed7298d,florin andone,,,,,,2026-09-30T09:17:37.471356Z
plr_bcde3239,andi zeqiri,,,,,,2026-09-30T09:17:37.471356Z
plr_e2617819,michal karbownik,,,,,,2026-09-30T09:17:37.471356Z
plr_55d795b7,taylor richards,,,,,,2026-09-30T09:17:37.471356Z
plr_7e528fb7,moisés caicedo,,,,,,2026-09-30T09:17:37.471356Z
plr_88ee70da,haydon roberts,,,,,,2026-09-30T09:17:37.471356Z
plr_80d468fa,marc cucurella,,,,,,2026-09-30T09:17:37.471356Z
plr_c6509a79,jürgen locadia,,,,,,2026-09-30T09:17:37.471356Z
plr_a15797bf,jeremy sarmiento,,,,,,2026-09-30T09:17:37.471356Z
plr_cd77cac2,ed turns,,,,,,2026-09-30T09:17:37.471356Z
plr_9740b5c6,marc leonard,,,,,,2026-09-30T09:17:37.471356Z
plr_7f47ad56,evan ferguson,,,,,,2026-09-30T09:17:37.471356Z
plr_f23f55c6,thomas mcgill,,,,,,2026-09-30T09:17:37.471356Z
plr_33322b82,odeluga offiah,,,,,,2026-09-30T09:17:37.471356Z
plr_19143a51,james tarkowski,,,,,,2026-09-30T09:17:37.471356Z
plr_ac3c5620,phil bardsley,,,,,,2026-09-30T09:17:37.471356Z
plr_1154234e,erik pieters,,,,,,2026-09-30T09:17:37.471356Z
plr_26e40c3e,jack cork,,,,,,2026-09-30T09:17:37.471356Z
plr_8b2f0850,dale stephens,,,,,,2026-09-30T09:17:37.471356Z
plr_c9f999b9,kevin long,,,,,,2026-09-30T09:17:37.471356Z
plr_3c924fc5,jay rodriguez,,,,,,2026-09-30T09:17:37.471356Z
plr_9a2d8da7,ashley barnes,,,,,,2026-09-30T09:17:37.472356Z
plr_1ed00b57,ben mee,,,,,,2026-09-30T09:17:37.472356Z
plr_8a3c2afa,ashley westwood,,,,,,2026-09-30T09:17:37.472356Z
plr_6b44045d,johann berg gudmundsson,,,,,,2026-09-30T09:17:37.472356Z
plr_65fff381,matthew lowton,,,,,,2026-09-30T09:17:37.472356Z
plr_e6d00b83,matej vydra,,,,,,2026-09-30T09:17:37.472356Z
plr_56b0b101,nick pope,,,,,,2026-09-30T09:17:37.472356Z
plr_2e5618ed,charlie taylor,,,,,,2026-09-30T09:17:37.472356Z
plr_7ccbbfc4,will norris,,,,,,2026-09-30T09:17:37.472356Z
plr_075c844f,josh brownhill,,,,,,2026-09-30T09:17:37.472356Z
plr_812a0509,josh benson,,,,,,2026-09-30T09:17:37.472356Z
plr_c0454a67,bailey peacockfarrell,,,,,,2026-09-30T09:17:37.472356Z
plr_2496d367,dwight mcneil,,,,,,2026-09-30T09:17:37.472356Z
plr_a7a8e27e,nathan collins,,,,,,2026-09-30T09:17:37.472356Z
plr_cc923701,wayne hennessey,,,,,,2026-09-30T09:17:37.472356Z
plr_99fdf97b,lewis richardson,,,,,,2026-09-30T09:17:37.472356Z
plr_d6a1c100,bobby thomas,,,,,,2026-09-30T09:17:37.472356Z
plr_a1b17c5a,owen dodgson,,,,,,2026-09-30T09:17:37.472356Z
plr_fc13e07a,aaron lennon,,,,,,2026-09-30T09:17:37.472356Z
plr_dc2e718e,maxwel cornet,,,,,,2026-09-30T09:17:37.472356Z
plr_2f62c95e,connor roberts,,,,,,2026-09-30T09:17:37.472356Z
plr_779bd682,wout weghorst,,,,,,2026-09-30T09:17:37.472356Z
plr_7625f454,sam waller,,,,,,2026-09-30T09:17:37.472356Z
plr_93a07ab5,dara costelloe,,,,,,2026-09-30T09:17:37.472356Z
plr_03c821bd,joseph mcglynn,,,,,,2026-09-30T09:17:37.472356Z
plr_31939bb2,anthony mancini,,,,,,2026-09-30T09:17:37.472356Z
plr_27c07b48,césar azpilicueta,,,,,,2026-09-30T09:17:37.472356Z
plr_b5a61b9b,olivier giroud,,,,,,2026-09-30T09:17:37.472356Z
plr_3d60cd55,thiago emiliano da silva,,,,,,2026-09-30T09:17:37.472356Z
plr_d989ee81,marcos alonso,,,,,,2026-09-30T09:17:37.472356Z
plr_d447f5b6,jorge luiz frello filho,,,,,,2026-09-30T09:17:37.472356Z
plr_0aef8c07,ross barkley,,,,,,2026-09-30T09:17:37.472356Z
plr_15641d4e,mateo kovacic,,,,,,2026-09-30T09:17:37.472356Z
plr_edc4c0a9,michy batshuayi,,,,,,2026-09-30T09:17:37.472356Z
plr_ea87a362,antonio rüdiger,,,,,,2026-09-30T09:17:37.472356Z
plr_c0b6795a,kepa arrizabalaga,,,,,,2026-09-30T09:17:37.472356Z
plr_38c7228d,ngolo kanté,,,,,,2026-09-30T09:17:37.472356Z
plr_b390d8c7,hakim ziyech,,,,,,2026-09-30T09:17:37.472356Z
plr_80eca6cf,ruben loftuscheek,,,,,,2026-09-30T09:17:37.472356Z
plr_0f120fda,andreas christensen,,,,,,2026-09-30T09:17:37.472356Z
plr_390ef63e,timo werner,,,,,,2026-09-30T09:17:37.472356Z
plr_a1d99e09,benjamin chilwell,,,,,,2026-09-30T09:17:37.472356Z
plr_344b033a,tammy abraham,,,,,,2026-09-30T09:17:37.472356Z
plr_23a96cd3,christian pulisic,,,,,,2026-09-30T09:17:37.472356Z
plr_e2b6e7d6,mason mount,,,,,,2026-09-30T09:17:37.472356Z
plr_14bff80e,ethan ampadu,,,,,,2026-09-30T09:17:37.472356Z
plr_0788ba18,callum hudsonodoi,,,,,,2026-09-30T09:17:37.472356Z
plr_45c18e59,kai havertz,,,,,,2026-09-30T09:17:37.472356Z
plr_2cb9f518,reece james,,,,,,2026-09-30T09:17:37.472356Z
plr_8f23c965,edouard mendy,,,,,,2026-09-30T09:17:37.472356Z
plr_9bb42042,malang sarr,,,,,,2026-09-30T09:17:37.472356Z
plr_82fd23e2,trevoh chalobah,,,,,,2026-09-30T09:17:37.472356Z
plr_36e9fcc6,romelu lukaku,,,,,,2026-09-30T09:17:37.472356Z
plr_deecb64e,emerson palmieri dos santos,,,,,,2026-09-30T09:17:37.472356Z
plr_55f01b67,saúl ñíguez,,,,,,2026-09-30T09:17:37.472356Z
plr_78f619aa,marcus bettinelli,,,,,,2026-09-30T09:17:37.472356Z
plr_686214d5,lewis hall,,,,,,2026-09-30T09:17:37.472356Z
plr_2004ad7a,harvey vale,,,,,,2026-09-30T09:17:37.472356Z
plr_abc417f2,robert kenedy nunes do nascimento,,,,,,2026-09-30T09:17:37.472356Z
plr_0626fb67,conor gallagher,,,,,,2026-09-30T09:17:37.472356Z
plr_d93b2d40,vicente guaita,,,,,,2026-09-30T09:17:37.472356Z
plr_f071052d,james tomkins,,,,,,2026-09-30T09:17:37.472356Z
plr_095d3e2e,james mcarthur,,,,,,2026-09-30T09:17:37.472356Z
plr_bb4b90c6,christian benteke,,,,,,2026-09-30T09:17:37.472356Z
plr_e0ac13a7,cheikhou kouyaté,,,,,,2026-09-30T09:17:37.472356Z
plr_6c8e730d,martin kelly,,,,,,2026-09-30T09:17:37.472356Z
plr_b340627b,luka milivojevic,,,,,,2026-09-30T09:17:37.472356Z
plr_d8e6eda3,jordan ayew,,,,,,2026-09-30T09:17:37.472356Z
plr_a1c97339,wilfried zaha,,,,,,2026-09-30T09:17:37.472356Z
plr_ebc42821,jeffrey schlupp,,,,,,2026-09-30T09:17:37.472356Z
plr_158a661c,jack butland,,,,,,2026-09-30T09:17:37.472356Z
plr_89741d30,jairo riedewald,,,,,,2026-09-30T09:17:37.472356Z
plr_e0254cba,jarosław jach,,,,,,2026-09-30T09:17:37.472356Z
plr_7e7f2b54,jeanphilippe mateta,,,,,,2026-09-30T09:17:37.472356Z
plr_4757eba1,eberechi eze,,,,,,2026-09-30T09:17:37.472356Z
plr_b462cac1,nathan ferguson,,,,,,2026-09-30T09:17:37.472356Z
plr_ffabee2c,tyrick mitchell,,,,,,2026-09-30T09:17:37.472356Z
plr_c2ceefd4,will hughes,,,,,,2026-09-30T09:17:37.472356Z
plr_f92c2078,michael olise,,,,,,2026-09-30T09:17:37.472356Z
plr_01bb6ef3,joel ward,,,,,,2026-09-30T09:17:37.472356Z
plr_b6854220,marc guéhi,,,,,,2026-09-30T09:17:37.472356Z
plr_e6d2942e,joachim andersen,,,,,,2026-09-30T09:17:37.472356Z
plr_8123d5e9,nathaniel clyne,,,,,,2026-09-30T09:17:37.472356Z
plr_1c2f3dc8,reece hannam,,,,,,2026-09-30T09:17:37.472356Z
plr_d8f48470,jesurun raksakyi,,,,,,2026-09-30T09:17:37.472356Z
plr_990fb1f6,robert street,,,,,,2026-09-30T09:17:37.472356Z
plr_0294885f,scott banks,,,,,,2026-09-30T09:17:37.472356Z
plr_5a9d85f1,remi matthews,,,,,,2026-09-30T09:17:37.472356Z
plr_80bff014,odsonne edouard,,,,,,2026-09-30T09:17:37.472356Z
plr_98f3ae29,tayo adaramola,,,,,,2026-09-30T09:17:37.472356Z
plr_1f920d21,anwar el ghazi,,,,,,2026-09-30T09:17:37.472356Z
plr_b60c58c3,fabian delph,,,,,,2026-09-30T09:17:37.472356Z
plr_b37d98e5,gylfi sigurdsson,,,,,,2026-09-30T09:17:37.472356Z
plr_bda65dd4,seamus coleman,,,,,,2026-09-30T09:17:37.472356Z
plr_ac7aff73,james rodríguez,,,,,,2026-09-30T09:17:37.472356Z
plr_c2d154bc,bernard anício caldeira duarte,,,,,,2026-09-30T09:17:37.472356Z
plr_c4c8c5e9,michael keane,,,,,,2026-09-30T09:17:37.472356Z
plr_3a37f5bb,jordan pickford,,,,,,2026-09-30T09:17:37.472356Z
plr_2f338734,allan marques loureiro,,,,,,2026-09-30T09:17:37.472356Z
plr_de75d325,andré filipe tavares gomes,,,,,,2026-09-30T09:17:37.472356Z
plr_d5fef6e3,abdoulaye doucouré,,,,,,2026-09-30T09:17:37.472356Z
plr_c89984c2,alex iwobi,,,,,,2026-09-30T09:17:37.472356Z
plr_b0540d99,yerry mina,,,,,,2026-09-30T09:17:37.473354Z
plr_8d62700e,tom davies,,,,,,2026-09-30T09:17:37.473354Z
plr_2f94a135,dominic calvertlewin,,,,,,2026-09-30T09:17:37.473354Z
plr_0dd9361f,mason holgate,,,,,,2026-09-30T09:17:37.473354Z
plr_c7e0b689,ben godfrey,,,,,,2026-09-30T09:17:37.473354Z
plr_ecaed822,richarlison de andrade,,,,,,2026-09-30T09:17:37.473354Z
plr_bcb94a38,joão virgínia,,,,,,2026-09-30T09:17:37.473354Z
plr_da12e5a0,donny van de beek,,,,,,2026-09-30T09:17:37.473354Z
plr_eb3ec8f4,bamidele alli,,,,,,2026-09-30T09:17:37.473354Z
plr_3977acea,asmir begović,,,,,,2026-09-30T09:17:37.473354Z
plr_457d73ab,andros townsend,,,,,,2026-09-30T09:17:37.473354Z
plr_af057f8c,demarai gray,,,,,,2026-09-30T09:17:37.473354Z
plr_583863c9,jonjoe kenny,,,,,,2026-09-30T09:17:37.473354Z
plr_f1b4117b,anthony gordon,,,,,,2026-09-30T09:17:37.473354Z
plr_09fa639c,jeanphilippe gbamin,,,,,,2026-09-30T09:17:37.473354Z
plr_1b75dfa6,jarrad branthwaite,,,,,,2026-09-30T09:17:37.473354Z
plr_3633cf58,nathan broadhead,,,,,,2026-09-30T09:17:37.473354Z
plr_c1ae9e7d,moise kean,,,,,,2026-09-30T09:17:37.473354Z
plr_b90a0189,niels nkounkou,,,,,,2026-09-30T09:17:37.473354Z
plr_f8917edc,andy lonergan,,,,,,2026-09-30T09:17:37.473354Z
plr_612a03c3,salomón rondón,,,,,,2026-09-30T09:17:37.473354Z
plr_cc15baf5,ellis simms,,,,,,2026-09-30T09:17:37.473354Z
plr_79deebd9,lewis dobbin,,,,,,2026-09-30T09:17:37.473354Z
plr_6553419e,charlie whitaker,,,,,,2026-09-30T09:17:37.473354Z
plr_e7f0f791,harry tyrer,,,,,,2026-09-30T09:17:37.473354Z
plr_eefecbc8,cenk tosun,,,,,,2026-09-30T09:17:37.473354Z
plr_c04b0d5d,reece welch,,,,,,2026-09-30T09:17:37.473354Z
plr_a63ca01b,tyler onyango,,,,,,2026-09-30T09:17:37.473354Z
plr_fe4f9a98,nathan patterson,,,,,,2026-09-30T09:17:37.473354Z
plr_a7d60257,vitalii mykolenko,,,,,,2026-09-30T09:17:37.473354Z
plr_af08de81,isaac price,,,,,,2026-09-30T09:17:37.473354Z
plr_4bbc44d1,kasper schmeichel,,,,,,2026-09-30T09:17:37.473354Z
plr_b5653fbc,jonny evans,,,,,,2026-09-30T09:17:37.473354Z
plr_57ebff18,marc albrighton,,,,,,2026-09-30T09:17:37.473354Z
plr_708c59cd,nampalys mendy,,,,,,2026-09-30T09:17:37.473354Z
plr_80409cef,danny ward,,,,,,2026-09-30T09:17:37.473354Z
plr_831efe7f,jamie vardy,,,,,,2026-09-30T09:17:37.473354Z
plr_97ee6618,dennis praet,,,,,,2026-09-30T09:17:37.473354Z
plr_da8e7ca8,ricardo domingos barbosa pereira,,,,,,2026-09-30T09:17:37.473354Z
plr_ae64cd66,daniel amartey,,,,,,2026-09-30T09:17:37.473354Z
plr_f020e6c2,timothy castagne,,,,,,2026-09-30T09:17:37.473354Z
plr_5b768862,youri tielemans,,,,,,2026-09-30T09:17:37.473354Z
plr_10036558,ayoze pérez,,,,,,2026-09-30T09:17:37.473354Z
plr_cbde5979,james maddison,,,,,,2026-09-30T09:17:37.473354Z
plr_125bd257,kelechi iheanacho,,,,,,2026-09-30T09:17:37.473354Z
plr_2669d226,hamza choudhury,,,,,,2026-09-30T09:17:37.473354Z
plr_24600a0a,harvey barnes,,,,,,2026-09-30T09:17:37.473354Z
plr_afe817ca,wilfred ndidi,,,,,,2026-09-30T09:17:37.473354Z
plr_bac8464a,çaglar söyüncü,,,,,,2026-09-30T09:17:37.473354Z
plr_f098cf43,james justin,,,,,,2026-09-30T09:17:37.473354Z
plr_b7dc9a36,luke thomas,,,,,,2026-09-30T09:17:37.473354Z
plr_28b2d462,wesley fofana,,,,,,2026-09-30T09:17:37.473354Z
plr_e058f77c,jannik vestergaard,,,,,,2026-09-30T09:17:37.473354Z
plr_0102bc6e,patson daka,,,,,,2026-09-30T09:17:37.473354Z
plr_1e590ab9,boubakary soumaré,,,,,,2026-09-30T09:17:37.473354Z
plr_798c0dd7,ryan bertrand,,,,,,2026-09-30T09:17:37.473354Z
plr_ec309acd,kiernan dewsburyhall,,,,,,2026-09-30T09:17:37.473354Z
plr_a77655a1,eldin jakupovic,,,,,,2026-09-30T09:17:37.473354Z
plr_1280992e,ademola lookman,,,,,,2026-09-30T09:17:37.473354Z
plr_e32093d4,vontae daleycampbell,,,,,,2026-09-30T09:17:37.473354Z
plr_718612a3,ben nelson,,,,,,2026-09-30T09:17:37.473354Z
plr_1498efe9,lewis brunt,,,,,,2026-09-30T09:17:37.473354Z
plr_a279efc2,kasey mcateer,,,,,,2026-09-30T09:17:37.473354Z
plr_e6812350,pablo hernández domínguez,,,,,,2026-09-30T09:17:37.473354Z
plr_1b946ded,francisco casilla cortés,,,,,,2026-09-30T09:17:37.473354Z
plr_dd94e2e2,liam cooper,,,,,,2026-09-30T09:17:37.473354Z
plr_6e226980,luke ayling,,,,,,2026-09-30T09:17:37.473354Z
plr_3a50e448,mateusz klich,,,,,,2026-09-30T09:17:37.473354Z
plr_5c8d4b96,rodrigo moreno,,,,,,2026-09-30T09:17:37.473354Z
plr_4ed314fa,stuart dallas,,,,,,2026-09-30T09:17:37.473354Z
plr_b68d381d,patrick bamford,,,,,,2026-09-30T09:17:37.473354Z
plr_73c87733,diego llorente,,,,,,2026-09-30T09:17:37.473354Z
plr_5cc11b4c,kalvin phillips,,,,,,2026-09-30T09:17:37.473354Z
plr_d3f48a06,hélder wander sousa de azevedo e costa,,,,,,2026-09-30T09:17:37.473354Z
plr_fd62753d,tyler roberts,,,,,,2026-09-30T09:17:37.473354Z
plr_a7365bbb,robin koch,,,,,,2026-09-30T09:17:37.473354Z
plr_3332936f,ian carlo povedaocampo,,,,,,2026-09-30T09:17:37.473354Z
plr_232d2505,raphael dias belloli,,,,,,2026-09-30T09:17:37.473354Z
plr_18aa9ab9,jamie shackleton,,,,,,2026-09-30T09:17:37.473354Z
plr_07598b9e,pascal struijk,,,,,,2026-09-30T09:17:37.473354Z
plr_4a0d1f3b,illan meslier,,,,,,2026-09-30T09:17:37.473354Z
plr_c54b22be,jack harrison,,,,,,2026-09-30T09:17:37.473354Z
plr_0bb8a855,daniel james,,,,,,2026-09-30T09:17:37.473354Z
plr_a0f5107a,héctor junior firpo adames,,,,,,2026-09-30T09:17:37.473354Z
plr_cbdb48b4,kristoffer klaesson,,,,,,2026-09-30T09:17:37.474144Z
plr_2ce9abb9,sam greenwood,,,,,,2026-09-30T09:17:37.474144Z
plr_a18aca16,crysencio summerville,,,,,,2026-09-30T09:17:37.474144Z
plr_5abd6fb4,adam forshaw,,,,,,2026-09-30T09:17:37.474144Z
plr_058366a6,cody drameh,,,,,,2026-09-30T09:17:37.474144Z
plr_c2323862,charlie cresswell,,,,,,2026-09-30T09:17:37.474144Z
plr_77e2d7fa,liam mccarron,,,,,,2026-09-30T09:17:37.474144Z
plr_8340993a,joe gelhardt,,,,,,2026-09-30T09:17:37.474144Z
plr_7adb69a2,nohan kenneh,,,,,,2026-09-30T09:17:37.474144Z
plr_5d68cec4,stuart mckinstry,,,,,,2026-09-30T09:17:37.474144Z
plr_05a42ba3,leo fuhr hjelde,,,,,,2026-09-30T09:17:37.474144Z
plr_b4b18fca,lewis bate,,,,,,2026-09-30T09:17:37.474144Z
plr_5657fe83,jack jenkins,,,,,,2026-09-30T09:17:37.474144Z
plr_4123bded,kris moore,,,,,,2026-09-30T09:17:37.474144Z
plr_be8b52dc,archie gray,,,,,,2026-09-30T09:17:37.474144Z
plr_fc62e78c,james milner,,,,,,2026-09-30T09:17:37.474144Z
plr_29525769,jordan henderson,,,,,,2026-09-30T09:17:37.474144Z
plr_9493a752,adrián san miguel del castillo,,,,,,2026-09-30T09:17:37.474144Z
plr_4c560fa6,joel matip,,,,,,2026-09-30T09:17:37.474144Z
plr_66b3049e,thiago alcántara do nascimento,,,,,,2026-09-30T09:17:37.474144Z
plr_a815aba7,xherdan shaqiri,,,,,,2026-09-30T09:17:37.474144Z
plr_512f6330,alex oxladechamberlain,,,,,,2026-09-30T09:17:37.474144Z
plr_3cbd3013,roberto firmino,,,,,,2026-09-30T09:17:37.474144Z
plr_acb925b1,virgil van dijk,,,,,,2026-09-30T09:17:37.474144Z
plr_28cb602e,sadio mané,,,,,,2026-09-30T09:17:37.474144Z
plr_d60d1a16,alisson ramses becker,,,,,,2026-09-30T09:17:37.474144Z
plr_b11f589c,fabio henrique tavares,,,,,,2026-09-30T09:17:37.474144Z
plr_74015aec,mohamed salah,,,,,,2026-09-30T09:17:37.474144Z
plr_8fc9c677,andrew robertson,,,,,,2026-09-30T09:17:37.474144Z
plr_7782b473,divock origi,,,,,,2026-09-30T09:17:37.474144Z
plr_e3e0b92b,takumi minamino,,,,,,2026-09-30T09:17:37.474144Z
plr_39b46333,trent alexanderarnold,,,,,,2026-09-30T09:17:37.474144Z
plr_473bf7ca,joseph gomez,,,,,,2026-09-30T09:17:37.474144Z
plr_d74f750e,naby keita,,,,,,2026-09-30T09:17:37.474144Z
plr_0df85b0c,diogo jota,,,,,,2026-09-30T09:17:37.474144Z
plr_e11968c2,nathaniel phillips,,,,,,2026-09-30T09:17:37.474144Z
plr_23920959,caoimhin kelleher,,,,,,2026-09-30T09:17:37.474144Z
plr_2322c1a4,ibrahima konaté,,,,,,2026-09-30T09:17:37.474144Z
plr_b20f0f4d,curtis jones,,,,,,2026-09-30T09:17:37.474144Z
plr_c96f99c6,konstantinos tsimikas,,,,,,2026-09-30T09:17:37.474144Z
plr_8c00b708,neco williams,,,,,,2026-09-30T09:17:37.474144Z
plr_5c347a54,rhys williams,,,,,,2026-09-30T09:17:37.474144Z
plr_bf0618bf,ben davies,,,,,,2026-09-30T09:17:37.474144Z
plr_dab60483,harvey elliott,,,,,,2026-09-30T09:17:37.474144Z
plr_411af5c5,ben woodburn,,,,,,2026-09-30T09:17:37.474144Z
plr_5cc75402,tyler morton,,,,,,2026-09-30T09:17:37.474144Z
plr_0d33fafe,kaide gordon,,,,,,2026-09-30T09:17:37.474144Z
plr_571a29d9,conor bradley,,,,,,2026-09-30T09:17:37.474144Z
plr_a04b221a,owen beck,,,,,,2026-09-30T09:17:37.474144Z
plr_16af3634,marcelo de araújo pitaluga filho,,,,,,2026-09-30T09:17:37.474144Z
plr_d0a4245c,jarell quansah,,,,,,2026-09-30T09:17:37.474144Z
plr_84d480d9,luis díaz,,,,,,2026-09-30T09:17:37.474144Z
plr_669d3160,jack grealish,,,,,,2026-09-30T09:17:37.474144Z
plr_3d781cdb,kyle walker,,,,,,2026-09-30T09:17:37.474664Z
plr_791f15f8,ilkay gündogan,,,,,,2026-09-30T09:17:37.474664Z
plr_cb6898d5,kevin de bruyne,,,,,,2026-09-30T09:17:37.474664Z
plr_c949c65e,john stones,,,,,,2026-09-30T09:17:37.474664Z
plr_8c723fa5,benjamin mendy,,,,,,2026-09-30T09:17:37.474664Z
plr_c5924452,riyad mahrez,,,,,,2026-09-30T09:17:37.474664Z
plr_b8bb9eeb,raheem sterling,,,,,,2026-09-30T09:17:37.474664Z
plr_3b4405d8,joão pedro cavaco cancelo,,,,,,2026-09-30T09:17:37.474664Z
plr_813f8311,ederson santana de moraes,,,,,,2026-09-30T09:17:37.474664Z
plr_dfdabb8a,nathan aké,,,,,,2026-09-30T09:17:37.474664Z
plr_8b8942f6,aymeric laporte,,,,,,2026-09-30T09:17:37.474664Z
plr_46e46d01,zack steffen,,,,,,2026-09-30T09:17:37.474664Z
plr_30b3ff3d,bernardo mota veiga de carvalho e silva,,,,,,2026-09-30T09:17:37.474664Z
plr_28205f8c,rúben santos gato alves dias,,,,,,2026-09-30T09:17:37.474664Z
plr_eeb4321a,gabriel fernando de jesus,,,,,,2026-09-30T09:17:37.474664Z
plr_91ba0cda,oleksandr zinchenko,,,,,,2026-09-30T09:17:37.474664Z
plr_0140639b,phil foden,,,,,,2026-09-30T09:17:37.474664Z
plr_99bd5c6c,rodrigo hernandez,,,,,,2026-09-30T09:17:37.475251Z
plr_20e74026,ferran torres,,,,,,2026-09-30T09:17:37.475251Z
plr_ad10025f,fernando luiz rosa,,,,,,2026-09-30T09:17:37.475251Z
plr_961cd14d,cole palmer,,,,,,2026-09-30T09:17:37.475251Z
plr_cc7031e4,samuel edozie,,,,,,2026-09-30T09:17:37.475251Z
plr_30812b84,tommy doyle,,,,,,2026-09-30T09:17:37.475251Z
plr_b68c78e5,scott carson,,,,,,2026-09-30T09:17:37.475251Z
plr_57a72a9f,luke mbete,,,,,,2026-09-30T09:17:37.475251Z
plr_719e3eee,joshua wilsonesbrand,,,,,,2026-09-30T09:17:37.475251Z
plr_cc00d4b1,romeo lavia,,,,,,2026-09-30T09:17:37.475251Z
plr_98188066,cieran slicker,,,,,,2026-09-30T09:17:37.475251Z
plr_87340b35,james mcatee,,,,,,2026-09-30T09:17:37.475251Z
plr_24f2e20c,conrad eganriley,,,,,,2026-09-30T09:17:37.475251Z
plr_b48c198b,kayky da silva chagas,,,,,,2026-09-30T09:17:37.475251Z
plr_538ca6db,liam delap,,,,,,2026-09-30T09:17:37.475251Z
plr_1c128283,edinson cavani,,,,,,2026-09-30T09:17:37.475251Z
plr_6afa4817,david de gea,,,,,,2026-09-30T09:17:37.475251Z
plr_2c239f32,nemanja matic,,,,,,2026-09-30T09:17:37.475251Z
plr_4a89e08d,paul pogba,,,,,,2026-09-30T09:17:37.475251Z
plr_3eb80d31,harry maguire,,,,,,2026-09-30T09:17:37.475251Z
plr_e365f4b6,frederico rodrigues de paula santos,,,,,,2026-09-30T09:17:37.475251Z
plr_2dd03da7,luke shaw,,,,,,2026-09-30T09:17:37.475251Z
plr_c9e1c1f3,jesse lingard,,,,,,2026-09-30T09:17:37.475251Z
plr_3d582616,bruno miguel borges fernandes,,,,,,2026-09-30T09:17:37.475251Z
plr_e98ae65e,anthony martial,,,,,,2026-09-30T09:17:37.475251Z
plr_92e5017a,alex nicolao telles,,,,,,2026-09-30T09:17:37.475251Z
plr_465b9b7d,dean henderson,,,,,,2026-09-30T09:17:37.475251Z
plr_91172a0e,marcus rashford,,,,,,2026-09-30T09:17:37.475251Z
plr_809c0648,axel tuanzebe,,,,,,2026-09-30T09:17:37.475251Z
plr_39796cce,victor lindelöf,,,,,,2026-09-30T09:17:37.475251Z
plr_86df467d,scott mctominay,,,,,,2026-09-30T09:17:37.475251Z
plr_4c168c6a,eric bailly,,,,,,2026-09-30T09:17:37.475251Z
plr_3ab6aa0a,aaron wanbissaka,,,,,,2026-09-30T09:17:37.475251Z
plr_6b3533f7,mason greenwood,,,,,,2026-09-30T09:17:37.475251Z
plr_49238d1f,juan mata,,,,,,2026-09-30T09:17:37.475251Z
plr_00992bc2,jadon sancho,,,,,,2026-09-30T09:17:37.475251Z
plr_e9a09b6e,tom heaton,,,,,,2026-09-30T09:17:37.475251Z
plr_f9f3dbb1,josé diogo dalot teixeira,,,,,,2026-09-30T09:17:37.475251Z
plr_f8c84f9a,andreas pereira,,,,,,2026-09-30T09:17:37.475251Z
plr_ae597795,anthony elanga,,,,,,2026-09-30T09:17:37.475251Z
plr_770b636f,raphaël varane,,,,,,2026-09-30T09:17:37.475251Z
plr_ec0321e8,cristiano ronaldo dos santos aveiro,,,,,,2026-09-30T09:17:37.475251Z
plr_b28ba595,phil jones,,,,,,2026-09-30T09:17:37.475251Z
plr_aea2b1e2,amad diallo,,,,,,2026-09-30T09:17:37.475251Z
plr_e475072d,hannibal mejbri,,,,,,2026-09-30T09:17:37.475251Z
plr_78e8f2e4,alejandro garnacho ferreyra,,,,,,2026-09-30T09:17:37.475251Z
plr_a32a6963,shola shoretire,,,,,,2026-09-30T09:17:37.475251Z
plr_418d4bb7,álvaro fernández,,,,,,2026-09-30T09:17:37.475251Z
plr_ae6dcb5c,charlie savage,,,,,,2026-09-30T09:17:37.475251Z
plr_0293e8c7,joseph willock,,,,,,2026-09-30T09:17:37.475251Z
plr_058d4081,matt targett,,,,,,2026-09-30T09:17:37.475251Z
plr_1cd120c8,dan burn,,,,,,2026-09-30T09:17:37.475251Z
plr_95ae7078,chris wood,,,,,,2026-09-30T09:17:37.475251Z
plr_94e41215,jonjo shelvey,,,,,,2026-09-30T09:17:37.475251Z
plr_6a630e15,matt ritchie,,,,,,2026-09-30T09:17:37.475251Z
plr_74daa864,ciaran clark,,,,,,2026-09-30T09:17:37.475251Z
plr_56f777a6,karl darlow,,,,,,2026-09-30T09:17:37.475251Z
plr_c9996280,martin dubravka,,,,,,2026-09-30T09:17:37.475251Z
plr_a59e05d4,callum wilson,,,,,,2026-09-30T09:17:37.475251Z
plr_ff408dcb,jeff hendrick,,,,,,2026-09-30T09:17:37.475811Z
plr_4f2c4dbc,ryan fraser,,,,,,2026-09-30T09:17:37.475811Z
plr_1e2587c1,jamaal lascelles,,,,,,2026-09-30T09:17:37.475811Z
plr_e0d98a4b,dwight gayle,,,,,,2026-09-30T09:17:37.475811Z
plr_b53c925c,paul dummett,,,,,,2026-09-30T09:17:37.475811Z
plr_858f1ea0,javier manquillo,,,,,,2026-09-30T09:17:37.475811Z
plr_fd22b909,emil krafth,,,,,,2026-09-30T09:17:37.475811Z
plr_a1a41b4e,jacob murphy,,,,,,2026-09-30T09:17:37.475811Z
plr_2341241a,fabian schär,,,,,,2026-09-30T09:17:37.475811Z
plr_1dc6572f,isaac hayden,,,,,,2026-09-30T09:17:37.475811Z
plr_d97da073,allan saintmaximin,,,,,,2026-09-30T09:17:37.475811Z
plr_65b56c44,miguel almirón,,,,,,2026-09-30T09:17:37.475811Z
plr_6053cc3b,sean longstaff,,,,,,2026-09-30T09:17:37.475811Z
plr_4b36e4f2,joelinton cássio apolinário de lira,,,,,,2026-09-30T09:17:37.475811Z
plr_8039f960,jamal lewis,,,,,,2026-09-30T09:17:37.475811Z
plr_5a061ad9,matthew longstaff,,,,,,2026-09-30T09:17:37.475811Z
plr_a7167959,federico fernández,,,,,,2026-09-30T09:17:37.475811Z
plr_1b8b2897,freddie woodman,,,,,,2026-09-30T09:17:37.475811Z
plr_18594231,mark gillespie,,,,,,2026-09-30T09:17:37.475811Z
plr_22323164,joe white,,,,,,2026-09-30T09:17:37.475811Z
plr_8abdf504,elliot anderson,,,,,,2026-09-30T09:17:37.475811Z
plr_d3a03fd2,kieran trippier,,,,,,2026-09-30T09:17:37.475811Z
plr_11f04020,bruno guimarães rodriguez moura,,,,,,2026-09-30T09:17:37.475811Z
plr_2230b4b2,lucas de bolle,,,,,,2026-09-30T09:17:37.475811Z
plr_9b03e4fb,billy gilmour,,,,,,2026-09-30T09:17:37.475811Z
plr_61fc3570,brandon williams,,,,,,2026-09-30T09:17:37.475811Z
plr_b20f9748,michael mcgovern,,,,,,2026-09-30T09:17:37.475811Z
plr_184f319b,tim krul,,,,,,2026-09-30T09:17:37.475811Z
plr_68341f3c,teemu pukki,,,,,,2026-09-30T09:17:37.475811Z
plr_526e098e,marco stiepermann,,,,,,2026-09-30T09:17:37.475811Z
plr_82566ba5,lukas rupp,,,,,,2026-09-30T09:17:37.475811Z
plr_0e9cf481,kenny mclean,,,,,,2026-09-30T09:17:37.475811Z
plr_5eedb181,grant hanley,,,,,,2026-09-30T09:17:37.475811Z
plr_b4818c4f,onel hernández,,,,,,2026-09-30T09:17:37.475811Z
plr_167cafa7,sam byram,,,,,,2026-09-30T09:17:37.475811Z
plr_6ff09649,jordan hugill,,,,,,2026-09-30T09:17:37.475811Z
plr_82c030b1,kieran dowell,,,,,,2026-09-30T09:17:37.475811Z
plr_499f947f,christoph zimmermann,,,,,,2026-09-30T09:17:37.475811Z
plr_7279f9bb,todd cantwell,,,,,,2026-09-30T09:17:37.475811Z
plr_641cfebf,max aarons,,,,,,2026-09-30T09:17:37.475811Z
plr_b8329121,jacob sørensen,,,,,,2026-09-30T09:17:37.475811Z
plr_1fd76409,przemyslaw placheta,,,,,,2026-09-30T09:17:37.475811Z
plr_d3fd02be,adam idah,,,,,,2026-09-30T09:17:37.475811Z
plr_715234f4,josh martin,,,,,,2026-09-30T09:17:37.475811Z
plr_4e219dd4,andrew omobamidele,,,,,,2026-09-30T09:17:37.475811Z
plr_e48a9618,angus gunn,,,,,,2026-09-30T09:17:37.475811Z
plr_1cacd0d5,milot rashica,,,,,,2026-09-30T09:17:37.475811Z
plr_c7010e66,ben gibson,,,,,,2026-09-30T09:17:37.475811Z
plr_a0f47c45,dimitris giannoulis,,,,,,2026-09-30T09:17:37.475811Z
plr_238a53bf,pierre leesmelou,,,,,,2026-09-30T09:17:37.475811Z
plr_7823db2c,bali mumba,,,,,,2026-09-30T09:17:37.475811Z
plr_dfd32001,joshua sargent,,,,,,2026-09-30T09:17:37.475811Z
plr_e8471035,christos tzolis,,,,,,2026-09-30T09:17:37.475811Z
plr_394bc491,ozan kabak,,,,,,2026-09-30T09:17:37.475811Z
plr_b91fcd95,mathias normann,,,,,,2026-09-30T09:17:37.475811Z
plr_92c95fad,jonathan tomkinson,,,,,,2026-09-30T09:17:37.475811Z
plr_23c75005,jonathan rowe,,,,,,2026-09-30T09:17:37.475811Z
plr_e48e4795,thomas dicksonpeters,,,,,,2026-09-30T09:17:37.475811Z
plr_a0589d1c,jon mccracken,,,,,,2026-09-30T09:17:37.475811Z
plr_d8cb1ee6,liam gibbs,,,,,,2026-09-30T09:17:37.475811Z
plr_e4461c56,abu kamara,,,,,,2026-09-30T09:17:37.476373Z
plr_d7dd3a0a,tony springett,,,,,,2026-09-30T09:17:37.476373Z
plr_44d2ba02,theo walcott,,,,,,2026-09-30T09:17:37.476373Z
plr_e984761d,fraser forster,,,,,,2026-09-30T09:17:37.476373Z
plr_532a18c0,alex mccarthy,,,,,,2026-09-30T09:17:37.476373Z
plr_cc5b2987,oriol romeu vidal,,,,,,2026-09-30T09:17:37.476373Z
plr_28f64b2a,nathan redmond,,,,,,2026-09-30T09:17:37.476373Z
plr_e5be8afa,jack stephens,,,,,,2026-09-30T09:17:37.476373Z
plr_6fcca05f,stuart armstrong,,,,,,2026-09-30T09:17:37.476373Z
plr_fa6ad558,james wardprowse,,,,,,2026-09-30T09:17:37.476373Z
plr_081f4003,kyle walkerpeters,,,,,,2026-09-30T09:17:37.476373Z
plr_91e9f6a8,jan bednarek,,,,,,2026-09-30T09:17:37.476373Z
plr_e4706cf3,daniel nlundulu,,,,,,2026-09-30T09:17:37.476373Z
plr_2e78ddd5,che adams,,,,,,2026-09-30T09:17:37.476373Z
plr_39e66697,nathan tella,,,,,,2026-09-30T09:17:37.476373Z
plr_33dccccd,william smallbone,,,,,,2026-09-30T09:17:37.476373Z
plr_6bff44df,michael obafemi,,,,,,2026-09-30T09:17:37.476373Z
plr_c39fa837,ibrahima diallo,,,,,,2026-09-30T09:17:37.476373Z
plr_bbdd3249,moussa djenepo,,,,,,2026-09-30T09:17:37.476373Z
plr_31d2a4a6,mohammed salisu,,,,,,2026-09-30T09:17:37.476373Z
plr_b79ce40b,romain perraud,,,,,,2026-09-30T09:17:37.476373Z
plr_80976ef1,tino livramento,,,,,,2026-09-30T09:17:37.476373Z
plr_1db87b1a,mohamed elyounoussi,,,,,,2026-09-30T09:17:37.476373Z
plr_df191cc7,armando broja,,,,,,2026-09-30T09:17:37.476373Z
plr_12976342,shane long,,,,,,2026-09-30T09:17:37.476373Z
plr_d563759e,adam armstrong,,,,,,2026-09-30T09:17:37.476373Z
plr_b68f97e9,yan valery,,,,,,2026-09-30T09:17:37.476373Z
plr_53af93c0,lyanco evangelista silveira neves vojnovic,,,,,,2026-09-30T09:17:37.476373Z
plr_b50a959a,harry lewis,,,,,,2026-09-30T09:17:37.476373Z
plr_4ff89a08,willy caballero,,,,,,2026-09-30T09:17:37.476373Z
plr_ef7a9734,dynel simeu,,,,,,2026-09-30T09:17:37.476373Z
plr_a5a4067d,thierry small,,,,,,2026-09-30T09:17:37.476373Z
plr_e0b96e8a,kgaogelo chauke,,,,,,2026-09-30T09:17:37.476373Z
plr_df700f13,tyler dibling,,,,,,2026-09-30T09:17:37.476373Z
plr_67a3486b,joe hart,,,,,,2026-09-30T09:17:37.476373Z
plr_97bc0580,hugo lloris,,,,,,2026-09-30T09:17:37.476373Z
plr_0bd8e670,toby alderweireld,,,,,,2026-09-30T09:17:37.476373Z
plr_d55904d4,erik lamela,,,,,,2026-09-30T09:17:37.476373Z
plr_2e29c4b3,harry kane,,,,,,2026-09-30T09:17:37.476373Z
plr_a5347724,serge aurier,,,,,,2026-09-30T09:17:37.476373Z
plr_f7e93b01,heungmin son,,,,,,2026-09-30T09:17:37.476373Z
plr_bd892b2b,matt doherty,,,,,,2026-09-30T09:17:37.476373Z
plr_f8f6a3cf,eric dier,,,,,,2026-09-30T09:17:37.476373Z
plr_842b3339,lucas rodrigues moura da silva,,,,,,2026-09-30T09:17:37.476373Z
plr_5a8c6e58,ben davies,,,,,,2026-09-30T09:17:37.476373Z
plr_4d4f56d5,pierreemile højbjerg,,,,,,2026-09-30T09:17:37.476373Z
plr_da9d0e75,harry winks,,,,,,2026-09-30T09:17:37.476373Z
plr_b8ef6cfa,davinson sánchez,,,,,,2026-09-30T09:17:37.476373Z
plr_a07690bf,ryan sessegnon,,,,,,2026-09-30T09:17:37.476373Z
plr_67ee22c8,steven bergwijn,,,,,,2026-09-30T09:17:37.476373Z
plr_893b73bd,sergio reguilón,,,,,,2026-09-30T09:17:37.476373Z
plr_e54a0e35,japhet tanganga,,,,,,2026-09-30T09:17:37.476373Z
plr_9338c373,giovani lo celso,,,,,,2026-09-30T09:17:37.476373Z
plr_ff2a80fe,oliver skipp,,,,,,2026-09-30T09:17:37.476373Z
plr_fd032aef,joe rodon,,,,,,2026-09-30T09:17:37.476904Z
plr_f1d59455,tanguy ndombele,,,,,,2026-09-30T09:17:37.476904Z
plr_e8db260f,pierluigi gollini,,,,,,2026-09-30T09:17:37.476904Z
plr_75947643,bryan gil salvatierra,,,,,,2026-09-30T09:17:37.476904Z
plr_2bf05d91,cristian romero,,,,,,2026-09-30T09:17:37.476904Z
plr_dfb3e9cf,dane scarlett,,,,,,2026-09-30T09:17:37.476904Z
plr_8f59958c,emerson aparecido leite de souza junior,,,,,,2026-09-30T09:17:37.476904Z
plr_02d3576d,dilan markanday,,,,,,2026-09-30T09:17:37.476904Z
plr_fb90d44e,tobi omole,,,,,,2026-09-30T09:17:37.476904Z
plr_a1448a64,brandon austin,,,,,,2026-09-30T09:17:37.476904Z
plr_11e6718e,harvey white,,,,,,2026-09-30T09:17:37.476904Z
plr_fd8827a0,dejan kulusevski,,,,,,2026-09-30T09:17:37.476904Z
plr_1bbf72d3,rodrigo bentancur,,,,,,2026-09-30T09:17:37.476904Z
plr_b1d600a6,alfie devine,,,,,,2026-09-30T09:17:37.476904Z
plr_707241db,jamie bowden,,,,,,2026-09-30T09:17:37.476904Z
plr_7bfd06a3,marcel lavinier,,,,,,2026-09-30T09:17:37.476904Z
plr_35bed7c8,matthew craig,,,,,,2026-09-30T09:17:37.476904Z
plr_a10c4603,moussa sissoko,,,,,,2026-09-30T09:17:37.476904Z
plr_d06a0422,ben foster,,,,,,2026-09-30T09:17:37.476904Z
plr_72e3155c,danny rose,,,,,,2026-09-30T09:17:37.476904Z
plr_6163ad07,dan gosling,,,,,,2026-09-30T09:17:37.476904Z
plr_6d0b0664,craig cathcart,,,,,,2026-09-30T09:17:37.476904Z
plr_02ab709f,troy deeney,,,,,,2026-09-30T09:17:37.476904Z
plr_ef17713a,tom cleverley,,,,,,2026-09-30T09:17:37.476904Z
plr_1949daa0,francisco femenía far,,,,,,2026-09-30T09:17:37.476904Z
plr_1b5eec6f,andre gray,,,,,,2026-09-30T09:17:37.476904Z
plr_6ee98c7f,christian kabasele,,,,,,2026-09-30T09:17:37.476904Z
plr_e5192853,nathaniel chalobah,,,,,,2026-09-30T09:17:37.476904Z
plr_f5b2474f,william troostekong,,,,,,2026-09-30T09:17:37.476904Z
plr_ad5e87e9,stipe perica,,,,,,2026-09-30T09:17:37.476904Z
plr_e40ec0e3,daniel bachmann,,,,,,2026-09-30T09:17:37.476904Z
plr_0233e914,adam masina,,,,,,2026-09-30T09:17:37.476904Z
plr_8148f53d,ken sema,,,,,,2026-09-30T09:17:37.476904Z
plr_53da3266,philip zinckernagel,,,,,,2026-09-30T09:17:37.476904Z
plr_34f6977d,isaac success ajayi,,,,,,2026-09-30T09:17:37.476904Z
plr_282e36c3,ayotomiwa delebashiru,,,,,,2026-09-30T09:17:37.476904Z
plr_6ce4be14,ashley fletcher,,,,,,2026-09-30T09:17:37.476904Z
plr_4f8fb6e7,francisco sierralta,,,,,,2026-09-30T09:17:37.476904Z
plr_1ed87323,domingos quina,,,,,,2026-09-30T09:17:37.476904Z
plr_619aff01,marc navarro,,,,,,2026-09-30T09:17:37.476904Z
plr_6bee7f23,ismaila sarr,,,,,,2026-09-30T09:17:37.476904Z
plr_903a3d6e,jeremy ngakia,,,,,,2026-09-30T09:17:37.476904Z
plr_f4ee4648,ben wilmot,,,,,,2026-09-30T09:17:37.476904Z
plr_aec66d77,joseph hungbo,,,,,,2026-09-30T09:17:37.476904Z
plr_ee1f9465,imrân louza,,,,,,2026-09-30T09:17:37.476904Z
plr_faabd5b8,joão pedro junqueira de jesus,,,,,,2026-09-30T09:17:37.476904Z
plr_ea3fe70a,kwadwo baah,,,,,,2026-09-30T09:17:37.476904Z
plr_f2484e59,emmanuel dennis,,,,,,2026-09-30T09:17:37.476904Z
plr_147f7a96,matthew pollock,,,,,,2026-09-30T09:17:37.476904Z
plr_c5d403c2,oghenekaro peter etebo,,,,,,2026-09-30T09:17:37.476904Z
plr_fb326ee8,joshua king,,,,,,2026-09-30T09:17:37.476904Z
plr_c2190657,adedapo awokoyamebude,,,,,,2026-09-30T09:17:37.476904Z
plr_0a7da649,juan camilo hernández suárez,,,,,,2026-09-30T09:17:37.476904Z
plr_a33970ff,juraj kucka,,,,,,2026-09-30T09:17:37.476904Z
plr_68d8f9cb,ozan tufan,,,,,,2026-09-30T09:17:37.476904Z
plr_7b381f07,robert elliot,,,,,,2026-09-30T09:17:37.476904Z
plr_cb89a4e7,nicolas nkoulou,,,,,,2026-09-30T09:17:37.476904Z
plr_479f2cf7,james morris,,,,,,2026-09-30T09:17:37.476904Z
plr_bb23e953,vincent angelini,,,,,,2026-09-30T09:17:37.476904Z
plr_b8a32a1d,kamil conteh,,,,,,2026-09-30T09:17:37.476904Z
plr_65b7b9e0,hassane kamara,,,,,,2026-09-30T09:17:37.476904Z
plr_4c491625,samir caetano de souza santos,,,,,,2026-09-30T09:17:37.476904Z
plr_66c32bef,edo kayembe,,,,,,2026-09-30T09:17:37.476904Z
plr_0f9fdd5c,samuel kalu,,,,,,2026-09-30T09:17:37.477507Z
plr_41a357e6,shaqai forde,,,,,,2026-09-30T09:17:37.477507Z
plr_52626dd7,tiago çukur,,,,,,2026-09-30T09:17:37.477507Z
plr_1a5ec321,adrian blake,,,,,,2026-09-30T09:17:37.477507Z
plr_3f8c5fec,jack grieves,,,,,,2026-09-30T09:17:37.477507Z
plr_68fd432c,kurt zouma,,,,,,2026-09-30T09:17:37.477507Z
plr_c168f9f2,mark noble,,,,,,2026-09-30T09:17:37.477507Z
plr_49079127,darren randolph,,,,,,2026-09-30T09:17:37.477507Z
plr_121884b7,lukasz fabianski,,,,,,2026-09-30T09:17:37.477507Z
plr_80d7a446,angelo ogbonna,,,,,,2026-09-30T09:17:37.477507Z
plr_c581c9d1,winston reid,,,,,,2026-09-30T09:17:37.477507Z
plr_2fe01518,aaron cresswell,,,,,,2026-09-30T09:17:37.477507Z
plr_5970ca85,andriy yarmolenko,,,,,,2026-09-30T09:17:37.477507Z
plr_7e8e3567,michail antonio,,,,,,2026-09-30T09:17:37.477507Z
plr_1088de4b,craig dawson,,,,,,2026-09-30T09:17:37.477507Z
plr_bedf2653,ryan fredericks,,,,,,2026-09-30T09:17:37.477507Z
plr_e1696a8b,manuel lanzini,,,,,,2026-09-30T09:17:37.477507Z
plr_cb30301d,arthur masuaku,,,,,,2026-09-30T09:17:37.477507Z
plr_eace7033,vladimir coufal,,,,,,2026-09-30T09:17:37.477507Z
plr_6c6ac8bf,saïd benrahma,,,,,,2026-09-30T09:17:37.477507Z
plr_0b4a9a80,jarrod bowen,,,,,,2026-09-30T09:17:37.477507Z
plr_3780b0ac,declan rice,,,,,,2026-09-30T09:17:37.477507Z
plr_b83fa4a3,tomas soucek,,,,,,2026-09-30T09:17:37.477507Z
plr_357b7b24,pablo fornals,,,,,,2026-09-30T09:17:37.477507Z
plr_68c22624,issa diop,,,,,,2026-09-30T09:17:37.477507Z
plr_08cdcdbc,ben johnson,,,,,,2026-09-30T09:17:37.477507Z
plr_054a489d,alphonse areola,,,,,,2026-09-30T09:17:37.477507Z
plr_748e1d14,frederik alves,,,,,,2026-09-30T09:17:37.477507Z
plr_7973d9c5,conor coventry,,,,,,2026-09-30T09:17:37.477507Z
plr_4602e7ee,jamal baptiste,,,,,,2026-09-30T09:17:37.477507Z
plr_89929aaf,nikola vlasic,,,,,,2026-09-30T09:17:37.477507Z
plr_ba5aa623,alex kral,,,,,,2026-09-30T09:17:37.477507Z
plr_d8884269,harrison ashby,,,,,,2026-09-30T09:17:37.477507Z
plr_f0a52aec,sonny perkins,,,,,,2026-09-30T09:17:37.477507Z
plr_5c6251ee,ajibola alese,,,,,,2026-09-30T09:17:37.477507Z
plr_1f0cb8e7,armstrong okoflex,,,,,,2026-09-30T09:17:37.477507Z
plr_c18fd9ea,pierre ekwah,,,,,,2026-09-30T09:17:37.477507Z
plr_b20bfa1e,daniel chesters,,,,,,2026-09-30T09:17:37.477507Z
plr_e1a86220,joão filipe iria santos moutinho,,,,,,2026-09-30T09:17:37.477507Z
plr_8ad21f5a,rui pedro dos santos patrício,,,,,,2026-09-30T09:17:37.477507Z
plr_8c2ccf4a,willy boly,,,,,,2026-09-30T09:17:37.477507Z
plr_dad0727b,conor coady,,,,,,2026-09-30T09:17:37.477507Z
plr_2d6d26f1,raúl jiménez,,,,,,2026-09-30T09:17:37.477507Z
plr_27458c3e,romain saïss,,,,,,2026-09-30T09:17:37.477507Z
plr_dd78cfdf,fernando marçal,,,,,,2026-09-30T09:17:37.477507Z
plr_cd4e4863,jonathan castro otto,,,,,,2026-09-30T09:17:37.477507Z
plr_bb609fd5,leander dendoncker,,,,,,2026-09-30T09:17:37.477507Z
plr_cc31e774,adama traoré,,,,,,2026-09-30T09:17:37.477507Z
plr_08263f80,rúben diogo da silva neves,,,,,,2026-09-30T09:17:37.477507Z
plr_1fdef7eb,nélson cabral semedo,,,,,,2026-09-30T09:17:37.478030Z
plr_76877191,daniel castelo podence,,,,,,2026-09-30T09:17:37.478030Z
plr_a623ff63,max kilman,,,,,,2026-09-30T09:17:37.478030Z
plr_37a83624,morgan gibbswhite,,,,,,2026-09-30T09:17:37.478030Z
plr_6dd82638,pedro lomba neto,,,,,,2026-09-30T09:17:37.478030Z
plr_66f741e1,owen otasowie,,,,,,2026-09-30T09:17:37.478030Z
plr_e4e4a10d,kijana hoever,,,,,,2026-09-30T09:17:37.478030Z
plr_1613ad30,andreas söndergaard,,,,,,2026-09-30T09:17:37.478030Z
plr_5b8af3bd,fabio silva,,,,,,2026-09-30T09:17:37.478030Z
plr_a0f58ecb,yerson mosquera valdelamar,,,,,,2026-09-30T09:17:37.478030Z
plr_2d59b965,john ruddy,,,,,,2026-09-30T09:17:37.478030Z
plr_68becce0,francisco machado mota de castro trincão,,,,,,2026-09-30T09:17:37.478030Z
plr_ac5d0e21,rayan ait nouri,,,,,,2026-09-30T09:17:37.478030Z
plr_895b190a,josé malheiro de sá,,,,,,2026-09-30T09:17:37.478030Z
plr_9c5c599b,patrick cutrone,,,,,,2026-09-30T09:17:37.478030Z
plr_d44993c1,luke cundle,,,,,,2026-09-30T09:17:37.478030Z
plr_1285370b,chem campbell,,,,,,2026-09-30T09:17:37.478030Z
plr_3053d71b,christian marques,,,,,,2026-09-30T09:17:37.478030Z
plr_33bad45f,heechan hwang,,,,,,2026-09-30T09:17:37.478030Z
plr_966c6a25,louie moulden,,,,,,2026-09-30T09:17:37.478030Z
plr_46c97c70,james storer,,,,,,2026-09-30T09:17:37.478030Z
plr_f8014677,hugo bueno,,,,,,2026-09-30T09:17:37.478030Z
plr_5fecd208,bruno andré cavaco jordão,,,,,,2026-09-30T09:17:37.478030Z
plr_6a580054,toti antónio gomes,,,,,,2026-09-30T09:17:37.478030Z
plr_a69bf2cf,dion sanderson,,,,,,2026-09-30T09:17:37.478030Z
plr_277a0a34,ryan giles,,,,,,2026-09-30T09:17:37.478030Z
plr_94c764cf,francisco jorge tomás oliveira,,,,,,2026-09-30T09:17:37.478030Z
plr_82f9da27,granit xhaka,,,,,,2026-09-30T09:17:37.478599Z
plr_e7032cdf,mohamed elneny,,,,,,2026-09-30T09:17:37.478599Z
plr_027ed339,rob holding,,,,,,2026-09-30T09:17:37.478599Z
plr_a99d16ce,thomas partey,,,,,,2026-09-30T09:17:37.478599Z
plr_28bcd2a6,martin ødegaard,,,,,,2026-09-30T09:17:37.478599Z
plr_7fb49d38,kieran tierney,,,,,,2026-09-30T09:17:37.478599Z
plr_64e79c5f,nicolas pépé,,,,,,2026-09-30T09:17:37.478599Z
plr_7dbd0f35,benjamin white,,,,,,2026-09-30T09:17:37.478599Z
plr_832991e3,eddie nketiah,,,,,,2026-09-30T09:17:37.478599Z
plr_fe5e36b5,emile smith rowe,,,,,,2026-09-30T09:17:37.478599Z
plr_06bcf317,bukayo saka,,,,,,2026-09-30T09:17:37.478599Z
plr_d7401531,takehiro tomiyasu,,,,,,2026-09-30T09:17:37.478599Z
plr_bc074348,aaron ramsdale,,,,,,2026-09-30T09:17:37.478599Z
plr_7c4133ea,gabriel dos santos magalhães,,,,,,2026-09-30T09:17:37.478599Z
plr_f75759ba,nuno varela tavares,,,,,,2026-09-30T09:17:37.478599Z
plr_b2bb11e2,gabriel martinelli silva,,,,,,2026-09-30T09:17:37.478599Z
plr_44d0743d,pablo marí villar,,,,,,2026-09-30T09:17:37.478599Z
plr_f5d3c776,lucas torreira di pascua,,,,,,2026-09-30T09:17:37.478599Z
plr_ec072ef1,reiss nelson,,,,,,2026-09-30T09:17:37.478599Z
plr_92735ac1,matt turner,,,,,,2026-09-30T09:17:37.478599Z
plr_3d9d98de,fábio ferreira vieira,,,,,,2026-09-30T09:17:37.478599Z
plr_18aeb676,william saliba,,,,,,2026-09-30T09:17:37.478599Z
plr_2fb192e5,marcus oliveira alencar,,,,,,2026-09-30T09:17:37.478599Z
plr_713717b9,gabriel fernando de jesus,,,,,,2026-09-30T09:17:37.478599Z
plr_a891da84,leandro trossard,,,,,,2026-09-30T09:17:37.478599Z
plr_593c8f8c,jorge luiz frello filho,,,,,,2026-09-30T09:17:37.478599Z
plr_71fcd3d7,oleksandr zinchenko,,,,,,2026-09-30T09:17:37.478599Z
plr_420771d9,matthew smith,,,,,,2026-09-30T09:17:37.478599Z
plr_c5ff1ce2,ethan nwaneri,,,,,,2026-09-30T09:17:37.478599Z
plr_0acfc2e4,lino sousa,,,,,,2026-09-30T09:17:37.478599Z
plr_bcdb5476,karl hein,,,,,,2026-09-30T09:17:37.478599Z
plr_5d6fa656,amario cozierduberry,,,,,,2026-09-30T09:17:37.478599Z
plr_a697c722,nathan butleroyedeji,,,,,,2026-09-30T09:17:37.478599Z
plr_ac8a4052,jakub kiwior,,,,,,2026-09-30T09:17:37.478599Z
plr_a094340b,reuell walters,,,,,,2026-09-30T09:17:37.478599Z
plr_0311fcd6,mauro bandeira,,,,,,2026-09-30T09:17:37.478599Z
plr_330ffa85,philippe coutinho correia,,,,,,2026-09-30T09:17:37.478599Z
plr_28d84c18,emiliano martínez romero,,,,,,2026-09-30T09:17:37.478599Z
plr_5a450a1a,calum chambers,,,,,,2026-09-30T09:17:37.478599Z
plr_aece5317,lucas digne,,,,,,2026-09-30T09:17:37.478599Z
plr_02792891,bertrand traoré,,,,,,2026-09-30T09:17:37.479144Z
plr_ecb192bf,robin olsen,,,,,,2026-09-30T09:17:37.479144Z
plr_b5a34965,morgan sanson,,,,,,2026-09-30T09:17:37.479144Z
plr_241173b3,john mcginn,,,,,,2026-09-30T09:17:37.479144Z
plr_e78790c1,kortney hause,,,,,,2026-09-30T09:17:37.479144Z
plr_633032c5,tyrone mings,,,,,,2026-09-30T09:17:37.479144Z
plr_79d4ff65,ollie watkins,,,,,,2026-09-30T09:17:37.479144Z
plr_7ff892c1,marvelous nakamba,,,,,,2026-09-30T09:17:37.479144Z
plr_b984b859,emiliano buendía stati,,,,,,2026-09-30T09:17:37.479144Z
plr_4eb5dfb5,matty cash,,,,,,2026-09-30T09:17:37.479144Z
plr_d6ecc2b1,ezri konsa ngoyo,,,,,,2026-09-30T09:17:37.479144Z
plr_8a91386f,leon bailey,,,,,,2026-09-30T09:17:37.479144Z
plr_6d58f723,douglas luiz soares de paulo,,,,,,2026-09-30T09:17:37.479144Z
plr_c3bc91b2,jacob ramsey,,,,,,2026-09-30T09:17:37.479144Z
plr_b4c11367,tim iroegbunam,,,,,,2026-09-30T09:17:37.479144Z
plr_803be117,diego carlos santos silva,,,,,,2026-09-30T09:17:37.479144Z
plr_1d80f52a,anwar el ghazi,,,,,,2026-09-30T09:17:37.479144Z
plr_6b875d3d,keinan davis,,,,,,2026-09-30T09:17:37.479144Z
plr_c73f60dc,boubacar kamara,,,,,,2026-09-30T09:17:37.479144Z
plr_e55c6d3d,cameron archer,,,,,,2026-09-30T09:17:37.479144Z
plr_c10daf1b,jaden philogenebidace,,,,,,2026-09-30T09:17:37.479144Z
plr_6ca5006a,frédéric guilbert,,,,,,2026-09-30T09:17:37.479144Z
plr_b08a01a4,leander dendoncker,,,,,,2026-09-30T09:17:37.479144Z
plr_d24e6153,ludwig augustinsson,,,,,,2026-09-30T09:17:37.479144Z
plr_8afc4838,kaine kesler hayden,,,,,,2026-09-30T09:17:37.479144Z
plr_c9e22449,ashley young,,,,,,2026-09-30T09:17:37.479144Z
plr_7fcfdef5,lamare bogarde,,,,,,2026-09-30T09:17:37.479144Z
plr_e9aa1274,filip marschall,,,,,,2026-09-30T09:17:37.479144Z
plr_5a4b443d,kadan young,,,,,,2026-09-30T09:17:37.479144Z
plr_9a2ef6f7,alexandre moreno lopera,,,,,,2026-09-30T09:17:37.479144Z
plr_44d65dae,viljami sinisalo,,,,,,2026-09-30T09:17:37.479144Z
plr_5c2535bc,jhon durán,,,,,,2026-09-30T09:17:37.479144Z
plr_2182e302,sil swinkels,,,,,,2026-09-30T09:17:37.479144Z
plr_557a2d62,oliwier zych,,,,,,2026-09-30T09:17:37.479144Z
plr_3f810116,james wright,,,,,,2026-09-30T09:17:37.479144Z
plr_16d22131,sebastian revan,,,,,,2026-09-30T09:17:37.479144Z
plr_0eea5465,travis patterson,,,,,,2026-09-30T09:17:37.479144Z
plr_953ff0eb,tommi oreilly,,,,,,2026-09-30T09:17:37.479144Z
plr_ca1c6eaa,adam smith,,,,,,2026-09-30T09:17:37.479144Z
plr_f48b2f52,junior stanislas,,,,,,2026-09-30T09:17:37.479144Z
plr_78d1abbe,ryan fredericks,,,,,,2026-09-30T09:17:37.479144Z
plr_6d0f83c0,david brooks,,,,,,2026-09-30T09:17:37.479144Z
plr_839110fe,jamal lowe,,,,,,2026-09-30T09:17:37.479144Z
plr_e6a21ac0,kieffer moore,,,,,,2026-09-30T09:17:37.479144Z
plr_9441251c,emiliano marcondes,,,,,,2026-09-30T09:17:37.479144Z
plr_425159fd,jefferson lerma solís,,,,,,2026-09-30T09:17:37.479144Z
plr_ba86beca,jack stacey,,,,,,2026-09-30T09:17:37.479144Z
plr_eadaace0,dominic solanke,,,,,,2026-09-30T09:17:37.479144Z
plr_46f87b63,lewis cook,,,,,,2026-09-30T09:17:37.479144Z
plr_0505158f,ben pearson,,,,,,2026-09-30T09:17:37.479144Z
plr_34f65f1e,ryan christie,,,,,,2026-09-30T09:17:37.479144Z
plr_8a245b99,philip billing,,,,,,2026-09-30T09:17:37.479144Z
plr_766a317c,chris mepham,,,,,,2026-09-30T09:17:37.479144Z
plr_abd2e1bd,mark travers,,,,,,2026-09-30T09:17:37.479144Z
plr_05689c23,lloyd kelly,,,,,,2026-09-30T09:17:37.479144Z
plr_d5b1cc05,siriki dembélé,,,,,,2026-09-30T09:17:37.479144Z
plr_77290ee1,jaidon anthony,,,,,,2026-09-30T09:17:37.479144Z
plr_f96d7e85,jordan zemura,,,,,,2026-09-30T09:17:37.479144Z
plr_7265b6ab,will dennis,,,,,,2026-09-30T09:17:37.479671Z
plr_752827fa,jack stephens,,,,,,2026-09-30T09:17:37.479671Z
plr_3487425b,joe rothwell,,,,,,2026-09-30T09:17:37.479671Z
plr_25dc5606,marcus tavernier,,,,,,2026-09-30T09:17:37.479671Z
plr_f9e9d397,james hill,,,,,,2026-09-30T09:17:37.479671Z
plr_5a0d01cc,darren randolph,,,,,,2026-09-30T09:17:37.479671Z
plr_29dd1dff,norberto murara neto,,,,,,2026-09-30T09:17:37.479671Z
plr_82682055,marcos senesi,,,,,,2026-09-30T09:17:37.479671Z
plr_c179a3b5,christian saydee,,,,,,2026-09-30T09:17:37.479671Z
plr_ec533740,owen bevan,,,,,,2026-09-30T09:17:37.479671Z
plr_1d606a8e,cameron plain,,,,,,2026-09-30T09:17:37.479671Z
plr_61a91e22,daniel aduadjei,,,,,,2026-09-30T09:17:37.479671Z
plr_6b3130ae,michael dacosta gonzalez,,,,,,2026-09-30T09:17:37.479671Z
plr_b768fd28,dominic sadi,,,,,,2026-09-30T09:17:37.479671Z
plr_f157540e,dango ouattara,,,,,,2026-09-30T09:17:37.479671Z
plr_3923e3ab,euan pollock,,,,,,2026-09-30T09:17:37.479671Z
plr_be360f0c,antoine semenyo,,,,,,2026-09-30T09:17:37.479671Z
plr_01563834,matías viña,,,,,,2026-09-30T09:17:37.479671Z
plr_343d8308,illia zabarnyi,,,,,,2026-09-30T09:17:37.479671Z
plr_16bb55cb,hamed traorè,,,,,,2026-09-30T09:17:37.479671Z
plr_f55ec412,ben greenwood,,,,,,2026-09-30T09:17:37.479671Z
plr_c003c481,max kinseywellings,,,,,,2026-09-30T09:17:37.479671Z
plr_28a11820,pontus jansson,,,,,,2026-09-30T09:17:37.479671Z
plr_821111f6,christian nørgaard,,,,,,2026-09-30T09:17:37.479671Z
plr_2ec3a572,ivan toney,,,,,,2026-09-30T09:17:37.479671Z
plr_9bdf9ae9,david raya martin,,,,,,2026-09-30T09:17:37.479671Z
plr_303051b8,sergi canós tenés,,,,,,2026-09-30T09:17:37.479671Z
plr_523357db,josh dasilva,,,,,,2026-09-30T09:17:37.479671Z
plr_f94a7c46,kristoffer ajer,,,,,,2026-09-30T09:17:37.479671Z
plr_d2ec0752,rico henry,,,,,,2026-09-30T09:17:37.479671Z
plr_a427ef9c,vitaly janelt,,,,,,2026-09-30T09:17:37.479671Z
plr_754e8ae9,saman ghoddos,,,,,,2026-09-30T09:17:37.479671Z
plr_7f7c0498,mathias jensen,,,,,,2026-09-30T09:17:37.479671Z
plr_e37653e1,yoane wissa,,,,,,2026-09-30T09:17:37.479671Z
plr_80661759,mads roerslev rasmussen,,,,,,2026-09-30T09:17:37.479671Z
plr_a16ca02d,mads bech sørensen,,,,,,2026-09-30T09:17:37.479671Z
plr_f77b388d,ethan pinnock,,,,,,2026-09-30T09:17:37.479671Z
plr_bf8f7bbc,frank onyeka,,,,,,2026-09-30T09:17:37.479671Z
plr_61a7997a,shandon baptiste,,,,,,2026-09-30T09:17:37.479671Z
plr_23c3bcb3,bryan mbeumo,,,,,,2026-09-30T09:17:37.479671Z
plr_1b54b8ba,charlie goode,,,,,,2026-09-30T09:17:37.479671Z
plr_7407f32d,marcus forss,,,,,,2026-09-30T09:17:37.479671Z
plr_134c795b,dominic thompson,,,,,,2026-09-30T09:17:37.479671Z
plr_c1f09ab8,mads bidstrup,,,,,,2026-09-30T09:17:37.479671Z
plr_480ed383,ellery balcombe,,,,,,2026-09-30T09:17:37.479671Z
plr_0635713a,aaron hickey,,,,,,2026-09-30T09:17:37.479671Z
plr_fea88e89,keane lewispotter,,,,,,2026-09-30T09:17:37.479671Z
plr_362e7a22,thomas strakosha,,,,,,2026-09-30T09:17:37.479671Z
plr_1c7e9633,ben mee,,,,,,2026-09-30T09:17:37.479671Z
plr_aa057502,fin stevens,,,,,,2026-09-30T09:17:37.479671Z
plr_5f9ddcab,halil dervişoğlu,,,,,,2026-09-30T09:17:37.479671Z
plr_ecb6a357,mikkel damsgaard,,,,,,2026-09-30T09:17:37.479671Z
plr_2f5fbe19,mathias jorgensen,,,,,,2026-09-30T09:17:37.479671Z
plr_5863d09f,ryan trevitt,,,,,,2026-09-30T09:17:37.480200Z
plr_18074226,matthew cox,,,,,,2026-09-30T09:17:37.480200Z
plr_8450d06e,tristan crama,,,,,,2026-09-30T09:17:37.480200Z
plr_88e94c74,yegor yarmolyuk,,,,,,2026-09-30T09:17:37.480200Z
plr_75544f5c,kevin schade,,,,,,2026-09-30T09:17:37.480200Z
plr_d10a8915,michael olakigbe,,,,,,2026-09-30T09:17:37.480200Z
plr_02ad1eea,adam lallana,,,,,,2026-09-30T09:17:37.480200Z
plr_68b70f45,jason steele,,,,,,2026-09-30T09:17:37.480200Z
plr_c51fe61e,danny welbeck,,,,,,2026-09-30T09:17:37.480200Z
plr_e6309b38,pascal groß,,,,,,2026-09-30T09:17:37.480200Z
plr_b69d9e28,lewis dunk,,,,,,2026-09-30T09:17:37.480200Z
plr_f80c9818,solly march,,,,,,2026-09-30T09:17:37.480200Z
plr_155feac3,adam webster,,,,,,2026-09-30T09:17:37.480200Z
plr_a7bc6848,joël veltman,,,,,,2026-09-30T09:17:37.480200Z
plr_a9c07a0d,robert sánchez,,,,,,2026-09-30T09:17:37.480200Z
plr_a49bc15d,tariq lamptey,,,,,,2026-09-30T09:17:37.480200Z
plr_bafac924,steven alzate,,,,,,2026-09-30T09:17:37.480200Z
plr_67887d57,alexis mac allister,,,,,,2026-09-30T09:17:37.480200Z
plr_576f0301,jakub moder,,,,,,2026-09-30T09:17:37.480200Z
plr_5602166a,enock mwepu,,,,,,2026-09-30T09:17:37.480200Z
plr_1169a7e8,jeremy sarmiento morante,,,,,,2026-09-30T09:17:37.480200Z
plr_44f6c01c,moisés caicedo corozo,,,,,,2026-09-30T09:17:37.480200Z
plr_9c9791f8,taylor richards,,,,,,2026-09-30T09:17:37.480200Z
plr_2cba783e,haydon roberts,,,,,,2026-09-30T09:17:37.480200Z
plr_52047160,deniz undav,,,,,,2026-09-30T09:17:37.480200Z
plr_82f41541,kaoru mitoma,,,,,,2026-09-30T09:17:37.480200Z
plr_d9ecd9de,julio enciso,,,,,,2026-09-30T09:17:37.480200Z
plr_0ad14bd4,kacper kozłowski,,,,,,2026-09-30T09:17:37.480200Z
plr_0e071eed,billy gilmour,,,,,,2026-09-30T09:17:37.480200Z
plr_687be528,kjell scherpen,,,,,,2026-09-30T09:17:37.480200Z
plr_e5040e88,matt clarke,,,,,,2026-09-30T09:17:37.480200Z
plr_095db400,jan paul van hecke,,,,,,2026-09-30T09:17:37.480200Z
plr_dbdc688a,levi colwill,,,,,,2026-09-30T09:17:37.480200Z
plr_809868c9,pervis estupiñán,,,,,,2026-09-30T09:17:37.480200Z
plr_7b8de7f1,evan ferguson,,,,,,2026-09-30T09:17:37.480200Z
plr_683c2a5a,ed turns,,,,,,2026-09-30T09:17:37.480200Z
plr_92b1e106,andrew moran,,,,,,2026-09-30T09:17:37.480200Z
plr_4a772443,james furlong,,,,,,2026-09-30T09:17:37.480200Z
plr_ff2c01a3,jack hinshelwood,,,,,,2026-09-30T09:17:37.480200Z
plr_6ad8b559,facundo buonanotte,,,,,,2026-09-30T09:17:37.480200Z
plr_a1d9dc7e,yasin ayari,,,,,,2026-09-30T09:17:37.480200Z
plr_ba7376c9,odeluga offiah,,,,,,2026-09-30T09:17:37.480200Z
plr_dbc2c5f3,tom mcgill,,,,,,2026-09-30T09:17:37.480200Z
plr_49a8f580,cameron peupion,,,,,,2026-09-30T09:17:37.480200Z
plr_06209665,imari samuels,,,,,,2026-09-30T09:17:37.480200Z
plr_a93b81c0,carney chukwuemeka,,,,,,2026-09-30T09:17:37.480200Z
plr_db97861b,marc cucurella saseta,,,,,,2026-09-30T09:17:37.480200Z
plr_1236da38,césar azpilicueta,,,,,,2026-09-30T09:17:37.480200Z
plr_f98f18dd,thiago emiliano da silva,,,,,,2026-09-30T09:17:37.480200Z
plr_84684497,marcos alonso,,,,,,2026-09-30T09:17:37.480200Z
plr_48bf9d8e,ross barkley,,,,,,2026-09-30T09:17:37.480200Z
plr_cf15d5e4,mateo kovacic,,,,,,2026-09-30T09:17:37.480200Z
plr_95588321,kepa arrizabalaga,,,,,,2026-09-30T09:17:37.480200Z
plr_fdf9d38e,ngolo kanté,,,,,,2026-09-30T09:17:37.480200Z
plr_75ecdfde,hakim ziyech,,,,,,2026-09-30T09:17:37.480200Z
plr_b7d07ad4,ruben loftuscheek,,,,,,2026-09-30T09:17:37.480200Z
plr_8c88410d,timo werner,,,,,,2026-09-30T09:17:37.480723Z
plr_2c73c04b,robert kenedy nunes do nascimento,,,,,,2026-09-30T09:17:37.480723Z
plr_4e192697,ben chilwell,,,,,,2026-09-30T09:17:37.480723Z
plr_699ad911,christian pulisic,,,,,,2026-09-30T09:17:37.480723Z
plr_2ebc9769,trevoh chalobah,,,,,,2026-09-30T09:17:37.480723Z
plr_4367a7c4,mason mount,,,,,,2026-09-30T09:17:37.480723Z
plr_53122f21,malang sarr,,,,,,2026-09-30T09:17:37.480723Z
plr_ef02ebcb,callum hudsonodoi,,,,,,2026-09-30T09:17:37.480723Z
plr_a257cc9d,kai havertz,,,,,,2026-09-30T09:17:37.480723Z
plr_0b62db33,reece james,,,,,,2026-09-30T09:17:37.480723Z
plr_5551d5df,edouard mendy,,,,,,2026-09-30T09:17:37.480723Z
plr_a7d7a061,conor gallagher,,,,,,2026-09-30T09:17:37.480723Z
plr_aa42c3fc,armando broja,,,,,,2026-09-30T09:17:37.480723Z
plr_e35abdc9,ethan ampadu,,,,,,2026-09-30T09:17:37.480723Z
plr_16abe460,wesley fofana,,,,,,2026-09-30T09:17:37.480723Z
plr_6696e402,raheem sterling,,,,,,2026-09-30T09:17:37.480723Z
plr_b44b069c,kalidou koulibaly,,,,,,2026-09-30T09:17:37.480723Z
plr_d6bece92,harvey vale,,,,,,2026-09-30T09:17:37.480723Z
plr_4fd0f29e,denis zakaria,,,,,,2026-09-30T09:17:37.480723Z
plr_3901e0e2,pierreemerick aubameyang,,,,,,2026-09-30T09:17:37.480723Z
plr_e3b391b4,marcus bettinelli,,,,,,2026-09-30T09:17:37.480723Z
plr_126061e3,omari hutchinson,,,,,,2026-09-30T09:17:37.480723Z
plr_4af65fd3,lewis hall,,,,,,2026-09-30T09:17:37.480723Z
plr_f28f6232,bashir humphreys,,,,,,2026-09-30T09:17:37.480723Z
plr_986140fa,david datro fofana,,,,,,2026-09-30T09:17:37.480723Z
plr_8ceb6854,benoît badiashile,,,,,,2026-09-30T09:17:37.480723Z
plr_7c0af26d,joão félix sequeira,,,,,,2026-09-30T09:17:37.480723Z
plr_24a26523,mykhailo mudryk,,,,,,2026-09-30T09:17:37.480723Z
plr_8d7392b9,andrey nascimento dos santos,,,,,,2026-09-30T09:17:37.480723Z
plr_3d0202b7,noni madueke,,,,,,2026-09-30T09:17:37.480723Z
plr_e2ec4fd4,enzo fernández,,,,,,2026-09-30T09:17:37.480723Z
plr_cfd25af9,ethan wady,,,,,,2026-09-30T09:17:37.480723Z
plr_efeba1c1,alfie gilchrist,,,,,,2026-09-30T09:17:37.480723Z
plr_34e99677,albert sambi lokonga,,,,,,2026-09-30T09:17:37.480723Z
plr_d3b0d223,vicente guaita,,,,,,2026-09-30T09:17:37.480723Z
plr_10f8a7fb,james tomkins,,,,,,2026-09-30T09:17:37.480723Z
plr_75fff9fc,james mcarthur,,,,,,2026-09-30T09:17:37.480723Z
plr_501441df,christian benteke,,,,,,2026-09-30T09:17:37.480723Z
plr_f5b1f03e,joel ward,,,,,,2026-09-30T09:17:37.480723Z
plr_51b5f001,nathaniel clyne,,,,,,2026-09-30T09:17:37.480723Z
plr_71be3d76,luka milivojevic,,,,,,2026-09-30T09:17:37.480723Z
plr_1e7cad7b,jordan ayew,,,,,,2026-09-30T09:17:37.480723Z
plr_eb417772,wilfried zaha,,,,,,2026-09-30T09:17:37.480723Z
plr_8d02de53,jeffrey schlupp,,,,,,2026-09-30T09:17:37.480723Z
plr_fa7a4495,will hughes,,,,,,2026-09-30T09:17:37.480723Z
plr_01de86ca,jairo riedewald,,,,,,2026-09-30T09:17:37.480723Z
plr_a5e7b1e6,joachim andersen,,,,,,2026-09-30T09:17:37.480723Z
plr_5218cced,odsonne edouard,,,,,,2026-09-30T09:17:37.480723Z
plr_a18bff8f,marc guéhi,,,,,,2026-09-30T09:17:37.480723Z
plr_08f4a580,jeanphilippe mateta,,,,,,2026-09-30T09:17:37.480723Z
plr_5343a7e4,eberechi eze,,,,,,2026-09-30T09:17:37.480723Z
plr_fff8d2dd,tyrick mitchell,,,,,,2026-09-30T09:17:37.480723Z
plr_850ad803,michael olise,,,,,,2026-09-30T09:17:37.480723Z
plr_03f431d3,jesurun raksakyi,,,,,,2026-09-30T09:17:37.480723Z
plr_89b7cf23,malcolm ebiowei,,,,,,2026-09-30T09:17:37.480723Z
plr_a6d0a351,nathan ferguson,,,,,,2026-09-30T09:17:37.480723Z
plr_6b66d935,sam johnstone,,,,,,2026-09-30T09:17:37.481255Z
plr_f1b76464,remi matthews,,,,,,2026-09-30T09:17:37.481255Z
plr_410c3ed6,luke plange,,,,,,2026-09-30T09:17:37.481255Z
plr_edb90011,cheick doucouré,,,,,,2026-09-30T09:17:37.481255Z
plr_efa4c0fd,chris richards,,,,,,2026-09-30T09:17:37.481255Z
plr_b43f1891,joseph whitworth,,,,,,2026-09-30T09:17:37.481255Z
plr_2984a598,kaden rodney,,,,,,2026-09-30T09:17:37.481255Z
plr_322042bc,killian phillips,,,,,,2026-09-30T09:17:37.481255Z
plr_cfeee230,johnkymani gordon,,,,,,2026-09-30T09:17:37.481255Z
plr_074aaa1f,kofi balmer,,,,,,2026-09-30T09:17:37.481255Z
plr_bb22d288,owen goodman,,,,,,2026-09-30T09:17:37.481255Z
plr_d8302a96,jack wellsmorrison,,,,,,2026-09-30T09:17:37.481255Z
plr_df9b3d1d,david ozoh,,,,,,2026-09-30T09:17:37.481255Z
plr_a73c449d,naouirou ahamada,,,,,,2026-09-30T09:17:37.481255Z
plr_2226bb26,tayo adaramola,,,,,,2026-09-30T09:17:37.481255Z
plr_2116dda6,neal maupay,,,,,,2026-09-30T09:17:37.481255Z
plr_f50a579b,asmir begović,,,,,,2026-09-30T09:17:37.481255Z
plr_25d9f12d,salomón rondón,,,,,,2026-09-30T09:17:37.481255Z
plr_9f57a7bd,seamus coleman,,,,,,2026-09-30T09:17:37.481255Z
plr_44334f8f,andros townsend,,,,,,2026-09-30T09:17:37.481255Z
plr_33c418fc,michael keane,,,,,,2026-09-30T09:17:37.481255Z
plr_7d660ce9,dele alli,,,,,,2026-09-30T09:17:37.481255Z
plr_613734db,jordan pickford,,,,,,2026-09-30T09:17:37.481255Z
plr_53db0713,allan marques loureiro,,,,,,2026-09-30T09:17:37.481255Z
plr_69bef26a,andré tavares gomes,,,,,,2026-09-30T09:17:37.481255Z
plr_3462bf1a,abdoulaye doucouré,,,,,,2026-09-30T09:17:37.481255Z
plr_b2f46b7d,alex iwobi,,,,,,2026-09-30T09:17:37.481255Z
plr_1f43a367,jeanphilippe gbamin,,,,,,2026-09-30T09:17:37.481255Z
plr_2262a79a,yerry mina,,,,,,2026-09-30T09:17:37.481255Z
plr_5f99545e,demarai gray,,,,,,2026-09-30T09:17:37.481255Z
plr_4374fee8,tom davies,,,,,,2026-09-30T09:17:37.481255Z
plr_1afc771f,dominic calvertlewin,,,,,,2026-09-30T09:17:37.481255Z
plr_59d05aa5,mason holgate,,,,,,2026-09-30T09:17:37.481255Z
plr_624ed62f,ben godfrey,,,,,,2026-09-30T09:17:37.481255Z
plr_6f9d442d,vitalii mykolenko,,,,,,2026-09-30T09:17:37.481255Z
plr_70dc29b5,jarrad branthwaite,,,,,,2026-09-30T09:17:37.481255Z
plr_28c0642e,nathan patterson,,,,,,2026-09-30T09:17:37.481255Z
plr_c2ec34e5,niels nkounkou,,,,,,2026-09-30T09:17:37.481255Z
plr_2740b3ab,james tarkowski,,,,,,2026-09-30T09:17:37.481255Z
plr_cd49fb5b,conor coady,,,,,,2026-09-30T09:17:37.481255Z
plr_1cd9b841,rúben nascimento vinagre,,,,,,2026-09-30T09:17:37.481255Z
plr_de041ec8,dwight mcneil,,,,,,2026-09-30T09:17:37.481255Z
plr_49876cf6,stanley mills,,,,,,2026-09-30T09:17:37.481255Z
plr_f200f53e,lewis warrington,,,,,,2026-09-30T09:17:37.481255Z
plr_1cf99c63,james garner,,,,,,2026-09-30T09:17:37.481255Z
plr_7fdad36c,amadou onana,,,,,,2026-09-30T09:17:37.481255Z
plr_cb0d42ef,reece welch,,,,,,2026-09-30T09:17:37.481255Z
plr_0e1358dc,idrissa gueye,,,,,,2026-09-30T09:17:37.481255Z
plr_5894026a,eldin jakupovic,,,,,,2026-09-30T09:17:37.481255Z
plr_780fbc21,kyle john,,,,,,2026-09-30T09:17:37.481255Z
plr_c2cb7679,thomas cannon,,,,,,2026-09-30T09:17:37.481255Z
plr_916823b8,isaac price,,,,,,2026-09-30T09:17:37.481255Z
plr_6eb03ed3,ellis simms,,,,,,2026-09-30T09:17:37.481255Z
plr_545bd7f7,ishé samuelssmith,,,,,,2026-09-30T09:17:37.481255Z
plr_8831c1a7,andy lonergan,,,,,,2026-09-30T09:17:37.481255Z
plr_74da6369,sean mcallister,,,,,,2026-09-30T09:17:37.481255Z
plr_e77ab468,cédric alves soares,,,,,,2026-09-30T09:17:37.481777Z
plr_a462f5c6,bernd leno,,,,,,2026-09-30T09:17:37.481777Z
plr_4e10e23d,shane duffy,,,,,,2026-09-30T09:17:37.481777Z
plr_8daaf3d5,tom cairney,,,,,,2026-09-30T09:17:37.481777Z
plr_9d629cf8,tim ream,,,,,,2026-09-30T09:17:37.481777Z
plr_80c4008b,anthony knockaert,,,,,,2026-09-30T09:17:37.481777Z
plr_ae4d7888,nathaniel chalobah,,,,,,2026-09-30T09:17:37.481777Z
plr_2e52d3f4,neeskens kebano,,,,,,2026-09-30T09:17:37.481777Z
plr_7ef751fc,bobby de cordovareid,,,,,,2026-09-30T09:17:37.481777Z
plr_1d21a61d,joe bryan,,,,,,2026-09-30T09:17:37.481777Z
plr_718ccd0b,paulo gazzaniga farias,,,,,,2026-09-30T09:17:37.481777Z
plr_dcc5597c,terence kongolo,,,,,,2026-09-30T09:17:37.481777Z
plr_41139455,tosin adarabioyo,,,,,,2026-09-30T09:17:37.481777Z
plr_5a2c73f5,aleksandar mitrović,,,,,,2026-09-30T09:17:37.481777Z
plr_e734d8bd,harrison reed,,,,,,2026-09-30T09:17:37.481777Z
plr_8ed7ae56,harry wilson,,,,,,2026-09-30T09:17:37.481777Z
plr_87bb15ed,marek rodák,,,,,,2026-09-30T09:17:37.481777Z
plr_49a19208,ivan neves abreu cavaleiro,,,,,,2026-09-30T09:17:37.481777Z
plr_bb7f4ce9,kenny tete,,,,,,2026-09-30T09:17:37.481777Z
plr_93811c9c,josh onomah,,,,,,2026-09-30T09:17:37.481777Z
plr_9f7c5aef,antonee robinson,,,,,,2026-09-30T09:17:37.481777Z
plr_5e4edba5,rodrigo muniz carvalho,,,,,,2026-09-30T09:17:37.481777Z
plr_45259996,jay stansfield,,,,,,2026-09-30T09:17:37.481777Z
plr_f45fd761,joão palhinha gonçalves,,,,,,2026-09-30T09:17:37.481777Z
plr_95f2332c,daniel james,,,,,,2026-09-30T09:17:37.481777Z
plr_72eb2cba,andreas hoelgebaum pereira,,,,,,2026-09-30T09:17:37.481777Z
plr_e8647aa7,issa diop,,,,,,2026-09-30T09:17:37.481777Z
plr_6eb39b00,tyrese francois,,,,,,2026-09-30T09:17:37.481777Z
plr_a3140fcc,kevin mbabu,,,,,,2026-09-30T09:17:37.481777Z
plr_1f282a08,luke harris,,,,,,2026-09-30T09:17:37.481777Z
plr_9087de33,manor solomon,,,,,,2026-09-30T09:17:37.481777Z
plr_83dbf5a1,terry ablade,,,,,,2026-09-30T09:17:37.481777Z
plr_20a3c2d6,layvin kurzawa,,,,,,2026-09-30T09:17:37.481777Z
plr_e3fd2ccf,willian borges da silva,,,,,,2026-09-30T09:17:37.481777Z
plr_805b1a48,carlos vinícius alves morais,,,,,,2026-09-30T09:17:37.481777Z
plr_3bf43f02,stefan parkes,,,,,,2026-09-30T09:17:37.481777Z
plr_50a222e3,martial godo,,,,,,2026-09-30T09:17:37.481777Z
plr_fc79e1a2,kristian sekularac,,,,,,2026-09-30T09:17:37.481777Z
plr_33cdb17e,sasa lukic,,,,,,2026-09-30T09:17:37.481777Z
plr_067fd082,george wickens,,,,,,2026-09-30T09:17:37.481777Z
plr_3a066331,charlie robinson,,,,,,2026-09-30T09:17:37.481777Z
plr_3d8f1dde,matthew dibleydias,,,,,,2026-09-30T09:17:37.481777Z
plr_e8c35843,kasper schmeichel,,,,,,2026-09-30T09:17:37.481777Z
plr_31f505c3,jonny evans,,,,,,2026-09-30T09:17:37.481777Z
plr_db86ad1a,ryan bertrand,,,,,,2026-09-30T09:17:37.481777Z
plr_0e4f804f,marc albrighton,,,,,,2026-09-30T09:17:37.481777Z
plr_960467fe,nampalys mendy,,,,,,2026-09-30T09:17:37.481777Z
plr_8da9d9dc,jannik vestergaard,,,,,,2026-09-30T09:17:37.481777Z
plr_3b830183,danny ward,,,,,,2026-09-30T09:17:37.481777Z
plr_06421d18,jamie vardy,,,,,,2026-09-30T09:17:37.481777Z
plr_c0aec305,ricardo barbosa pereira,,,,,,2026-09-30T09:17:37.481777Z
plr_c948fdd6,daniel amartey,,,,,,2026-09-30T09:17:37.481777Z
plr_aea89150,timothy castagne,,,,,,2026-09-30T09:17:37.482311Z
plr_aefd39c2,youri tielemans,,,,,,2026-09-30T09:17:37.482311Z
plr_b6d7e48d,ayoze pérez,,,,,,2026-09-30T09:17:37.482311Z
plr_394635b3,james maddison,,,,,,2026-09-30T09:17:37.482311Z
plr_4b132b0b,kelechi iheanacho,,,,,,2026-09-30T09:17:37.482311Z
plr_11bf87af,hamza choudhury,,,,,,2026-09-30T09:17:37.482311Z
plr_6f17f6ce,harvey barnes,,,,,,2026-09-30T09:17:37.482311Z
plr_8c0f9b93,wilfred ndidi,,,,,,2026-09-30T09:17:37.482311Z
plr_b4bd1cf8,kiernan dewsburyhall,,,,,,2026-09-30T09:17:37.482311Z
plr_2f7ea2ec,çaglar söyüncü,,,,,,2026-09-30T09:17:37.482311Z
plr_2c95a143,james justin,,,,,,2026-09-30T09:17:37.482311Z
plr_16ccd6a3,boubakary soumaré,,,,,,2026-09-30T09:17:37.482311Z
plr_e9aaf19f,luke thomas,,,,,,2026-09-30T09:17:37.482311Z
plr_3084f829,patson daka,,,,,,2026-09-30T09:17:37.482311Z
plr_18083f1a,lewis brunt,,,,,,2026-09-30T09:17:37.482311Z
plr_c52e2e16,daniel iversen,,,,,,2026-09-30T09:17:37.482311Z
plr_13cb4a01,dennis praet,,,,,,2026-09-30T09:17:37.482311Z
plr_bba64255,alex smithies,,,,,,2026-09-30T09:17:37.482311Z
plr_fd9d3388,wout faes,,,,,,2026-09-30T09:17:37.482311Z
plr_8fa936f9,sammy braybrooke,,,,,,2026-09-30T09:17:37.482311Z
plr_ec316ef3,joe wormleighton,,,,,,2026-09-30T09:17:37.482311Z
plr_08b605f8,kasey mcateer,,,,,,2026-09-30T09:17:37.482311Z
plr_8c9c153b,victor kristiansen,,,,,,2026-09-30T09:17:37.482311Z
plr_69f2c233,mateus cardoso lemos martins,,,,,,2026-09-30T09:17:37.482311Z
plr_f2656ff8,harry souttar,,,,,,2026-09-30T09:17:37.482311Z
plr_5ccc3603,wanya marçalmadivadua,,,,,,2026-09-30T09:17:37.482311Z
plr_5e66ee5f,liam cooper,,,,,,2026-09-30T09:17:37.482311Z
plr_a2b14d83,luke ayling,,,,,,2026-09-30T09:17:37.482311Z
plr_abe65d52,mateusz klich,,,,,,2026-09-30T09:17:37.482311Z
plr_5e9ac798,adam forshaw,,,,,,2026-09-30T09:17:37.482311Z
plr_9a902d1d,rodrigo moreno,,,,,,2026-09-30T09:17:37.482311Z
plr_8b2f6673,stuart dallas,,,,,,2026-09-30T09:17:37.482311Z
plr_089d74df,patrick bamford,,,,,,2026-09-30T09:17:37.482311Z
plr_e2bb1a4e,diego llorente,,,,,,2026-09-30T09:17:37.482311Z
plr_205e3019,tyler roberts,,,,,,2026-09-30T09:17:37.482311Z
plr_f1c2f2a7,robin koch,,,,,,2026-09-30T09:17:37.482311Z
plr_a2466779,raphael dias belloli,,,,,,2026-09-30T09:17:37.482311Z
plr_5d7c8831,jack harrison,,,,,,2026-09-30T09:17:37.482311Z
plr_40683d18,jamie shackleton,,,,,,2026-09-30T09:17:37.482311Z
plr_8cd29ad9,pascal struijk,,,,,,2026-09-30T09:17:37.482311Z
plr_c190b950,kristoffer klaesson,,,,,,2026-09-30T09:17:37.482311Z
plr_62aa63f8,sam greenwood,,,,,,2026-09-30T09:17:37.482311Z
plr_a3595c76,illan meslier,,,,,,2026-09-30T09:17:37.482311Z
plr_2a146fbe,junior firpo adames,,,,,,2026-09-30T09:17:37.482311Z
plr_9dbd2b5d,crysencio summerville,,,,,,2026-09-30T09:17:37.482311Z
plr_95f25abf,lewis bate,,,,,,2026-09-30T09:17:37.482311Z
plr_d469f1c7,joe gelhardt,,,,,,2026-09-30T09:17:37.482311Z
plr_85507be9,leo fuhr hjelde,,,,,,2026-09-30T09:17:37.482311Z
plr_1153f6f9,rasmus kristensen,,,,,,2026-09-30T09:17:37.482311Z
plr_b8530a63,marc roca junqué,,,,,,2026-09-30T09:17:37.482311Z
plr_1338fe0b,brenden aaronson,,,,,,2026-09-30T09:17:37.482311Z
plr_49da3a88,darko gyabi,,,,,,2026-09-30T09:17:37.482311Z
plr_57cee665,tyler adams,,,,,,2026-09-30T09:17:37.482311Z
plr_93143f57,luis sinisterra lucumí,,,,,,2026-09-30T09:17:37.482311Z
plr_0e74ca3f,cody drameh,,,,,,2026-09-30T09:17:37.482311Z
plr_3307b6ff,archie gray,,,,,,2026-09-30T09:17:37.482833Z
plr_f599c5ab,joel robles,,,,,,2026-09-30T09:17:37.482833Z
plr_f454835c,wilfried gnonto,,,,,,2026-09-30T09:17:37.482833Z
plr_a821c9dd,mateo joseph fernández,,,,,,2026-09-30T09:17:37.482833Z
plr_e90a369d,sonny perkins,,,,,,2026-09-30T09:17:37.482833Z
plr_679aa140,maximilian wöber,,,,,,2026-09-30T09:17:37.482833Z
plr_8b4dee2e,georginio rutter,,,,,,2026-09-30T09:17:37.482833Z
plr_20803290,weston mckennie,,,,,,2026-09-30T09:17:37.482833Z
plr_7d6571c9,jeremiah chilokoamullen,,,,,,2026-09-30T09:17:37.482833Z
plr_6e18a25c,diogo pinheiro monteiro,,,,,,2026-09-30T09:17:37.482833Z
plr_3e40bd50,james milner,,,,,,2026-09-30T09:17:37.482833Z
plr_1f496d83,jordan henderson,,,,,,2026-09-30T09:17:37.482833Z
plr_544043cc,joel matip,,,,,,2026-09-30T09:17:37.482833Z
plr_f8cd3c7a,thiago alcántara do nascimento,,,,,,2026-09-30T09:17:37.482833Z
plr_1ae1f8bd,alex oxladechamberlain,,,,,,2026-09-30T09:17:37.482833Z
plr_aae4fc17,roberto firmino,,,,,,2026-09-30T09:17:37.482833Z
plr_8bf2d9c6,virgil van dijk,,,,,,2026-09-30T09:17:37.482833Z
plr_ed22c9c3,alisson ramses becker,,,,,,2026-09-30T09:17:37.482833Z
plr_22462ca2,fabio henrique tavares,,,,,,2026-09-30T09:17:37.482833Z
plr_2ce4dd17,mohamed salah,,,,,,2026-09-30T09:17:37.482833Z
plr_d8a97713,andrew robertson,,,,,,2026-09-30T09:17:37.482833Z
plr_1736fbb4,trent alexanderarnold,,,,,,2026-09-30T09:17:37.482833Z
plr_b8d94879,joseph gomez,,,,,,2026-09-30T09:17:37.482833Z
plr_8cdd2213,naby keita,,,,,,2026-09-30T09:17:37.482833Z
plr_9c9ca9e9,diogo teixeira da silva,,,,,,2026-09-30T09:17:37.482833Z
plr_281d6de7,caoimhin kelleher,,,,,,2026-09-30T09:17:37.482833Z
plr_ab046acc,ibrahima konaté,,,,,,2026-09-30T09:17:37.482833Z
plr_b696c939,curtis jones,,,,,,2026-09-30T09:17:37.482833Z
plr_b585f67c,konstantinos tsimikas,,,,,,2026-09-30T09:17:37.482833Z
plr_d293031d,luis díaz,,,,,,2026-09-30T09:17:37.482833Z
plr_2f295d77,harvey elliott,,,,,,2026-09-30T09:17:37.482833Z
plr_b0d8e847,fábio freitas gouveia carvalho,,,,,,2026-09-30T09:17:37.482833Z
plr_1c7040e8,darwin núñez ribeiro,,,,,,2026-09-30T09:17:37.482833Z
plr_27dff95c,calvin ramsay,,,,,,2026-09-30T09:17:37.482833Z
plr_f2d44f8a,adrián san miguel del castillo,,,,,,2026-09-30T09:17:37.482833Z
plr_fceab88d,rhys williams,,,,,,2026-09-30T09:17:37.482833Z
plr_e83f2fba,ben davies,,,,,,2026-09-30T09:17:37.482833Z
plr_904e9ca0,sepp van den berg,,,,,,2026-09-30T09:17:37.482833Z
plr_4efc7750,nathaniel phillips,,,,,,2026-09-30T09:17:37.482833Z
plr_1874da63,luke chambers,,,,,,2026-09-30T09:17:37.482833Z
plr_3202060d,stefan bajcetic,,,,,,2026-09-30T09:17:37.482833Z
plr_d2fd7fb6,bobby clark,,,,,,2026-09-30T09:17:37.482833Z
plr_4eb2298c,harvey davies,,,,,,2026-09-30T09:17:37.482833Z
plr_2db11373,arthur henrique ramos de oliveira melo,,,,,,2026-09-30T09:17:37.482833Z
plr_0b757ec0,ben doak,,,,,,2026-09-30T09:17:37.482833Z
plr_083e8f8c,cody gakpo,,,,,,2026-09-30T09:17:37.482833Z
plr_e8729231,kyle walker,,,,,,2026-09-30T09:17:37.482833Z
plr_aac9bc81,ilkay gündogan,,,,,,2026-09-30T09:17:37.482833Z
plr_cff7d333,kevin de bruyne,,,,,,2026-09-30T09:17:37.482833Z
plr_4fbcbb63,john stones,,,,,,2026-09-30T09:17:37.482833Z
plr_82b7c550,riyad mahrez,,,,,,2026-09-30T09:17:37.482833Z
plr_91bd1f15,jack grealish,,,,,,2026-09-30T09:17:37.482833Z
plr_50ba33e6,joão cancelo,,,,,,2026-09-30T09:17:37.482833Z
plr_8ba4bd43,ederson santana de moraes,,,,,,2026-09-30T09:17:37.482833Z
plr_f5191389,nathan aké,,,,,,2026-09-30T09:17:37.482833Z
plr_91be4177,aymeric laporte,,,,,,2026-09-30T09:17:37.482833Z
plr_d3f98947,zack steffen,,,,,,2026-09-30T09:17:37.482833Z
plr_0a303bd8,bernardo veiga de carvalho e silva,,,,,,2026-09-30T09:17:37.482833Z
plr_aad4343b,rúben gato alves dias,,,,,,2026-09-30T09:17:37.482833Z
plr_53ea7fa7,phil foden,,,,,,2026-09-30T09:17:37.483409Z
plr_558115af,rodrigo hernandez,,,,,,2026-09-30T09:17:37.483409Z
plr_82af4f44,cole palmer,,,,,,2026-09-30T09:17:37.483409Z
plr_9d51e425,james mcatee,,,,,,2026-09-30T09:17:37.483409Z
plr_743f11e3,erling haaland,,,,,,2026-09-30T09:17:37.483409Z
plr_b59072f7,julián álvarez,,,,,,2026-09-30T09:17:37.483409Z
plr_f412fdda,luke mbetetabu,,,,,,2026-09-30T09:17:37.483409Z
plr_3970ab02,josh wilsonesbrand,,,,,,2026-09-30T09:17:37.483409Z
plr_fe21e90b,liam delap,,,,,,2026-09-30T09:17:37.483409Z
plr_0f25767c,stefan ortega moreno,,,,,,2026-09-30T09:17:37.483409Z
plr_78bbaec6,kalvin phillips,,,,,,2026-09-30T09:17:37.483409Z
plr_2fed7f1e,scott carson,,,,,,2026-09-30T09:17:37.483409Z
plr_01e7d077,rico lewis,,,,,,2026-09-30T09:17:37.483409Z
plr_f488807b,sergio gómez,,,,,,2026-09-30T09:17:37.483409Z
plr_46675b24,claudio gomes,,,,,,2026-09-30T09:17:37.483409Z
plr_3eb9b9c1,ben knight,,,,,,2026-09-30T09:17:37.483409Z
plr_5f74ad5e,manuel akanji,,,,,,2026-09-30T09:17:37.483409Z
plr_27a942ce,máximo perrone,,,,,,2026-09-30T09:17:37.483409Z
plr_0266fa5b,alex robertson,,,,,,2026-09-30T09:17:37.483409Z
plr_90f062c9,shea charles,,,,,,2026-09-30T09:17:37.483409Z
plr_e7ae8c82,nico oreilly,,,,,,2026-09-30T09:17:37.483409Z
plr_48d9c39e,jack butland,,,,,,2026-09-30T09:17:37.483409Z
plr_d668285b,cristiano ronaldo dos santos aveiro,,,,,,2026-09-30T09:17:37.483409Z
plr_db336d01,david de gea quintana,,,,,,2026-09-30T09:17:37.483409Z
plr_2f77e161,phil jones,,,,,,2026-09-30T09:17:37.483409Z
plr_751dcfc6,raphaël varane,,,,,,2026-09-30T09:17:37.483409Z
plr_8679619e,harry maguire,,,,,,2026-09-30T09:17:37.483409Z
plr_833f679d,frederico rodrigues de paula santos,,,,,,2026-09-30T09:17:37.483409Z
plr_70e4a838,luke shaw,,,,,,2026-09-30T09:17:37.483409Z
plr_5e6718d5,bruno borges fernandes,,,,,,2026-09-30T09:17:37.483409Z
plr_67c6158c,alex telles,,,,,,2026-09-30T09:17:37.483409Z
plr_828d1a83,marcus rashford,,,,,,2026-09-30T09:17:37.483409Z
plr_0ba539ce,donny van de beek,,,,,,2026-09-30T09:17:37.483409Z
plr_312d4537,victor lindelöf,,,,,,2026-09-30T09:17:37.483409Z
plr_a27e75a7,scott mctominay,,,,,,2026-09-30T09:17:37.483409Z
plr_bb7edf63,eric bailly,,,,,,2026-09-30T09:17:37.483409Z
plr_0f3be970,jadon sancho,,,,,,2026-09-30T09:17:37.483409Z
plr_12ac0cad,aaron wanbissaka,,,,,,2026-09-30T09:17:37.483409Z
plr_d819074d,diogo dalot teixeira,,,,,,2026-09-30T09:17:37.483409Z
plr_3b9a6466,brandon williams,,,,,,2026-09-30T09:17:37.483409Z
plr_49e94f7f,anthony elanga,,,,,,2026-09-30T09:17:37.483409Z
plr_5fb78663,anthony martial,,,,,,2026-09-30T09:17:37.483409Z
plr_7e4eb0bf,facundo pellistri rebollo,,,,,,2026-09-30T09:17:37.483409Z
plr_c74a37b8,tom heaton,,,,,,2026-09-30T09:17:37.483409Z
plr_eb961dc8,tyrell malacia,,,,,,2026-09-30T09:17:37.483409Z
plr_076a422a,christian eriksen,,,,,,2026-09-30T09:17:37.483409Z
plr_ddfb14f4,lisandro martínez,,,,,,2026-09-30T09:17:37.483409Z
plr_286be0e0,amad diallo,,,,,,2026-09-30T09:17:37.483409Z
plr_09debe02,zidane iqbal,,,,,,2026-09-30T09:17:37.483409Z
plr_c703bf11,alejandro garnacho,,,,,,2026-09-30T09:17:37.483409Z
plr_01863046,carlos henrique casimiro,,,,,,2026-09-30T09:17:37.483409Z
plr_9ae06acb,antony matheus dos santos,,,,,,2026-09-30T09:17:37.483409Z
plr_f15ffe09,matej kovár,,,,,,2026-09-30T09:17:37.483409Z
plr_c05c17e4,kobbie mainoo,,,,,,2026-09-30T09:17:37.483409Z
plr_28421719,nathan bishop,,,,,,2026-09-30T09:17:37.483409Z
plr_49e604d3,shola shoretire,,,,,,2026-09-30T09:17:37.483409Z
plr_fb6972de,rhys bennett,,,,,,2026-09-30T09:17:37.483409Z
plr_54e70001,wout weghorst,,,,,,2026-09-30T09:17:37.483409Z
plr_96db9a13,marcel sabitzer,,,,,,2026-09-30T09:17:37.483409Z
plr_c4308a1c,marc jurado gomez,,,,,,2026-09-30T09:17:37.483409Z
plr_00329bcf,anthony gordon,,,,,,2026-09-30T09:17:37.483409Z
plr_0d6ada8f,matt ritchie,,,,,,2026-09-30T09:17:37.483989Z
plr_a500ce5f,federico fernández,,,,,,2026-09-30T09:17:37.483989Z
plr_d94e7646,ciaran clark,,,,,,2026-09-30T09:17:37.483989Z
plr_812ba698,karl darlow,,,,,,2026-09-30T09:17:37.483989Z
plr_3c8534f3,martin dubravka,,,,,,2026-09-30T09:17:37.483989Z
plr_62f167dd,callum wilson,,,,,,2026-09-30T09:17:37.483989Z
plr_5d11cc28,kieran trippier,,,,,,2026-09-30T09:17:37.483989Z
plr_05e1946e,dan burn,,,,,,2026-09-30T09:17:37.483989Z
plr_920dd95a,ryan fraser,,,,,,2026-09-30T09:17:37.483989Z
plr_5ba4e000,jamaal lascelles,,,,,,2026-09-30T09:17:37.483989Z
plr_388599db,dwight gayle,,,,,,2026-09-30T09:17:37.483989Z
plr_6a46145e,paul dummett,,,,,,2026-09-30T09:17:37.483989Z
plr_85210002,javier manquillo gaitán,,,,,,2026-09-30T09:17:37.483989Z
plr_f18a7666,emil krafth,,,,,,2026-09-30T09:17:37.483989Z
plr_508187f5,jacob murphy,,,,,,2026-09-30T09:17:37.483989Z
plr_b28adb77,fabian schär,,,,,,2026-09-30T09:17:37.483989Z
plr_78313d77,matt targett,,,,,,2026-09-30T09:17:37.483989Z
plr_e9ac8c8a,allan saintmaximin,,,,,,2026-09-30T09:17:37.483989Z
plr_23ed9915,miguel almirón rejala,,,,,,2026-09-30T09:17:37.483989Z
plr_3ef5fa82,sean longstaff,,,,,,2026-09-30T09:17:37.483989Z
plr_9f7f52cb,joelinton cássio apolinário de lira,,,,,,2026-09-30T09:17:37.483989Z
plr_f75fc643,jamal lewis,,,,,,2026-09-30T09:17:37.483989Z
plr_fa7d65cb,joe willock,,,,,,2026-09-30T09:17:37.483989Z
plr_d650406c,bruno guimarães rodriguez moura,,,,,,2026-09-30T09:17:37.483989Z
plr_11367ee7,jeff hendrick,,,,,,2026-09-30T09:17:37.483989Z
plr_6f0defd7,nick pope,,,,,,2026-09-30T09:17:37.483989Z
plr_5d79e2b1,sven botman,,,,,,2026-09-30T09:17:37.483989Z
plr_162961ff,elliot anderson,,,,,,2026-09-30T09:17:37.483989Z
plr_33056468,harrison ashby,,,,,,2026-09-30T09:17:37.483989Z
plr_c36031eb,alexander isak,,,,,,2026-09-30T09:17:37.483989Z
plr_a0346a41,loris karius,,,,,,2026-09-30T09:17:37.483989Z
plr_34c7295a,garang kuol,,,,,,2026-09-30T09:17:37.483989Z
plr_bd6a893b,lewis miley,,,,,,2026-09-30T09:17:37.483989Z
plr_5366920f,mark gillespie,,,,,,2026-09-30T09:17:37.483989Z
plr_38a93121,neco williams,,,,,,2026-09-30T09:17:37.483989Z
plr_cf4d3049,jonjo shelvey,,,,,,2026-09-30T09:17:37.483989Z
plr_cea48102,chris wood,,,,,,2026-09-30T09:17:37.483989Z
plr_9564af5e,harry arter,,,,,,2026-09-30T09:17:37.483989Z
plr_18bb582f,steve cook,,,,,,2026-09-30T09:17:37.483989Z
plr_9f065bc7,lyle taylor,,,,,,2026-09-30T09:17:37.483989Z
plr_61e070fe,jack colback,,,,,,2026-09-30T09:17:37.483989Z
plr_fff873a6,brice samba,,,,,,2026-09-30T09:17:37.483989Z
plr_581f53f8,carlos ribeiro dias,,,,,,2026-09-30T09:17:37.483989Z
plr_0a1bf194,joe lolley,,,,,,2026-09-30T09:17:37.483989Z
plr_1c802097,scott mckenna,,,,,,2026-09-30T09:17:37.483989Z
plr_bc79f7c0,mohamed dräger,,,,,,2026-09-30T09:17:37.483989Z
plr_ac277038,ryan yates,,,,,,2026-09-30T09:17:37.483989Z
plr_b7496964,joe worrall,,,,,,2026-09-30T09:17:37.483989Z
plr_693a0702,jonathan panzo,,,,,,2026-09-30T09:17:37.483989Z
plr_22f092e7,xande nascimento da costa silva,,,,,,2026-09-30T09:17:37.483989Z
plr_f25a784c,sam surridge,,,,,,2026-09-30T09:17:37.483989Z
plr_3c3f3e76,richie laryea,,,,,,2026-09-30T09:17:37.483989Z
plr_b171630c,loïc mbe soh,,,,,,2026-09-30T09:17:37.483989Z
plr_171da95d,brennan johnson,,,,,,2026-09-30T09:17:37.484525Z
plr_74160ace,alex mighten,,,,,,2026-09-30T09:17:37.484525Z
plr_798f294e,braian ojeda rodríguez,,,,,,2026-09-30T09:17:37.484525Z
plr_258eb7b1,taiwo awoniyi,,,,,,2026-09-30T09:17:37.484525Z
plr_d88e5ee5,dean henderson,,,,,,2026-09-30T09:17:37.484525Z
plr_839c3a69,giulian biancone,,,,,,2026-09-30T09:17:37.484525Z
plr_442646f8,willy boly,,,,,,2026-09-30T09:17:37.484525Z
plr_8f7518c9,morgan gibbswhite,,,,,,2026-09-30T09:17:37.484525Z
plr_c38c3812,moussa niakhaté,,,,,,2026-09-30T09:17:37.484525Z
plr_fee57bcd,omar richards,,,,,,2026-09-30T09:17:37.484525Z
plr_6dee7637,wayne hennessey,,,,,,2026-09-30T09:17:37.484525Z
plr_6364d1c0,harry toffolo,,,,,,2026-09-30T09:17:37.484525Z
plr_81c3b0e0,lewis obrien,,,,,,2026-09-30T09:17:37.484525Z
plr_95f01c5a,jesse lingard,,,,,,2026-09-30T09:17:37.484525Z
plr_c9ffeb47,orel mangala,,,,,,2026-09-30T09:17:37.484525Z
plr_ac617e0f,oliver hammond,,,,,,2026-09-30T09:17:37.484525Z
plr_19f13fa1,remo freuler,,,,,,2026-09-30T09:17:37.484525Z
plr_afb1a235,cheikhou kouyaté,,,,,,2026-09-30T09:17:37.484525Z
plr_0659e36d,emmanuel dennis,,,,,,2026-09-30T09:17:37.484525Z
plr_42234007,renan augusto lodi dos santos,,,,,,2026-09-30T09:17:37.484525Z
plr_fe4d44b9,loïc badé,,,,,,2026-09-30T09:17:37.484525Z
plr_8b72886a,serge aurier,,,,,,2026-09-30T09:17:37.484525Z
plr_94944558,dale taylor,,,,,,2026-09-30T09:17:37.484525Z
plr_e2c60ee5,jordan smith,,,,,,2026-09-30T09:17:37.484525Z
plr_9fc79ecc,gustavo henrique furtado scarpa,,,,,,2026-09-30T09:17:37.484525Z
plr_556c11f2,danilo dos santos de oliveira,,,,,,2026-09-30T09:17:37.484525Z
plr_3d428826,keylor navas,,,,,,2026-09-30T09:17:37.484525Z
plr_07000ebf,felipe augusto de almeida monteiro,,,,,,2026-09-30T09:17:37.484525Z
plr_e11a4f00,andré ayew,,,,,,2026-09-30T09:17:37.484525Z
plr_86c348ac,george shelvey,,,,,,2026-09-30T09:17:37.484525Z
plr_aceff42f,ainsley maitlandniles,,,,,,2026-09-30T09:17:37.484525Z
plr_c164bf16,roméo lavia,,,,,,2026-09-30T09:17:37.484525Z
plr_27cd1ae2,theo walcott,,,,,,2026-09-30T09:17:37.484525Z
plr_108b21a7,alex mccarthy,,,,,,2026-09-30T09:17:37.484525Z
plr_663456b7,oriol romeu vidal,,,,,,2026-09-30T09:17:37.484525Z
plr_0142422d,nathan redmond,,,,,,2026-09-30T09:17:37.484525Z
plr_b7b8f23e,stuart armstrong,,,,,,2026-09-30T09:17:37.484525Z
plr_7a39102c,mohamed elyounoussi,,,,,,2026-09-30T09:17:37.484525Z
plr_7ba703e5,james wardprowse,,,,,,2026-09-30T09:17:37.484525Z
plr_965fd28b,adam armstrong,,,,,,2026-09-30T09:17:37.484525Z
plr_1349c31a,kyle walkerpeters,,,,,,2026-09-30T09:17:37.484525Z
plr_9ca03c20,jan bednarek,,,,,,2026-09-30T09:17:37.484525Z
plr_d6437cb7,che adams,,,,,,2026-09-30T09:17:37.484525Z
plr_ce409803,nathan tella,,,,,,2026-09-30T09:17:37.484525Z
plr_a8cd03fe,lyanco silveira neves vojnovic,,,,,,2026-09-30T09:17:37.484525Z
plr_d2502cf3,yan valery,,,,,,2026-09-30T09:17:37.484525Z
plr_08892396,will smallbone,,,,,,2026-09-30T09:17:37.484525Z
plr_a4ed7e47,ibrahima diallo,,,,,,2026-09-30T09:17:37.484525Z
plr_b5bbab03,romain perraud,,,,,,2026-09-30T09:17:37.484525Z
plr_699c6675,moussa djenepo,,,,,,2026-09-30T09:17:37.484525Z
plr_0e7e0c72,tino livramento,,,,,,2026-09-30T09:17:37.484525Z
plr_b72dee6c,mohammed salisu,,,,,,2026-09-30T09:17:37.484525Z
plr_b81177dd,mateusz lis,,,,,,2026-09-30T09:17:37.484525Z
plr_4594390e,gavin bazunu,,,,,,2026-09-30T09:17:37.484525Z
plr_ca91e899,armel bellakotchap,,,,,,2026-09-30T09:17:37.485050Z
plr_9799f403,willy caballero,,,,,,2026-09-30T09:17:37.485050Z
plr_da3c01da,joe ayodelearibo,,,,,,2026-09-30T09:17:37.485050Z
plr_a752b37f,sékou mara,,,,,,2026-09-30T09:17:37.485050Z
plr_a2ac43f7,juan larios lópez,,,,,,2026-09-30T09:17:37.485050Z
plr_8a50a8b2,duje caletacar,,,,,,2026-09-30T09:17:37.485050Z
plr_fd52f9d8,samuel edozie,,,,,,2026-09-30T09:17:37.485050Z
plr_eaf008f9,lewis payne,,,,,,2026-09-30T09:17:37.485050Z
plr_b50ef848,ryan finnigan,,,,,,2026-09-30T09:17:37.485050Z
plr_173a8392,jimmy morgan,,,,,,2026-09-30T09:17:37.485050Z
plr_15767602,mislav orsic,,,,,,2026-09-30T09:17:37.485050Z
plr_1c626aa9,carlos alcaraz,,,,,,2026-09-30T09:17:37.485050Z
plr_d834ef53,james bree,,,,,,2026-09-30T09:17:37.485050Z
plr_49361735,kamaldeen sulemana,,,,,,2026-09-30T09:17:37.485050Z
plr_c8338009,paul onuachu,,,,,,2026-09-30T09:17:37.485050Z
plr_a601b86b,kamari doyle,,,,,,2026-09-30T09:17:37.485050Z
plr_599a766f,dominic ballard,,,,,,2026-09-30T09:17:37.485050Z
plr_dfffde8d,samuel amoameyaw,,,,,,2026-09-30T09:17:37.485050Z
plr_b612b0d4,hugo lloris,,,,,,2026-09-30T09:17:37.485050Z
plr_8c13790f,fraser forster,,,,,,2026-09-30T09:17:37.485050Z
plr_c34dacde,harry kane,,,,,,2026-09-30T09:17:37.485050Z
plr_5df66829,son heungmin,,,,,,2026-09-30T09:17:37.485050Z
plr_7f629af4,matt doherty,,,,,,2026-09-30T09:17:37.485050Z
plr_7e4d0266,eric dier,,,,,,2026-09-30T09:17:37.485050Z
plr_fe0ff417,lucas rodrigues moura da silva,,,,,,2026-09-30T09:17:37.485050Z
plr_6e0afa98,ben davies,,,,,,2026-09-30T09:17:37.485050Z
plr_08619cb4,pierreemile højbjerg,,,,,,2026-09-30T09:17:37.485050Z
plr_aaae9fd4,harry winks,,,,,,2026-09-30T09:17:37.485050Z
plr_d4543553,davinson sánchez,,,,,,2026-09-30T09:17:37.485050Z
plr_3a8cd8c9,ryan sessegnon,,,,,,2026-09-30T09:17:37.485050Z
plr_b9a9445d,steven bergwijn,,,,,,2026-09-30T09:17:37.485050Z
plr_945e0b6e,sergio reguilón,,,,,,2026-09-30T09:17:37.485050Z
plr_f0bbcb98,japhet tanganga,,,,,,2026-09-30T09:17:37.485050Z
plr_4103ab51,rodrigo bentancur,,,,,,2026-09-30T09:17:37.485050Z
plr_54586563,oliver skipp,,,,,,2026-09-30T09:17:37.485050Z
plr_10814b57,joe rodon,,,,,,2026-09-30T09:17:37.485050Z
plr_bea6732e,cristian romero,,,,,,2026-09-30T09:17:37.485050Z
plr_83cebc08,yves bissouma,,,,,,2026-09-30T09:17:37.485050Z
plr_8e56b1b3,emerson leite de souza junior,,,,,,2026-09-30T09:17:37.485050Z
plr_3559a363,dejan kulusevski,,,,,,2026-09-30T09:17:37.485050Z
plr_b70c86f3,dane scarlett,,,,,,2026-09-30T09:17:37.485050Z
plr_274ad00e,ivan perišić,,,,,,2026-09-30T09:17:37.485050Z
plr_4646453f,harvey white,,,,,,2026-09-30T09:17:37.485050Z
plr_b0f4dfe0,pape matar sarr,,,,,,2026-09-30T09:17:37.485050Z
plr_d3986b6f,brandon austin,,,,,,2026-09-30T09:17:37.485050Z
plr_48e1186e,alfie devine,,,,,,2026-09-30T09:17:37.485050Z
plr_50d5df9c,troy parrott,,,,,,2026-09-30T09:17:37.485050Z
plr_a7cbd94b,richarlison de andrade,,,,,,2026-09-30T09:17:37.485050Z
plr_94486351,clément lenglet,,,,,,2026-09-30T09:17:37.485050Z
plr_daa9173b,djed spence,,,,,,2026-09-30T09:17:37.485050Z
plr_77bd1ea3,bryan gil salvatierra,,,,,,2026-09-30T09:17:37.485050Z
plr_aaa63c5d,arnaut danjuma,,,,,,2026-09-30T09:17:37.485050Z
plr_50624195,pedro porro,,,,,,2026-09-30T09:17:37.485050Z
plr_6bf82664,romaine mundle,,,,,,2026-09-30T09:17:37.485050Z
plr_e6ef8b5f,george abbott,,,,,,2026-09-30T09:17:37.485050Z
plr_3ab5cb57,matthew craig,,,,,,2026-09-30T09:17:37.485050Z
plr_77efc74f,yago de santiago alonso,,,,,,2026-09-30T09:17:37.485050Z
plr_a4fb330d,danny ings,,,,,,2026-09-30T09:17:37.485050Z
plr_edfe1e07,lukasz fabianski,,,,,,2026-09-30T09:17:37.485050Z
plr_7eeef0a5,angelo ogbonna,,,,,,2026-09-30T09:17:37.485613Z
plr_5d068ac1,aaron cresswell,,,,,,2026-09-30T09:17:37.485613Z
plr_94c17d2b,michail antonio,,,,,,2026-09-30T09:17:37.485613Z
plr_98b74710,manuel lanzini,,,,,,2026-09-30T09:17:37.485613Z
plr_c6fd618c,kurt zouma,,,,,,2026-09-30T09:17:37.485613Z
plr_f0f607c2,arthur masuaku,,,,,,2026-09-30T09:17:37.485613Z
plr_fabda988,vladimir coufal,,,,,,2026-09-30T09:17:37.485613Z
plr_bcfb8e61,saïd benrahma,,,,,,2026-09-30T09:17:37.485613Z
plr_26e175e4,jarrod bowen,,,,,,2026-09-30T09:17:37.485613Z
plr_47c97b89,nikola vlasic,,,,,,2026-09-30T09:17:37.485613Z
plr_43289d67,declan rice,,,,,,2026-09-30T09:17:37.485613Z
plr_e6578585,tomas soucek,,,,,,2026-09-30T09:17:37.485613Z
plr_b8952695,pablo fornals malla,,,,,,2026-09-30T09:17:37.485613Z
plr_45ed667f,ben johnson,,,,,,2026-09-30T09:17:37.485613Z
plr_0ac41e19,nayef aguerd,,,,,,2026-09-30T09:17:37.485613Z
plr_fc8e4918,alphonse areola,,,,,,2026-09-30T09:17:37.485613Z
plr_bc4bf056,flynn downes,,,,,,2026-09-30T09:17:37.485613Z
plr_5763865f,gianluca scamacca,,,,,,2026-09-30T09:17:37.485613Z
plr_6aaf27ae,emerson palmieri dos santos,,,,,,2026-09-30T09:17:37.485613Z
plr_8e41eddb,conor coventry,,,,,,2026-09-30T09:17:37.485613Z
plr_a8d53214,armstrong okoflex,,,,,,2026-09-30T09:17:37.485613Z
plr_bc198240,maxwel cornet,,,,,,2026-09-30T09:17:37.485613Z
plr_ab7b82ee,thilo kehrer,,,,,,2026-09-30T09:17:37.485613Z
plr_184a73d4,lucas tolentino coelho de lima,,,,,,2026-09-30T09:17:37.485613Z
plr_04c824d9,divin mubama,,,,,,2026-09-30T09:17:37.485613Z
plr_84659359,joseph anang,,,,,,2026-09-30T09:17:37.485613Z
plr_43d3521d,krisztián hegyi,,,,,,2026-09-30T09:17:37.485613Z
plr_99d577b8,kaelan casey,,,,,,2026-09-30T09:17:37.485613Z
plr_b058118a,craig dawson,,,,,,2026-09-30T09:17:37.485613Z
plr_2407488a,raúl jiménez,,,,,,2026-09-30T09:17:37.485613Z
plr_85558c42,jonathan castro otto,,,,,,2026-09-30T09:17:37.485613Z
plr_2f967ffd,josé malheiro de sá,,,,,,2026-09-30T09:17:37.485613Z
plr_245218d2,rúben da silva neves,,,,,,2026-09-30T09:17:37.485613Z
plr_44d463bf,hwang heechan,,,,,,2026-09-30T09:17:37.485613Z
plr_6db5b6a5,nélson cabral semedo,,,,,,2026-09-30T09:17:37.485613Z
plr_00536f84,daniel castelo podence,,,,,,2026-09-30T09:17:37.485613Z
plr_d88df074,max kilman,,,,,,2026-09-30T09:17:37.485613Z
plr_a9ed02e9,luke cundle,,,,,,2026-09-30T09:17:37.485613Z
plr_63053610,pedro lomba neto,,,,,,2026-09-30T09:17:37.485613Z
plr_727608be,rayan aïtnouri,,,,,,2026-09-30T09:17:37.485613Z
plr_4c534afc,fabio silva,,,,,,2026-09-30T09:17:37.485613Z
plr_05386980,toti antónio gomes,,,,,,2026-09-30T09:17:37.485613Z
plr_441ea422,francisco jorge tomás oliveira,,,,,,2026-09-30T09:17:37.485613Z
plr_27455de3,adama traoré diarra,,,,,,2026-09-30T09:17:37.485613Z
plr_ec3c5dc2,matija šarkić,,,,,,2026-09-30T09:17:37.485613Z
plr_3bdf0687,yerson mosquera valdelamar,,,,,,2026-09-30T09:17:37.485613Z
plr_5f202281,joão filipe iria santos moutinho,,,,,,2026-09-30T09:17:37.485613Z
plr_cd3f00cb,nathan collins,,,,,,2026-09-30T09:17:37.485613Z
plr_945e8d7f,jackson smith,,,,,,2026-09-30T09:17:37.485613Z
plr_2808a598,hugo bueno lópez,,,,,,2026-09-30T09:17:37.485613Z
plr_88593879,joseph hodge,,,,,,2026-09-30T09:17:37.485613Z
plr_e535da10,connor ronan,,,,,,2026-09-30T09:17:37.485613Z
plr_c31cf77d,chem campbell,,,,,,2026-09-30T09:17:37.485613Z
plr_98ebbf11,gonçalo manuel ganchinho guedes,,,,,,2026-09-30T09:17:37.485613Z
plr_18529087,matheus luiz nunes,,,,,,2026-09-30T09:17:37.485613Z
plr_165f55cf,sasa kalajdzic,,,,,,2026-09-30T09:17:37.485613Z
plr_c1ccfbc8,diego da silva costa,,,,,,2026-09-30T09:17:37.485613Z
plr_dd07a55c,boubacar traoré,,,,,,2026-09-30T09:17:37.485613Z
plr_2cd2a50b,nathan fraser,,,,,,2026-09-30T09:17:37.485613Z
plr_272f2a68,harvey griffiths,,,,,,2026-09-30T09:17:37.485613Z
plr_5abb15e2,dexter lembikisa,,,,,,2026-09-30T09:17:37.485613Z
plr_68fd0f18,matheus santos carneiro da cunha,,,,,,2026-09-30T09:17:37.485613Z
plr_6e11f85c,mario lemina,,,,,,2026-09-30T09:17:37.485613Z
plr_4a00294e,pablo sarabia,,,,,,2026-09-30T09:17:37.485613Z
plr_ad4b306b,daniel bentley,,,,,,2026-09-30T09:17:37.485613Z
plr_b296cc69,joão victor gomes da silva,,,,,,2026-09-30T09:17:37.485613Z
plr_c63f512d,folarin balogun,,,,,,2026-09-30T09:17:37.486620Z
plr_a91a9530,cédric alves soares,,,,,,2026-09-30T09:17:37.486620Z
plr_46ca0bac,mohamed elneny,,,,,,2026-09-30T09:17:37.486620Z
plr_a1b323df,fábio ferreira vieira,,,,,,2026-09-30T09:17:37.486620Z
plr_bb75c5f3,gabriel dos santos magalhães,,,,,,2026-09-30T09:17:37.486620Z
plr_26ffd119,kai havertz,,,,,,2026-09-30T09:17:37.486620Z
plr_33199892,gabriel fernando de jesus,,,,,,2026-09-30T09:17:37.486620Z
plr_216c39a6,jorge luiz frello filho,,,,,,2026-09-30T09:17:37.486620Z
plr_7858bc87,jakub kiwior,,,,,,2026-09-30T09:17:37.486620Z
plr_8ec55419,marcus oliveira alencar,,,,,,2026-09-30T09:17:37.486620Z
plr_c91da8db,gabriel martinelli silva,,,,,,2026-09-30T09:17:37.486620Z
plr_a533d9a3,eddie nketiah,,,,,,2026-09-30T09:17:37.486620Z
plr_f2465d24,martin ødegaard,,,,,,2026-09-30T09:17:37.486620Z
plr_923e3790,thomas partey,,,,,,2026-09-30T09:17:37.486620Z
plr_468415f3,nicolas pépé,,,,,,2026-09-30T09:17:37.486620Z
plr_5e872034,aaron ramsdale,,,,,,2026-09-30T09:17:37.486620Z
plr_064df707,rúnar alex rúnarsson,,,,,,2026-09-30T09:17:37.486620Z
plr_1f64e900,bukayo saka,,,,,,2026-09-30T09:17:37.486620Z
plr_cd11fbb7,william saliba,,,,,,2026-09-30T09:17:37.486620Z
plr_70bb4628,emile smith rowe,,,,,,2026-09-30T09:17:37.486620Z
plr_2d580e00,kieran tierney,,,,,,2026-09-30T09:17:37.486620Z
plr_03d218c5,takehiro tomiyasu,,,,,,2026-09-30T09:17:37.486620Z
plr_e0afcf7c,leandro trossard,,,,,,2026-09-30T09:17:37.486620Z
plr_49af0265,benjamin white,,,,,,2026-09-30T09:17:37.486620Z
plr_b2ed344b,granit xhaka,,,,,,2026-09-30T09:17:37.486620Z
plr_ca59b862,oleksandr zinchenko,,,,,,2026-09-30T09:17:37.486620Z
plr_0d08e88b,david raya martin,,,,,,2026-09-30T09:17:37.486620Z
plr_4b7b1fe6,declan rice,,,,,,2026-09-30T09:17:37.486620Z
plr_6cdd7045,reiss nelson,,,,,,2026-09-30T09:17:37.486620Z
plr_0f516e73,jurriën timber,,,,,,2026-09-30T09:17:37.486620Z
plr_dd2d8921,karl hein,,,,,,2026-09-30T09:17:37.486620Z
plr_69005a5f,charles sagoe,,,,,,2026-09-30T09:17:37.486620Z
plr_bd09b626,reuell walters,,,,,,2026-09-30T09:17:37.486620Z
plr_3b0e0139,bradley ibrahim,,,,,,2026-09-30T09:17:37.486620Z
plr_2e5e7a58,myles lewisskelly,,,,,,2026-09-30T09:17:37.486620Z
plr_07c4f5f9,ethan nwaneri,,,,,,2026-09-30T09:17:37.486620Z
plr_9792e184,mauro bandeira,,,,,,2026-09-30T09:17:37.486620Z
plr_8e28c5f0,james sweet,,,,,,2026-09-30T09:17:37.486620Z
plr_a463083b,alexandre moreno lopera,,,,,,2026-09-30T09:17:37.486620Z
plr_a6a66420,leon bailey,,,,,,2026-09-30T09:17:37.486620Z
plr_a27385d9,emiliano buendía stati,,,,,,2026-09-30T09:17:37.486620Z
plr_842c3ed6,matty cash,,,,,,2026-09-30T09:17:37.486620Z
plr_2969786c,calum chambers,,,,,,2026-09-30T09:17:37.486620Z
plr_ec6ed54e,philippe coutinho correia,,,,,,2026-09-30T09:17:37.486620Z
plr_9ed0aac3,keinan davis,,,,,,2026-09-30T09:17:37.486620Z
plr_88756cb9,leander dendoncker,,,,,,2026-09-30T09:17:37.486620Z
plr_e55ba920,diego carlos santos silva,,,,,,2026-09-30T09:17:37.486620Z
plr_8c5c1080,lucas digne,,,,,,2026-09-30T09:17:37.486620Z
plr_84f12dd2,douglas luiz soares de paulo,,,,,,2026-09-30T09:17:37.486620Z
plr_797727f9,jhon durán,,,,,,2026-09-30T09:17:37.486620Z
plr_5db832d3,kortney hause,,,,,,2026-09-30T09:17:37.486620Z
plr_2d88648e,tim iroegbunam,,,,,,2026-09-30T09:17:37.486620Z
plr_9cb55643,boubacar kamara,,,,,,2026-09-30T09:17:37.486620Z
plr_fdd5c927,ezri konsa ngoyo,,,,,,2026-09-30T09:17:37.486620Z
plr_828a49f8,emiliano martínez romero,,,,,,2026-09-30T09:17:37.486620Z
plr_c0ddfee7,john mcginn,,,,,,2026-09-30T09:17:37.486620Z
plr_b1a2702e,tyrone mings,,,,,,2026-09-30T09:17:37.486620Z
plr_35e8cc10,robin olsen,,,,,,2026-09-30T09:17:37.486620Z
plr_0eb3f81a,jaden philogenebidace,,,,,,2026-09-30T09:17:37.486620Z
plr_3fbe5e4f,jacob ramsey,,,,,,2026-09-30T09:17:37.486620Z
plr_a832df72,morgan sanson,,,,,,2026-09-30T09:17:37.486620Z
plr_d0820794,viljami sinisalo,,,,,,2026-09-30T09:17:37.486620Z
plr_4f8f9036,youri tielemans,,,,,,2026-09-30T09:17:37.486620Z
plr_60782479,bertrand traoré,,,,,,2026-09-30T09:17:37.486620Z
plr_f15653cc,ollie watkins,,,,,,2026-09-30T09:17:37.486620Z
plr_a9cfec2a,wesley moraes ferreira da silva,,,,,,2026-09-30T09:17:37.486620Z
plr_54dd31eb,pau torres,,,,,,2026-09-30T09:17:37.486620Z
plr_a3eb9585,moussa diaby,,,,,,2026-09-30T09:17:37.486620Z
plr_3cbc2fac,omari kellyman,,,,,,2026-09-30T09:17:37.486620Z
plr_25c1dffc,filip marschall,,,,,,2026-09-30T09:17:37.486620Z
plr_91d5d4c5,nicolò zaniolo,,,,,,2026-09-30T09:17:37.486620Z
plr_cf68a449,oliwier zych,,,,,,2026-09-30T09:17:37.486620Z
plr_9bb801e1,clément lenglet,,,,,,2026-09-30T09:17:37.486620Z
plr_37cef216,sam proctor,,,,,,2026-09-30T09:17:37.486620Z
plr_41148411,tommi oreilly,,,,,,2026-09-30T09:17:37.486620Z
plr_3bd9f4ae,james wright,,,,,,2026-09-30T09:17:37.486620Z
plr_04e9e122,kaine keslerhayden,,,,,,2026-09-30T09:17:37.486620Z
plr_37e7e6b0,morgan rogers,,,,,,2026-09-30T09:17:37.486620Z
plr_c1a55ea2,joe gauci,,,,,,2026-09-30T09:17:37.486620Z
plr_03bcd171,finley munroe,,,,,,2026-09-30T09:17:37.486620Z
plr_2fa05a4e,kadan young,,,,,,2026-09-30T09:17:37.486620Z
plr_fa767cd8,lander emery,,,,,,2026-09-30T09:17:37.486620Z
plr_90dac523,jaidon anthony,,,,,,2026-09-30T09:17:37.486620Z
plr_528385cc,philip billing,,,,,,2026-09-30T09:17:37.486620Z
plr_fbb60d84,david brooks,,,,,,2026-09-30T09:17:37.486620Z
plr_e39c04e6,ryan christie,,,,,,2026-09-30T09:17:37.486620Z
plr_85993d76,lewis cook,,,,,,2026-09-30T09:17:37.486620Z
plr_bc810bac,siriki dembélé,,,,,,2026-09-30T09:17:37.486620Z
plr_d919b380,ryan fredericks,,,,,,2026-09-30T09:17:37.486620Z
plr_0783c96c,james hill,,,,,,2026-09-30T09:17:37.486620Z
plr_20e42a97,lloyd kelly,,,,,,2026-09-30T09:17:37.486620Z
plr_c2ff174a,gavin kilkenny,,,,,,2026-09-30T09:17:37.486620Z
plr_99db3db7,justin kluivert,,,,,,2026-09-30T09:17:37.486620Z
plr_3fb94e09,jamal lowe,,,,,,2026-09-30T09:17:37.486620Z
plr_586528df,emiliano marcondes,,,,,,2026-09-30T09:17:37.486620Z
plr_5250bdbb,chris mepham,,,,,,2026-09-30T09:17:37.486620Z
plr_ee32ee79,kieffer moore,,,,,,2026-09-30T09:17:37.486620Z
plr_a73d0509,norberto murara neto,,,,,,2026-09-30T09:17:37.486620Z
plr_dfa43dc8,dango ouattara,,,,,,2026-09-30T09:17:37.486620Z
plr_d917b926,ben pearson,,,,,,2026-09-30T09:17:37.486620Z
plr_2a905f8e,darren randolph,,,,,,2026-09-30T09:17:37.486620Z
plr_718d2b28,joe rothwell,,,,,,2026-09-30T09:17:37.486620Z
plr_bf3e5dd0,antoine semenyo,,,,,,2026-09-30T09:17:37.486620Z
plr_8efd4417,marcos senesi,,,,,,2026-09-30T09:17:37.486620Z
plr_57587b85,adam smith,,,,,,2026-09-30T09:17:37.487618Z
plr_1abe75f2,dominic solanke,,,,,,2026-09-30T09:17:37.487618Z
plr_9cbd14d0,marcus tavernier,,,,,,2026-09-30T09:17:37.487618Z
plr_9be3d18a,hamed traorè,,,,,,2026-09-30T09:17:37.487618Z
plr_c29c8afb,mark travers,,,,,,2026-09-30T09:17:37.487618Z
plr_3224ae36,illia zabarnyi,,,,,,2026-09-30T09:17:37.487618Z
plr_ba448454,milos kerkez,,,,,,2026-09-30T09:17:37.487618Z
plr_59d7b4a5,ionuț radu,,,,,,2026-09-30T09:17:37.487618Z
plr_e336b57f,ben greenwood,,,,,,2026-09-30T09:17:37.487618Z
plr_128c05ae,max aarons,,,,,,2026-09-30T09:17:37.487618Z
plr_ddf1826b,alex scott,,,,,,2026-09-30T09:17:37.487618Z
plr_f26b0bd8,tyler adams,,,,,,2026-09-30T09:17:37.487618Z
plr_88a5e71d,luis sinisterra,,,,,,2026-09-30T09:17:37.487618Z
plr_7e8f4b6a,romain faivre,,,,,,2026-09-30T09:17:37.487618Z
plr_ab20fb27,max kinsey,,,,,,2026-09-30T09:17:37.487618Z
plr_3b549fff,enes ünal,,,,,,2026-09-30T09:17:37.487618Z
plr_5b6d5544,dominic sadi,,,,,,2026-09-30T09:17:37.487618Z
plr_c139dcc0,michael dacosta gonzalez,,,,,,2026-09-30T09:17:37.487618Z
plr_7f756242,callan mckenna,,,,,,2026-09-30T09:17:37.487618Z
plr_6e94b679,kristoffer ajer,,,,,,2026-09-30T09:17:37.487618Z
plr_b59cb587,ellery balcombe,,,,,,2026-09-30T09:17:37.487618Z
plr_592cceb2,shandon baptiste,,,,,,2026-09-30T09:17:37.487618Z
plr_456cf30b,mads bech sørensen,,,,,,2026-09-30T09:17:37.487618Z
plr_e1193ad2,mads bidstrup,,,,,,2026-09-30T09:17:37.487618Z
plr_c9d918b4,sergi canós tenés,,,,,,2026-09-30T09:17:37.487618Z
plr_a444532e,nathan collins,,,,,,2026-09-30T09:17:37.487618Z
plr_7b92f494,matthew cox,,,,,,2026-09-30T09:17:37.487618Z
plr_f36221e9,mikkel damsgaard,,,,,,2026-09-30T09:17:37.487618Z
plr_cff93528,josh dasilva,,,,,,2026-09-30T09:17:37.487618Z
plr_841bd2ba,halil dervişoğlu,,,,,,2026-09-30T09:17:37.487618Z
plr_3141a054,mark flekken,,,,,,2026-09-30T09:17:37.487618Z
plr_b4cdb56e,charlie goode,,,,,,2026-09-30T09:17:37.487618Z
plr_736e0753,rico henry,,,,,,2026-09-30T09:17:37.487618Z
plr_a8ca240b,aaron hickey,,,,,,2026-09-30T09:17:37.487618Z
plr_5dbf43aa,vitaly janelt,,,,,,2026-09-30T09:17:37.487618Z
plr_7dce56e8,mathias jensen,,,,,,2026-09-30T09:17:37.487618Z
plr_6e112612,keane lewispotter,,,,,,2026-09-30T09:17:37.487618Z
plr_6b8cb429,bryan mbeumo,,,,,,2026-09-30T09:17:37.487618Z
plr_f2ceed13,ben mee,,,,,,2026-09-30T09:17:37.487618Z
plr_ff25832d,christian nørgaard,,,,,,2026-09-30T09:17:37.487618Z
plr_3845f515,frank onyeka,,,,,,2026-09-30T09:17:37.487618Z
plr_9c3d4403,ethan pinnock,,,,,,2026-09-30T09:17:37.487618Z
plr_e103eac8,mads roerslev rasmussen,,,,,,2026-09-30T09:17:37.487618Z
plr_a5415267,kevin schade,,,,,,2026-09-30T09:17:37.487618Z
plr_cf00fecd,thomas strakosha,,,,,,2026-09-30T09:17:37.487618Z
plr_10e63228,ivan toney,,,,,,2026-09-30T09:17:37.487618Z
plr_a02ba3a1,ryan trevitt,,,,,,2026-09-30T09:17:37.487618Z
plr_645c1c75,yoane wissa,,,,,,2026-09-30T09:17:37.487618Z
plr_772c3934,yegor yarmoliuk,,,,,,2026-09-30T09:17:37.487618Z
plr_620cc58c,mathias jorgensen,,,,,,2026-09-30T09:17:37.487618Z
plr_4c52490b,neal maupay,,,,,,2026-09-30T09:17:37.487618Z
plr_1d708d1c,sergio reguilón,,,,,,2026-09-30T09:17:37.487618Z
plr_e21e80ec,michael olakigbe,,,,,,2026-09-30T09:17:37.487618Z
plr_8652e4f8,ethan brierley,,,,,,2026-09-30T09:17:37.487618Z
plr_56559251,saman ghoddos,,,,,,2026-09-30T09:17:37.487618Z
plr_05f2e76d,jisoo kim,,,,,,2026-09-30T09:17:37.487618Z
plr_cad4b341,valintino adedokun,,,,,,2026-09-30T09:17:37.487618Z
plr_7f92ae29,myles peartharris,,,,,,2026-09-30T09:17:37.487618Z
plr_3705806a,vincent angelini,,,,,,2026-09-30T09:17:37.487618Z
plr_98abebb1,hákon valdimarsson,,,,,,2026-09-30T09:17:37.487618Z
plr_b2576e26,benjamin fredrick,,,,,,2026-09-30T09:17:37.487618Z
plr_73a1fe77,benjamin arthur,,,,,,2026-09-30T09:17:37.487618Z
plr_ab1de22b,yunus konak,,,,,,2026-09-30T09:17:37.487618Z
plr_35962220,simon adingra,,,,,,2026-09-30T09:17:37.487618Z
plr_b8c56e25,steven alzate,,,,,,2026-09-30T09:17:37.487618Z
plr_178a3f0f,yasin ayari,,,,,,2026-09-30T09:17:37.487618Z
plr_b631f34a,facundo buonanotte,,,,,,2026-09-30T09:17:37.487618Z
plr_038927b8,aaron connolly,,,,,,2026-09-30T09:17:37.487618Z
plr_774421a9,mahmoud dahoud,,,,,,2026-09-30T09:17:37.487618Z
plr_e4008a9b,lewis dunk,,,,,,2026-09-30T09:17:37.487618Z
plr_f819313f,julio enciso,,,,,,2026-09-30T09:17:37.487618Z
plr_23532c14,pervis estupiñán,,,,,,2026-09-30T09:17:37.487618Z
plr_501add0a,evan ferguson,,,,,,2026-09-30T09:17:37.487618Z
plr_3ecf6780,billy gilmour,,,,,,2026-09-30T09:17:37.487618Z
plr_afbd50e5,pascal groß,,,,,,2026-09-30T09:17:37.487618Z
plr_fef538b6,joão pedro junqueira de jesus,,,,,,2026-09-30T09:17:37.487618Z
plr_ad05be67,michał karbownik,,,,,,2026-09-30T09:17:37.487618Z
plr_90917245,kacper kozłowski,,,,,,2026-09-30T09:17:37.487618Z
plr_b556c718,adam lallana,,,,,,2026-09-30T09:17:37.487618Z
plr_f8c9c876,tariq lamptey,,,,,,2026-09-30T09:17:37.487618Z
plr_ad18320b,solly march,,,,,,2026-09-30T09:17:37.487618Z
plr_32a3cf44,tom mcgill,,,,,,2026-09-30T09:17:37.487618Z
plr_a472932c,james milner,,,,,,2026-09-30T09:17:37.487618Z
plr_844ddc5f,kaoru mitoma,,,,,,2026-09-30T09:17:37.487618Z
plr_1321d8c7,jakub moder,,,,,,2026-09-30T09:17:37.487618Z
plr_83d26c7c,jeremy sarmiento morante,,,,,,2026-09-30T09:17:37.487618Z
plr_2b6145fc,kjell scherpen,,,,,,2026-09-30T09:17:37.487618Z
plr_e7d14ed1,jason steele,,,,,,2026-09-30T09:17:37.487618Z
plr_b8d24625,deniz undav,,,,,,2026-09-30T09:17:37.487618Z
plr_61a0f7eb,jan paul van hecke,,,,,,2026-09-30T09:17:37.487618Z
plr_fa93fa32,joël veltman,,,,,,2026-09-30T09:17:37.487618Z
plr_e531d698,bart verbruggen,,,,,,2026-09-30T09:17:37.487618Z
plr_67d25a12,adam webster,,,,,,2026-09-30T09:17:37.488621Z
plr_911c0583,danny welbeck,,,,,,2026-09-30T09:17:37.488621Z
plr_e0451481,andi zeqiri,,,,,,2026-09-30T09:17:37.488621Z
plr_433776cb,igor julio dos santos de paulo,,,,,,2026-09-30T09:17:37.488621Z
plr_f5a7b491,jack hinshelwood,,,,,,2026-09-30T09:17:37.488621Z
plr_eb4affae,carlos baleba,,,,,,2026-09-30T09:17:37.488621Z
plr_9797c285,anssumane fati vieira,,,,,,2026-09-30T09:17:37.488621Z
plr_97c2fc80,mark omahony,,,,,,2026-09-30T09:17:37.488621Z
plr_8fd967d5,benicio bakerboaitey,,,,,,2026-09-30T09:17:37.488621Z
plr_cfaa5948,ben jackson,,,,,,2026-09-30T09:17:37.488621Z
plr_2f5a2d8c,joshua duffus,,,,,,2026-09-30T09:17:37.488621Z
plr_bc317643,leigh kavanagh,,,,,,2026-09-30T09:17:37.488621Z
plr_dcee49e1,luca barrington,,,,,,2026-09-30T09:17:37.488621Z
plr_957941ae,cameron peupion,,,,,,2026-09-30T09:17:37.488621Z
plr_b07ff5f6,valentín barco,,,,,,2026-09-30T09:17:37.488621Z
plr_790f10fc,samy chouchane,,,,,,2026-09-30T09:17:37.488621Z
plr_0dadb209,odeluga offiah,,,,,,2026-09-30T09:17:37.488621Z
plr_8c03f0d6,noël atom,,,,,,2026-09-30T09:17:37.488621Z
plr_5ca9ed30,enock agyei,,,,,,2026-09-30T09:17:37.488621Z
plr_59df7a53,ameen aldakhil,,,,,,2026-09-30T09:17:37.488621Z
plr_c19f084e,samuel bastien,,,,,,2026-09-30T09:17:37.488621Z
plr_34d84190,manuel benson hedilazio,,,,,,2026-09-30T09:17:37.488621Z
plr_79fba9f2,jordan beyer,,,,,,2026-09-30T09:17:37.488621Z
plr_b61b3c33,josh brownhill,,,,,,2026-09-30T09:17:37.488621Z
plr_ca297528,darko churlinov,,,,,,2026-09-30T09:17:37.488621Z
plr_595bbbed,jack cork,,,,,,2026-09-30T09:17:37.488621Z
plr_5e780cfe,dara costelloe,,,,,,2026-09-30T09:17:37.488621Z
plr_1748102c,josh cullen,,,,,,2026-09-30T09:17:37.488621Z
plr_345299fa,cj eganriley,,,,,,2026-09-30T09:17:37.488621Z
plr_2543826a,hjalmar ekdal,,,,,,2026-09-30T09:17:37.488621Z
plr_da274a34,lyle foster,,,,,,2026-09-30T09:17:37.488621Z
plr_f1e80354,denis franchi,,,,,,2026-09-30T09:17:37.488621Z
plr_0574d6a4,jóhann berg gudmundsson,,,,,,2026-09-30T09:17:37.488621Z
plr_8701023f,luke mcnally,,,,,,2026-09-30T09:17:37.488621Z
plr_19b2e497,arijanet muric,,,,,,2026-09-30T09:17:37.488621Z
plr_113ea339,dara oshea,,,,,,2026-09-30T09:17:37.488621Z
plr_af65216f,michael obafemi,,,,,,2026-09-30T09:17:37.488621Z
plr_90a8e100,bailey peacockfarrell,,,,,,2026-09-30T09:17:37.488621Z
plr_4000b0b1,connor roberts,,,,,,2026-09-30T09:17:37.488621Z
plr_9a96f291,jay rodriguez,,,,,,2026-09-30T09:17:37.488621Z
plr_bfc434ba,charlie taylor,,,,,,2026-09-30T09:17:37.488621Z
plr_b82fff3f,bobby thomas,,,,,,2026-09-30T09:17:37.488621Z
plr_34764d5c,scott twine,,,,,,2026-09-30T09:17:37.488621Z
plr_dffe8c53,lawrence vigouroux,,,,,,2026-09-30T09:17:37.488621Z
plr_1ff8f34c,victor da silva,,,,,,2026-09-30T09:17:37.488621Z
plr_814977c5,wout weghorst,,,,,,2026-09-30T09:17:37.488621Z
plr_a735a5d1,anass zaroury,,,,,,2026-09-30T09:17:37.488621Z
plr_d8a6d386,david datro fofana,,,,,,2026-09-30T09:17:37.488621Z
plr_67dc8f99,sander berge,,,,,,2026-09-30T09:17:37.488621Z
plr_f131bb57,zeki amdouni,,,,,,2026-09-30T09:17:37.488621Z
plr_44a81b85,james trafford,,,,,,2026-09-30T09:17:37.488621Z
plr_22074864,nathan redmond,,,,,,2026-09-30T09:17:37.488621Z
plr_1da0af35,luca koleosho,,,,,,2026-09-30T09:17:37.488621Z
plr_e73c9485,jacob bruun larsen,,,,,,2026-09-30T09:17:37.488621Z
plr_45b5a276,owen dodgson,,,,,,2026-09-30T09:17:37.488621Z
plr_5d684fab,wilson odobert,,,,,,2026-09-30T09:17:37.488621Z
plr_4c1ff445,hannes delcroix,,,,,,2026-09-30T09:17:37.488621Z
plr_331a3fc6,aaron ramsey,,,,,,2026-09-30T09:17:37.488621Z
plr_048768f4,hannoah massengo,,,,,,2026-09-30T09:17:37.488621Z
plr_13b5c9bd,mike trésor,,,,,,2026-09-30T09:17:37.488621Z
plr_54d0a7e2,lorenz assignon,,,,,,2026-09-30T09:17:37.488621Z
plr_75365851,maxime esteve,,,,,,2026-09-30T09:17:37.488621Z
plr_5db8657a,moisés caicedo corozo,,,,,,2026-09-30T09:17:37.488621Z
plr_8975f3d2,robert sánchez,,,,,,2026-09-30T09:17:37.488621Z
plr_e20bb88b,ethan ampadu,,,,,,2026-09-30T09:17:37.488621Z
plr_346b5a6e,andrey nascimento dos santos,,,,,,2026-09-30T09:17:37.488621Z
plr_0bf26dae,kepa arrizabalaga,,,,,,2026-09-30T09:17:37.488621Z
plr_39da64c6,pierreemerick aubameyang,,,,,,2026-09-30T09:17:37.488621Z
plr_c3e54f62,césar azpilicueta,,,,,,2026-09-30T09:17:37.488621Z
plr_ad140362,abdul rahman baba,,,,,,2026-09-30T09:17:37.488621Z
plr_a713119c,benoît badiashile,,,,,,2026-09-30T09:17:37.488621Z
plr_9609b195,marcus bettinelli,,,,,,2026-09-30T09:17:37.488621Z
plr_7814d14f,trevoh chalobah,,,,,,2026-09-30T09:17:37.488621Z
plr_c4981f52,ben chilwell,,,,,,2026-09-30T09:17:37.488621Z
plr_f2648a55,carney chukwuemeka,,,,,,2026-09-30T09:17:37.488621Z
plr_7bc20800,levi colwill,,,,,,2026-09-30T09:17:37.488621Z
plr_b48f4763,marc cucurella saseta,,,,,,2026-09-30T09:17:37.488621Z
plr_1f938404,enzo fernández,,,,,,2026-09-30T09:17:37.488621Z
plr_75ff11dc,wesley fofana,,,,,,2026-09-30T09:17:37.488621Z
plr_81f5ff05,conor gallagher,,,,,,2026-09-30T09:17:37.488621Z
plr_45c6fe45,malo gusto,,,,,,2026-09-30T09:17:37.488621Z
plr_401f6d7f,reece james,,,,,,2026-09-30T09:17:37.488621Z
plr_5b87b336,romelu lukaku bolingoli,,,,,,2026-09-30T09:17:37.488621Z
plr_3ce4be91,noni madueke,,,,,,2026-09-30T09:17:37.488621Z
plr_f715b84b,mykhailo mudryk,,,,,,2026-09-30T09:17:37.488621Z
plr_9b9c9277,nicolas jackson,,,,,,2026-09-30T09:17:37.488621Z
plr_beb30cf4,christopher nkunku,,,,,,2026-09-30T09:17:37.488621Z
plr_dcb06da4,christian pulisic,,,,,,2026-09-30T09:17:37.488621Z
plr_ebad4f64,malang sarr,,,,,,2026-09-30T09:17:37.488621Z
plr_090886b0,gabriel słonina,,,,,,2026-09-30T09:17:37.488621Z
plr_35b30eb7,raheem sterling,,,,,,2026-09-30T09:17:37.488621Z
plr_ebfa8274,thiago emiliano da silva,,,,,,2026-09-30T09:17:37.488621Z
plr_011d3b02,hakim ziyech,,,,,,2026-09-30T09:17:37.488621Z
plr_39403ffa,cole palmer,,,,,,2026-09-30T09:17:37.488621Z
plr_04265c21,ângelo gabriel borges damaceno,,,,,,2026-09-30T09:17:37.488621Z
plr_ef9c1fbd,ian maatsen,,,,,,2026-09-30T09:17:37.488621Z
plr_0aa2751b,axel disasi,,,,,,2026-09-30T09:17:37.488621Z
plr_3a536250,lesley ugochukwu,,,,,,2026-09-30T09:17:37.488621Z
plr_66f82ae3,mason burstow,,,,,,2026-09-30T09:17:37.488621Z
plr_bc991cb2,lucas bergström,,,,,,2026-09-30T09:17:37.488621Z
plr_89722a4a,roméo lavia,,,,,,2026-09-30T09:17:37.489654Z
plr_17df4691,bashir humphreys,,,,,,2026-09-30T09:17:37.489654Z
plr_ee71a980,deivid washington de souza eugênio,,,,,,2026-09-30T09:17:37.489654Z
plr_f0a9be97,eddie beach,,,,,,2026-09-30T09:17:37.489654Z
plr_17c150d5,diego manuel jadon da silva moreira,,,,,,2026-09-30T09:17:37.489654Z
plr_891abad5,đorđe petrović,,,,,,2026-09-30T09:17:37.489654Z
plr_11b628f3,alfie gilchrist,,,,,,2026-09-30T09:17:37.489654Z
plr_f004c59a,ronnie stutter,,,,,,2026-09-30T09:17:37.489654Z
plr_14349030,alex matos,,,,,,2026-09-30T09:17:37.489654Z
plr_d8301044,josh brooking,,,,,,2026-09-30T09:17:37.489654Z
plr_fc316fc3,leo castledine,,,,,,2026-09-30T09:17:37.489654Z
plr_d940c44e,cesare casadei,,,,,,2026-09-30T09:17:37.489654Z
plr_96dd0d58,ishé samuelssmith,,,,,,2026-09-30T09:17:37.489654Z
plr_912a2728,ollie harrison,,,,,,2026-09-30T09:17:37.489654Z
plr_6bb58d31,jimi tauriainen,,,,,,2026-09-30T09:17:37.489654Z
plr_478d418b,josh acheampong,,,,,,2026-09-30T09:17:37.489654Z
plr_3d4c41e5,teddy sharmanlowe,,,,,,2026-09-30T09:17:37.489654Z
plr_1585a066,tyrique george,,,,,,2026-09-30T09:17:37.489654Z
plr_0e4d9b02,kiano dyer,,,,,,2026-09-30T09:17:37.489654Z
plr_cd8a52b5,ted curd,,,,,,2026-09-30T09:17:37.489654Z
plr_5fb2ccac,zak sturge,,,,,,2026-09-30T09:17:37.489654Z
plr_77d6e71a,rob holding,,,,,,2026-09-30T09:17:37.489654Z
plr_8aa1da20,naouirou ahamada,,,,,,2026-09-30T09:17:37.489654Z
plr_fbb468e5,joachim andersen,,,,,,2026-09-30T09:17:37.489654Z
plr_bd3b7276,jordan ayew,,,,,,2026-09-30T09:17:37.489654Z
plr_7dcdaaad,nathaniel clyne,,,,,,2026-09-30T09:17:37.489654Z
plr_1d6e2281,cheick doucouré,,,,,,2026-09-30T09:17:37.489654Z
plr_7e8016e7,malcolm ebiowei,,,,,,2026-09-30T09:17:37.489654Z
plr_1e733afd,odsonne edouard,,,,,,2026-09-30T09:17:37.489654Z
plr_e98a09a8,eberechi eze,,,,,,2026-09-30T09:17:37.489654Z
plr_c4e063a2,vicente guaita,,,,,,2026-09-30T09:17:37.489654Z
plr_c53112f5,marc guéhi,,,,,,2026-09-30T09:17:37.489654Z
plr_920fed55,will hughes,,,,,,2026-09-30T09:17:37.489654Z
plr_db68a922,sam johnstone,,,,,,2026-09-30T09:17:37.489654Z
plr_aebc44aa,jefferson lerma solís,,,,,,2026-09-30T09:17:37.489654Z
plr_4a053b1b,jeanphilippe mateta,,,,,,2026-09-30T09:17:37.489654Z
plr_f4887cb4,remi matthews,,,,,,2026-09-30T09:17:37.489654Z
plr_d050c644,tyrick mitchell,,,,,,2026-09-30T09:17:37.489654Z
plr_0c5f9973,jake obrien,,,,,,2026-09-30T09:17:37.489654Z
plr_da9863e1,michael olise,,,,,,2026-09-30T09:17:37.489654Z
plr_ffd57906,luke plange,,,,,,2026-09-30T09:17:37.489654Z
plr_36ac4f5e,chris richards,,,,,,2026-09-30T09:17:37.489654Z
plr_eebf50b6,jairo riedewald,,,,,,2026-09-30T09:17:37.489654Z
plr_c67604e0,jeffrey schlupp,,,,,,2026-09-30T09:17:37.489654Z
plr_35d96fef,james tomkins,,,,,,2026-09-30T09:17:37.489654Z
plr_d4cc85c4,joel ward,,,,,,2026-09-30T09:17:37.489654Z
plr_57e03ec0,joe whitworth,,,,,,2026-09-30T09:17:37.489654Z
plr_b25d2407,dean henderson,,,,,,2026-09-30T09:17:37.489654Z
plr_131aac25,matheus frança de oliveira,,,,,,2026-09-30T09:17:37.489654Z
plr_9ec817fb,jesurun raksakyi,,,,,,2026-09-30T09:17:37.489654Z
plr_3a14fecb,johnkymani gordon,,,,,,2026-09-30T09:17:37.489654Z
plr_e8fa6e9a,ademola olaadebomi,,,,,,2026-09-30T09:17:37.489654Z
plr_a07b71fc,david ozoh,,,,,,2026-09-30T09:17:37.489654Z
plr_19e057de,jadan raymond,,,,,,2026-09-30T09:17:37.489654Z
plr_2d67dca1,tayo adaramola,,,,,,2026-09-30T09:17:37.489654Z
plr_b960d849,daniel muñoz,,,,,,2026-09-30T09:17:37.489654Z
plr_d713726c,adam wharton,,,,,,2026-09-30T09:17:37.489654Z
plr_16e3af0b,franco umehchibueze,,,,,,2026-09-30T09:17:37.489654Z
plr_f06e48b5,kaden rodney,,,,,,2026-09-30T09:17:37.489654Z
plr_f94c6521,roshaun mathurin,,,,,,2026-09-30T09:17:37.489654Z
plr_868902ff,andré tavares gomes,,,,,,2026-09-30T09:17:37.489654Z
plr_3a4c3f3a,jarrad branthwaite,,,,,,2026-09-30T09:17:37.489654Z
plr_50f83976,dominic calvertlewin,,,,,,2026-09-30T09:17:37.489654Z
plr_03d5d20f,seamus coleman,,,,,,2026-09-30T09:17:37.489654Z
plr_1fd34346,dele alli,,,,,,2026-09-30T09:17:37.489654Z
plr_919fc8a9,abdoulaye doucouré,,,,,,2026-09-30T09:17:37.489654Z
plr_eac70acc,james garner,,,,,,2026-09-30T09:17:37.489654Z
plr_c53f6349,jeanphilippe gbamin,,,,,,2026-09-30T09:17:37.489654Z
plr_d541c3f9,ben godfrey,,,,,,2026-09-30T09:17:37.489654Z
plr_34782e93,demarai gray,,,,,,2026-09-30T09:17:37.489654Z
plr_1eaa4eff,idrissa gueye,,,,,,2026-09-30T09:17:37.489654Z
plr_b6ee548a,michael keane,,,,,,2026-09-30T09:17:37.489654Z
plr_19a9f8d4,dwight mcneil,,,,,,2026-09-30T09:17:37.489654Z
plr_3388d184,vitalii mykolenko,,,,,,2026-09-30T09:17:37.489654Z
plr_41b18088,amadou onana,,,,,,2026-09-30T09:17:37.489654Z
plr_14b6d4e6,nathan patterson,,,,,,2026-09-30T09:17:37.489654Z
plr_c80a09ce,jordan pickford,,,,,,2026-09-30T09:17:37.489654Z
plr_d6116fcd,ellis simms,,,,,,2026-09-30T09:17:37.489654Z
plr_6ddf1aff,james tarkowski,,,,,,2026-09-30T09:17:37.489654Z
plr_8d1df5c0,joão neves virgínia,,,,,,2026-09-30T09:17:37.489654Z
plr_104d8f9b,andy lonergan,,,,,,2026-09-30T09:17:37.489654Z
plr_9968036e,ashley young,,,,,,2026-09-30T09:17:37.489654Z
plr_6a88e717,arnaut danjuma groeneveld,,,,,,2026-09-30T09:17:37.489654Z
plr_dbd8d6fd,lewis dobbin,,,,,,2026-09-30T09:17:37.489654Z
plr_08acd630,youssef ramalho chermiti,,,,,,2026-09-30T09:17:37.489654Z
plr_509c14eb,thomas cannon,,,,,,2026-09-30T09:17:37.489654Z
plr_16631648,tyler onyango,,,,,,2026-09-30T09:17:37.489654Z
plr_11ca8847,jack harrison,,,,,,2026-09-30T09:17:37.489654Z
plr_cdc6a54e,norberto bercique gomes betuncal,,,,,,2026-09-30T09:17:37.489654Z
plr_dea664c1,mackenzie hunt,,,,,,2026-09-30T09:17:37.489654Z
plr_4a1f95fa,jenson metcalfe,,,,,,2026-09-30T09:17:37.489654Z
plr_49338d5a,elijah campbell,,,,,,2026-09-30T09:17:37.489654Z
plr_bc456b0b,lewis warrington,,,,,,2026-09-30T09:17:37.489654Z
plr_bfd414ae,billy crellin,,,,,,2026-09-30T09:17:37.489654Z
plr_fdc5a46d,armando broja,,,,,,2026-09-30T09:17:37.489654Z
plr_9d8596d1,alex iwobi,,,,,,2026-09-30T09:17:37.489654Z
plr_b9bc17db,andreas hoelgebaum pereira,,,,,,2026-09-30T09:17:37.489654Z
plr_b053043a,tom cairney,,,,,,2026-09-30T09:17:37.489654Z
plr_a812986b,ivan neves abreu cavaleiro,,,,,,2026-09-30T09:17:37.490619Z
plr_cb6ffaf4,bobby de cordovareid,,,,,,2026-09-30T09:17:37.490619Z
plr_a6443ea6,issa diop,,,,,,2026-09-30T09:17:37.490619Z
plr_b81c3d9d,tyrese francois,,,,,,2026-09-30T09:17:37.490619Z
plr_75de164b,anthony knockaert,,,,,,2026-09-30T09:17:37.490619Z
plr_6f85373c,terence kongolo,,,,,,2026-09-30T09:17:37.490619Z
plr_fb2bb5ba,bernd leno,,,,,,2026-09-30T09:17:37.490619Z
plr_92a45302,saša lukić,,,,,,2026-09-30T09:17:37.490619Z
plr_94dc70f3,kevin mbabu,,,,,,2026-09-30T09:17:37.490619Z
plr_3b886ee0,aleksandar mitrović,,,,,,2026-09-30T09:17:37.490619Z
plr_cba255a8,rodrigo muniz carvalho,,,,,,2026-09-30T09:17:37.490619Z
plr_e062fd23,joão palhinha gonçalves,,,,,,2026-09-30T09:17:37.490619Z
plr_d5f2c09c,tim ream,,,,,,2026-09-30T09:17:37.490619Z
plr_f0a1f26f,harrison reed,,,,,,2026-09-30T09:17:37.490619Z
plr_d4f85289,antonee robinson,,,,,,2026-09-30T09:17:37.490619Z
plr_0e1f5448,marek rodák,,,,,,2026-09-30T09:17:37.490619Z
plr_f94b9100,kenny tete,,,,,,2026-09-30T09:17:37.490619Z
plr_1461cfe6,tosin adarabioyo,,,,,,2026-09-30T09:17:37.490619Z
plr_f6be2e46,carlos vinícius alves morais,,,,,,2026-09-30T09:17:37.490619Z
plr_2168d3a4,harry wilson,,,,,,2026-09-30T09:17:37.490619Z
plr_e593126a,raúl jiménez,,,,,,2026-09-30T09:17:37.490619Z
plr_66a5ea5c,willian borges da silva,,,,,,2026-09-30T09:17:37.490619Z
plr_de2041af,calvin bassey,,,,,,2026-09-30T09:17:37.490619Z
plr_5882b917,luc de fougerolles,,,,,,2026-09-30T09:17:37.490619Z
plr_0d0838ec,jay stansfield,,,,,,2026-09-30T09:17:37.490619Z
plr_c5f0a9f8,matthew dibleydias,,,,,,2026-09-30T09:17:37.490619Z
plr_39d20cf8,adama traoré,,,,,,2026-09-30T09:17:37.490619Z
plr_b4442ab0,luke harris,,,,,,2026-09-30T09:17:37.490619Z
plr_945b4234,timothy castagne,,,,,,2026-09-30T09:17:37.490619Z
plr_0dcfd3d8,steven benda,,,,,,2026-09-30T09:17:37.490619Z
plr_351650ef,fodé ballotouré,,,,,,2026-09-30T09:17:37.490619Z
plr_a784b70c,devan tanton,,,,,,2026-09-30T09:17:37.490619Z
plr_244b3a0f,kristian sekularac,,,,,,2026-09-30T09:17:37.490619Z
plr_c5cf491a,joshua king,,,,,,2026-09-30T09:17:37.490619Z
plr_b70c6061,adrián san miguel del castillo,,,,,,2026-09-30T09:17:37.490619Z
plr_f3e9124c,trent alexanderarnold,,,,,,2026-09-30T09:17:37.490619Z
plr_94fbaeb1,alisson ramses becker,,,,,,2026-09-30T09:17:37.490619Z
plr_d2362551,stefan bajcetic,,,,,,2026-09-30T09:17:37.490619Z
plr_1cb72843,darwin núñez ribeiro,,,,,,2026-09-30T09:17:37.490619Z
plr_39052713,diogo teixeira da silva,,,,,,2026-09-30T09:17:37.490619Z
plr_a46fcd0c,harvey elliott,,,,,,2026-09-30T09:17:37.490619Z
plr_3192e8cf,fabio henrique tavares,,,,,,2026-09-30T09:17:37.490619Z
plr_03430439,cody gakpo,,,,,,2026-09-30T09:17:37.490619Z
plr_80da3bc9,joe gomez,,,,,,2026-09-30T09:17:37.490619Z
plr_2dea94da,jordan henderson,,,,,,2026-09-30T09:17:37.490619Z
plr_a78552a3,curtis jones,,,,,,2026-09-30T09:17:37.490619Z
plr_27e4c774,caoimhin kelleher,,,,,,2026-09-30T09:17:37.490619Z
plr_c2d380de,ibrahima konaté,,,,,,2026-09-30T09:17:37.490619Z
plr_7ea69b46,luis díaz,,,,,,2026-09-30T09:17:37.490619Z
plr_f0ecbcfd,alexis mac allister,,,,,,2026-09-30T09:17:37.490619Z
plr_2d5b2678,joel matip,,,,,,2026-09-30T09:17:37.490619Z
plr_4b766852,nathaniel phillips,,,,,,2026-09-30T09:17:37.490619Z
plr_2715f9e4,andrew robertson,,,,,,2026-09-30T09:17:37.490619Z
plr_d399e6e6,mohamed salah,,,,,,2026-09-30T09:17:37.490619Z
plr_23598da1,dominik szoboszlai,,,,,,2026-09-30T09:17:37.490619Z
plr_4b2b1360,thiago alcántara do nascimento,,,,,,2026-09-30T09:17:37.490619Z
plr_0644df2e,konstantinos tsimikas,,,,,,2026-09-30T09:17:37.490619Z
plr_fa63041f,sepp van den berg,,,,,,2026-09-30T09:17:37.490619Z
plr_d0bb1a9d,virgil van dijk,,,,,,2026-09-30T09:17:37.490619Z
plr_3ba42f3c,jarell quansah,,,,,,2026-09-30T09:17:37.490619Z
plr_3fd5584b,bobby clark,,,,,,2026-09-30T09:17:37.490619Z
plr_3c2e4585,ben doak,,,,,,2026-09-30T09:17:37.490619Z
plr_aab9aa93,james mcconnell,,,,,,2026-09-30T09:17:37.490619Z
plr_3265d6f8,wataru endo,,,,,,2026-09-30T09:17:37.490619Z
plr_04cb4d7a,ryan gravenberch,,,,,,2026-09-30T09:17:37.490619Z
plr_6aa0551f,luke chambers,,,,,,2026-09-30T09:17:37.490619Z
plr_b6e38b42,callum scanlon,,,,,,2026-09-30T09:17:37.490619Z
plr_8bc0b2b8,treymaurice nyoni,,,,,,2026-09-30T09:17:37.490619Z
plr_33954121,marcelo de araújo pitaluga filho,,,,,,2026-09-30T09:17:37.490619Z
plr_e4b19841,conor bradley,,,,,,2026-09-30T09:17:37.490619Z
plr_ed0f6372,owen beck,,,,,,2026-09-30T09:17:37.490619Z
plr_3e3436c1,kaide gordon,,,,,,2026-09-30T09:17:37.490619Z
plr_4b7f03ff,lewis koumas,,,,,,2026-09-30T09:17:37.490619Z
plr_024990bc,fabian mrozek,,,,,,2026-09-30T09:17:37.490619Z
plr_473e62f1,jayden danns,,,,,,2026-09-30T09:17:37.490619Z
plr_ce197312,amara nallo,,,,,,2026-09-30T09:17:37.490619Z
plr_02df8058,albert sambi lokonga,,,,,,2026-09-30T09:17:37.490619Z
plr_05aa6b0c,marvelous nakamba,,,,,,2026-09-30T09:17:37.490619Z
plr_5b2d49fe,elijah adebayo,,,,,,2026-09-30T09:17:37.490619Z
plr_0fcfa383,mads juel andersen,,,,,,2026-09-30T09:17:37.490619Z
plr_a7d0ee82,amarii bell,,,,,,2026-09-30T09:17:37.490619Z
plr_93026676,luke berry,,,,,,2026-09-30T09:17:37.490619Z
plr_b71ee2e8,reece burke,,,,,,2026-09-30T09:17:37.490619Z
plr_eb099f93,allan campbell,,,,,,2026-09-30T09:17:37.490619Z
plr_2751eec7,jordan clark,,,,,,2026-09-30T09:17:37.490619Z
plr_6923166f,alfie doughty,,,,,,2026-09-30T09:17:37.490619Z
plr_d6e069af,luke freeman,,,,,,2026-09-30T09:17:37.490619Z
plr_9f2cbe37,matt macey,,,,,,2026-09-30T09:17:37.490619Z
plr_9337da7c,john mcatee,,,,,,2026-09-30T09:17:37.490619Z
plr_ca1233bf,carlos mendes gomes,,,,,,2026-09-30T09:17:37.490619Z
plr_77c10159,carlton morris,,,,,,2026-09-30T09:17:37.490619Z
plr_b48d4fca,admiral muskwe,,,,,,2026-09-30T09:17:37.490619Z
plr_810cfff7,chiedozie ogbene,,,,,,2026-09-30T09:17:37.490619Z
plr_a7cfa065,fred onyedinma,,,,,,2026-09-30T09:17:37.490619Z
plr_f940e66d,gabriel osho,,,,,,2026-09-30T09:17:37.490619Z
plr_38111403,aribim pepple,,,,,,2026-09-30T09:17:37.490619Z
plr_2f824001,dion pereira,,,,,,2026-09-30T09:17:37.490619Z
plr_7fcd4ae2,dan potts,,,,,,2026-09-30T09:17:37.490619Z
plr_fdbad79e,glen rea,,,,,,2026-09-30T09:17:37.490619Z
plr_df3cd601,james shea,,,,,,2026-09-30T09:17:37.490619Z
plr_bef2f1bc,joe taylor,,,,,,2026-09-30T09:17:37.490619Z
plr_ad12d80c,elliot thorpe,,,,,,2026-09-30T09:17:37.491651Z
plr_17bf10da,jack walton,,,,,,2026-09-30T09:17:37.491651Z
plr_4db9538a,louie watson,,,,,,2026-09-30T09:17:37.491651Z
plr_19f13b01,cauley woodrow,,,,,,2026-09-30T09:17:37.491651Z
plr_df21ed6d,teden mengi,,,,,,2026-09-30T09:17:37.491651Z
plr_1f8d2077,ryan giles,,,,,,2026-09-30T09:17:37.491651Z
plr_24b83676,tom lockyer,,,,,,2026-09-30T09:17:37.491651Z
plr_f5d3d85a,pelly ruddock mpanzu,,,,,,2026-09-30T09:17:37.491651Z
plr_dc11c3e1,tahith chong,,,,,,2026-09-30T09:17:37.491651Z
plr_4618484c,issa kaboré,,,,,,2026-09-30T09:17:37.491651Z
plr_49f86cd2,thomas kaminski,,,,,,2026-09-30T09:17:37.491651Z
plr_2720425b,ross barkley,,,,,,2026-09-30T09:17:37.491651Z
plr_f7afba62,jacob brown,,,,,,2026-09-30T09:17:37.491651Z
plr_0b235c38,aidan francisclarke,,,,,,2026-09-30T09:17:37.491651Z
plr_69204d80,tim krul,,,,,,2026-09-30T09:17:37.491651Z
plr_cfcda215,joseph johnson,,,,,,2026-09-30T09:17:37.491651Z
plr_1f5ea9c1,andros townsend,,,,,,2026-09-30T09:17:37.491651Z
plr_7258184b,jayden luker,,,,,,2026-09-30T09:17:37.491651Z
plr_5eae5590,zack nelson,,,,,,2026-09-30T09:17:37.491651Z
plr_2ec535be,daiki hashioka,,,,,,2026-09-30T09:17:37.491651Z
plr_202a0080,axel piesold,,,,,,2026-09-30T09:17:37.491651Z
plr_d918470c,dominic dos santos martins,,,,,,2026-09-30T09:17:37.491651Z
plr_2faf32da,christian chigozie,,,,,,2026-09-30T09:17:37.491651Z
plr_15d8ad6b,taylan harris,,,,,,2026-09-30T09:17:37.491651Z
plr_da97857f,manuel akanji,,,,,,2026-09-30T09:17:37.491651Z
plr_21d835c5,nathan aké,,,,,,2026-09-30T09:17:37.491651Z
plr_7d5bd23d,julián álvarez,,,,,,2026-09-30T09:17:37.491651Z
plr_5f232e15,bernardo veiga de carvalho e silva,,,,,,2026-09-30T09:17:37.491651Z
plr_819754ee,oscar bobb,,,,,,2026-09-30T09:17:37.491651Z
plr_89b30c85,joão cancelo,,,,,,2026-09-30T09:17:37.491651Z
plr_79729896,scott carson,,,,,,2026-09-30T09:17:37.491651Z
plr_ef5daeed,shea charles,,,,,,2026-09-30T09:17:37.491651Z
plr_3afd0eee,kevin de bruyne,,,,,,2026-09-30T09:17:37.491651Z
plr_532782b3,rúben gato alves dias,,,,,,2026-09-30T09:17:37.491651Z
plr_55684962,ederson santana de moraes,,,,,,2026-09-30T09:17:37.491651Z
plr_8c1c5347,phil foden,,,,,,2026-09-30T09:17:37.491651Z
plr_aab2cf44,jack grealish,,,,,,2026-09-30T09:17:37.491651Z
plr_a0199bde,erling haaland,,,,,,2026-09-30T09:17:37.491651Z
plr_d0d93eab,mateo kovačić,,,,,,2026-09-30T09:17:37.491651Z
plr_ff2dc23c,aymeric laporte,,,,,,2026-09-30T09:17:37.491651Z
plr_40cd4f4b,rico lewis,,,,,,2026-09-30T09:17:37.491651Z
plr_20bb915c,riyad mahrez,,,,,,2026-09-30T09:17:37.491651Z
plr_f4085e4b,stefan ortega moreno,,,,,,2026-09-30T09:17:37.491651Z
plr_c6fd3685,máximo perrone,,,,,,2026-09-30T09:17:37.491651Z
plr_cdb288e7,rodrigo hernandez,,,,,,2026-09-30T09:17:37.491651Z
plr_e00749fe,sergio gómez,,,,,,2026-09-30T09:17:37.491651Z
plr_68564777,zack steffen,,,,,,2026-09-30T09:17:37.491651Z
plr_fc698e78,john stones,,,,,,2026-09-30T09:17:37.491651Z
plr_1168f49d,kyle walker,,,,,,2026-09-30T09:17:37.491651Z
plr_267f4aba,matheus luiz nunes,,,,,,2026-09-30T09:17:37.491651Z
plr_7389369a,joško gvardiol,,,,,,2026-09-30T09:17:37.491651Z
plr_65d1cc40,jérémy doku,,,,,,2026-09-30T09:17:37.491651Z
plr_73836604,mahamadou susoho,,,,,,2026-09-30T09:17:37.491651Z
plr_1fa5ce1b,micah hamilton,,,,,,2026-09-30T09:17:37.491651Z
plr_3b66cede,jacob wright,,,,,,2026-09-30T09:17:37.491651Z
plr_746e13ca,mason mount,,,,,,2026-09-30T09:17:37.491651Z
plr_06ce3d0d,alex telles,,,,,,2026-09-30T09:17:37.491651Z
plr_eaed8f2d,amad diallo,,,,,,2026-09-30T09:17:37.491651Z
plr_c8f755d2,antony matheus dos santos,,,,,,2026-09-30T09:17:37.491651Z
plr_82b51359,bruno borges fernandes,,,,,,2026-09-30T09:17:37.491651Z
plr_3c06a2c6,brandon williams,,,,,,2026-09-30T09:17:37.491651Z
plr_560fd6de,eric bailly,,,,,,2026-09-30T09:17:37.491651Z
plr_fde44a1d,carlos henrique casimiro,,,,,,2026-09-30T09:17:37.491651Z
plr_712fd7c6,diogo dalot teixeira,,,,,,2026-09-30T09:17:37.491651Z
plr_bcaf28f5,christian eriksen,,,,,,2026-09-30T09:17:37.491651Z
plr_21d1df9a,álvaro fernández carreras,,,,,,2026-09-30T09:17:37.491651Z
plr_c1074816,frederico rodrigues de paula santos,,,,,,2026-09-30T09:17:37.491651Z
plr_89b5c579,alejandro garnacho,,,,,,2026-09-30T09:17:37.491651Z
plr_9b078cbf,hannibal mejbri,,,,,,2026-09-30T09:17:37.491651Z
plr_f7c41a13,tom heaton,,,,,,2026-09-30T09:17:37.491651Z
plr_2d949f89,victor lindelöf,,,,,,2026-09-30T09:17:37.491651Z
plr_c45dc35c,harry maguire,,,,,,2026-09-30T09:17:37.491651Z
plr_df2262af,kobbie mainoo,,,,,,2026-09-30T09:17:37.491651Z
plr_5881ec17,tyrell malacia,,,,,,2026-09-30T09:17:37.491651Z
plr_016b7794,anthony martial,,,,,,2026-09-30T09:17:37.491651Z
plr_9308a2ab,lisandro martínez,,,,,,2026-09-30T09:17:37.491651Z
plr_1603a487,scott mctominay,,,,,,2026-09-30T09:17:37.491651Z
plr_5f006dca,facundo pellistri rebollo,,,,,,2026-09-30T09:17:37.491651Z
plr_59c0bf11,raphaël varane,,,,,,2026-09-30T09:17:37.491651Z
plr_09011e91,marcus rashford,,,,,,2026-09-30T09:17:37.491651Z
plr_a60fbec3,jadon sancho,,,,,,2026-09-30T09:17:37.491651Z
plr_e471e6f0,luke shaw,,,,,,2026-09-30T09:17:37.491651Z
plr_0c3913f8,shola shoretire,,,,,,2026-09-30T09:17:37.491651Z
plr_c070603f,donny van de beek,,,,,,2026-09-30T09:17:37.491651Z
plr_139769ff,aaron wanbissaka,,,,,,2026-09-30T09:17:37.491651Z
plr_abaddb2c,andré onana,,,,,,2026-09-30T09:17:37.491651Z
plr_4f9047c3,rasmus højlund,,,,,,2026-09-30T09:17:37.491651Z
plr_ebe5a85e,omari forson,,,,,,2026-09-30T09:17:37.491651Z
plr_9b36c7de,radek vítek,,,,,,2026-09-30T09:17:37.491651Z
plr_d61950c6,daniel gore,,,,,,2026-09-30T09:17:37.491651Z
plr_380a5e84,altay bayindir,,,,,,2026-09-30T09:17:37.491651Z
plr_4d3219d2,jonny evans,,,,,,2026-09-30T09:17:37.491651Z
plr_1156a98f,sofyan amrabat,,,,,,2026-09-30T09:17:37.491651Z
plr_9905bc85,joe hugill,,,,,,2026-09-30T09:17:37.491651Z
plr_1eb600b3,willy kambwala,,,,,,2026-09-30T09:17:37.491651Z
plr_5bd6bce7,rhys bennett,,,,,,2026-09-30T09:17:37.491651Z
plr_2fbfe1aa,toby collyer,,,,,,2026-09-30T09:17:37.492655Z
plr_f5b27a60,habeeb ogunneye,,,,,,2026-09-30T09:17:37.492655Z
plr_b343c07a,dermot mee,,,,,,2026-09-30T09:17:37.492655Z
plr_a2b3da4a,harry amass,,,,,,2026-09-30T09:17:37.492655Z
plr_7d57be91,ethan wheatley,,,,,,2026-09-30T09:17:37.492655Z
plr_5ce5b3c5,louis jackson,,,,,,2026-09-30T09:17:37.492655Z
plr_1bb46c3b,lewis hall,,,,,,2026-09-30T09:17:37.492655Z
plr_3d137bca,miguel almirón rejala,,,,,,2026-09-30T09:17:37.492655Z
plr_cdbe99ed,elliot anderson,,,,,,2026-09-30T09:17:37.492655Z
plr_63e68b5f,harrison ashby,,,,,,2026-09-30T09:17:37.492655Z
plr_cf6fc630,sven botman,,,,,,2026-09-30T09:17:37.492655Z
plr_eb303e42,bruno guimarães rodriguez moura,,,,,,2026-09-30T09:17:37.492655Z
plr_c41b60f7,dan burn,,,,,,2026-09-30T09:17:37.492655Z
plr_36f524c4,karl darlow,,,,,,2026-09-30T09:17:37.492655Z
plr_7ecda783,martin dubravka,,,,,,2026-09-30T09:17:37.492655Z
plr_172b9567,ryan fraser,,,,,,2026-09-30T09:17:37.492655Z
plr_d4be5e10,mark gillespie,,,,,,2026-09-30T09:17:37.492655Z
plr_d51feeea,anthony gordon,,,,,,2026-09-30T09:17:37.492655Z
plr_650def45,isaac hayden,,,,,,2026-09-30T09:17:37.492655Z
plr_3824beac,jeff hendrick,,,,,,2026-09-30T09:17:37.492655Z
plr_8ab0b246,alexander isak,,,,,,2026-09-30T09:17:37.492655Z
plr_84d3bbbd,joelinton cássio apolinário de lira,,,,,,2026-09-30T09:17:37.492655Z
plr_cedc74e6,emil krafth,,,,,,2026-09-30T09:17:37.492655Z
plr_4b44e80c,garang kuol,,,,,,2026-09-30T09:17:37.492655Z
plr_49c89a41,jamaal lascelles,,,,,,2026-09-30T09:17:37.492655Z
plr_6b8410fd,jamal lewis,,,,,,2026-09-30T09:17:37.492655Z
plr_2603fc25,sean longstaff,,,,,,2026-09-30T09:17:37.492655Z
plr_1a3b45c6,javier manquillo gaitán,,,,,,2026-09-30T09:17:37.492655Z
plr_d7a075fd,jacob murphy,,,,,,2026-09-30T09:17:37.492655Z
plr_14b72ddd,nick pope,,,,,,2026-09-30T09:17:37.492655Z
plr_1108a080,matt ritchie,,,,,,2026-09-30T09:17:37.492655Z
plr_b153d335,allan saintmaximin,,,,,,2026-09-30T09:17:37.492655Z
plr_0186915a,fabian schär,,,,,,2026-09-30T09:17:37.492655Z
plr_f624416e,matt targett,,,,,,2026-09-30T09:17:37.492655Z
plr_7585e319,sandro tonali,,,,,,2026-09-30T09:17:37.492655Z
plr_5bef49ad,kieran trippier,,,,,,2026-09-30T09:17:37.492655Z
plr_cf66e3de,kell watts,,,,,,2026-09-30T09:17:37.492655Z
plr_a4d94f49,joe willock,,,,,,2026-09-30T09:17:37.492655Z
plr_9eab4259,callum wilson,,,,,,2026-09-30T09:17:37.492655Z
plr_06eefba9,loris karius,,,,,,2026-09-30T09:17:37.492655Z
plr_27b7c1a7,paul dummett,,,,,,2026-09-30T09:17:37.492655Z
plr_de12d9ad,harvey barnes,,,,,,2026-09-30T09:17:37.492655Z
plr_5196037c,tino livramento,,,,,,2026-09-30T09:17:37.492655Z
plr_73b7c267,alex murphy,,,,,,2026-09-30T09:17:37.492655Z
plr_5911ea05,lewis miley,,,,,,2026-09-30T09:17:37.492655Z
plr_300f6d59,amadou diallo,,,,,,2026-09-30T09:17:37.492655Z
plr_e262db50,ben parkinson,,,,,,2026-09-30T09:17:37.492655Z
plr_7d9f28b1,michael ndiweni,,,,,,2026-09-30T09:17:37.492655Z
plr_3027003a,joe white,,,,,,2026-09-30T09:17:37.492655Z
plr_9a36ccca,travis hernes,,,,,,2026-09-30T09:17:37.492655Z
plr_d1d2bda4,nuno varela tavares,,,,,,2026-09-30T09:17:37.492655Z
plr_d1219c67,matt turner,,,,,,2026-09-30T09:17:37.492655Z
plr_a0c9592b,callum hudsonodoi,,,,,,2026-09-30T09:17:37.492655Z
plr_ef873c68,anthony elanga,,,,,,2026-09-30T09:17:37.492655Z
plr_6dfaaedd,brandon aguilera zamora,,,,,,2026-09-30T09:17:37.492655Z
plr_a3391c2d,harry arter,,,,,,2026-09-30T09:17:37.492655Z
plr_4d1473a3,serge aurier,,,,,,2026-09-30T09:17:37.492655Z
plr_eb9bc35d,taiwo awoniyi,,,,,,2026-09-30T09:17:37.492655Z
plr_0e0e4d31,giulian biancone,,,,,,2026-09-30T09:17:37.492655Z
plr_6c5da2de,willy boly,,,,,,2026-09-30T09:17:37.492655Z
plr_90b9a28f,josh bowler,,,,,,2026-09-30T09:17:37.492655Z
plr_39f8213c,steve cook,,,,,,2026-09-30T09:17:37.492655Z
plr_804994db,danilo dos santos de oliveira,,,,,,2026-09-30T09:17:37.492655Z
plr_01708bfc,emmanuel dennis,,,,,,2026-09-30T09:17:37.492655Z
plr_9e1a541b,mohamed dräger,,,,,,2026-09-30T09:17:37.492655Z
plr_83f2de2d,felipe augusto de almeida monteiro,,,,,,2026-09-30T09:17:37.492655Z
plr_9bf89eba,remo freuler,,,,,,2026-09-30T09:17:37.492655Z
plr_63f0d523,morgan gibbswhite,,,,,,2026-09-30T09:17:37.492655Z
plr_fa83f982,wayne hennessey,,,,,,2026-09-30T09:17:37.492655Z
plr_847db346,ethan horvath,,,,,,2026-09-30T09:17:37.492655Z
plr_6fb4c6f6,cheikhou kouyaté,,,,,,2026-09-30T09:17:37.492655Z
plr_d2c93051,richie laryea,,,,,,2026-09-30T09:17:37.492655Z
plr_42e1ac17,orel mangala,,,,,,2026-09-30T09:17:37.492655Z
plr_3bc555eb,loïc mbe soh,,,,,,2026-09-30T09:17:37.492655Z
plr_924797bf,scott mckenna,,,,,,2026-09-30T09:17:37.492655Z
plr_051a2cc8,alex mighten,,,,,,2026-09-30T09:17:37.492655Z
plr_e9160f49,moussa niakhaté,,,,,,2026-09-30T09:17:37.492655Z
plr_d31b328a,lewis obrien,,,,,,2026-09-30T09:17:37.492655Z
plr_b708c663,braian ojeda rodríguez,,,,,,2026-09-30T09:17:37.492655Z
plr_6292445c,jonathan panzo,,,,,,2026-09-30T09:17:37.492655Z
plr_7a9fb113,omar richards,,,,,,2026-09-30T09:17:37.492655Z
plr_dab8e3f2,gustavo henrique furtado scarpa,,,,,,2026-09-30T09:17:37.492655Z
plr_5f5ac94a,jonjo shelvey,,,,,,2026-09-30T09:17:37.492655Z
plr_e3f88a5c,sam surridge,,,,,,2026-09-30T09:17:37.492655Z
plr_b8b23820,harry toffolo,,,,,,2026-09-30T09:17:37.492655Z
plr_9a5dec21,hwang uijo,,,,,,2026-09-30T09:17:37.492655Z
plr_904ac60e,neco williams,,,,,,2026-09-30T09:17:37.492655Z
plr_02b5fc3b,chris wood,,,,,,2026-09-30T09:17:37.492655Z
plr_0f9a022f,joe worrall,,,,,,2026-09-30T09:17:37.492655Z
plr_75c5a6b3,ryan yates,,,,,,2026-09-30T09:17:37.492655Z
plr_0e2f01e2,olu aina,,,,,,2026-09-30T09:17:37.492655Z
plr_d31bcfa9,george shelvey,,,,,,2026-09-30T09:17:37.492655Z
plr_3a566c83,josh powell,,,,,,2026-09-30T09:17:37.492655Z
plr_fd8468a0,gonzalo montiel,,,,,,2026-09-30T09:17:37.492655Z
plr_4be4863c,murillo santiago costa dos santos,,,,,,2026-09-30T09:17:37.492655Z
plr_01d46179,odysseas vlachodimos,,,,,,2026-09-30T09:17:37.492655Z
plr_d6382cca,andrew omobamidele,,,,,,2026-09-30T09:17:37.492655Z
plr_0eed48d8,nicolás domínguez,,,,,,2026-09-30T09:17:37.493661Z
plr_2f0b8d54,ibrahim sangaré,,,,,,2026-09-30T09:17:37.493661Z
plr_adabbcb0,divock origi,,,,,,2026-09-30T09:17:37.493661Z
plr_32a20222,jamie mcdonnell,,,,,,2026-09-30T09:17:37.493661Z
plr_e558a78d,detlef esapa osong,,,,,,2026-09-30T09:17:37.493661Z
plr_394cd477,joe gardner,,,,,,2026-09-30T09:17:37.493661Z
plr_ed08d5e0,giovanni reyna,,,,,,2026-09-30T09:17:37.493661Z
plr_232a423a,matz sels,,,,,,2026-09-30T09:17:37.493661Z
plr_381b0764,rodrigo duarte ribeiro,,,,,,2026-09-30T09:17:37.493661Z
plr_8ba079eb,auston trusty,,,,,,2026-09-30T09:17:37.493661Z
plr_b84ffdc4,cameron archer,,,,,,2026-09-30T09:17:37.493661Z
plr_0d3bf15e,mason holgate,,,,,,2026-09-30T09:17:37.493661Z
plr_c96d4e34,james mcatee,,,,,,2026-09-30T09:17:37.493661Z
plr_5574515a,anel ahmedhodžić,,,,,,2026-09-30T09:17:37.493661Z
plr_3da342ba,jordan amissah,,,,,,2026-09-30T09:17:37.493661Z
plr_09fe3709,george baldock,,,,,,2026-09-30T09:17:37.493661Z
plr_9b939cbf,chris basham,,,,,,2026-09-30T09:17:37.493661Z
plr_ef76c6e7,jayden bogle,,,,,,2026-09-30T09:17:37.493661Z
plr_faaaa99f,rhian brewster,,,,,,2026-09-30T09:17:37.493661Z
plr_1142fb5a,ismaila coulibaly,,,,,,2026-09-30T09:17:37.493661Z
plr_fd7a509a,adam davies,,,,,,2026-09-30T09:17:37.493661Z
plr_048baff6,john egan,,,,,,2026-09-30T09:17:37.493661Z
plr_96fff073,john fleck,,,,,,2026-09-30T09:17:37.493661Z
plr_3312fe8d,wes foderingham,,,,,,2026-09-30T09:17:37.493661Z
plr_a8ad7eb5,daniel jebbison,,,,,,2026-09-30T09:17:37.493661Z
plr_8f3a302f,max lowe,,,,,,2026-09-30T09:17:37.493661Z
plr_4fbf61ab,oliver mcburnie,,,,,,2026-09-30T09:17:37.493661Z
plr_4e89ff1c,iliman ndiaye,,,,,,2026-09-30T09:17:37.493661Z
plr_fabcb2ef,rhys norringtondavies,,,,,,2026-09-30T09:17:37.493661Z
plr_02877204,oliver norwood,,,,,,2026-09-30T09:17:37.493661Z
plr_1e6d94c0,ben osborn,,,,,,2026-09-30T09:17:37.493661Z
plr_e037f247,william osula,,,,,,2026-09-30T09:17:37.493661Z
plr_2d050e97,jack robinson,,,,,,2026-09-30T09:17:37.493661Z
plr_6df733ee,anis slimane,,,,,,2026-09-30T09:17:37.493661Z
plr_57c6309f,yasser larouci,,,,,,2026-09-30T09:17:37.493661Z
plr_4226a059,bénie traoré,,,,,,2026-09-30T09:17:37.493661Z
plr_004dae60,vini de souza costa,,,,,,2026-09-30T09:17:37.493661Z
plr_013abe18,femi seriki,,,,,,2026-09-30T09:17:37.493661Z
plr_133d7606,louie marsh,,,,,,2026-09-30T09:17:37.493661Z
plr_0993263e,andre brooks,,,,,,2026-09-30T09:17:37.493661Z
plr_418b6528,antwoine hackford,,,,,,2026-09-30T09:17:37.493661Z
plr_5b9df6dd,gustavo hamer,,,,,,2026-09-30T09:17:37.493661Z
plr_560af91a,tom davies,,,,,,2026-09-30T09:17:37.493661Z
plr_a9f70ec7,luke thomas,,,,,,2026-09-30T09:17:37.493661Z
plr_d3129551,ryan oné,,,,,,2026-09-30T09:17:37.493661Z
plr_c7552b23,jili buyabu,,,,,,2026-09-30T09:17:37.493661Z
plr_ae202a6d,sydie peck,,,,,,2026-09-30T09:17:37.493661Z
plr_a379cad8,ben brereton,,,,,,2026-09-30T09:17:37.493661Z
plr_63a8cc1d,ivo grbic,,,,,,2026-09-30T09:17:37.493661Z
plr_b318b902,billy blacker,,,,,,2026-09-30T09:17:37.493661Z
plr_97708ee6,oliver arblaster,,,,,,2026-09-30T09:17:37.493661Z
plr_9099cb57,dovydas sasnauskas,,,,,,2026-09-30T09:17:37.493661Z
plr_e5a53ee0,sam curtis,,,,,,2026-09-30T09:17:37.493661Z
plr_92c27062,owen hampson,,,,,,2026-09-30T09:17:37.493661Z
plr_08cf3a86,brennan johnson,,,,,,2026-09-30T09:17:37.493661Z
plr_ba4de6b4,brandon austin,,,,,,2026-09-30T09:17:37.493661Z
plr_909d5fcc,rodrigo bentancur,,,,,,2026-09-30T09:17:37.493661Z
plr_d63a7df3,yves bissouma,,,,,,2026-09-30T09:17:37.493661Z
plr_0d0837a4,bryan gil salvatierra,,,,,,2026-09-30T09:17:37.493661Z
plr_aab0e934,ben davies,,,,,,2026-09-30T09:17:37.493661Z
plr_a9982cc0,eric dier,,,,,,2026-09-30T09:17:37.493661Z
plr_ecfd1df8,emerson leite de souza junior,,,,,,2026-09-30T09:17:37.493661Z
plr_c0686055,fraser forster,,,,,,2026-09-30T09:17:37.493661Z
plr_b8a08e85,pierreemile højbjerg,,,,,,2026-09-30T09:17:37.493661Z
plr_9e8be954,harry kane,,,,,,2026-09-30T09:17:37.493661Z
plr_f6a59b0f,dejan kulusevski,,,,,,2026-09-30T09:17:37.493661Z
plr_010e2e52,hugo lloris,,,,,,2026-09-30T09:17:37.493661Z
plr_ff48fb46,giovani lo celso,,,,,,2026-09-30T09:17:37.493661Z
plr_277a95ed,james maddison,,,,,,2026-09-30T09:17:37.493661Z
plr_422b5ba6,tanguy ndombélé alvaro,,,,,,2026-09-30T09:17:37.493661Z
plr_6c57076f,pedro porro,,,,,,2026-09-30T09:17:37.493661Z
plr_82e3db31,ivan perišić,,,,,,2026-09-30T09:17:37.493661Z
plr_d889ad7a,richarlison de andrade,,,,,,2026-09-30T09:17:37.493661Z
plr_ff1b3672,joe rodon,,,,,,2026-09-30T09:17:37.493661Z
plr_6b09fa74,cristian romero,,,,,,2026-09-30T09:17:37.493661Z
plr_de3ffd5d,davinson sánchez,,,,,,2026-09-30T09:17:37.493661Z
plr_743e5ca9,pape matar sarr,,,,,,2026-09-30T09:17:37.493661Z
plr_3d73b838,ryan sessegnon,,,,,,2026-09-30T09:17:37.493661Z
plr_bac9d792,oliver skipp,,,,,,2026-09-30T09:17:37.493661Z
plr_0cc357db,son heungmin,,,,,,2026-09-30T09:17:37.493661Z
plr_bb67fda3,djed spence,,,,,,2026-09-30T09:17:37.493661Z
plr_d1257a6c,japhet tanganga,,,,,,2026-09-30T09:17:37.493661Z
plr_7394369c,destiny udogie,,,,,,2026-09-30T09:17:37.493661Z
plr_73f1154b,guglielmo vicario,,,,,,2026-09-30T09:17:37.493661Z
plr_74b02825,alfie whiteman,,,,,,2026-09-30T09:17:37.493661Z
plr_bd33ead6,manor solomon,,,,,,2026-09-30T09:17:37.493661Z
plr_1a505566,micky van de ven,,,,,,2026-09-30T09:17:37.493661Z
plr_5ca92ddf,dane scarlett,,,,,,2026-09-30T09:17:37.493661Z
plr_36158ad2,alejo véliz,,,,,,2026-09-30T09:17:37.493661Z
plr_72331c95,ashley phillips,,,,,,2026-09-30T09:17:37.493661Z
plr_e29c5b95,jamie donley,,,,,,2026-09-30T09:17:37.493661Z
plr_b986f035,alfie dorrington,,,,,,2026-09-30T09:17:37.493661Z
plr_7b9992b5,yago de santiago alonso,,,,,,2026-09-30T09:17:37.493661Z
plr_8b2ce948,timo werner,,,,,,2026-09-30T09:17:37.493661Z
plr_7fb7bda3,radu dragusin,,,,,,2026-09-30T09:17:37.493661Z
plr_659c293f,mikey moore,,,,,,2026-09-30T09:17:37.493661Z
plr_01f9326d,tyrese hall,,,,,,2026-09-30T09:17:37.493661Z
plr_6f776da3,kalvin phillips,,,,,,2026-09-30T09:17:37.493661Z
plr_ae161326,nayef aguerd,,,,,,2026-09-30T09:17:37.493661Z
plr_830564dc,michail antonio,,,,,,2026-09-30T09:17:37.493661Z
plr_063238c1,alphonse areola,,,,,,2026-09-30T09:17:37.493661Z
plr_682b677c,saïd benrahma,,,,,,2026-09-30T09:17:37.493661Z
plr_d15e0795,jarrod bowen,,,,,,2026-09-30T09:17:37.494654Z
plr_0f25406c,maxwel cornet,,,,,,2026-09-30T09:17:37.494654Z
plr_dd74e364,vladimír coufal,,,,,,2026-09-30T09:17:37.494654Z
plr_6568e08d,conor coventry,,,,,,2026-09-30T09:17:37.494654Z
plr_991490e8,aaron cresswell,,,,,,2026-09-30T09:17:37.494654Z
plr_f858e3e3,flynn downes,,,,,,2026-09-30T09:17:37.494654Z
plr_b194162b,emerson palmieri dos santos,,,,,,2026-09-30T09:17:37.494654Z
plr_c40d11e0,lukasz fabianski,,,,,,2026-09-30T09:17:37.494654Z
plr_6be8b247,pablo fornals malla,,,,,,2026-09-30T09:17:37.494654Z
plr_c64d816d,danny ings,,,,,,2026-09-30T09:17:37.494654Z
plr_49051110,ben johnson,,,,,,2026-09-30T09:17:37.494654Z
plr_a814440d,thilo kehrer,,,,,,2026-09-30T09:17:37.494654Z
plr_7f268ef8,divin mubama,,,,,,2026-09-30T09:17:37.494654Z
plr_47afb2fb,lucas tolentino coelho de lima,,,,,,2026-09-30T09:17:37.494654Z
plr_0e3f5e2a,gianluca scamacca,,,,,,2026-09-30T09:17:37.494654Z
plr_93c6e5ef,tomáš souček,,,,,,2026-09-30T09:17:37.494654Z
plr_97dce035,nikola vlašić,,,,,,2026-09-30T09:17:37.494654Z
plr_b6ebff29,kurt zouma,,,,,,2026-09-30T09:17:37.494654Z
plr_f2f6cf38,angelo ogbonna,,,,,,2026-09-30T09:17:37.494654Z
plr_7d470263,edson álvarez velázquez,,,,,,2026-09-30T09:17:37.494654Z
plr_ed62b3fa,joseph anang,,,,,,2026-09-30T09:17:37.494654Z
plr_c25287e5,james wardprowse,,,,,,2026-09-30T09:17:37.494654Z
plr_3363000e,konstantinos mavropanos,,,,,,2026-09-30T09:17:37.494654Z
plr_4b5b77d4,mohammed kudus,,,,,,2026-09-30T09:17:37.494654Z
plr_0004467a,lewis orford,,,,,,2026-09-30T09:17:37.494654Z
plr_f299dbfa,kaelan casey,,,,,,2026-09-30T09:17:37.494654Z
plr_44515e6e,oliver scarles,,,,,,2026-09-30T09:17:37.494654Z
plr_eb218a9b,callum marshall,,,,,,2026-09-30T09:17:37.494654Z
plr_2e475be1,george earthy,,,,,,2026-09-30T09:17:37.494654Z
plr_83a84383,tommy doyle,,,,,,2026-09-30T09:17:37.494654Z
plr_dde970dc,rayan aïtnouri,,,,,,2026-09-30T09:17:37.494654Z
plr_ea479416,daniel bentley,,,,,,2026-09-30T09:17:37.494654Z
plr_2ef6a74e,bendegúz bolla,,,,,,2026-09-30T09:17:37.494654Z
plr_caacd7a6,hugo bueno lópez,,,,,,2026-09-30T09:17:37.494654Z
plr_cd8996be,francisco jorge tomás oliveira,,,,,,2026-09-30T09:17:37.494654Z
plr_458c1e19,luke cundle,,,,,,2026-09-30T09:17:37.494654Z
plr_d9e03d2c,craig dawson,,,,,,2026-09-30T09:17:37.494654Z
plr_1a3c095a,fábio silva,,,,,,2026-09-30T09:17:37.494654Z
plr_56d5d6d4,gonçalo manuel ganchinho guedes,,,,,,2026-09-30T09:17:37.494654Z
plr_b4a6b43d,joe hodge,,,,,,2026-09-30T09:17:37.494654Z
plr_d44b4428,kijana hoever,,,,,,2026-09-30T09:17:37.494654Z
plr_705c097d,hwang heechan,,,,,,2026-09-30T09:17:37.494654Z
plr_3ee21610,joão victor gomes da silva,,,,,,2026-09-30T09:17:37.494654Z
plr_2e4e887c,jonathan castro otto,,,,,,2026-09-30T09:17:37.494654Z
plr_16279baf,bruno cavaco jordão,,,,,,2026-09-30T09:17:37.494654Z
plr_bd0b8916,sasa kalajdzic,,,,,,2026-09-30T09:17:37.494654Z
plr_fe374d48,max kilman,,,,,,2026-09-30T09:17:37.494654Z
plr_c9115291,tom king,,,,,,2026-09-30T09:17:37.494654Z
plr_3cbba7ff,mario lemina,,,,,,2026-09-30T09:17:37.494654Z
plr_a3c8f663,pedro lomba neto,,,,,,2026-09-30T09:17:37.494654Z
plr_9c38ddb3,daniel castelo podence,,,,,,2026-09-30T09:17:37.494654Z
plr_f3f79527,josé malheiro de sá,,,,,,2026-09-30T09:17:37.494654Z
plr_88bcc978,pablo sarabia,,,,,,2026-09-30T09:17:37.494654Z
plr_04a5f825,matija šarkić,,,,,,2026-09-30T09:17:37.494654Z
plr_88cc7a5b,nélson cabral semedo,,,,,,2026-09-30T09:17:37.494654Z
plr_af7fe1b9,toti antónio gomes,,,,,,2026-09-30T09:17:37.494654Z
plr_c2a14d22,boubacar traoré,,,,,,2026-09-30T09:17:37.494654Z
plr_931f3d6c,matheus santos carneiro da cunha,,,,,,2026-09-30T09:17:37.494654Z
plr_57bec809,matt doherty,,,,,,2026-09-30T09:17:37.494654Z
plr_38bfb522,santiago bueno,,,,,,2026-09-30T09:17:37.494654Z
plr_1fb47dff,enso gonzález,,,,,,2026-09-30T09:17:37.494654Z
plr_2498581d,nathan fraser,,,,,,2026-09-30T09:17:37.494654Z
plr_3bed0738,jeanricner bellegarde,,,,,,2026-09-30T09:17:37.494654Z
plr_6e73c48c,matthew whittingham,,,,,,2026-09-30T09:17:37.494654Z
plr_83d0a6ac,tawanda chirewa,,,,,,2026-09-30T09:17:37.494654Z
plr_a3f0c1e6,justin hubner,,,,,,2026-09-30T09:17:37.494654Z
plr_60b62231,owen hesketh,,,,,,2026-09-30T09:17:37.494654Z
plr_ce26dd4c,ty barnett,,,,,,2026-09-30T09:17:37.494654Z
plr_cd6196cc,harvey griffiths,,,,,,2026-09-30T09:17:37.494654Z
plr_eec2f23c,yerson mosquera,,,,,,2026-09-30T09:17:37.494654Z
plr_032af07b,noha lemina,,,,,,2026-09-30T09:17:37.494654Z
plr_ee799561,wesley okoduwa,,,,,,2026-09-30T09:17:37.494654Z
plr_361b864d,leon chiwome,,,,,,2026-09-30T09:17:37.494654Z
plr_bb86f7d3,fletcher holman,,,,,,2026-09-30T09:17:37.494654Z
plr_84aa4ad7,temple ojinnaka,,,,,,2026-09-30T09:17:37.494654Z
plr_7b63aa7a,ante palaversa,,,,,,2026-09-30T09:17:37.502651Z
plr_79c376af,ko itakura,,,,,,2026-09-30T09:17:37.507618Z
plr_6eda969f,daniel arzani,,,,,,2026-09-30T09:17:37.512620Z
plr_2cf31e31,manu garcía,,,,,,2026-09-30T09:17:37.522653Z
plr_02f3353d,thomas agyepong,,,,,,2026-09-30T09:17:37.527657Z
plr_d1cdbf30,anthony cáceres,,,,,,2026-09-30T09:17:37.541623Z
plr_a5cca6f4,olarenwaju kayode,,,,,,2026-09-30T09:17:37.544653Z
plr_bc5db7b4,marlos moreno,,,,,,2026-09-30T09:17:37.552656Z
plr_409cc25c,jason denayer,,,,,,2026-09-30T09:17:37.564655Z
plr_c4ed62e7,luka ilic,,,,,,2026-09-30T09:17:37.568622Z
plr_e9bdad85,pablo maffeo,,,,,,2026-09-30T09:17:37.571654Z
plr_76c5e081,bersant celina,,,,,,2026-09-30T09:17:37.581660Z
plr_42f915c9,yaya touré,,,,,,2026-09-30T09:17:37.583694Z
plr_1cfad78b,fred,,,,,,2026-09-30T09:17:37.590695Z
plr_134a3525,diogo dalot,,,,,,2026-09-30T09:17:37.593694Z
plr_dd2dae7f,cameron borthwickjackson,,,,,,2026-09-30T09:17:37.595844Z
plr_f56a637a,james wilson,,,,,,2026-09-30T09:17:37.609562Z
plr_f349c2d6,joel pereira,,,,,,2026-09-30T09:17:37.617515Z
plr_fcee9bc8,michael carrick,,,,,,2026-09-30T09:17:37.626589Z
plr_487fd6b3,alisson,,,,,,2026-09-30T09:17:37.636171Z
plr_635487b3,fabinho,,,,,,2026-09-30T09:17:37.641172Z
plr_b424b132,ryan kent,,,,,,2026-09-30T09:17:37.645164Z
plr_f82a0215,connor randall,,,,,,2026-09-30T09:17:37.650812Z
plr_0599ec12,ovie ejaria,,,,,,2026-09-30T09:17:37.657809Z
plr_868cfbec,ádám bogdán,,,,,,2026-09-30T09:17:37.660843Z
plr_0747d5b6,marko grujić,,,,,,2026-09-30T09:17:37.672808Z
plr_63f924da,emre can,,,,,,2026-09-30T09:17:37.675809Z
plr_4411d701,jon flanagan,,,,,,2026-09-30T09:17:37.683810Z
plr_be05ec04,sheyi ojo,,,,,,2026-09-30T09:17:37.685810Z
plr_c3c993f9,allan,,,,,,2026-09-30T09:17:37.687811Z
plr_ab6ae9f4,jorginho,,,,,,2026-09-30T09:17:37.692810Z
plr_b76a8367,rob green,,,,,,2026-09-30T09:17:37.696810Z
plr_e1b7c9cb,izzy brown,,,,,,2026-09-30T09:17:37.698810Z
plr_f14726b3,jake clarkesalter,,,,,,2026-09-30T09:17:37.707810Z
plr_253bd4b8,marco van ginkel,,,,,,2026-09-30T09:17:37.716810Z
plr_1abfbb50,tomas kalas,,,,,,2026-09-30T09:17:37.719810Z
plr_0d16fc04,matt miazga,,,,,,2026-09-30T09:17:37.728810Z
plr_7b2c2acb,mario pašalić,,,,,,2026-09-30T09:17:37.738810Z
plr_df2b759a,kenneth omeruo,,,,,,2026-09-30T09:17:37.742810Z
plr_0811b2f6,nathan,,,,,,2026-09-30T09:17:37.745808Z
plr_8760c28d,kenedy,,,,,,2026-09-30T09:17:37.746812Z
plr_133754fc,jamal blackman,,,,,,2026-09-30T09:17:37.766061Z
plr_fe424104,todd kane,,,,,,2026-09-30T09:17:37.770065Z
plr_de59e5aa,matej delac,,,,,,2026-09-30T09:17:37.800092Z
plr_be51e50e,eduardo,,,,,,2026-09-30T09:17:37.802098Z
plr_5978df1c,lucas piazón,,,,,,2026-09-30T09:17:37.806095Z
plr_5cef7892,charly musonda jr,,,,,,2026-09-30T09:17:37.811059Z
plr_0cc603b0,wallace oliveira,,,,,,2026-09-30T09:17:37.814092Z
plr_d7cc1439,dejan iliev,,,,,,2026-09-30T09:17:37.824062Z
plr_b73897cd,krystian bielik,,,,,,2026-09-30T09:17:37.829096Z
plr_8f85e0d3,chuba akpom,,,,,,2026-09-30T09:17:37.833058Z
plr_70cfa16d,joel campbell,,,,,,2026-09-30T09:17:37.841442Z
plr_a5ec64e3,takuma asano,,,,,,2026-09-30T09:17:37.846446Z
plr_9ceadcd1,santi cazorla,,,,,,2026-09-30T09:17:37.854447Z
plr_d10adf17,david ospina,,,,,,2026-09-30T09:17:37.862442Z
plr_039bde75,per mertesacker,,,,,,2026-09-30T09:17:37.868442Z
plr_aad2ba68,ntumba massanka,,,,,,2026-09-30T09:17:37.874410Z
plr_16680dc8,conor mitchell,,,,,,2026-09-30T09:17:37.879440Z
plr_3feb1666,scott arfield,,,,,,2026-09-30T09:17:37.883442Z
plr_327e2cfc,tom anderson,,,,,,2026-09-30T09:17:37.891488Z
plr_fe03aaa1,chris long,,,,,,2026-09-30T09:17:37.896483Z
plr_a523e048,dean marney,,,,,,2026-09-30T09:17:37.901482Z
plr_deb0493d,aiden oneill,,,,,,2026-09-30T09:17:37.906027Z
plr_07b4be08,richarlison,,,,,,2026-09-30T09:17:37.912068Z
plr_da0877f6,andré gomes,,,,,,2026-09-30T09:17:37.919702Z
plr_928f982d,bernard,,,,,,2026-09-30T09:17:37.922706Z
plr_49d3013b,matthew pennington,,,,,,2026-09-30T09:17:37.934718Z
plr_3df0f953,henry onyekuru,,,,,,2026-09-30T09:17:37.941702Z
plr_e8608dc7,luke garbutt,,,,,,2026-09-30T09:17:37.946702Z
plr_a6e68a44,ramiro funes mori,,,,,,2026-09-30T09:17:37.951702Z
plr_65c5b41c,wayne rooney,,,,,,2026-09-30T09:17:37.966703Z
plr_867c06c5,shani tarashaj,,,,,,2026-09-30T09:17:37.970668Z
plr_50ef63c8,ricardo pereira,,,,,,2026-09-30T09:17:37.978668Z
plr_45e57bc3,davide lorenzo,,,,,,2026-09-30T09:17:37.988702Z
plr_f60002c4,bartosz kapustka,,,,,,2026-09-30T09:17:37.993700Z
plr_8c9c1c01,callum elder,,,,,,2026-09-30T09:17:38.001676Z
plr_12d19a9d,ahmed musa,,,,,,2026-09-30T09:17:38.003676Z
plr_33e59122,george thomas,,,,,,2026-09-30T09:17:38.006677Z
plr_4ca6b192,josh gordon,,,,,,2026-09-30T09:17:38.017195Z
plr_65b3cc94,leonardo ulloa,,,,,,2026-09-30T09:17:38.022195Z
plr_bdb389af,robert huth,,,,,,2026-09-30T09:17:38.028846Z
plr_904aedd3,achraf lazaar,,,,,,2026-09-30T09:17:38.055846Z
plr_5697f2a1,henri saivet,,,,,,2026-09-30T09:17:38.060846Z
plr_ec7e34e6,dan barlaser,,,,,,2026-09-30T09:17:38.071846Z
plr_8c35e797,stuart findlay,,,,,,2026-09-30T09:17:38.088846Z
plr_ff1658bd,massadio haïdara,,,,,,2026-09-30T09:17:38.098846Z
plr_d830c030,curtis good,,,,,,2026-09-30T09:17:38.101846Z
plr_e1323f13,jesús gámez,,,,,,2026-09-30T09:17:38.106847Z
plr_3f4d724e,dion henry,,,,,,2026-09-30T09:17:38.112845Z
plr_b1aa657c,jordon mutch,,,,,,2026-09-30T09:17:38.124847Z
plr_03c67561,yohan cabaye,,,,,,2026-09-30T09:17:38.135845Z
plr_0ad1a8ed,damien delaney,,,,,,2026-09-30T09:17:38.145846Z
plr_c47d46d4,chungyong lee,,,,,,2026-09-30T09:17:38.150846Z
plr_3cc9950d,diego cavalieri,,,,,,2026-09-30T09:17:38.154846Z
plr_f53466cc,erdal rakip,,,,,,2026-09-30T09:17:38.157845Z
plr_2e1f7097,max gradel,,,,,,2026-09-30T09:17:38.167845Z
plr_21e3459d,connor mahoney,,,,,,2026-09-30T09:17:38.174846Z
plr_6476b2dc,benik afobe,,,,,,2026-09-30T09:17:38.178846Z
plr_dd3313a6,lewis grabban,,,,,,2026-09-30T09:17:38.184845Z
plr_d2b94846,adam federici,,,,,,2026-09-30T09:17:38.188846Z
plr_3246f3a6,baily cargill,,,,,,2026-09-30T09:17:38.193846Z
plr_aeb77cfe,ryan allsop,,,,,,2026-09-30T09:17:38.196846Z
plr_7804ba64,brad smith,,,,,,2026-09-30T09:17:38.199845Z
plr_c2d96404,rhoys wiggins,,,,,,2026-09-30T09:17:38.203846Z
plr_b7f75198,felipe anderson,,,,,,2026-09-30T09:17:38.211845Z
plr_139846fd,xande silva,,,,,,2026-09-30T09:17:38.219845Z
plr_e0738d31,sead haksabanovic,,,,,,2026-09-30T09:17:38.236842Z
plr_8eb79c3b,moses makasi,,,,,,2026-09-30T09:17:38.240845Z
plr_6157f179,patrice evra,,,,,,2026-09-30T09:17:38.250880Z
plr_70bed105,james collins,,,,,,2026-09-30T09:17:38.259506Z
plr_997c20fc,joão mário,,,,,,2026-09-30T09:17:38.265495Z
plr_eef2b8a1,filip stuparevic,,,,,,2026-09-30T09:17:38.271196Z
plr_cd9bd9d3,kwasi sibo,,,,,,2026-09-30T09:17:38.277197Z
plr_3cad7265,jorge segura,,,,,,2026-09-30T09:17:38.287196Z
plr_8e475fc6,valber huerta,,,,,,2026-09-30T09:17:38.291196Z
plr_6d776454,mauro zárate,,,,,,2026-09-30T09:17:38.301196Z
plr_f9080939,luis suárez,,,,,,2026-09-30T09:17:38.308428Z
plr_c90a8ba3,obbi oulare,,,,,,2026-09-30T09:17:38.311388Z
plr_6bedab47,nordin amrabat,,,,,,2026-09-30T09:17:38.315421Z
plr_1ca1924f,brice dja djédjé,,,,,,2026-09-30T09:17:38.322421Z
plr_d7bc5ce8,isaac success,,,,,,2026-09-30T09:17:38.325425Z
plr_63898739,tommie hoban,,,,,,2026-09-30T09:17:38.331392Z
plr_5cec3e21,costel pantilimon,,,,,,2026-09-30T09:17:38.339424Z
plr_50d405e2,dodi lukébakio,,,,,,2026-09-30T09:17:38.344419Z
plr_5590365a,andré carrillo,,,,,,2026-09-30T09:17:38.354421Z
plr_15106284,orestis karnezis,,,,,,2026-09-30T09:17:38.357422Z
plr_067c4372,molla wagué,,,,,,2026-09-30T09:17:38.360421Z
plr_96298588,jan mlakar,,,,,,2026-09-30T09:17:38.374386Z
plr_7bd3aa74,tudor băluță,,,,,,2026-09-30T09:17:38.377385Z
plr_e009af45,anders dreyer,,,,,,2026-09-30T09:17:38.385424Z
plr_0fb22b71,billy arce,,,,,,2026-09-30T09:17:38.388394Z
plr_70850120,leo østigård,,,,,,2026-09-30T09:17:38.394425Z
plr_1c385151,richie towell,,,,,,2026-09-30T09:17:38.400391Z
plr_45f9f711,soufyan ahannach,,,,,,2026-09-30T09:17:38.408421Z
plr_9756da42,rohan ince,,,,,,2026-09-30T09:17:38.412388Z
plr_d402040f,connor goldson,,,,,,2026-09-30T09:17:38.428391Z
plr_ec10e15f,jamie murphy,,,,,,2026-09-30T09:17:38.436389Z
plr_bae8356d,jiri skalak,,,,,,2026-09-30T09:17:38.439421Z
plr_644567f2,uwe hünemeier,,,,,,2026-09-30T09:17:38.447421Z
plr_78796759,tyler hornbyforbes,,,,,,2026-09-30T09:17:38.451422Z
plr_6d0bc404,niki mäenpää,,,,,,2026-09-30T09:17:38.454424Z
plr_5c90254f,ales mateju,,,,,,2026-09-30T09:17:38.458467Z
plr_ddf7ec45,liam rosenior,,,,,,2026-09-30T09:17:38.462465Z
plr_74ffea05,steve sidwell,,,,,,2026-09-30T09:17:38.467464Z
plr_0a48edd5,jack payne,,,,,,2026-09-30T09:17:38.478691Z
plr_3df9f4fd,michael hefele,,,,,,2026-09-30T09:17:38.484725Z
plr_d50dd6ed,tareiq holmesdennis,,,,,,2026-09-30T09:17:38.487724Z
plr_62838a01,jordy hiwula,,,,,,2026-09-30T09:17:38.493723Z
plr_d0f5cbb0,sean scannell,,,,,,2026-09-30T09:17:38.499766Z
plr_5d581b1f,dean whitehead,,,,,,2026-09-30T09:17:38.503763Z
plr_278a8bc8,jake hesketh,,,,,,2026-09-30T09:17:38.516246Z
plr_41324808,jordy clasie,,,,,,2026-09-30T09:17:38.525880Z
plr_4c011e79,ryan seager,,,,,,2026-09-30T09:17:38.532881Z
plr_fae31dc3,florin gardoș,,,,,,2026-09-30T09:17:38.535880Z
plr_7d183e89,dusan tadic,,,,,,2026-09-30T09:17:38.538881Z
plr_0a23966c,jérémy pied,,,,,,2026-09-30T09:17:38.542881Z
plr_d8729aa8,stuart taylor,,,,,,2026-09-30T09:17:38.547888Z
plr_fbb432c5,jonny otto,,,,,,2026-09-30T09:17:38.554306Z
plr_52f212ca,rui patrício,,,,,,2026-09-30T09:17:38.558304Z
plr_381c6142,joão moutinho,,,,,,2026-09-30T09:17:38.567305Z
plr_ea7ecd13,maximilian kilman,,,,,,2026-09-30T09:17:38.575305Z
plr_12791f67,rúben vinagre,,,,,,2026-09-30T09:17:38.581313Z
plr_aa6d4004,paul gladon,,,,,,2026-09-30T09:17:38.591313Z
plr_b3f9e840,prince oniangué,,,,,,2026-09-30T09:17:38.593313Z
plr_f18b43ca,duckens nazon,,,,,,2026-09-30T09:17:38.603415Z
plr_d848230f,joe mason,,,,,,2026-09-30T09:17:38.610411Z
plr_cfc53e6f,harry burgoyne,,,,,,2026-09-30T09:17:38.616410Z
plr_b6925aa9,ethan ebankslandell,,,,,,2026-09-30T09:17:38.624455Z
plr_b0573e64,phil ofosuayeh,,,,,,2026-09-30T09:17:38.627451Z
plr_0fdd50bf,jordan graham,,,,,,2026-09-30T09:17:38.635969Z
plr_93c60ef5,jack ruddy,,,,,,2026-09-30T09:17:38.649531Z
plr_15f47109,ben stevenson,,,,,,2026-09-30T09:17:38.660534Z
plr_b15a3186,ben marshall,,,,,,2026-09-30T09:17:38.667530Z
plr_58a7dc5c,roderick miranda,,,,,,2026-09-30T09:17:38.671531Z
plr_a02db3d9,jonathan flatt,,,,,,2026-09-30T09:17:38.680581Z
plr_915fc11e,michal zyro,,,,,,2026-09-30T09:17:38.684531Z
plr_7a861a20,dominic iorfa,,,,,,2026-09-30T09:17:38.687535Z
plr_ab8a11b4,sylvain deslandes,,,,,,2026-09-30T09:17:38.692533Z
plr_06d24ca4,carl ikeme,,,,,,2026-09-30T09:17:38.697568Z
plr_8c98f86f,alfred ndiaye,,,,,,2026-09-30T09:17:38.701566Z
plr_e4cf7745,emiliano sala,,,,,,2026-09-30T09:17:38.705531Z
plr_a7a03daf,jack mckay,,,,,,2026-09-30T09:17:38.720533Z
plr_2eb35371,ciaron brown,,,,,,2026-09-30T09:17:38.723530Z
plr_767a4f43,stuart okeefe,,,,,,2026-09-30T09:17:38.726529Z
plr_bc07e45c,lee tomlin,,,,,,2026-09-30T09:17:38.731529Z
plr_09500794,paul mckay,,,,,,2026-09-30T09:17:38.735533Z
plr_d0ee064b,ibrahim meite,,,,,,2026-09-30T09:17:38.739529Z
plr_ca484a81,lee camp,,,,,,2026-09-30T09:17:38.743533Z
plr_d7fe2cd8,matty kennedy,,,,,,2026-09-30T09:17:38.753565Z
plr_8d3c236f,ben wilson,,,,,,2026-09-30T09:17:38.760565Z
plr_473d5f24,chris konopka,,,,,,2026-09-30T09:17:38.766570Z
plr_c80c7ccc,frédéric gounongbe,,,,,,2026-09-30T09:17:38.770566Z
plr_03815c0c,frank anguissa,,,,,,2026-09-30T09:17:38.775944Z
plr_e359d2cb,fabri,,,,,,2026-09-30T09:17:38.778975Z
plr_cc0853b8,marcelo djaló,,,,,,2026-09-30T09:17:38.794976Z
plr_d55c1ee9,george williams,,,,,,2026-09-30T09:17:38.798973Z
plr_c5bab3c8,rui fonte,,,,,,2026-09-30T09:17:38.801981Z
plr_1e8508af,rodri,,,,,,2026-09-30T09:17:38.802988Z
plr_03e9bed5,angeliño,,,,,,2026-09-30T09:17:38.811942Z
plr_3687db84,slobodan tedic,,,,,,2026-09-30T09:17:38.818943Z
plr_d19559f2,ryotaro meshino,,,,,,2026-09-30T09:17:38.822977Z
plr_e90d8ba9,erik palmerbrown,,,,,,2026-09-30T09:17:38.830941Z
plr_91ffa211,lukas nmecha,,,,,,2026-09-30T09:17:38.838978Z
plr_867b5145,douglas luiz,,,,,,2026-09-30T09:17:38.875974Z
plr_75e963d2,aleix garcía,,,,,,2026-09-30T09:17:38.887943Z
plr_06d80ab2,luke brattan,,,,,,2026-09-30T09:17:38.893943Z
plr_86bfa973,danilo,,,,,,2026-09-30T09:17:38.895975Z
plr_ddd3acd2,eliaquim mangala,,,,,,2026-09-30T09:17:38.902977Z
plr_9658aad3,adrián san miguel,,,,,,2026-09-30T09:17:38.916974Z
plr_34925e68,danilo pantic,,,,,,2026-09-30T09:17:38.991341Z
plr_4215bfc0,david luiz,,,,,,2026-09-30T09:17:39.053343Z
plr_1b991171,jack clarke,,,,,,2026-09-30T09:17:39.086967Z
plr_61f9b3a9,gabriel martinelli,,,,,,2026-09-30T09:17:39.113574Z
plr_1b7734a9,dani ceballos,,,,,,2026-09-30T09:17:39.120585Z
plr_113754d9,bruno fernandes,,,,,,2026-09-30T09:17:39.154569Z
plr_a9a6a1f7,daniel podence,,,,,,2026-09-30T09:17:39.198572Z
plr_13b03aa0,pedro neto,,,,,,2026-09-30T09:17:39.203577Z
plr_e818e68a,bruno jordão,,,,,,2026-09-30T09:17:39.206571Z
plr_d9bddd7f,renat dadashov,,,,,,2026-09-30T09:17:39.209574Z
plr_23dab9a5,jesús vallejo,,,,,,2026-09-30T09:17:39.214580Z
plr_e0fcfae1,mateusz hewelt,,,,,,2026-09-30T09:17:39.312295Z
plr_002a338b,brendan galloway,,,,,,2026-09-30T09:17:39.317262Z
plr_d5efa918,callum hulme,,,,,,2026-09-30T09:17:39.334294Z
plr_89eefe04,roberto,,,,,,2026-09-30T09:17:39.373261Z
plr_91474018,chicharito,,,,,,2026-09-30T09:17:39.379298Z
plr_90719632,joão pedro,,,,,,2026-09-30T09:17:39.409263Z
plr_7fbb42a0,tom delebashiru,,,,,,2026-09-30T09:17:39.416261Z
plr_1205fb53,kaylen hinds,,,,,,2026-09-30T09:17:39.420297Z
plr_28cb5a1c,cucho hernández,,,,,,2026-09-30T09:17:39.429258Z
plr_e57c7dfe,joelinton,,,,,,2026-09-30T09:17:39.484498Z
plr_36183ec6,joselu,,,,,,2026-09-30T09:17:39.517138Z
plr_bb017e15,jack rose,,,,,,2026-09-30T09:17:39.589145Z
plr_fb0f571e,bruno saltor,,,,,,2026-09-30T09:17:39.683043Z
plr_6b2426c9,sam mccallum,,,,,,2026-09-30T09:17:39.686020Z
plr_f025b709,rocky bushiri,,,,,,2026-09-30T09:17:39.700009Z
plr_3c827c1f,marcel franke,,,,,,2026-09-30T09:17:39.711043Z
plr_1e5dff58,louis thompson,,,,,,2026-09-30T09:17:39.720013Z
plr_9269af16,mason bloomfield,,,,,,2026-09-30T09:17:39.734013Z
plr_e389af3c,james husband,,,,,,2026-09-30T09:17:39.743043Z
plr_00ea0244,aston oxborough,,,,,,2026-09-30T09:17:39.752043Z
plr_b2822030,nélson oliveira,,,,,,2026-09-30T09:17:39.755013Z
plr_6773d0ee,ivo pinto,,,,,,2026-09-30T09:17:39.758050Z
plr_9762ad28,tristan abrahams,,,,,,2026-09-30T09:17:39.761050Z
plr_407bd13f,yanic wildschut,,,,,,2026-09-30T09:17:39.763052Z
plr_fd436f58,steven naismith,,,,,,2026-09-30T09:17:39.767043Z
plr_ee57ac22,sean raggett,,,,,,2026-09-30T09:17:39.772046Z
plr_343452ff,matt jarvis,,,,,,2026-09-30T09:17:39.788217Z
plr_92f7c051,felix passlack,,,,,,2026-09-30T09:17:39.792257Z
plr_23345541,ben heneghan,,,,,,2026-09-30T09:17:39.842257Z
plr_925df729,nathan thomas,,,,,,2026-09-30T09:17:39.846259Z
plr_a8d6f02a,ched evans,,,,,,2026-09-30T09:17:39.854259Z
plr_85bf44e7,paul coutts,,,,,,2026-09-30T09:17:39.858259Z
plr_fb9a8ae9,conor washington,,,,,,2026-09-30T09:17:39.865257Z
plr_54c367cd,caolan lavery,,,,,,2026-09-30T09:17:39.870259Z
plr_6ee78952,samir carruthers,,,,,,2026-09-30T09:17:39.874226Z
plr_4ceb71de,martin cranie,,,,,,2026-09-30T09:17:39.891255Z
plr_ff31bd44,danny lafferty,,,,,,2026-09-30T09:17:39.897256Z
plr_bb14527c,ezri konsa,,,,,,2026-09-30T09:17:39.902227Z
plr_99ec0645,trezeguet,,,,,,2026-09-30T09:17:39.907264Z
plr_9036e6a0,jota peleteiro,,,,,,2026-09-30T09:17:39.918260Z
plr_2d07d510,pepe reina,,,,,,2026-09-30T09:17:39.922223Z
plr_e953248d,borja bastón,,,,,,2026-09-30T09:17:39.925261Z
plr_ee9c5616,gary gardner,,,,,,2026-09-30T09:17:39.934301Z
plr_78627295,ritchie de laet,,,,,,2026-09-30T09:17:39.937299Z
plr_5db9e43a,scott hogan,,,,,,2026-09-30T09:17:39.942268Z
plr_152804bc,albert adomah,,,,,,2026-09-30T09:17:39.949905Z
plr_70477c10,glenn whelan,,,,,,2026-09-30T09:17:39.954901Z
plr_7e920020,tommy elphick,,,,,,2026-09-30T09:17:39.959912Z
plr_ba4c3d06,aaron tshibola,,,,,,2026-09-30T09:17:39.965529Z
plr_0d804680,mark bunn,,,,,,2026-09-30T09:17:39.983559Z
plr_d9dcb154,mile jedinak,,,,,,2026-09-30T09:17:39.988565Z
plr_9073ccb1,alan hutton,,,,,,2026-09-30T09:17:39.996561Z
plr_f7cb96ea,ross mccormack,,,,,,2026-09-30T09:17:40.001558Z
plr_19d1527e,gabriel,,,,,,2026-09-30T09:17:40.005524Z
plr_dd751c60,willian,,,,,,2026-09-30T09:17:40.013562Z
plr_3bf9ea94,adam legzdins,,,,,,2026-09-30T09:17:40.154559Z
plr_7141249d,thiago silva,,,,,,2026-09-30T09:17:40.167563Z
plr_e7b135a1,pedro,,,,,,2026-09-30T09:17:40.235975Z
plr_da4b8e30,steven sessegnon,,,,,,2026-09-30T09:17:40.354975Z
plr_61373677,jordan archer,,,,,,2026-09-30T09:17:40.372976Z
plr_c025f546,matt oriley,,,,,,2026-09-30T09:17:40.385975Z
plr_bba0c28d,jeankévin augustin,,,,,,2026-09-30T09:17:40.393945Z
plr_7d3ab2c5,raphinha,,,,,,2026-09-30T09:17:40.397961Z
plr_7cb791a8,robbie gotts,,,,,,2026-09-30T09:17:40.413976Z
plr_ce61449f,eunan okane,,,,,,2026-09-30T09:17:40.420975Z
plr_0fce65ec,laurens de bock,,,,,,2026-09-30T09:17:40.425976Z
plr_61cc668f,conor shaughnessy,,,,,,2026-09-30T09:17:40.428977Z
plr_e660a563,will huffer,,,,,,2026-09-30T09:17:40.436976Z
plr_c418d6fe,thiago alcántara,,,,,,2026-09-30T09:17:40.481208Z
plr_61832da5,marcelo pitaluga,,,,,,2026-09-30T09:17:40.493852Z
plr_98c69e47,rúben dias,,,,,,2026-09-30T09:17:40.531845Z
plr_7379ed21,nahuel bustos,,,,,,2026-09-30T09:17:40.538844Z
plr_dc0b3a47,diego rosa,,,,,,2026-09-30T09:17:40.541842Z
plr_89989652,yan couto,,,,,,2026-09-30T09:17:40.543812Z
plr_79453014,ricky holmes,,,,,,2026-09-30T09:17:40.728945Z
plr_e6199efc,carlos vinícius,,,,,,2026-09-30T09:17:40.776912Z
plr_3d7362d3,cédric kipré,,,,,,2026-09-30T09:17:40.808081Z
plr_8d7b48e7,josh griffiths,,,,,,2026-09-30T09:17:40.826080Z
plr_8dffb301,ahmed hegazy,,,,,,2026-09-30T09:17:40.846079Z
plr_6dc9bddb,chris brunt,,,,,,2026-09-30T09:17:40.850080Z
plr_caa4a082,jonathan bond,,,,,,2026-09-30T09:17:40.859080Z
plr_ee8785b7,gareth barry,,,,,,2026-09-30T09:17:40.863080Z
plr_46037431,ali alhabsi,,,,,,2026-09-30T09:17:40.867079Z
plr_2af711bb,nélson semedo,,,,,,2026-09-30T09:17:40.926081Z
plr_f30a1c1d,willian josé,,,,,,2026-09-30T09:17:40.932079Z
plr_ac70b76b,marçal,,,,,,2026-09-30T09:17:40.934080Z
plr_3d2230ff,toti,,,,,,2026-09-30T09:17:40.935080Z
plr_3b7e27a2,vitinha,,,,,,2026-09-30T09:17:40.942079Z
plr_1f333686,nuno tavares,,,,,,2026-09-30T09:17:40.999111Z
plr_12d4e613,philippe coutinho,,,,,,2026-09-30T09:17:41.044118Z
plr_8c04f363,jaden philogene,,,,,,2026-09-30T09:17:41.064114Z
plr_88751e7b,álvaro ferllo,,,,,,2026-09-30T09:17:41.092113Z
plr_b239a267,zanka,,,,,,2026-09-30T09:17:41.094111Z
plr_04b0da4c,joel valencia,,,,,,2026-09-30T09:17:41.131112Z
plr_5c5abfaf,luke daniels,,,,,,2026-09-30T09:17:41.141112Z
plr_3ba0a020,henrik dalsgaard,,,,,,2026-09-30T09:17:41.146114Z
plr_a8d23214,luka racic,,,,,,2026-09-30T09:17:41.151078Z
plr_b494af93,abdallah sima,,,,,,2026-09-30T09:17:41.172111Z
plr_91be9265,emerson,,,,,,2026-09-30T09:17:41.343023Z
plr_7882a48a,jacob montes,,,,,,2026-09-30T09:17:41.385316Z
plr_2be29b6c,junior firpo,,,,,,2026-09-30T09:17:41.456313Z
plr_f61c0fce,leo hjelde,,,,,,2026-09-30T09:17:41.468315Z
plr_b2ac23a2,ian poveda,,,,,,2026-09-30T09:17:41.477574Z
plr_e8e1b6a4,ouasim bouy,,,,,,2026-09-30T09:17:41.496172Z
plr_90825278,pablo hernández,,,,,,2026-09-30T09:17:41.502171Z
plr_912ef289,kiko casilla,,,,,,2026-09-30T09:17:41.507172Z
plr_04891e2c,cristiano ronaldo,,,,,,2026-09-30T09:17:41.688091Z
plr_f4f87396,bruno guimarães,,,,,,2026-09-30T09:17:41.720091Z
plr_ad5d48fd,danel sinani,,,,,,2026-09-30T09:17:41.791089Z
plr_19c35db9,daniel barden,,,,,,2026-09-30T09:17:41.809056Z
plr_14724cd7,sebastian soto,,,,,,2026-09-30T09:17:41.815706Z
plr_1cbba262,xavi quintillà,,,,,,2026-09-30T09:17:41.847224Z
plr_1b33b1bc,lyanco,,,,,,2026-09-30T09:17:41.859225Z
plr_4ce04a1e,emerson royal,,,,,,2026-09-30T09:17:41.886226Z
plr_8841fbfa,bryan gil,,,,,,2026-09-30T09:17:41.889223Z
plr_72017f1a,maduka okoye,,,,,,2026-09-30T09:17:41.944259Z
plr_aefd4a66,samir caetano,,,,,,2026-09-30T09:17:41.949259Z
plr_0e9f8adb,yáser asprilla,,,,,,2026-09-30T09:17:41.961229Z
plr_5f4190fc,peter etebo,,,,,,2026-09-30T09:17:41.987269Z
plr_0877a8b8,henry ochieng,,,,,,2026-09-30T09:17:42.028259Z
plr_8b29e8ed,josé sá,,,,,,2026-09-30T09:17:42.078229Z
plr_faed29bc,francisco trincão,,,,,,2026-09-30T09:17:42.081241Z
plr_7502fb24,chiquinho,,,,,,2026-09-30T09:17:42.088229Z
plr_4cc16317,sangbin jeong,,,,,,2026-09-30T09:17:42.099259Z
plr_10674eb3,hayao kawabe,,,,,,2026-09-30T09:17:42.104259Z
plr_e8c25a88,gabriel jesus,,,,,,2026-09-30T09:17:42.155171Z
plr_c007fcea,fábio vieira,,,,,,2026-09-30T09:17:42.160163Z
plr_2d1196d6,marquinhos,,,,,,2026-09-30T09:17:42.187060Z
plr_5c03f19f,álex moreno,,,,,,2026-09-30T09:17:42.232741Z
plr_73e56627,neto,,,,,,2026-09-30T09:17:42.347707Z
plr_5a784af1,zeno ibsen rossi,,,,,,2026-09-30T09:17:42.380707Z
plr_e72a0f8d,tariqe fosu,,,,,,2026-09-30T09:17:42.449743Z
plr_bb322fdf,andrey santos,,,,,,2026-09-30T09:17:42.594522Z
plr_beb29d14,joão félix,,,,,,2026-09-30T09:17:42.606569Z
plr_18bb857c,joão palhinha,,,,,,2026-09-30T09:17:42.796008Z
plr_ea724ef7,rodrigo muniz,,,,,,2026-09-30T09:17:42.844371Z
plr_9835c4df,rasmus nissen kristensen,,,,,,2026-09-30T09:17:42.878378Z
plr_3895829c,marc roca,,,,,,2026-09-30T09:17:42.893380Z
plr_2740e1ff,tetê,,,,,,2026-09-30T09:17:42.968665Z
plr_593a4614,nathaniel opoku,,,,,,2026-09-30T09:17:42.973665Z
plr_b4e4af94,darwin núñez,,,,,,2026-09-30T09:17:42.990630Z
plr_10899561,arthur melo,,,,,,2026-09-30T09:17:42.996664Z
plr_2da50af8,vitezslav jaros,,,,,,2026-09-30T09:17:43.004640Z
plr_aa405560,stefan ortega,,,,,,2026-09-30T09:17:43.059838Z
plr_7dc8eb43,fernandinho,,,,,,2026-09-30T09:17:43.141842Z
plr_b0b7935f,antony,,,,,,2026-09-30T09:17:43.167841Z
plr_31e55f4f,casemiro,,,,,,2026-09-30T09:17:43.169842Z
plr_04350f91,álvaro carreras,,,,,,2026-09-30T09:17:43.205807Z
plr_c3df3771,hannibal,,,,,,2026-09-30T09:17:43.208840Z
plr_4ec4b908,renan lodi,,,,,,2026-09-30T09:17:43.314841Z
plr_976373c5,uijo hwang,,,,,,2026-09-30T09:17:43.318847Z
plr_146bf8db,felipe,,,,,,2026-09-30T09:17:43.333843Z
plr_92208eb3,brandon aguilera,,,,,,2026-09-30T09:17:43.337810Z
plr_b180d455,adnan kanuric,,,,,,2026-09-30T09:17:43.343841Z
plr_24fcfbd3,gustavo scarpa,,,,,,2026-09-30T09:17:43.349848Z
plr_717a0aeb,nikolas ioannou,,,,,,2026-09-30T09:17:43.358810Z
plr_21a12e2e,nuno da costa,,,,,,2026-09-30T09:17:43.362840Z
plr_f8c45e74,braian ojeda,,,,,,2026-09-30T09:17:43.381844Z
plr_9b947f7d,tobias figueiredo,,,,,,2026-09-30T09:17:43.386810Z
plr_187bdc22,joe aribo,,,,,,2026-09-30T09:17:43.436387Z
plr_64b43756,juan larios,,,,,,2026-09-30T09:17:43.444348Z
plr_aba740bb,oriol romeu,,,,,,2026-09-30T09:17:43.472423Z
plr_6f8873f6,lucas paquetá,,,,,,2026-09-30T09:17:43.538794Z
plr_4585a1bc,matheus nunes,,,,,,2026-09-30T09:17:43.596731Z
plr_e6a7122f,gonçalo guedes,,,,,,2026-09-30T09:17:43.603733Z
plr_a3cc3263,joão gomes,,,,,,2026-09-30T09:17:43.616390Z
plr_7a0db8a2,matheus cunha,,,,,,2026-09-30T09:17:43.650665Z
plr_ee719726,david raya,,,,,,2026-09-30T09:17:43.725662Z
plr_96f63892,kosta nedeljkovic,,,,,,2026-09-30T09:17:43.785661Z
plr_b40721dd,igor julio,,,,,,2026-09-30T09:17:44.006976Z
plr_5d7df2ef,ansu fati,,,,,,2026-09-30T09:17:44.022980Z
plr_d1298b19,carl rushworth,,,,,,2026-09-30T09:17:44.035977Z
plr_e342963b,djordje petrovic,,,,,,2026-09-30T09:17:44.213158Z
plr_af7510cc,ângelo,,,,,,2026-09-30T09:17:44.215192Z
plr_e140f0de,diego moreira,,,,,,2026-09-30T09:17:44.219190Z
plr_5598270c,matheus frança,,,,,,2026-09-30T09:17:44.317056Z
plr_403591be,beto,,,,,,2026-09-30T09:17:44.348097Z
plr_cf6cbffb,youssef chermiti,,,,,,2026-09-30T09:17:44.350097Z
plr_d0cc68d9,ben gannondoak,,,,,,2026-09-30T09:17:44.475105Z
plr_c9efd2e5,mads andersen,,,,,,2026-09-30T09:17:44.538700Z
plr_aef36d8c,tom holmes,,,,,,2026-09-30T09:17:44.563213Z
plr_e371e0b1,carlos mendes,,,,,,2026-09-30T09:17:44.637038Z
plr_a8cd7c58,daniel idiakhoa,,,,,,2026-09-30T09:17:44.643638Z
plr_fe6516ef,harry isted,,,,,,2026-09-30T09:17:44.648636Z
plr_2eccc2ea,sonny bradley,,,,,,2026-09-30T09:17:44.654671Z
plr_f9e1792c,claudio echeverri,,,,,,2026-09-30T09:17:44.689636Z
plr_0daa5684,yankuba minteh,,,,,,2026-09-30T09:17:44.822140Z
plr_9671e413,murillo,,,,,,2026-09-30T09:17:44.856993Z
plr_40cdb855,rodrigo ribeiro,,,,,,2026-09-30T09:17:44.878993Z
plr_3f227297,cafú,,,,,,2026-09-30T09:17:44.961409Z
plr_6bcf7a1c,vini souza,,,,,,2026-09-30T09:17:45.007810Z
plr_001b4d5a,ben brereton díaz,,,,,,2026-09-30T09:17:45.027810Z
plr_c526d7ec,lucas moura,,,,,,2026-09-30T09:17:45.122810Z
plr_fecac8f9,edson álvarez,,,,,,2026-09-30T09:17:45.138843Z
plr_66247f29,andrew irving,,,,,,2026-09-30T09:17:45.146843Z
plr_99cbabdb,rúben neves,,,,,,2026-09-30T09:17:45.259842Z
