master_player_id,season_id,master_club_id,minutes,goals,assists,bps
plr_569dc14c,2018_2019,UNKNOWN,585,0,0,130
plr_fb2bb5ba,2018_2019,UNKNOWN,2835,0,0,568
plr_b26384ba,2018_2019,UNKNOWN,1329,3,0,319
plr_b02ec8ab,2018_2019,UNKNOWN,1532,0,5,304
plr_ef198175,2018_2019,UNKNOWN,1860,1,4,392
plr_77d6e71a,2018_2019,UNKNOWN,806,0,0,148
plr_d345e0dc,2018_2019,UNKNOWN,2611,2,0,475
plr_1f539221,2018_2019,UNKNOWN,1886,0,7,382
plr_3363000e,2018_2019,UNKNOWN,147,0,0,28
plr_71d84a1d,2018_2019,UNKNOWN,935,0,0,89
plr_f1fb4336,2018_2019,UNKNOWN,2198,1,2,402
plr_8ca01e4c,2018_2019,UNKNOWN,1732,5,3,363
plr_331a3fc6,2018_2019,UNKNOWN,1319,4,6,298
plr_9d8596d1,2018_2019,UNKNOWN,1961,3,8,382
plr_46ca0bac,2018_2019,UNKNOWN,377,0,0,59
plr_b2ed344b,2018_2019,UNKNOWN,2498,4,3,452
plr_fea6bbe6,2018_2019,UNKNOWN,1637,6,4,354
plr_6cdd7045,2018_2019,UNKNOWN,0,0,0,0
plr_aceff42f,2018_2019,UNKNOWN,983,1,1,152
plr_911c0583,2018_2019,UNKNOWN,146,1,1,63
plr_009d331b,2018_2019,UNKNOWN,2497,13,12,560
plr_39da64c6,2018_2019,UNKNOWN,2722,22,7,756
plr_4f499a09,2018_2019,UNKNOWN,2377,2,4,409
plr_5b9d6b5d,2018_2019,UNKNOWN,2140,0,0,321
plr_0f9a7324,2018_2019,UNKNOWN,0,0,0,0
plr_17c29f46,2018_2019,UNKNOWN,0,0,0,0
plr_9591bae4,2018_2019,UNKNOWN,0,0,0,0
plr_e495a629,2018_2019,UNKNOWN,63,1,0,36
plr_1f64e900,2018_2019,UNKNOWN,7,0,0,3
plr_0293e8c7,2018_2019,UNKNOWN,63,0,0,4
plr_80802187,2018_2019,UNKNOWN,165,0,0,16
plr_babf6d0c,2018_2019,UNKNOWN,67,0,0,11
plr_ca3a62da,2018_2019,UNKNOWN,2160,0,0,363
plr_da777c41,2018_2019,UNKNOWN,1080,0,0,218
plr_7ace284a,2018_2019,UNKNOWN,1227,0,2,244
plr_39f8213c,2018_2019,UNKNOWN,2786,1,1,549
plr_f9225ffb,2018_2019,UNKNOWN,1583,1,0,278
plr_57587b85,2018_2019,UNKNOWN,2067,1,1,383
plr_b1a2702e,2018_2019,UNKNOWN,141,0,0,41
plr_21d835c5,2018_2019,UNKNOWN,3411,4,1,716
plr_e7ccbcbb,2018_2019,UNKNOWN,401,0,0,73
plr_f92ed997,2018_2019,UNKNOWN,0,0,0,0
plr_7189b5c6,2018_2019,UNKNOWN,1438,0,0,206
plr_f48b2f52,2018_2019,UNKNOWN,1021,2,3,205
plr_6163ad07,2018_2019,UNKNOWN,1734,2,2,237
plr_b50b429b,2018_2019,UNKNOWN,789,1,1,105
plr_85993d76,2018_2019,UNKNOWN,719,0,0,91
plr_172b9567,2018_2019,UNKNOWN,3165,7,14,751
plr_8ce797ce,2018_2019,UNKNOWN,37,0,0,2
plr_fbb60d84,2018_2019,UNKNOWN,2263,7,6,414
plr_9eab4259,2018_2019,UNKNOWN,2528,14,12,525
plr_aba75436,2018_2019,UNKNOWN,350,1,0,74
plr_c5cf491a,2018_2019,UNKNOWN,2963,12,3,457
plr_69daac56,2018_2019,UNKNOWN,22,0,0,12
plr_7dcdaaad,2018_2019,UNKNOWN,1250,0,1,201
plr_1abe75f2,2018_2019,UNKNOWN,340,0,1,45
plr_f948a1ca,2018_2019,UNKNOWN,606,0,0,89
plr_1f9b83b6,2018_2019,UNKNOWN,2505,2,2,410
plr_5250bdbb,2018_2019,UNKNOWN,848,0,1,158
plr_e3f88a5c,2018_2019,UNKNOWN,11,0,0,3
plr_eeb5453e,2018_2019,UNKNOWN,0,0,0,0
plr_60fe62aa,2018_2019,UNKNOWN,0,0,0,0
plr_c29c8afb,2018_2019,UNKNOWN,180,0,0,46
plr_4a2f6a35,2018_2019,UNKNOWN,0,0,0,0
plr_2cf1a31b,2018_2019,UNKNOWN,3060,0,0,547
plr_e4008a9b,2018_2019,UNKNOWN,3151,2,1,573
plr_4e10e23d,2018_2019,UNKNOWN,3087,5,2,582
plr_dc35cca3,2018_2019,UNKNOWN,1131,0,1,229
plr_65bb2c13,2018_2019,UNKNOWN,1805,0,0,254
plr_4d79fe1b,2018_2019,UNKNOWN,0,0,0,0
plr_c7607bce,2018_2019,UNKNOWN,0,0,0,0
plr_dd44fa23,2018_2019,UNKNOWN,591,1,0,86
plr_75de164b,2018_2019,UNKNOWN,1828,2,6,293
plr_8b2f0850,2018_2019,UNKNOWN,2484,1,1,404
plr_e219d9da,2018_2019,UNKNOWN,935,1,1,136
plr_124ba265,2018_2019,UNKNOWN,2459,1,6,342
plr_afbd50e5,2018_2019,UNKNOWN,1864,3,3,347
plr_047f0623,2018_2019,UNKNOWN,2546,1,1,351
plr_08d122c7,2018_2019,UNKNOWN,789,0,2,95
plr_9bb974f1,2018_2019,UNKNOWN,2501,13,1,337
plr_75c9ca1c,2018_2019,UNKNOWN,0,0,0,0
plr_297fcbf4,2018_2019,UNKNOWN,0,0,0,0
plr_c6509a79,2018_2019,UNKNOWN,1225,2,0,155
plr_bed7298d,2018_2019,UNKNOWN,866,3,0,74
plr_25a07455,2018_2019,UNKNOWN,360,0,0,76
plr_e7d14ed1,2018_2019,UNKNOWN,0,0,0,0
plr_bcdbfc23,2018_2019,UNKNOWN,1749,0,1,290
plr_d63a7df3,2018_2019,UNKNOWN,1764,0,0,170
plr_9de67afd,2018_2019,UNKNOWN,1014,0,0,61
plr_9e87530d,2018_2019,UNKNOWN,2166,0,1,351
plr_220e297b,2018_2019,UNKNOWN,0,0,0,0
plr_dabacad7,2018_2019,UNKNOWN,0,0,0,0
plr_e0c57b58,2018_2019,UNKNOWN,0,0,0,0
plr_c41b60f7,2018_2019,UNKNOWN,0,0,0,0
plr_69e1edb9,2018_2019,UNKNOWN,0,0,0,0
plr_f7c41a13,2018_2019,UNKNOWN,1710,0,0,323
plr_14b72ddd,2018_2019,UNKNOWN,0,0,0,0
plr_65fff381,2018_2019,UNKNOWN,1748,0,0,269
plr_f2ceed13,2018_2019,UNKNOWN,3420,0,2,572
plr_6945edcc,2018_2019,UNKNOWN,228,0,0,44
plr_6ddf1aff,2018_2019,UNKNOWN,3086,3,2,524
plr_c9f999b9,2018_2019,UNKNOWN,513,0,1,101
plr_bfc434ba,2018_2019,UNKNOWN,3240,0,1,505
plr_ac3c5620,2018_2019,UNKNOWN,1670,0,0,224
plr_6b44045d,2018_2019,UNKNOWN,1743,3,7,339
plr_d525837d,2018_2019,UNKNOWN,449,0,0,70
plr_3824beac,2018_2019,UNKNOWN,2058,2,2,243
plr_cba5817b,2018_2019,UNKNOWN,714,0,1,77
plr_8a3c2afa,2018_2019,UNKNOWN,2821,2,8,518
plr_6b5839e7,2018_2019,UNKNOWN,0,0,0,0
plr_595bbbed,2018_2019,UNKNOWN,3312,1,2,446
plr_fc13e07a,2018_2019,UNKNOWN,1214,1,1,133
plr_b35395b1,2018_2019,UNKNOWN,907,3,0,130
plr_9a2d8da7,2018_2019,UNKNOWN,2378,12,3,394
plr_e082eb5e,2018_2019,UNKNOWN,0,0,0,0
plr_02b5fc3b,2018_2019,UNKNOWN,2580,10,3,379
plr_44a70f63,2018_2019,UNKNOWN,0,0,0,0
plr_67a3486b,2018_2019,UNKNOWN,1710,0,0,378
plr_c7010e66,2018_2019,UNKNOWN,62,1,0,17
plr_e6d00b83,2018_2019,UNKNOWN,310,1,1,61
plr_19a9f8d4,2018_2019,UNKNOWN,1590,3,4,305
plr_b3d3f1d0,2018_2019,UNKNOWN,0,0,0,0
plr_812a0509,2018_2019,UNKNOWN,0,0,0,0
plr_afd0e8b5,2018_2019,UNKNOWN,86,0,1,24
plr_de2cfa41,2018_2019,UNKNOWN,0,0,0,0
plr_a3391c2d,2018_2019,UNKNOWN,1999,0,1,225
plr_2cd4e9a8,2018_2019,UNKNOWN,3420,0,0,775
plr_bba64255,2018_2019,UNKNOWN,0,0,0,0
plr_4fc1560e,2018_2019,UNKNOWN,3039,1,4,477
plr_885de0b6,2018_2019,UNKNOWN,2475,4,1,459
plr_1ef78a74,2018_2019,UNKNOWN,3375,0,1,581
plr_a05d2380,2018_2019,UNKNOWN,0,0,0,0
plr_eebd3eeb,2018_2019,UNKNOWN,2639,0,1,433
plr_e1acc1e4,2018_2019,UNKNOWN,1542,0,0,232
plr_c051e216,2018_2019,UNKNOWN,129,0,0,15
plr_1be8bdba,2018_2019,UNKNOWN,0,0,0,0
plr_c4b8c3cf,2018_2019,UNKNOWN,1954,0,0,232
plr_b92bb250,2018_2019,UNKNOWN,2134,3,2,230
plr_486324f2,2018_2019,UNKNOWN,978,4,1,253
plr_376ca02b,2018_2019,UNKNOWN,1993,4,2,227
plr_77fd107d,2018_2019,UNKNOWN,2266,1,1,290
plr_cd009cc7,2018_2019,UNKNOWN,0,0,0,0
plr_9bfc1601,2018_2019,UNKNOWN,21,0,0,6
plr_3b830183,2018_2019,UNKNOWN,435,1,0,67
plr_6ec72bd1,2018_2019,UNKNOWN,1810,3,2,191
plr_abab11f9,2018_2019,UNKNOWN,741,1,1,93
plr_e5eba929,2018_2019,UNKNOWN,0,0,0,0
plr_5faa6205,2018_2019,UNKNOWN,32,0,0,13
plr_d61e26ca,2018_2019,UNKNOWN,1413,5,3,276
plr_2d12bcf1,2018_2019,UNKNOWN,988,0,0,29
plr_4fbd51a7,2018_2019,UNKNOWN,630,0,0,72
plr_31be08c4,2018_2019,UNKNOWN,2569,5,4,398
plr_932523ad,2018_2019,UNKNOWN,365,1,1,80
plr_8e516b95,2018_2019,UNKNOWN,0,0,0,0
plr_9de7334c,2018_2019,UNKNOWN,49,0,0,7
plr_f37fe529,2018_2019,UNKNOWN,554,0,1,81
plr_941a92ab,2018_2019,UNKNOWN,0,0,0,0
plr_9799f403,2018_2019,UNKNOWN,180,0,0,45
plr_c3e54f62,2018_2019,UNKNOWN,3402,1,6,822
plr_31244ce5,2018_2019,UNKNOWN,22,0,0,6
plr_84684497,2018_2019,UNKNOWN,2759,2,8,702
plr_e5e96498,2018_2019,UNKNOWN,3238,3,2,794
plr_6f1af571,2018_2019,UNKNOWN,26,0,0,3
plr_ea87a362,2018_2019,UNKNOWN,2871,1,2,609
plr_0f120fda,2018_2019,UNKNOWN,615,0,0,133
plr_82cf2b60,2018_2019,UNKNOWN,125,0,0,30
plr_b194162b,2018_2019,UNKNOWN,660,0,0,130
plr_0f5e38e9,2018_2019,UNKNOWN,2918,16,15,879
plr_f7384ec8,2018_2019,UNKNOWN,175,0,0,36
plr_16f80818,2018_2019,UNKNOWN,2091,3,7,475
plr_6525094d,2018_2019,UNKNOWN,1768,8,2,440
plr_fdf9d38e,2018_2019,UNKNOWN,3092,4,4,563
plr_2720425b,2018_2019,UNKNOWN,1231,3,5,300
plr_0a9f02e0,2018_2019,UNKNOWN,0,0,0,0
plr_e2b837a7,2018_2019,UNKNOWN,0,0,0,0
plr_e20bb88b,2018_2019,UNKNOWN,0,0,0,0
plr_a0c9592b,2018_2019,UNKNOWN,388,0,1,83
plr_b7d07ad4,2018_2019,UNKNOWN,980,6,2,292
plr_b5a61b9b,2018_2019,UNKNOWN,828,2,4,169
plr_f055db06,2018_2019,UNKNOWN,936,5,0,119
plr_216c39a6,2018_2019,UNKNOWN,3156,2,0,577
plr_344b033a,2018_2019,UNKNOWN,0,0,0,0
plr_0bf26dae,2018_2019,UNKNOWN,3240,0,0,685
plr_cf15d5e4,2018_2019,UNKNOWN,1725,0,2,343
plr_cb466124,2018_2019,UNKNOWN,1084,5,0,178
plr_f07d5934,2018_2019,UNKNOWN,0,0,0,0
plr_fa83f982,2018_2019,UNKNOWN,1575,0,0,311
plr_118c712c,2018_2019,UNKNOWN,90,0,0,16
plr_c4e063a2,2018_2019,UNKNOWN,1754,0,0,378
plr_35d96fef,2018_2019,UNKNOWN,2561,1,1,504
plr_ef917ec9,2018_2019,UNKNOWN,661,0,1,129
plr_6c8e730d,2018_2019,UNKNOWN,1110,0,0,166
plr_c67604e0,2018_2019,UNKNOWN,1660,4,3,301
plr_eb2a8bb3,2018_2019,UNKNOWN,3196,3,2,626
plr_6b67afcd,2018_2019,UNKNOWN,2416,0,0,533
plr_eebf50b6,2018_2019,UNKNOWN,0,0,0,0
plr_139769ff,2018_2019,UNKNOWN,3134,0,3,672
plr_75fff9fc,2018_2019,UNKNOWN,3057,3,7,500
plr_1f542b2d,2018_2019,UNKNOWN,26,0,0,10
plr_1f5ea9c1,2018_2019,UNKNOWN,3007,6,5,520
plr_71be3d76,2018_2019,UNKNOWN,3420,12,2,741
plr_eb417772,2018_2019,UNKNOWN,3037,10,11,459
plr_501441df,2018_2019,UNKNOWN,807,1,1,65
plr_89dcee99,2018_2019,UNKNOWN,173,0,0,32
plr_6fb4c6f6,2018_2019,UNKNOWN,1889,0,3,251
plr_d4cc85c4,2018_2019,UNKNOWN,551,1,0,68
plr_251eca56,2018_2019,UNKNOWN,0,0,0,0
plr_26deef24,2018_2019,UNKNOWN,1,0,0,3
plr_c37fb231,2018_2019,UNKNOWN,61,0,1,23
plr_79113137,2018_2019,UNKNOWN,0,0,0,0
plr_058085fe,2018_2019,UNKNOWN,1405,1,3,223
plr_bd3b7276,2018_2019,UNKNOWN,1176,1,3,114
plr_941e9f78,2018_2019,UNKNOWN,0,0,0,0
plr_49a6ff23,2018_2019,UNKNOWN,0,0,0,0
plr_edc4c0a9,2018_2019,UNKNOWN,748,5,1,159
plr_312e7953,2018_2019,UNKNOWN,0,0,0,0
plr_2a69153b,2018_2019,UNKNOWN,1,0,0,3
plr_77f3a070,2018_2019,UNKNOWN,0,0,0,0
plr_c80a09ce,2018_2019,UNKNOWN,3420,0,0,706
plr_1b3a482d,2018_2019,UNKNOWN,0,0,0,0
plr_7e9bcb51,2018_2019,UNKNOWN,374,0,0,48
plr_03d5d20f,2018_2019,UNKNOWN,2558,2,2,548
plr_4ce09cbc,2018_2019,UNKNOWN,329,1,0,80
plr_a731f038,2018_2019,UNKNOWN,0,0,0,0
plr_0d3bf15e,2018_2019,UNKNOWN,407,0,0,61
plr_583863c9,2018_2019,UNKNOWN,789,0,1,134
plr_b6ee548a,2018_2019,UNKNOWN,2970,1,2,642
plr_35c38f75,2018_2019,UNKNOWN,0,0,0,0
plr_27cd1ae2,2018_2019,UNKNOWN,2108,5,3,292
plr_df31ebae,2018_2019,UNKNOWN,0,0,0,0
plr_9f7b03ea,2018_2019,UNKNOWN,14,0,0,3
plr_45a39995,2018_2019,UNKNOWN,832,0,1,152
plr_1eaa4eff,2018_2019,UNKNOWN,2821,0,2,472
plr_560af91a,2018_2019,UNKNOWN,975,0,0,127
plr_1280992e,2018_2019,UNKNOWN,600,0,3,110
plr_6b07b640,2018_2019,UNKNOWN,0,0,0,0
plr_b37d98e5,2018_2019,UNKNOWN,3122,13,6,662
plr_47c97b89,2018_2019,UNKNOWN,0,0,0,0
plr_4208ef24,2018_2019,UNKNOWN,0,0,0,0
plr_50f83976,2018_2019,UNKNOWN,1769,6,5,267
plr_eefecbc8,2018_2019,UNKNOWN,1044,3,3,166
plr_d889ad7a,2018_2019,UNKNOWN,2662,13,3,400
plr_0107d1cf,2018_2019,UNKNOWN,0,0,0,0
plr_9dc75fe3,2018_2019,UNKNOWN,0,0,0,0
plr_8c5c1080,2018_2019,UNKNOWN,2964,4,5,736
plr_2262a79a,2018_2019,UNKNOWN,891,1,0,176
plr_c2d154bc,2018_2019,UNKNOWN,2108,1,4,319
plr_de75d325,2018_2019,UNKNOWN,1977,1,2,268
plr_b6ebff29,2018_2019,UNKNOWN,2613,2,2,543
plr_82c030b1,2018_2019,UNKNOWN,0,0,0,0
plr_c19e3649,2018_2019,UNKNOWN,0,0,0,0
plr_2969786c,2018_2019,UNKNOWN,2586,2,0,431
plr_9609b195,2018_2019,UNKNOWN,630,0,0,114
plr_d5f2c09c,2018_2019,UNKNOWN,2046,0,0,349
plr_f0ae3f07,2018_2019,UNKNOWN,2593,0,1,427
plr_b053043a,2018_2019,UNKNOWN,2188,1,1,389
plr_8cf84c36,2018_2019,UNKNOWN,837,0,0,123
plr_3d73b838,2018_2019,UNKNOWN,2291,2,7,295
plr_b73b1891,2018_2019,UNKNOWN,409,0,0,48
plr_964b005a,2018_2019,UNKNOWN,466,1,0,91
plr_2e52d3f4,2018_2019,UNKNOWN,101,0,0,24
plr_d5991a02,2018_2019,UNKNOWN,0,0,0,0
plr_e4092d85,2018_2019,UNKNOWN,688,3,0,82
plr_06340ad7,2018_2019,UNKNOWN,2250,0,1,409
plr_48f1c362,2018_2019,UNKNOWN,2239,1,3,422
plr_927ca207,2018_2019,UNKNOWN,1941,0,1,278
plr_98cc59b2,2018_2019,UNKNOWN,180,0,0,47
plr_5c0d9924,2018_2019,UNKNOWN,1638,6,0,260
plr_0b069697,2018_2019,UNKNOWN,3280,11,4,350
plr_b04f7af8,2018_2019,UNKNOWN,1130,0,0,174
plr_570ce681,2018_2019,UNKNOWN,2610,0,0,519
plr_1d21a61d,2018_2019,UNKNOWN,2344,0,1,397
plr_4cf9b861,2018_2019,UNKNOWN,791,0,0,119
plr_7ed9a96c,2018_2019,UNKNOWN,1512,0,0,235
plr_2eb6d93e,2018_2019,UNKNOWN,980,1,4,171
plr_a9c48f55,2018_2019,UNKNOWN,86,0,0,16
plr_026ce522,2018_2019,UNKNOWN,0,0,0,0
plr_280548db,2018_2019,UNKNOWN,1250,5,4,246
plr_25eaca77,2018_2019,UNKNOWN,361,0,1,70
plr_ef490467,2018_2019,UNKNOWN,45,0,0,3
plr_a46fcd0c,2018_2019,UNKNOWN,18,0,0,7
plr_29277fdc,2018_2019,UNKNOWN,0,0,0,0
plr_5d0d2c4c,2018_2019,UNKNOWN,392,0,0,50
plr_aaa479d5,2018_2019,UNKNOWN,552,0,0,98
plr_969e1656,2018_2019,UNKNOWN,2777,0,1,541
plr_bf6ae55e,2018_2019,UNKNOWN,3260,1,1,517
plr_ad3652f5,2018_2019,UNKNOWN,2052,0,4,313
plr_d4a230d7,2018_2019,UNKNOWN,1141,0,0,141
plr_620cc58c,2018_2019,UNKNOWN,2147,3,1,402
plr_39f26118,2018_2019,UNKNOWN,0,0,0,0
plr_cb9f6842,2018_2019,UNKNOWN,1837,0,0,307
plr_6f85373c,2018_2019,UNKNOWN,2716,1,1,429
plr_7216d85e,2018_2019,UNKNOWN,2326,3,1,411
plr_c5093729,2018_2019,UNKNOWN,405,0,0,13
plr_75f22fe3,2018_2019,UNKNOWN,2369,0,1,326
plr_528385cc,2018_2019,UNKNOWN,2187,2,0,317
plr_93c18389,2018_2019,UNKNOWN,0,0,0,0
plr_0acc101a,2018_2019,UNKNOWN,94,0,0,12
plr_56a53446,2018_2019,UNKNOWN,48,0,0,6
plr_c94506ed,2018_2019,UNKNOWN,2079,2,0,251
plr_589e4b01,2018_2019,UNKNOWN,75,0,0,13
plr_356080e0,2018_2019,UNKNOWN,1410,1,0,179
plr_7364eb4d,2018_2019,UNKNOWN,37,0,0,3
plr_9b227eca,2018_2019,UNKNOWN,1058,0,1,40
plr_e77b0ac8,2018_2019,UNKNOWN,1767,2,4,153
plr_10f347b1,2018_2019,UNKNOWN,1175,0,0,41
plr_d108932b,2018_2019,UNKNOWN,2049,0,1,297
plr_51391b30,2018_2019,UNKNOWN,548,0,1,38
plr_ef63cbf4,2018_2019,UNKNOWN,977,1,1,127
plr_df9eccf0,2018_2019,UNKNOWN,715,1,0,127
plr_9d4f4295,2018_2019,UNKNOWN,0,0,0,0
plr_59c470b7,2018_2019,UNKNOWN,873,3,2,123
plr_275e541b,2018_2019,UNKNOWN,90,0,0,13
plr_8ba17134,2018_2019,UNKNOWN,45,0,0,1
plr_b639325b,2018_2019,UNKNOWN,73,0,0,5
plr_6ea5f951,2018_2019,UNKNOWN,68,0,0,-2
plr_e8c35843,2018_2019,UNKNOWN,3420,0,0,618
plr_5894026a,2018_2019,UNKNOWN,0,0,0,0
plr_54dade2e,2018_2019,UNKNOWN,1924,3,0,365
plr_2664ca38,2018_2019,UNKNOWN,206,0,0,38
plr_37b5222f,2018_2019,UNKNOWN,289,0,0,50
plr_1b53db53,2018_2019,UNKNOWN,0,0,0,0
plr_a1d99e09,2018_2019,UNKNOWN,3240,0,5,578
plr_c45dc35c,2018_2019,UNKNOWN,2596,3,1,533
plr_da8e7ca8,2018_2019,UNKNOWN,3123,2,8,693
plr_4d3219d2,2018_2019,UNKNOWN,1993,1,0,418
plr_0e4f804f,2018_2019,UNKNOWN,1617,2,2,279
plr_34782e93,2018_2019,UNKNOWN,1978,4,1,244
plr_c948fdd6,2018_2019,UNKNOWN,639,0,0,103
plr_8c0f9b93,2018_2019,UNKNOWN,3295,2,0,571
plr_97187ae2,2018_2019,UNKNOWN,224,0,0,31
plr_bdf3847c,2018_2019,UNKNOWN,0,0,0,0
plr_11bf87af,2018_2019,UNKNOWN,593,0,0,80
plr_b252be1c,2018_2019,UNKNOWN,87,0,0,16
plr_8216d44e,2018_2019,UNKNOWN,54,0,0,4
plr_277a95ed,2018_2019,UNKNOWN,2831,7,7,619
plr_06421d18,2018_2019,UNKNOWN,2726,18,5,598
plr_80d3a706,2018_2019,UNKNOWN,269,0,1,59
plr_4b132b0b,2018_2019,UNKNOWN,924,1,5,160
plr_3b830183,2018_2019,UNKNOWN,0,0,0,0
plr_4586b377,2018_2019,UNKNOWN,733,1,0,112
plr_034e18f0,2018_2019,UNKNOWN,0,0,0,0
plr_2f7ea2ec,2018_2019,UNKNOWN,371,0,0,48
plr_960467fe,2018_2019,UNKNOWN,2085,0,1,291
plr_a5e0b53f,2018_2019,UNKNOWN,0,0,0,0
plr_de12d9ad,2018_2019,UNKNOWN,1001,1,3,139
plr_4f8f9036,2018_2019,UNKNOWN,1087,3,5,267
plr_5a5a639f,2018_2019,UNKNOWN,0,0,0,0
plr_06eefba9,2018_2019,UNKNOWN,0,0,0,0
plr_cc20c957,2018_2019,UNKNOWN,986,1,1,258
plr_872d206e,2018_2019,UNKNOWN,154,0,0,24
plr_b8d94879,2018_2019,UNKNOWN,1059,0,0,268
plr_2d5b2678,2018_2019,UNKNOWN,1535,1,0,402
plr_a25fa6a7,2018_2019,UNKNOWN,0,0,0,0
plr_f3e9124c,2018_2019,UNKNOWN,2460,1,13,753
plr_d0bb1a9d,2018_2019,UNKNOWN,3384,4,4,932
plr_2715f9e4,2018_2019,UNKNOWN,3216,0,12,906
plr_1ae1f8bd,2018_2019,UNKNOWN,19,0,0,7
plr_2dea94da,2018_2019,UNKNOWN,1976,1,3,397
plr_b556c718,2018_2019,UNKNOWN,460,0,1,96
plr_28cb602e,2018_2019,UNKNOWN,3076,22,3,703
plr_0dfd230a,2018_2019,UNKNOWN,2723,3,1,470
plr_d399e6e6,2018_2019,UNKNOWN,3254,22,12,687
plr_a472932c,2018_2019,UNKNOWN,1778,5,5,448
plr_3192e8cf,2018_2019,UNKNOWN,2011,1,2,305
plr_8cdd2213,2018_2019,UNKNOWN,1385,2,1,246
plr_aae4fc17,2018_2019,UNKNOWN,2606,12,8,647
plr_a815aba7,2018_2019,UNKNOWN,1052,6,5,302
plr_94fbaeb1,2018_2019,UNKNOWN,3420,0,0,771
plr_40cab230,2018_2019,UNKNOWN,498,2,1,121
plr_adabbcb0,2018_2019,UNKNOWN,364,3,1,122
plr_d88f887f,2018_2019,UNKNOWN,1,0,0,3
plr_a78552a3,2018_2019,UNKNOWN,0,0,0,0
plr_20bb915c,2018_2019,UNKNOWN,1331,7,4,349
plr_55684962,2018_2019,UNKNOWN,3420,0,1,700
plr_108f600f,2018_2019,UNKNOWN,0,0,0,0
plr_fc698e78,2018_2019,UNKNOWN,1761,0,0,431
plr_0a3793db,2018_2019,UNKNOWN,1220,1,0,294
plr_01cd0637,2018_2019,UNKNOWN,1233,0,0,335
plr_1168f49d,2018_2019,UNKNOWN,2776,1,1,684
plr_9a150698,2018_2019,UNKNOWN,805,1,0,202
plr_8c723fa5,2018_2019,UNKNOWN,900,0,6,262
plr_ff2dc23c,2018_2019,UNKNOWN,3056,3,3,768
plr_b60c58c3,2018_2019,UNKNOWN,722,0,1,186
plr_35b30eb7,2018_2019,UNKNOWN,2770,17,15,743
plr_6857889d,2018_2019,UNKNOWN,2399,6,8,614
plr_ad10025f,2018_2019,UNKNOWN,2375,1,3,444
plr_3afd0eee,2018_2019,UNKNOWN,968,2,3,268
plr_aac9bc81,2018_2019,UNKNOWN,2129,6,3,528
plr_bf48ab5e,2018_2019,UNKNOWN,1857,10,12,520
plr_30b3ff3d,2018_2019,UNKNOWN,2849,7,8,649
plr_8c1c5347,2018_2019,UNKNOWN,328,1,0,93
plr_61c95bfd,2018_2019,UNKNOWN,0,0,0,0
plr_ca59b862,2018_2019,UNKNOWN,1151,0,3,230
plr_2a1c617b,2018_2019,UNKNOWN,2457,21,11,740
plr_eeb4321a,2018_2019,UNKNOWN,1017,7,3,259
plr_19b2e497,2018_2019,UNKNOWN,0,0,0,0
plr_dc6c0e74,2018_2019,UNKNOWN,0,0,0,0
plr_6afa4817,2018_2019,UNKNOWN,3420,0,0,636
plr_21d53b87,2018_2019,UNKNOWN,0,0,0,0
plr_794e127e,2018_2019,UNKNOWN,2127,1,0,335
plr_2f77e161,2018_2019,UNKNOWN,1261,0,1,273
plr_e471e6f0,2018_2019,UNKNOWN,2591,1,5,489
plr_6310a880,2018_2019,UNKNOWN,209,0,0,15
plr_4f6b0803,2018_2019,UNKNOWN,466,0,0,92
plr_659c4473,2018_2019,UNKNOWN,443,0,0,83
plr_d56f1341,2018_2019,UNKNOWN,0,0,0,0
plr_560fd6de,2018_2019,UNKNOWN,636,0,0,109
plr_2d949f89,2018_2019,UNKNOWN,2600,1,1,527
plr_9968036e,2018_2019,UNKNOWN,2568,2,3,450
plr_f9f3dbb1,2018_2019,UNKNOWN,1009,0,2,171
plr_790b5c2f,2018_2019,UNKNOWN,869,1,5,168
plr_2c239f32,2018_2019,UNKNOWN,2437,1,0,371
plr_49238d1f,2018_2019,UNKNOWN,1284,3,4,274
plr_1e2ebee6,2018_2019,UNKNOWN,746,0,2,119
plr_00a03259,2018_2019,UNKNOWN,1397,2,3,302
plr_95f01c5a,2018_2019,UNKNOWN,1657,4,3,270
plr_016b7794,2018_2019,UNKNOWN,1613,10,4,389
plr_4a89e08d,2018_2019,UNKNOWN,3007,13,10,648
plr_1603a487,2018_2019,UNKNOWN,862,2,0,152
plr_c1074816,2018_2019,UNKNOWN,1039,1,2,180
plr_09011e91,2018_2019,UNKNOWN,2331,10,7,425
plr_36e9fcc6,2018_2019,UNKNOWN,2126,12,1,361
plr_f8c84f9a,2018_2019,UNKNOWN,590,1,1,115
plr_9a1e9557,2018_2019,UNKNOWN,0,0,0,0
plr_ef78636d,2018_2019,UNKNOWN,25,0,0,4
plr_eac70acc,2018_2019,UNKNOWN,1,0,0,3
plr_dc11c3e1,2018_2019,UNKNOWN,37,0,0,3
plr_6b3533f7,2018_2019,UNKNOWN,115,0,0,12
plr_7b381f07,2018_2019,UNKNOWN,0,0,0,0
plr_36f524c4,2018_2019,UNKNOWN,0,0,0,0
plr_7ecda783,2018_2019,UNKNOWN,3420,0,0,647
plr_79d26f3f,2018_2019,UNKNOWN,2472,1,2,325
plr_d94e7646,2018_2019,UNKNOWN,857,3,0,194
plr_49c89a41,2018_2019,UNKNOWN,2745,0,1,539
plr_27b7c1a7,2018_2019,UNKNOWN,1986,0,0,365
plr_34f583b1,2018_2019,UNKNOWN,1054,0,0,209
plr_858f1ea0,2018_2019,UNKNOWN,1098,0,3,231
plr_15120ccc,2018_2019,UNKNOWN,0,0,0,0
plr_1108a080,2018_2019,UNKNOWN,2927,2,8,504
plr_5f5ac94a,2018_2019,UNKNOWN,943,1,1,170
plr_4208a251,2018_2019,UNKNOWN,2162,0,0,213
plr_e3fa1474,2018_2019,UNKNOWN,1481,1,1,175
plr_d7a075fd,2018_2019,UNKNOWN,296,0,1,50
plr_80982b74,2018_2019,UNKNOWN,0,0,0,0
plr_650def45,2018_2019,UNKNOWN,1857,1,4,306
plr_f37a7b7f,2018_2019,UNKNOWN,1298,0,1,197
plr_388599db,2018_2019,UNKNOWN,0,0,0,0
plr_b6d7e48d,2018_2019,UNKNOWN,2916,12,2,541
plr_de1e900b,2018_2019,UNKNOWN,586,2,0,89
plr_2c73c04b,2018_2019,UNKNOWN,1337,1,1,161
plr_0186915a,2018_2019,UNKNOWN,2000,4,1,403
plr_5bf3d5b2,2018_2019,UNKNOWN,514,1,0,65
plr_25d9f12d,2018_2019,UNKNOWN,2601,11,8,466
plr_a500ce5f,2018_2019,UNKNOWN,1482,0,2,277
plr_23cec891,2018_2019,UNKNOWN,0,0,0,0
plr_2603fc25,2018_2019,UNKNOWN,686,1,1,117
plr_7f459bfb,2018_2019,UNKNOWN,0,0,0,0
plr_f1d94330,2018_2019,UNKNOWN,0,0,0,0
plr_65b56c44,2018_2019,UNKNOWN,758,0,2,107
plr_07013090,2018_2019,UNKNOWN,4,0,0,3
plr_39b97c30,2018_2019,UNKNOWN,0,0,0,0
plr_a597617f,2018_2019,UNKNOWN,0,0,0,0
plr_c64d816d,2018_2019,UNKNOWN,1650,7,3,310
plr_108b21a7,2018_2019,UNKNOWN,2250,0,0,414
plr_c0686055,2018_2019,UNKNOWN,90,0,0,13
plr_db86ad1a,2018_2019,UNKNOWN,2160,1,0,291
plr_570a5929,2018_2019,UNKNOWN,1518,0,1,278
plr_575c30f5,2018_2019,UNKNOWN,1493,1,2,273
plr_752827fa,2018_2019,UNKNOWN,1697,1,0,282
plr_9e73b010,2018_2019,UNKNOWN,0,0,0,0
plr_9ca03c20,2018_2019,UNKNOWN,2150,0,1,365
plr_7fb65103,2018_2019,UNKNOWN,1170,0,0,206
plr_313f12dc,2018_2019,UNKNOWN,97,0,1,39
plr_c25287e5,2018_2019,UNKNOWN,1940,7,0,390
plr_663456b7,2018_2019,UNKNOWN,2131,1,0,282
plr_b8a08e85,2018_2019,UNKNOWN,2760,4,3,477
plr_8b1f9e9a,2018_2019,UNKNOWN,0,0,0,0
plr_838fea8e,2018_2019,UNKNOWN,208,0,1,27
plr_22074864,2018_2019,UNKNOWN,3272,6,5,433
plr_3cbba7ff,2018_2019,UNKNOWN,1612,1,2,270
plr_b7b8f23e,2018_2019,UNKNOWN,1421,3,4,269
plr_7a39102c,2018_2019,UNKNOWN,785,0,0,91
plr_12976342,2018_2019,UNKNOWN,1260,5,2,191
plr_a0b5e1c6,2018_2019,UNKNOWN,970,2,2,117
plr_1eade641,2018_2019,UNKNOWN,468,1,0,56
plr_6ca9fe9b,2018_2019,UNKNOWN,0,0,0,0
plr_e48a9618,2018_2019,UNKNOWN,1080,0,0,206
plr_8da9d9dc,2018_2019,UNKNOWN,2027,0,0,396
plr_f624416e,2018_2019,UNKNOWN,1185,1,3,229
plr_af65216f,2018_2019,UNKNOWN,134,1,1,46
plr_d2502cf3,2018_2019,UNKNOWN,1709,2,1,251
plr_1fcc229d,2018_2019,UNKNOWN,1,0,0,3
plr_48dd4e67,2018_2019,UNKNOWN,90,0,0,9
plr_200b6746,2018_2019,UNKNOWN,110,0,0,12
plr_3afeb7ea,2018_2019,UNKNOWN,32,0,0,6
plr_7523f873,2018_2019,UNKNOWN,0,0,0,0
plr_010e2e52,2018_2019,UNKNOWN,2970,0,0,691
plr_833cdf60,2018_2019,UNKNOWN,180,0,0,36
plr_0bd8e670,2018_2019,UNKNOWN,2921,0,0,651
plr_72e3155c,2018_2019,UNKNOWN,1792,0,4,352
plr_71afa1b1,2018_2019,UNKNOWN,1911,1,0,390
plr_aab0e934,2018_2019,UNKNOWN,1837,0,0,361
plr_5bef49ad,2018_2019,UNKNOWN,2275,1,5,573
plr_1349c31a,2018_2019,UNKNOWN,374,0,3,112
plr_de3ffd5d,2018_2019,UNKNOWN,1941,1,2,412
plr_4d1473a3,2018_2019,UNKNOWN,562,0,2,116
plr_a9982cc0,2018_2019,UNKNOWN,1504,3,0,269
plr_e0c1de2c,2018_2019,UNKNOWN,512,0,0,74
plr_d55904d4,2018_2019,UNKNOWN,965,4,4,231
plr_bcaf28f5,2018_2019,UNKNOWN,2770,8,12,675
plr_eb3ec8f4,2018_2019,UNKNOWN,1822,5,4,356
plr_d755f6f9,2018_2019,UNKNOWN,511,1,0,105
plr_f7e93b01,2018_2019,UNKNOWN,2033,12,8,489
plr_aaae9fd4,2018_2019,UNKNOWN,1589,1,0,275
plr_a10c4603,2018_2019,UNKNOWN,2329,0,3,395
plr_fe0ff417,2018_2019,UNKNOWN,2115,10,2,340
plr_269fb425,2018_2019,UNKNOWN,681,1,4,104
plr_9e8be954,2018_2019,UNKNOWN,2423,17,6,561
plr_07ef1b0f,2018_2019,UNKNOWN,4,0,1,17
plr_d14a3456,2018_2019,UNKNOWN,2,0,0,3
plr_ae6c94bb,2018_2019,UNKNOWN,270,0,0,64
plr_74b02825,2018_2019,UNKNOWN,0,0,0,0
plr_bac9d792,2018_2019,UNKNOWN,214,0,0,40
plr_b9171160,2018_2019,UNKNOWN,888,1,0,172
plr_875d4382,2018_2019,UNKNOWN,0,0,0,0
plr_f7129bf8,2018_2019,UNKNOWN,0,0,0,0
plr_51398cdc,2018_2019,UNKNOWN,0,0,0,0
plr_d0de4e9f,2018_2019,UNKNOWN,36,0,0,4
plr_583045ba,2018_2019,UNKNOWN,0,0,0,0
plr_b16d5a81,2018_2019,UNKNOWN,0,0,0,0
plr_99a0b97b,2018_2019,UNKNOWN,0,0,0,0
plr_6d0b0664,2018_2019,UNKNOWN,3095,3,0,552
plr_46ef53bc,2018_2019,UNKNOWN,13,0,0,2
plr_9b9a0cd0,2018_2019,UNKNOWN,2392,3,7,437
plr_365bb05e,2018_2019,UNKNOWN,184,0,0,22
plr_6ee98c7f,2018_2019,UNKNOWN,1584,0,0,212
plr_c5a14892,2018_2019,UNKNOWN,1520,0,2,274
plr_f55efa6b,2018_2019,UNKNOWN,1924,0,0,334
plr_1949daa0,2018_2019,UNKNOWN,2043,1,1,412
plr_4973ad04,2018_2019,UNKNOWN,0,0,0,0
plr_619aff01,2018_2019,UNKNOWN,84,0,0,12
plr_0233e914,2018_2019,UNKNOWN,1002,0,1,165
plr_ae4d7888,2018_2019,UNKNOWN,265,0,0,42
plr_ef17713a,2018_2019,UNKNOWN,470,1,0,87
plr_80d6f5ee,2018_2019,UNKNOWN,2944,1,3,496
plr_919fc8a9,2018_2019,UNKNOWN,3061,5,7,550
plr_f6e289d3,2018_2019,UNKNOWN,2817,6,4,432
plr_920fed55,2018_2019,UNKNOWN,2419,2,4,320
plr_55a93d48,2018_2019,UNKNOWN,2064,10,5,344
plr_1b5eec6f,2018_2019,UNKNOWN,1352,7,2,254
plr_02ab709f,2018_2019,UNKNOWN,2542,9,5,411
plr_7556f312,2018_2019,UNKNOWN,22,0,0,-1
plr_5c99aad1,2018_2019,UNKNOWN,0,0,0,0
plr_d06a0422,2018_2019,UNKNOWN,3420,0,0,703
plr_8148f53d,2018_2019,UNKNOWN,747,1,2,91
plr_1ed87323,2018_2019,UNKNOWN,334,1,0,68
plr_34f6977d,2018_2019,UNKNOWN,1033,1,1,125
plr_f4ee4648,2018_2019,UNKNOWN,26,0,0,8
plr_9ee13d80,2018_2019,UNKNOWN,0,0,0,0
plr_b70c6061,2018_2019,UNKNOWN,0,0,0,0
plr_c40d11e0,2018_2019,UNKNOWN,3420,0,0,742
plr_c581c9d1,2018_2019,UNKNOWN,0,0,0,0
plr_991490e8,2018_2019,UNKNOWN,1588,0,1,257
plr_f2f6cf38,2018_2019,UNKNOWN,1871,1,1,314
plr_167cafa7,2018_2019,UNKNOWN,0,0,0,0
plr_9b4ce0d7,2018_2019,UNKNOWN,2089,0,1,350
plr_4b7b1fe6,2018_2019,UNKNOWN,3003,2,0,586
plr_3854e802,2018_2019,UNKNOWN,0,0,0,0
plr_d919b380,2018_2019,UNKNOWN,1084,1,0,169
plr_a6443ea6,2018_2019,UNKNOWN,2970,1,0,561
plr_f0f607c2,2018_2019,UNKNOWN,1757,0,2,311
plr_c168f9f2,2018_2019,UNKNOWN,2289,5,5,454
plr_edab1893,2018_2019,UNKNOWN,1116,0,2,188
plr_98b74710,2018_2019,UNKNOWN,685,1,2,148
plr_830564dc,2018_2019,UNKNOWN,2093,6,8,305
plr_1a9fe208,2018_2019,UNKNOWN,0,0,0,0
plr_8bd8370f,2018_2019,UNKNOWN,1988,10,5,405
plr_cf08a331,2018_2019,UNKNOWN,454,0,0,10
plr_1c85cd03,2018_2019,UNKNOWN,1326,7,4,276
plr_6ff09649,2018_2019,UNKNOWN,0,0,0,0
plr_fd6523f7,2018_2019,UNKNOWN,388,0,2,90
plr_5970ca85,2018_2019,UNKNOWN,456,2,1,88
plr_dd716efe,2018_2019,UNKNOWN,2013,1,0,375
plr_b1920ffe,2018_2019,UNKNOWN,3045,9,6,619
plr_6dba5be3,2018_2019,UNKNOWN,2215,2,5,364
plr_32384ed3,2018_2019,UNKNOWN,465,3,0,127
plr_8d569c7b,2018_2019,UNKNOWN,240,0,0,44
plr_c3c93a05,2018_2019,UNKNOWN,600,0,1,86
plr_dc66e1fb,2018_2019,UNKNOWN,0,0,0,0
plr_6568e08d,2018_2019,UNKNOWN,0,0,0,0
plr_9dc83f3e,2018_2019,UNKNOWN,17,0,0,3
plr_ab143f4a,2018_2019,UNKNOWN,243,0,2,61
plr_49051110,2018_2019,UNKNOWN,62,0,0,6
plr_32ca7812,2018_2019,UNKNOWN,0,0,0,0
plr_2d59b965,2018_2019,UNKNOWN,90,0,0,25
plr_7ccbbfc4,2018_2019,UNKNOWN,1,0,0,3
plr_6c5da2de,2018_2019,UNKNOWN,3168,4,0,635
plr_d9bbb634,2018_2019,UNKNOWN,0,0,0,0
plr_57bec809,2018_2019,UNKNOWN,3141,4,7,596
plr_27458c3e,2018_2019,UNKNOWN,1142,2,0,248
plr_e8571774,2018_2019,UNKNOWN,3060,1,0,467
plr_ce62070e,2018_2019,UNKNOWN,0,0,0,0
plr_c883b27f,2018_2019,UNKNOWN,0,0,0,0
plr_cd49fb5b,2018_2019,UNKNOWN,3420,0,0,585
plr_8f346f26,2018_2019,UNKNOWN,703,0,0,118
plr_0df85b0c,2018_2019,UNKNOWN,2352,9,8,386
plr_08263f80,2018_2019,UNKNOWN,3006,4,3,483
plr_630b259c,2018_2019,UNKNOWN,677,3,1,156
plr_1421d07f,2018_2019,UNKNOWN,1333,1,2,136
plr_7c13b581,2018_2019,UNKNOWN,0,0,0,0
plr_e593126a,2018_2019,UNKNOWN,3112,13,10,602
plr_c8bf144a,2018_2019,UNKNOWN,130,0,1,19
plr_63f0d523,2018_2019,UNKNOWN,645,0,1,113
plr_a60fe08b,2018_2019,UNKNOWN,0,0,0,0
plr_8ad21f5a,2018_2019,UNKNOWN,3330,0,0,581
plr_5f202281,2018_2019,UNKNOWN,3030,1,8,628
plr_2e4e887c,2018_2019,UNKNOWN,2772,1,3,488
plr_39d20cf8,2018_2019,UNKNOWN,884,1,1,182
plr_88756cb9,2018_2019,UNKNOWN,1465,2,0,209
plr_5db832d3,2018_2019,UNKNOWN,0,0,0,0
plr_ee293bac,2018_2019,UNKNOWN,0,0,0,0
plr_fe374d48,2018_2019,UNKNOWN,1,0,0,3
plr_5d5f38eb,2018_2019,UNKNOWN,0,0,0,0
plr_d345e0dc,2019_2020,UNKNOWN,1205,0,2,242
plr_b02ec8ab,2019_2020,UNKNOWN,1156,1,0,204
plr_1f539221,2019_2020,UNKNOWN,1694,0,2,331
plr_aceff42f,2019_2020,UNKNOWN,1382,0,2,244
plr_f1fb4336,2019_2020,UNKNOWN,1696,2,0,305
plr_ef198175,2019_2020,UNKNOWN,270,0,0,54
plr_b26384ba,2019_2020,UNKNOWN,0,0,0,0
plr_3363000e,2019_2020,UNKNOWN,0,0,0,0
plr_80802187,2019_2020,UNKNOWN,0,0,0,0
plr_77d6e71a,2019_2020,UNKNOWN,580,0,0,96
plr_39da64c6,2019_2020,UNKNOWN,3136,22,5,807
plr_009d331b,2019_2020,UNKNOWN,1867,10,7,387
plr_e495a629,2019_2020,UNKNOWN,628,2,0,66
plr_fb2bb5ba,2019_2020,UNKNOWN,2649,0,0,591
plr_8ca01e4c,2019_2020,UNKNOWN,1439,1,3,256
plr_fea6bbe6,2019_2020,UNKNOWN,110,0,0,3
plr_b2ed344b,2019_2020,UNKNOWN,2586,1,2,408
plr_4f499a09,2019_2020,UNKNOWN,1501,1,1,247
plr_46ca0bac,2019_2020,UNKNOWN,0,0,0,0
plr_5b9d6b5d,2019_2020,UNKNOWN,1744,0,2,272
plr_e5e96498,2019_2020,UNKNOWN,2809,2,1,494
plr_0f9a7324,2019_2020,UNKNOWN,770,0,0,169
plr_2969786c,2019_2020,UNKNOWN,1102,1,1,197
plr_cb77edda,2019_2020,UNKNOWN,1687,0,2,310
plr_575c30f5,2019_2020,UNKNOWN,1553,1,1,286
plr_468415f3,2019_2020,UNKNOWN,2004,5,6,353
plr_6cdd7045,2019_2020,UNKNOWN,622,1,1,105
plr_0293e8c7,2019_2020,UNKNOWN,838,1,1,150
plr_6799bae1,2019_2020,UNKNOWN,656,3,1,129
plr_2d580e00,2019_2020,UNKNOWN,986,1,2,213
plr_1f64e900,2019_2020,UNKNOWN,1746,1,6,259
plr_70bb4628,2019_2020,UNKNOWN,96,0,0,13
plr_1d330415,2019_2020,UNKNOWN,0,0,0,0
plr_07936f22,2019_2020,UNKNOWN,113,0,0,31
plr_9591bae4,2019_2020,UNKNOWN,0,0,0,0
plr_9f2cbe37,2019_2020,UNKNOWN,0,0,0,0
plr_420771d9,2019_2020,UNKNOWN,0,0,0,0
plr_0577423d,2019_2020,UNKNOWN,1024,1,1,224
plr_5fffb888,2019_2020,UNKNOWN,0,0,0,0
plr_c4388f94,2019_2020,UNKNOWN,1088,0,0,163
plr_5db832d3,2019_2020,UNKNOWN,1544,1,0,204
plr_d2b2fc34,2019_2020,UNKNOWN,111,0,0,14
plr_ae36d34c,2019_2020,UNKNOWN,537,0,0,90
plr_4c243d2b,2019_2020,UNKNOWN,1526,3,5,328
plr_aab2cf44,2019_2020,UNKNOWN,3233,8,7,601
plr_1d80f52a,2019_2020,UNKNOWN,2046,4,5,281
plr_c0ddfee7,2019_2020,UNKNOWN,2312,3,3,321
plr_748abafb,2019_2020,UNKNOWN,0,0,0,0
plr_b3d62b7d,2019_2020,UNKNOWN,0,0,0,0
plr_9ed0aac3,2019_2020,UNKNOWN,534,0,1,43
plr_500860bb,2019_2020,UNKNOWN,190,0,0,37
plr_4e6f3f63,2019_2020,UNKNOWN,329,0,1,48
plr_f7c41a13,2019_2020,UNKNOWN,1794,0,0,346
plr_0a9f02e0,2019_2020,UNKNOWN,317,0,0,32
plr_f624416e,2019_2020,UNKNOWN,2291,1,3,433
plr_f3e2c44b,2019_2020,UNKNOWN,1782,5,1,180
plr_bdadaff1,2019_2020,UNKNOWN,7,0,0,3
plr_b1a2702e,2019_2020,UNKNOWN,2902,2,2,537
plr_fdd5c927,2019_2020,UNKNOWN,2038,1,2,335
plr_be660ef5,2019_2020,UNKNOWN,1446,1,0,252
plr_6ca5006a,2019_2020,UNKNOWN,2038,0,2,342
plr_b2ae3cd9,2019_2020,UNKNOWN,1936,6,2,270
plr_84f12dd2,2019_2020,UNKNOWN,2604,3,2,411
plr_a2e4f905,2019_2020,UNKNOWN,0,0,0,0
plr_05aa6b0c,2019_2020,UNKNOWN,1826,0,0,273
plr_dd5a4a15,2019_2020,UNKNOWN,47,0,0,8
plr_64311c11,2019_2020,UNKNOWN,1080,0,0,203
plr_e46b9437,2019_2020,UNKNOWN,940,1,0,74
plr_db7b6bc0,2019_2020,UNKNOWN,16,0,0,5
plr_75d310d3,2019_2020,UNKNOWN,0,0,0,0
plr_39f8213c,2019_2020,UNKNOWN,2427,1,0,362
plr_21d835c5,2019_2020,UNKNOWN,2503,2,2,499
plr_f9225ffb,2019_2020,UNKNOWN,126,0,0,18
plr_5250bdbb,2019_2020,UNKNOWN,911,1,0,165
plr_7ace284a,2019_2020,UNKNOWN,964,0,0,161
plr_57587b85,2019_2020,UNKNOWN,2055,0,1,309
plr_20e42a97,2019_2020,UNKNOWN,638,0,0,85
plr_f948a1ca,2019_2020,UNKNOWN,2333,0,5,463
plr_e7ccbcbb,2019_2020,UNKNOWN,238,0,0,33
plr_9eab4259,2019_2020,UNKNOWN,2906,8,6,321
plr_c5cf491a,2019_2020,UNKNOWN,2010,6,5,313
plr_1abe75f2,2019_2020,UNKNOWN,1637,3,2,177
plr_e3f88a5c,2019_2020,UNKNOWN,25,0,0,3
plr_ca3a62da,2019_2020,UNKNOWN,0,0,0,0
plr_da777c41,2019_2020,UNKNOWN,0,0,0,0
plr_c29c8afb,2019_2020,UNKNOWN,90,0,0,9
plr_172b9567,2019_2020,UNKNOWN,2061,1,5,305
plr_fbb60d84,2019_2020,UNKNOWN,505,1,0,73
plr_f48b2f52,2019_2020,UNKNOWN,706,3,1,155
plr_b50b429b,2019_2020,UNKNOWN,48,0,0,10
plr_85993d76,2019_2020,UNKNOWN,1340,0,1,183
plr_7189b5c6,2019_2020,UNKNOWN,234,0,0,28
plr_6163ad07,2019_2020,UNKNOWN,1254,3,1,186
plr_1f9b83b6,2019_2020,UNKNOWN,2702,1,2,376
plr_ba86beca,2019_2020,UNKNOWN,1547,0,2,241
plr_528385cc,2019_2020,UNKNOWN,2526,1,1,347
plr_6a88e717,2019_2020,UNKNOWN,625,0,1,60
plr_5e872034,2019_2020,UNKNOWN,3330,0,1,680
plr_2168d3a4,2019_2020,UNKNOWN,1637,7,1,295
plr_c179a3b5,2019_2020,UNKNOWN,0,0,0,0
plr_c2ff174a,2019_2020,UNKNOWN,0,0,0,0
plr_1428f14e,2019_2020,UNKNOWN,0,0,0,0
plr_4e10e23d,2019_2020,UNKNOWN,1232,1,0,227
plr_9e87530d,2019_2020,UNKNOWN,1892,0,1,313
plr_bcdbfc23,2019_2020,UNKNOWN,675,0,0,121
plr_dd44fa23,2019_2020,UNKNOWN,0,0,0,0
plr_65bb2c13,2019_2020,UNKNOWN,57,0,0,15
plr_e4008a9b,2019_2020,UNKNOWN,3230,3,3,674
plr_a028cb92,2019_2020,UNKNOWN,0,0,0,0
plr_9bb974f1,2019_2020,UNKNOWN,785,1,1,74
plr_c6509a79,2019_2020,UNKNOWN,85,0,0,5
plr_bed7298d,2019_2020,UNKNOWN,71,1,0,20
plr_2cf1a31b,2019_2020,UNKNOWN,3420,0,0,754
plr_25a07455,2019_2020,UNKNOWN,0,0,0,0
plr_afbd50e5,2019_2020,UNKNOWN,1791,2,5,326
plr_9de67afd,2019_2020,UNKNOWN,305,2,1,90
plr_08d122c7,2019_2020,UNKNOWN,0,0,0,0
plr_75de164b,2019_2020,UNKNOWN,0,0,0,0
plr_d63a7df3,2019_2020,UNKNOWN,1253,1,0,207
plr_047f0623,2019_2020,UNKNOWN,2826,1,2,441
plr_124ba265,2019_2020,UNKNOWN,1139,0,1,129
plr_e219d9da,2019_2020,UNKNOWN,0,0,0,0
plr_8b2f0850,2019_2020,UNKNOWN,2525,0,1,406
plr_e0afcf7c,2019_2020,UNKNOWN,2004,5,5,352
plr_c41b60f7,2019_2020,UNKNOWN,2879,0,0,480
plr_67d25a12,2019_2020,UNKNOWN,2668,3,1,514
plr_4c52490b,2019_2020,UNKNOWN,2763,10,3,361
plr_7216d85e,2019_2020,UNKNOWN,2079,2,2,337
plr_038927b8,2019_2020,UNKNOWN,1250,3,3,146
plr_e7ee76a6,2019_2020,UNKNOWN,0,0,0,0
plr_b8c56e25,2019_2020,UNKNOWN,1181,0,0,183
plr_c7607bce,2019_2020,UNKNOWN,357,0,0,40
plr_f8c9c876,2019_2020,UNKNOWN,619,0,1,136
plr_f0ecbcfd,2019_2020,UNKNOWN,348,0,0,35
plr_f0ea90fc,2019_2020,UNKNOWN,0,0,0,0
plr_f2ceed13,2019_2020,UNKNOWN,2880,1,2,549
plr_6ddf1aff,2019_2020,UNKNOWN,3420,2,3,690
plr_65fff381,2019_2020,UNKNOWN,1530,0,1,270
plr_ac3c5620,2019_2020,UNKNOWN,1890,0,2,358
plr_bfc434ba,2019_2020,UNKNOWN,1944,0,1,375
plr_c9f999b9,2019_2020,UNKNOWN,562,0,0,93
plr_c7010e66,2019_2020,UNKNOWN,0,0,0,0
plr_9a2d8da7,2019_2020,UNKNOWN,1350,6,0,161
plr_02b5fc3b,2019_2020,UNKNOWN,2436,14,1,384
plr_e6d00b83,2019_2020,UNKNOWN,807,2,1,112
plr_14b72ddd,2019_2020,UNKNOWN,3420,0,0,789
plr_67a3486b,2019_2020,UNKNOWN,0,0,0,0
plr_6b44045d,2019_2020,UNKNOWN,617,1,1,98
plr_19a9f8d4,2019_2020,UNKNOWN,3339,2,7,529
plr_cba5817b,2019_2020,UNKNOWN,445,1,2,112
plr_d525837d,2019_2020,UNKNOWN,0,0,0,0
plr_3824beac,2019_2020,UNKNOWN,1930,2,2,197
plr_8a3c2afa,2019_2020,UNKNOWN,3150,2,7,567
plr_595bbbed,2019_2020,UNKNOWN,2614,0,0,301
plr_fc13e07a,2019_2020,UNKNOWN,485,0,0,51
plr_1154234e,2019_2020,UNKNOWN,1876,0,5,359
plr_9a96f291,2019_2020,UNKNOWN,2002,8,2,282
plr_90a8e100,2019_2020,UNKNOWN,0,0,0,0
plr_0fe64002,2019_2020,UNKNOWN,0,0,0,0
plr_de2cfa41,2019_2020,UNKNOWN,0,0,0,0
plr_b3d3f1d0,2019_2020,UNKNOWN,0,0,0,0
plr_b61b3c33,2019_2020,UNKNOWN,805,0,0,111
plr_5cd01878,2019_2020,UNKNOWN,0,0,0,0
plr_b82fff3f,2019_2020,UNKNOWN,0,0,0,0
plr_ddebc3a8,2019_2020,UNKNOWN,2,0,0,3
plr_daa1c19e,2019_2020,UNKNOWN,0,0,0,0
plr_812a0509,2019_2020,UNKNOWN,0,0,0,0
plr_db6ca92a,2019_2020,UNKNOWN,0,0,0,0
plr_84684497,2019_2020,UNKNOWN,1429,4,4,395
plr_ea87a362,2019_2020,UNKNOWN,1710,2,0,351
plr_c3e54f62,2019_2020,UNKNOWN,3229,2,6,700
plr_b194162b,2019_2020,UNKNOWN,1022,0,0,181
plr_0f120fda,2019_2020,UNKNOWN,1751,0,0,325
plr_82cf2b60,2019_2020,UNKNOWN,0,0,0,0
plr_b5a61b9b,2019_2020,UNKNOWN,988,8,1,253
plr_0bf26dae,2019_2020,UNKNOWN,2970,0,0,507
plr_9799f403,2019_2020,UNKNOWN,450,0,0,74
plr_16f80818,2019_2020,UNKNOWN,2595,9,9,698
plr_6525094d,2019_2020,UNKNOWN,659,1,2,127
plr_b7d07ad4,2019_2020,UNKNOWN,203,0,1,37
plr_a0c9592b,2019_2020,UNKNOWN,849,1,5,197
plr_2720425b,2019_2020,UNKNOWN,1095,1,5,208
plr_216c39a6,2019_2020,UNKNOWN,2376,4,3,535
plr_fdf9d38e,2019_2020,UNKNOWN,1730,3,0,294
plr_e20bb88b,2019_2020,UNKNOWN,0,0,0,0
plr_dcb06da4,2019_2020,UNKNOWN,1717,9,8,379
plr_cf15d5e4,2019_2020,UNKNOWN,2065,1,3,461
plr_b6ebff29,2019_2020,UNKNOWN,2343,0,0,432
plr_344b033a,2019_2020,UNKNOWN,2206,15,6,461
plr_edc4c0a9,2019_2020,UNKNOWN,224,1,2,59
plr_2c73c04b,2019_2020,UNKNOWN,0,0,0,0
plr_746e13ca,2019_2020,UNKNOWN,2865,7,6,510
plr_401f6d7f,2019_2020,UNKNOWN,1510,0,2,373
plr_7818c50e,2019_2020,UNKNOWN,1291,1,0,271
plr_3ecf6780,2019_2020,UNKNOWN,191,0,0,41
plr_f07d5934,2019_2020,UNKNOWN,0,0,0,0
plr_1a0ad438,2019_2020,UNKNOWN,19,0,0,1
plr_fdc5a46d,2019_2020,UNKNOWN,4,0,0,2
plr_95f25abf,2019_2020,UNKNOWN,0,0,0,0
plr_eb2a8bb3,2019_2020,UNKNOWN,2507,3,2,523
plr_35d96fef,2019_2020,UNKNOWN,1582,1,1,260
plr_6b67afcd,2019_2020,UNKNOWN,929,0,0,148
plr_d4cc85c4,2019_2020,UNKNOWN,2380,0,1,392
plr_ef917ec9,2019_2020,UNKNOWN,1264,0,1,253
plr_6c8e730d,2019_2020,UNKNOWN,1547,0,1,288
plr_501441df,2019_2020,UNKNOWN,1252,2,1,133
plr_c37fb231,2019_2020,UNKNOWN,90,1,1,48
plr_c4e063a2,2019_2020,UNKNOWN,3150,0,0,643
plr_fa83f982,2019_2020,UNKNOWN,270,0,0,58
plr_eb417772,2019_2020,UNKNOWN,3279,4,6,337
plr_71be3d76,2019_2020,UNKNOWN,2510,3,1,382
plr_1f5ea9c1,2019_2020,UNKNOWN,1284,1,1,221
plr_058085fe,2019_2020,UNKNOWN,645,0,0,67
plr_c67604e0,2019_2020,UNKNOWN,1030,3,1,148
plr_75fff9fc,2019_2020,UNKNOWN,3091,0,4,420
plr_6fb4c6f6,2019_2020,UNKNOWN,2524,1,2,288
plr_2a69153b,2019_2020,UNKNOWN,0,0,0,0
plr_9f7b03ea,2019_2020,UNKNOWN,1668,0,0,205
plr_bd3b7276,2019_2020,UNKNOWN,3148,9,3,443
plr_31244ce5,2019_2020,UNKNOWN,2167,0,1,395
plr_31be08c4,2019_2020,UNKNOWN,5,0,0,3
plr_eebf50b6,2019_2020,UNKNOWN,761,0,0,116
plr_fc7233ff,2019_2020,UNKNOWN,0,0,0,0
plr_312e7953,2019_2020,UNKNOWN,0,0,0,0
plr_d050c644,2019_2020,UNKNOWN,193,0,0,23
plr_dec3790b,2019_2020,UNKNOWN,13,0,0,7
plr_568807f6,2019_2020,UNKNOWN,0,0,0,0
plr_4089d14b,2019_2020,UNKNOWN,0,0,0,0
plr_890672aa,2019_2020,UNKNOWN,0,0,0,0
plr_77f3a070,2019_2020,UNKNOWN,0,0,0,0
plr_3a14fecb,2019_2020,UNKNOWN,0,0,0,0
plr_9d8596d1,2019_2020,UNKNOWN,1591,1,0,227
plr_8c5c1080,2019_2020,UNKNOWN,3031,0,8,646
plr_2262a79a,2019_2020,UNKNOWN,2281,2,1,419
plr_b6ee548a,2019_2020,UNKNOWN,2556,2,0,490
plr_03d5d20f,2019_2020,UNKNOWN,1833,0,1,325
plr_7e9bcb51,2019_2020,UNKNOWN,400,0,1,89
plr_eefecbc8,2019_2020,UNKNOWN,462,2,0,86
plr_50f83976,2019_2020,UNKNOWN,2621,13,1,385
plr_c80a09ce,2019_2020,UNKNOWN,3420,0,0,626
plr_1b3a482d,2019_2020,UNKNOWN,0,0,0,0
plr_d889ad7a,2019_2020,UNKNOWN,3070,13,5,519
plr_b37d98e5,2019_2020,UNKNOWN,2555,2,4,397
plr_c2d154bc,2019_2020,UNKNOWN,1269,3,2,237
plr_27cd1ae2,2019_2020,UNKNOWN,1281,2,4,186
plr_560af91a,2019_2020,UNKNOWN,2020,1,1,233
plr_1280992e,2019_2020,UNKNOWN,0,0,0,0
plr_1eaa4eff,2019_2020,UNKNOWN,0,0,0,0
plr_45a39995,2019_2020,UNKNOWN,998,0,0,132
plr_b60c58c3,2019_2020,UNKNOWN,1187,0,0,202
plr_de75d325,2019_2020,UNKNOWN,1457,0,1,184
plr_519c4827,2019_2020,UNKNOWN,0,0,0,0
plr_0d3bf15e,2019_2020,UNKNOWN,2052,0,4,412
plr_969e1656,2019_2020,UNKNOWN,0,0,0,0
plr_c1ae9e7d,2019_2020,UNKNOWN,830,2,2,138
plr_c53f6349,2019_2020,UNKNOWN,135,0,0,14
plr_22fc351d,2019_2020,UNKNOWN,1818,0,4,386
plr_4208ef24,2019_2020,UNKNOWN,0,0,0,0
plr_d51feeea,2019_2020,UNKNOWN,436,0,1,63
plr_2d12bcf1,2019_2020,UNKNOWN,19,0,0,1
plr_ee3c9833,2019_2020,UNKNOWN,0,0,0,0
plr_69de690c,2019_2020,UNKNOWN,0,0,0,0
plr_3a4c3f3a,2019_2020,UNKNOWN,299,0,0,69
plr_d6116fcd,2019_2020,UNKNOWN,0,0,0,0
plr_da8e7ca8,2019_2020,UNKNOWN,2520,3,2,568
plr_a1d99e09,2019_2020,UNKNOWN,2374,3,3,501
plr_4d3219d2,2019_2020,UNKNOWN,3384,1,2,707
plr_2664ca38,2019_2020,UNKNOWN,770,0,0,139
plr_2f7ea2ec,2019_2020,UNKNOWN,3036,1,1,681
plr_54dade2e,2019_2020,UNKNOWN,430,0,0,87
plr_06421d18,2019_2020,UNKNOWN,3032,23,7,775
plr_4b132b0b,2019_2020,UNKNOWN,953,5,4,204
plr_e8c35843,2019_2020,UNKNOWN,3420,0,0,707
plr_5894026a,2019_2020,UNKNOWN,0,0,0,0
plr_3b830183,2019_2020,UNKNOWN,0,0,0,0
plr_277a95ed,2019_2020,UNKNOWN,2624,6,5,548
plr_de12d9ad,2019_2020,UNKNOWN,2075,6,10,394
plr_4586b377,2019_2020,UNKNOWN,0,0,0,0
plr_0e4f804f,2019_2020,UNKNOWN,857,0,3,185
plr_34782e93,2019_2020,UNKNOWN,605,2,4,151
plr_8c0f9b93,2019_2020,UNKNOWN,2671,2,1,443
plr_bdf3847c,2019_2020,UNKNOWN,5,0,0,3
plr_c948fdd6,2019_2020,UNKNOWN,0,0,0,0
plr_960467fe,2019_2020,UNKNOWN,288,0,0,71
plr_11bf87af,2019_2020,UNKNOWN,883,1,1,153
plr_b6d7e48d,2019_2020,UNKNOWN,1998,8,5,402
plr_e8571774,2019_2020,UNKNOWN,932,0,0,176
plr_2c95a143,2019_2020,UNKNOWN,1010,0,1,196
plr_4f8f9036,2019_2020,UNKNOWN,2823,3,6,531
plr_68357a6d,2019_2020,UNKNOWN,0,0,0,0
plr_13cb4a01,2019_2020,UNKNOWN,1122,1,3,203
plr_034e18f0,2019_2020,UNKNOWN,0,0,0,0
plr_a9f70ec7,2019_2020,UNKNOWN,267,0,1,70
plr_2d1bac50,2019_2020,UNKNOWN,9,0,0,3
plr_f004b835,2019_2020,UNKNOWN,0,0,0,0
plr_2715f9e4,2019_2020,UNKNOWN,3111,2,12,847
plr_f3e9124c,2019_2020,UNKNOWN,3173,4,15,904
plr_d0bb1a9d,2019_2020,UNKNOWN,3420,5,2,804
plr_b8d94879,2019_2020,UNKNOWN,1999,0,0,461
plr_2d5b2678,2019_2020,UNKNOWN,703,1,0,167
plr_cc20c957,2019_2020,UNKNOWN,776,0,1,147
plr_aae4fc17,2019_2020,UNKNOWN,2985,9,9,592
plr_adabbcb0,2019_2020,UNKNOWN,699,4,3,230
plr_94fbaeb1,2019_2020,UNKNOWN,2543,0,1,558
plr_5a5a639f,2019_2020,UNKNOWN,0,0,0,0
plr_d399e6e6,2019_2020,UNKNOWN,2879,19,10,661
plr_28cb602e,2019_2020,UNKNOWN,2745,18,10,689
plr_1ae1f8bd,2019_2020,UNKNOWN,1475,4,1,268
plr_a815aba7,2019_2020,UNKNOWN,181,1,0,54
plr_b556c718,2019_2020,UNKNOWN,371,1,1,97
plr_8cdd2213,2019_2020,UNKNOWN,806,2,3,224
plr_3192e8cf,2019_2020,UNKNOWN,2073,2,3,403
plr_2dea94da,2019_2020,UNKNOWN,2234,4,5,530
plr_0dfd230a,2019_2020,UNKNOWN,2933,4,0,503
plr_a472932c,2019_2020,UNKNOWN,924,2,2,198
plr_d88f887f,2019_2020,UNKNOWN,0,0,0,0
plr_faaaa99f,2019_2020,UNKNOWN,0,0,0,0
plr_b70c6061,2019_2020,UNKNOWN,873,0,0,136
plr_104d8f9b,2019_2020,UNKNOWN,0,0,0,0
plr_27e4c774,2019_2020,UNKNOWN,0,0,0,0
plr_a46fcd0c,2019_2020,UNKNOWN,7,0,0,6
plr_a78552a3,2019_2020,UNKNOWN,121,1,0,46
plr_904ac60e,2019_2020,UNKNOWN,228,0,0,53
plr_4b766852,2019_2020,UNKNOWN,0,0,0,0
plr_e3e0b92b,2019_2020,UNKNOWN,241,0,0,20
plr_d44b4428,2019_2020,UNKNOWN,0,0,0,0
plr_ff2dc23c,2019_2020,UNKNOWN,1096,1,0,298
plr_1168f49d,2019_2020,UNKNOWN,2392,1,4,573
plr_8c723fa5,2019_2020,UNKNOWN,1491,0,2,378
plr_ca59b862,2019_2020,UNKNOWN,1271,0,0,295
plr_fc698e78,2019_2020,UNKNOWN,1118,0,0,231
plr_01cd0637,2019_2020,UNKNOWN,1710,2,1,389
plr_9a150698,2019_2020,UNKNOWN,0,0,0,0
plr_2a1c617b,2019_2020,UNKNOWN,1449,16,6,509
plr_eeb4321a,2019_2020,UNKNOWN,2018,14,8,535
plr_55684962,2019_2020,UNKNOWN,3071,0,0,645
plr_108f600f,2019_2020,UNKNOWN,346,0,0,69
plr_35b30eb7,2019_2020,UNKNOWN,2651,20,6,642
plr_3afd0eee,2019_2020,UNKNOWN,2790,13,23,988
plr_bf48ab5e,2019_2020,UNKNOWN,11,0,0,2
plr_20bb915c,2019_2020,UNKNOWN,1934,11,14,668
plr_30b3ff3d,2019_2020,UNKNOWN,2021,6,7,526
plr_6857889d,2019_2020,UNKNOWN,1821,6,12,549
plr_8c1c5347,2019_2020,UNKNOWN,888,5,2,261
plr_ad10025f,2019_2020,UNKNOWN,2394,0,1,401
plr_aac9bc81,2019_2020,UNKNOWN,2012,2,1,382
plr_0b7c2187,2019_2020,UNKNOWN,422,0,1,94
plr_cdb288e7,2019_2020,UNKNOWN,2480,3,2,516
plr_3b4405d8,2019_2020,UNKNOWN,1205,0,0,299
plr_b8e56c95,2019_2020,UNKNOWN,790,0,0,189
plr_79729896,2019_2020,UNKNOWN,0,0,0,0
plr_07126552,2019_2020,UNKNOWN,0,0,0,0
plr_39403ffa,2019_2020,UNKNOWN,0,0,0,0
plr_83a84383,2019_2020,UNKNOWN,15,0,0,3
plr_139769ff,2019_2020,UNKNOWN,3070,0,4,659
plr_c45dc35c,2019_2020,UNKNOWN,3420,1,0,681
plr_794e127e,2019_2020,UNKNOWN,0,0,0,0
plr_9968036e,2019_2020,UNKNOWN,953,0,0,158
plr_2d949f89,2019_2020,UNKNOWN,3092,1,0,618
plr_e471e6f0,2019_2020,UNKNOWN,1730,0,0,381
plr_6310a880,2019_2020,UNKNOWN,121,0,0,9
plr_560fd6de,2019_2020,UNKNOWN,148,0,0,40
plr_f9f3dbb1,2019_2020,UNKNOWN,65,0,0,10
plr_659c4473,2019_2020,UNKNOWN,0,0,0,0
plr_2f77e161,2019_2020,UNKNOWN,135,0,0,22
plr_36e9fcc6,2019_2020,UNKNOWN,0,0,0,0
plr_09011e91,2019_2020,UNKNOWN,2645,17,8,665
plr_6b3533f7,2019_2020,UNKNOWN,1303,10,1,430
plr_6afa4817,2019_2020,UNKNOWN,3420,0,0,630
plr_21d53b87,2019_2020,UNKNOWN,0,0,0,0
plr_9a1e9557,2019_2020,UNKNOWN,0,0,0,0
plr_4a89e08d,2019_2020,UNKNOWN,1202,1,4,215
plr_016b7794,2019_2020,UNKNOWN,2625,17,9,544
plr_790b5c2f,2019_2020,UNKNOWN,0,0,0,0
plr_95f01c5a,2019_2020,UNKNOWN,923,1,0,99
plr_49238d1f,2019_2020,UNKNOWN,747,0,2,139
plr_95f2332c,2019_2020,UNKNOWN,2281,3,6,308
plr_c1074816,2019_2020,UNKNOWN,2157,0,0,358
plr_ef78636d,2019_2020,UNKNOWN,19,0,0,7
plr_f8c84f9a,2019_2020,UNKNOWN,1478,1,3,198
plr_2c239f32,2019_2020,UNKNOWN,1578,0,2,287
plr_1603a487,2019_2020,UNKNOWN,1765,3,2,310
plr_dc11c3e1,2019_2020,UNKNOWN,34,0,0,6
plr_eac70acc,2019_2020,UNKNOWN,8,0,0,3
plr_809c0648,2019_2020,UNKNOWN,187,0,0,30
plr_3c06a2c6,2019_2020,UNKNOWN,1003,1,1,228
plr_3d582616,2019_2020,UNKNOWN,1187,8,8,366
plr_5f2c2511,2019_2020,UNKNOWN,92,0,0,24
plr_4cf9b861,2019_2020,UNKNOWN,136,0,0,27
plr_1108a080,2019_2020,UNKNOWN,1312,2,1,293
plr_0186915a,2019_2020,UNKNOWN,1669,2,1,297
plr_79d26f3f,2019_2020,UNKNOWN,934,1,0,122
plr_a500ce5f,2019_2020,UNKNOWN,2617,2,3,507
plr_27b7c1a7,2019_2020,UNKNOWN,1227,0,0,230
plr_858f1ea0,2019_2020,UNKNOWN,1597,0,1,288
plr_34f583b1,2019_2020,UNKNOWN,440,2,0,88
plr_49c89a41,2019_2020,UNKNOWN,2076,1,0,358
plr_d94e7646,2019_2020,UNKNOWN,1186,2,0,216
plr_5bf3d5b2,2019_2020,UNKNOWN,207,0,0,25
plr_de1e900b,2019_2020,UNKNOWN,0,0,0,0
plr_7ecda783,2019_2020,UNKNOWN,3420,0,0,719
plr_36f524c4,2019_2020,UNKNOWN,0,0,0,0
plr_7f459bfb,2019_2020,UNKNOWN,0,0,0,0
plr_65b56c44,2019_2020,UNKNOWN,3020,4,2,356
plr_e3fa1474,2019_2020,UNKNOWN,738,0,3,104
plr_f37a7b7f,2019_2020,UNKNOWN,135,0,0,18
plr_5f5ac94a,2019_2020,UNKNOWN,2118,6,2,437
plr_2603fc25,2019_2020,UNKNOWN,1370,1,2,181
plr_650def45,2019_2020,UNKNOWN,2220,1,4,309
plr_72e3155c,2019_2020,UNKNOWN,1753,0,0,290
plr_84d3bbbd,2019_2020,UNKNOWN,2678,2,2,236
plr_61e070fe,2019_2020,UNKNOWN,0,0,0,0
plr_d7a075fd,2019_2020,UNKNOWN,0,0,0,0
plr_2b72cd2e,2019_2020,UNKNOWN,1492,2,2,283
plr_a2eb1973,2019_2020,UNKNOWN,0,0,0,0
plr_b153d335,2019_2020,UNKNOWN,1860,3,5,321
plr_cedc74e6,2019_2020,UNKNOWN,1015,0,1,187
plr_cf08a331,2019_2020,UNKNOWN,617,0,4,87
plr_5a061ad9,2019_2020,UNKNOWN,572,2,0,104
plr_388599db,2019_2020,UNKNOWN,842,4,2,190
plr_7b381f07,2019_2020,UNKNOWN,0,0,0,0
plr_df3ee396,2019_2020,UNKNOWN,0,0,0,0
plr_39b97c30,2019_2020,UNKNOWN,16,0,0,3
plr_5b927960,2019_2020,UNKNOWN,0,0,0,0
plr_a28be6a4,2019_2020,UNKNOWN,747,0,0,113
plr_25d062dc,2019_2020,UNKNOWN,472,1,0,81
plr_165e580c,2019_2020,UNKNOWN,0,0,0,0
plr_7c3ea9b6,2019_2020,UNKNOWN,585,0,0,77
plr_d541c3f9,2019_2020,UNKNOWN,2644,0,0,447
plr_763e6838,2019_2020,UNKNOWN,3240,0,2,489
plr_499f947f,2019_2020,UNKNOWN,1430,0,1,247
plr_6b8410fd,2019_2020,UNKNOWN,2301,1,0,384
plr_5eedb181,2019_2020,UNKNOWN,1261,0,0,214
plr_68341f3c,2019_2020,UNKNOWN,2884,11,3,444
plr_61a6d1fc,2019_2020,UNKNOWN,41,1,0,50
plr_69204d80,2019_2020,UNKNOWN,3240,0,0,668
plr_b20f9748,2019_2020,UNKNOWN,158,0,0,46
plr_a339cc3b,2019_2020,UNKNOWN,624,1,0,116
plr_8ed1b0e5,2019_2020,UNKNOWN,2458,1,7,464
plr_b4818c4f,2019_2020,UNKNOWN,1374,1,2,173
plr_526e098e,2019_2020,UNKNOWN,1173,0,0,96
plr_0e9cf481,2019_2020,UNKNOWN,2965,1,1,424
plr_7279f9bb,2019_2020,UNKNOWN,2484,6,2,410
plr_dbfa47d3,2019_2020,UNKNOWN,683,0,0,102
plr_dcddbb38,2019_2020,UNKNOWN,2339,1,1,404
plr_9a0bcd68,2019_2020,UNKNOWN,1128,0,0,172
plr_7839b5d3,2019_2020,UNKNOWN,636,1,0,67
plr_27a97d88,2019_2020,UNKNOWN,24,0,0,12
plr_b7ed9d09,2019_2020,UNKNOWN,21,0,0,6
plr_167cafa7,2019_2020,UNKNOWN,1292,0,0,201
plr_5578b651,2019_2020,UNKNOWN,0,0,0,0
plr_a840dd4d,2019_2020,UNKNOWN,756,0,0,122
plr_d3fd02be,2019_2020,UNKNOWN,219,0,0,25
plr_caa2bcc8,2019_2020,UNKNOWN,0,0,0,0
plr_3321f892,2019_2020,UNKNOWN,1,0,0,3
plr_9d527562,2019_2020,UNKNOWN,723,0,1,131
plr_82566ba5,2019_2020,UNKNOWN,692,0,0,79
plr_715234f4,2019_2020,UNKNOWN,32,0,0,14
plr_d06637c5,2019_2020,UNKNOWN,1,0,0,3
plr_4e211b25,2019_2020,UNKNOWN,0,0,0,0
plr_aba75436,2019_2020,UNKNOWN,1223,6,4,248
plr_3929440f,2019_2020,UNKNOWN,3345,2,4,639
plr_f806f3fc,2019_2020,UNKNOWN,6,0,0,5
plr_909fb67a,2019_2020,UNKNOWN,2915,0,1,552
plr_09fe3709,2019_2020,UNKNOWN,3420,2,4,602
plr_048baff6,2019_2020,UNKNOWN,3187,2,1,592
plr_82abb29f,2019_2020,UNKNOWN,0,0,0,0
plr_5826f506,2019_2020,UNKNOWN,2452,5,4,539
plr_b2cc9f0a,2019_2020,UNKNOWN,1037,3,2,159
plr_89db9673,2019_2020,UNKNOWN,0,0,0,0
plr_f1b62d41,2019_2020,UNKNOWN,0,0,0,0
plr_96fff073,2019_2020,UNKNOWN,2515,5,2,464
plr_02877204,2019_2020,UNKNOWN,3089,1,3,563
plr_5e6ca5fd,2019_2020,UNKNOWN,1810,2,2,201
plr_9b939cbf,2019_2020,UNKNOWN,3242,0,1,639
plr_12c388a1,2019_2020,UNKNOWN,180,0,0,23
plr_d6e069af,2019_2020,UNKNOWN,360,0,0,38
plr_4ce09cbc,2019_2020,UNKNOWN,240,0,0,50
plr_d4f486a5,2019_2020,UNKNOWN,669,1,2,73
plr_b2043a25,2019_2020,UNKNOWN,12,0,0,0
plr_b25d2407,2019_2020,UNKNOWN,3240,0,1,688
plr_1e6d94c0,2019_2020,UNKNOWN,590,0,0,84
plr_4fbf61ab,2019_2020,UNKNOWN,2105,6,1,300
plr_e742f164,2019_2020,UNKNOWN,0,0,0,0
plr_30efeb64,2019_2020,UNKNOWN,243,0,0,40
plr_f5668199,2019_2020,UNKNOWN,33,0,0,3
plr_fb02246d,2019_2020,UNKNOWN,15,0,0,3
plr_2d050e97,2019_2020,UNKNOWN,504,0,0,87
plr_67dc8f99,2019_2020,UNKNOWN,943,1,1,147
plr_d6cfb269,2019_2020,UNKNOWN,107,0,0,15
plr_fe12bd8c,2019_2020,UNKNOWN,0,0,0,0
plr_8da9d9dc,2019_2020,UNKNOWN,1496,1,0,286
plr_db86ad1a,2019_2020,UNKNOWN,2742,1,1,432
plr_d2502cf3,2019_2020,UNKNOWN,778,0,1,93
plr_9ca03c20,2019_2020,UNKNOWN,3057,1,1,539
plr_752827fa,2019_2020,UNKNOWN,2451,1,3,432
plr_570a5929,2019_2020,UNKNOWN,558,0,0,85
plr_48dd4e67,2019_2020,UNKNOWN,0,0,0,0
plr_a0b5e1c6,2019_2020,UNKNOWN,0,0,0,0
plr_c64d816d,2019_2020,UNKNOWN,2800,22,2,736
plr_af65216f,2019_2020,UNKNOWN,655,3,2,165
plr_12976342,2019_2020,UNKNOWN,1386,2,3,159
plr_3afeb7ea,2019_2020,UNKNOWN,0,0,0,0
plr_c0686055,2019_2020,UNKNOWN,0,0,0,0
plr_108b21a7,2019_2020,UNKNOWN,2520,0,0,491
plr_e48a9618,2019_2020,UNKNOWN,900,0,0,166
plr_22074864,2019_2020,UNKNOWN,2763,4,4,412
plr_c25287e5,2019_2020,UNKNOWN,3420,5,4,587
plr_7a39102c,2019_2020,UNKNOWN,0,0,0,0
plr_b7b8f23e,2019_2020,UNKNOWN,1706,5,4,301
plr_3cbba7ff,2019_2020,UNKNOWN,0,0,0,0
plr_b8a08e85,2019_2020,UNKNOWN,2750,0,3,412
plr_1fcc229d,2019_2020,UNKNOWN,0,0,0,0
plr_200b6746,2019_2020,UNKNOWN,0,0,0,0
plr_663456b7,2019_2020,UNKNOWN,1855,0,0,301
plr_1349c31a,2019_2020,UNKNOWN,944,0,1,194
plr_d6437cb7,2019_2020,UNKNOWN,1095,4,4,242
plr_699c6675,2019_2020,UNKNOWN,920,2,2,151
plr_7fb65103,2019_2020,UNKNOWN,0,0,0,0
plr_8b1f9e9a,2019_2020,UNKNOWN,753,0,3,99
plr_ee9308c2,2019_2020,UNKNOWN,275,0,1,46
plr_e4706cf3,2019_2020,UNKNOWN,0,0,0,0
plr_b50a959a,2019_2020,UNKNOWN,0,0,0,0
plr_33dccccd,2019_2020,UNKNOWN,389,0,2,84
plr_ce409803,2019_2020,UNKNOWN,2,0,0,3
plr_b1f1eda3,2019_2020,UNKNOWN,90,0,0,10
plr_f1a6b3db,2019_2020,UNKNOWN,0,0,0,0
plr_25a96f0e,2019_2020,UNKNOWN,0,0,0,0
plr_a40a07b3,2019_2020,UNKNOWN,0,0,0,0
plr_aab0e934,2019_2020,UNKNOWN,1430,0,0,223
plr_71afa1b1,2019_2020,UNKNOWN,1644,1,1,346
plr_0bd8e670,2019_2020,UNKNOWN,2957,2,2,576
plr_de3ffd5d,2019_2020,UNKNOWN,2431,0,2,443
plr_5bef49ad,2019_2020,UNKNOWN,0,0,0,0
plr_b9171160,2019_2020,UNKNOWN,66,0,0,9
plr_4d1473a3,2019_2020,UNKNOWN,2699,1,7,623
plr_9e8be954,2019_2020,UNKNOWN,2588,18,2,587
plr_d0de4e9f,2019_2020,UNKNOWN,0,0,0,0
plr_010e2e52,2019_2020,UNKNOWN,1808,0,0,422
plr_ae6c94bb,2019_2020,UNKNOWN,1612,0,0,300
plr_f7e93b01,2019_2020,UNKNOWN,2478,11,13,544
plr_bcaf28f5,2019_2020,UNKNOWN,1090,2,2,205
plr_eb3ec8f4,2019_2020,UNKNOWN,1845,8,6,349
plr_fe0ff417,2019_2020,UNKNOWN,2235,4,5,330
plr_d55904d4,2019_2020,UNKNOWN,1203,2,5,220
plr_aaae9fd4,2019_2020,UNKNOWN,2223,0,0,369
plr_d755f6f9,2019_2020,UNKNOWN,24,0,0,5
plr_a10c4603,2019_2020,UNKNOWN,2451,2,1,386
plr_a9982cc0,2019_2020,UNKNOWN,1340,0,2,172
plr_d14a3456,2019_2020,UNKNOWN,0,0,0,0
plr_bac9d792,2019_2020,UNKNOWN,74,0,0,23
plr_f1d59455,2019_2020,UNKNOWN,1002,2,2,220
plr_50d5df9c,2019_2020,UNKNOWN,6,0,0,6
plr_ff48fb46,2019_2020,UNKNOWN,1482,0,3,250
plr_3d73b838,2019_2020,UNKNOWN,341,0,0,41
plr_07ef1b0f,2019_2020,UNKNOWN,2,0,0,3
plr_74b02825,2019_2020,UNKNOWN,0,0,0,0
plr_833cdf60,2019_2020,UNKNOWN,0,0,0,0
plr_ba4de6b4,2019_2020,UNKNOWN,0,0,0,0
plr_d1257a6c,2019_2020,UNKNOWN,525,0,0,100
plr_279016fc,2019_2020,UNKNOWN,62,0,0,20
plr_b9a9445d,2019_2020,UNKNOWN,699,3,1,141
plr_4646453f,2019_2020,UNKNOWN,0,0,0,0
plr_ba688344,2019_2020,UNKNOWN,0,0,0,0
plr_9b9a0cd0,2019_2020,UNKNOWN,1022,0,1,153
plr_6ee98c7f,2019_2020,UNKNOWN,2250,0,2,382
plr_0233e914,2019_2020,UNKNOWN,1815,1,0,281
plr_f55efa6b,2019_2020,UNKNOWN,1509,0,0,185
plr_1949daa0,2019_2020,UNKNOWN,2236,0,1,366
plr_6d0b0664,2019_2020,UNKNOWN,2488,0,0,441
plr_c5a14892,2019_2020,UNKNOWN,606,0,1,148
plr_619aff01,2019_2020,UNKNOWN,0,0,0,0
plr_46ef53bc,2019_2020,UNKNOWN,56,0,0,3
plr_02ab709f,2019_2020,UNKNOWN,2224,10,2,403
plr_55a93d48,2019_2020,UNKNOWN,2097,4,5,330
plr_1b5eec6f,2019_2020,UNKNOWN,741,2,1,117
plr_34f6977d,2019_2020,UNKNOWN,65,0,0,8
plr_d06a0422,2019_2020,UNKNOWN,3420,0,0,686
plr_b16d5a81,2019_2020,UNKNOWN,0,0,0,0
plr_919fc8a9,2019_2020,UNKNOWN,3156,4,4,459
plr_f6e289d3,2019_2020,UNKNOWN,1641,3,0,194
plr_920fed55,2019_2020,UNKNOWN,2249,1,1,265
plr_ef17713a,2019_2020,UNKNOWN,964,1,0,153
plr_8148f53d,2019_2020,UNKNOWN,0,0,0,0
plr_80d6f5ee,2019_2020,UNKNOWN,2627,0,4,394
plr_ae4d7888,2019_2020,UNKNOWN,919,0,1,142
plr_1ed87323,2019_2020,UNKNOWN,18,0,0,10
plr_d9e03d2c,2019_2020,UNKNOWN,2359,2,0,353
plr_911c0583,2019_2020,UNKNOWN,813,2,1,93
plr_d01d6c6d,2019_2020,UNKNOWN,0,0,0,0
plr_8fb559cc,2019_2020,UNKNOWN,2023,5,7,300
plr_dd6a08e5,2019_2020,UNKNOWN,57,0,0,12
plr_282e36c3,2019_2020,UNKNOWN,0,0,0,0
plr_fef538b6,2019_2020,UNKNOWN,22,0,0,8
plr_87f245ba,2019_2020,UNKNOWN,67,0,0,20
plr_9ee13d80,2019_2020,UNKNOWN,0,0,0,0
plr_991490e8,2019_2020,UNKNOWN,2727,3,0,444
plr_f2f6cf38,2019_2020,UNKNOWN,2786,2,0,453
plr_f0f607c2,2019_2020,UNKNOWN,930,0,1,166
plr_9b4ce0d7,2019_2020,UNKNOWN,588,0,0,90
plr_d919b380,2019_2020,UNKNOWN,2235,0,3,423
plr_a6443ea6,2019_2020,UNKNOWN,2765,3,1,424
plr_dd716efe,2019_2020,UNKNOWN,1176,1,0,210
plr_c581c9d1,2019_2020,UNKNOWN,0,0,0,0
plr_49051110,2019_2020,UNKNOWN,270,0,0,32
plr_8bd8370f,2019_2020,UNKNOWN,0,0,0,0
plr_1c85cd03,2019_2020,UNKNOWN,106,1,0,27
plr_9dc83f3e,2019_2020,UNKNOWN,0,0,0,0
plr_c40d11e0,2019_2020,UNKNOWN,2117,0,0,414
plr_830564dc,2019_2020,UNKNOWN,1767,10,4,284
plr_b1920ffe,2019_2020,UNKNOWN,1493,1,4,299
plr_98b74710,2019_2020,UNKNOWN,1370,0,3,234
plr_5970ca85,2019_2020,UNKNOWN,981,5,1,231
plr_6dba5be3,2019_2020,UNKNOWN,1504,5,5,312
plr_fd6523f7,2019_2020,UNKNOWN,209,0,0,14
plr_4b7b1fe6,2019_2020,UNKNOWN,3420,1,5,616
plr_c168f9f2,2019_2020,UNKNOWN,2675,4,4,504
plr_8d569c7b,2019_2020,UNKNOWN,112,0,0,20
plr_c3c93a05,2019_2020,UNKNOWN,0,0,0,0
plr_357b7b24,2019_2020,UNKNOWN,2167,2,6,346
plr_edab1893,2019_2020,UNKNOWN,0,0,0,0
plr_64d3fb79,2019_2020,UNKNOWN,686,0,0,134
plr_cde5c85f,2019_2020,UNKNOWN,2259,7,3,327
plr_9683831e,2019_2020,UNKNOWN,132,0,0,16
plr_d333d2f9,2019_2020,UNKNOWN,435,0,0,86
plr_32ca7812,2019_2020,UNKNOWN,31,0,0,10
plr_ed62b3fa,2019_2020,UNKNOWN,0,0,0,0
plr_903a3d6e,2019_2020,UNKNOWN,440,0,0,48
plr_0ae4313b,2019_2020,UNKNOWN,0,0,0,0
plr_f3e8d38f,2019_2020,UNKNOWN,0,0,0,0
plr_2a905f8e,2019_2020,UNKNOWN,180,0,0,27
plr_e6578585,2019_2020,UNKNOWN,1039,3,0,155
plr_d15e0795,2019_2020,UNKNOWN,916,1,4,173
plr_fc7b29fe,2019_2020,UNKNOWN,0,0,0,0
plr_6568e08d,2019_2020,UNKNOWN,0,0,0,0
plr_57bec809,2019_2020,UNKNOWN,2836,4,8,590
plr_2e4e887c,2019_2020,UNKNOWN,2885,2,3,537
plr_cd49fb5b,2019_2020,UNKNOWN,3420,0,0,648
plr_6c5da2de,2019_2020,UNKNOWN,1980,0,1,470
plr_8f346f26,2019_2020,UNKNOWN,644,0,0,134
plr_27458c3e,2019_2020,UNKNOWN,2703,2,2,525
plr_fe374d48,2019_2020,UNKNOWN,184,0,0,24
plr_e593126a,2019_2020,UNKNOWN,3241,17,7,685
plr_0df85b0c,2019_2020,UNKNOWN,2278,7,3,348
plr_8ad21f5a,2019_2020,UNKNOWN,3420,0,0,680
plr_2d59b965,2019_2020,UNKNOWN,0,0,0,0
plr_7ccbbfc4,2019_2020,UNKNOWN,0,0,0,0
plr_08263f80,2019_2020,UNKNOWN,3053,2,2,498
plr_5f202281,2019_2020,UNKNOWN,3105,1,7,617
plr_63f0d523,2019_2020,UNKNOWN,125,0,1,39
plr_39d20cf8,2019_2020,UNKNOWN,2599,4,9,522
plr_1421d07f,2019_2020,UNKNOWN,0,0,0,0
plr_630b259c,2019_2020,UNKNOWN,0,0,0,0
plr_88756cb9,2019_2020,UNKNOWN,2790,4,0,426
plr_6350c8ad,2019_2020,UNKNOWN,162,0,0,22
plr_9c5c599b,2019_2020,UNKNOWN,292,2,0,69
plr_a3c8f663,2019_2020,UNKNOWN,920,3,3,194
plr_d8f34408,2019_2020,UNKNOWN,0,0,0,0
plr_b6cb4864,2019_2020,UNKNOWN,0,0,0,0
plr_66f741e1,2019_2020,UNKNOWN,0,0,0,0
plr_458c1e19,2019_2020,UNKNOWN,0,0,0,0
plr_ac2f37ee,2019_2020,UNKNOWN,0,0,0,0
plr_1f8d2077,2019_2020,UNKNOWN,0,0,0,0
plr_a05be961,2019_2020,UNKNOWN,6,0,0,4
plr_9c38ddb3,2019_2020,UNKNOWN,285,1,1,74
plr_37fb54f2,2019_2020,UNKNOWN,0,0,0,0
plr_8ca01e4c,2020_2021,UNKNOWN,0,0,0,0
plr_f1fb4336,2020_2021,UNKNOWN,0,0,0,0
plr_e5e96498,2020_2021,UNKNOWN,1396,1,0,230
plr_39da64c6,2020_2021,UNKNOWN,2330,10,3,358
plr_575c30f5,2020_2021,UNKNOWN,744,0,1,125
plr_009d331b,2020_2021,UNKNOWN,1916,13,3,452
plr_d345e0dc,2020_2021,UNKNOWN,45,0,0,16
plr_fb2bb5ba,2020_2021,UNKNOWN,3131,0,0,625
plr_b2ed344b,2020_2021,UNKNOWN,2519,1,2,396
plr_07936f22,2020_2021,UNKNOWN,900,0,0,182
plr_b02ec8ab,2020_2021,UNKNOWN,2089,1,3,421
plr_2969786c,2020_2021,UNKNOWN,751,0,3,168
plr_1f539221,2020_2021,UNKNOWN,90,0,0,9
plr_77d6e71a,2020_2021,UNKNOWN,2557,0,1,536
plr_2d580e00,2020_2021,UNKNOWN,2299,1,4,483
plr_468415f3,2020_2021,UNKNOWN,1606,10,3,351
plr_4f499a09,2020_2021,UNKNOWN,0,0,0,0
plr_6cdd7045,2020_2021,UNKNOWN,70,0,0,2
plr_e495a629,2020_2021,UNKNOWN,411,2,1,120
plr_70bb4628,2020_2021,UNKNOWN,1438,2,5,308
plr_1f64e900,2020_2021,UNKNOWN,2554,5,5,414
plr_5b9d6b5d,2020_2021,UNKNOWN,0,0,0,0
plr_6799bae1,2020_2021,UNKNOWN,582,2,1,107
plr_cd11fbb7,2020_2021,UNKNOWN,0,0,0,0
plr_2cf1a31b,2020_2021,UNKNOWN,1260,0,0,216
plr_16f80818,2020_2021,UNKNOWN,1398,1,7,306
plr_9306d6f5,2020_2021,UNKNOWN,1996,2,0,385
plr_cb77edda,2020_2021,UNKNOWN,1609,0,4,331
plr_1d21fce3,2020_2021,UNKNOWN,1538,1,0,258
plr_9f2cbe37,2020_2021,UNKNOWN,0,0,0,0
plr_064df707,2020_2021,UNKNOWN,15,0,0,8
plr_923e3790,2020_2021,UNKNOWN,1529,0,2,273
plr_f2465d24,2020_2021,UNKNOWN,861,1,2,183
plr_cfca29ec,2020_2021,UNKNOWN,0,0,0,0
plr_0f9a7324,2020_2021,UNKNOWN,3420,0,0,825
plr_f7c41a13,2020_2021,UNKNOWN,0,0,0,0
plr_0577423d,2020_2021,UNKNOWN,833,0,0,190
plr_500860bb,2020_2021,UNKNOWN,0,0,0,0
plr_c4388f94,2020_2021,UNKNOWN,15,0,0,1
plr_bdadaff1,2020_2021,UNKNOWN,0,0,0,0
plr_4c243d2b,2020_2021,UNKNOWN,225,1,1,70
plr_4e6f3f63,2020_2021,UNKNOWN,0,0,0,0
plr_ae36d34c,2020_2021,UNKNOWN,0,0,0,0
plr_be660ef5,2020_2021,UNKNOWN,0,0,0,0
plr_aab2cf44,2020_2021,UNKNOWN,2183,6,12,531
plr_c0ddfee7,2020_2021,UNKNOWN,3330,3,7,492
plr_5db832d3,2020_2021,UNKNOWN,630,1,0,124
plr_b2ae3cd9,2020_2021,UNKNOWN,1157,2,1,152
plr_b1a2702e,2020_2021,UNKNOWN,3194,2,2,633
plr_f624416e,2020_2021,UNKNOWN,3404,0,4,710
plr_d834ef53,2020_2021,UNKNOWN,0,0,0,0
plr_05aa6b0c,2020_2021,UNKNOWN,747,0,1,115
plr_1d80f52a,2020_2021,UNKNOWN,1604,10,0,339
plr_fdd5c927,2020_2021,UNKNOWN,3195,2,0,580
plr_6ca5006a,2020_2021,UNKNOWN,0,0,0,0
plr_f3e2c44b,2020_2021,UNKNOWN,15,0,0,11
plr_e46b9437,2020_2021,UNKNOWN,0,0,0,0
plr_9ed0aac3,2020_2021,UNKNOWN,265,1,1,85
plr_dd5a4a15,2020_2021,UNKNOWN,0,0,0,0
plr_84f12dd2,2020_2021,UNKNOWN,2781,0,2,358
plr_2720425b,2020_2021,UNKNOWN,1566,3,2,286
plr_ceecf8ab,2020_2021,UNKNOWN,2373,0,2,468
plr_f15653cc,2020_2021,UNKNOWN,3328,14,9,531
plr_60782479,2020_2021,UNKNOWN,2315,7,7,407
plr_3fbe5e4f,2020_2021,UNKNOWN,611,0,0,75
plr_a832df72,2020_2021,UNKNOWN,288,0,0,29
plr_75d310d3,2020_2021,UNKNOWN,0,0,0,0
plr_f2648a55,2020_2021,UNKNOWN,18,0,0,7
plr_0eb3f81a,2020_2021,UNKNOWN,1,0,0,2
plr_9bb974f1,2020_2021,UNKNOWN,0,0,0,0
plr_b556c718,2020_2021,UNKNOWN,1584,1,1,265
plr_afbd50e5,2020_2021,UNKNOWN,2479,3,8,525
plr_4e10e23d,2020_2021,UNKNOWN,0,0,0,0
plr_047f0623,2020_2021,UNKNOWN,209,0,0,38
plr_7216d85e,2020_2021,UNKNOWN,0,0,0,0
plr_c41b60f7,2020_2021,UNKNOWN,2057,1,0,330
plr_e4008a9b,2020_2021,UNKNOWN,2932,5,0,626
plr_9e87530d,2020_2021,UNKNOWN,0,0,0,0
plr_bed7298d,2020_2021,UNKNOWN,0,0,0,0
plr_124ba265,2020_2021,UNKNOWN,1670,2,2,283
plr_67d25a12,2020_2021,UNKNOWN,2594,1,0,470
plr_fa93fa32,2020_2021,UNKNOWN,2280,1,1,432
plr_4c52490b,2020_2021,UNKNOWN,2508,8,2,334
plr_e0afcf7c,2020_2021,UNKNOWN,2602,5,6,406
plr_9de67afd,2020_2021,UNKNOWN,520,0,1,102
plr_df8ad3d8,2020_2021,UNKNOWN,8,0,0,2
plr_a028cb92,2020_2021,UNKNOWN,0,0,0,0
plr_dabacad7,2020_2021,UNKNOWN,3192,0,0,571
plr_bcdbfc23,2020_2021,UNKNOWN,205,0,0,30
plr_d63a7df3,2020_2021,UNKNOWN,3112,1,0,487
plr_f8c9c876,2020_2021,UNKNOWN,887,1,3,156
plr_038927b8,2020_2021,UNKNOWN,783,2,1,95
plr_b8c56e25,2020_2021,UNKNOWN,892,1,0,141
plr_f0ecbcfd,2020_2021,UNKNOWN,1108,1,1,148
plr_79d29f46,2020_2021,UNKNOWN,0,0,0,0
plr_e7d14ed1,2020_2021,UNKNOWN,0,0,0,0
plr_69e1edb9,2020_2021,UNKNOWN,1,0,0,3
plr_e0451481,2020_2021,UNKNOWN,164,0,0,25
plr_911c0583,2020_2021,UNKNOWN,1541,6,4,286
plr_8975f3d2,2020_2021,UNKNOWN,2430,0,0,514
plr_0c703dfb,2020_2021,UNKNOWN,101,0,1,31
plr_1321d8c7,2020_2021,UNKNOWN,643,0,0,59
plr_0992d61c,2020_2021,UNKNOWN,4,0,0,3
plr_f5f3f308,2020_2021,UNKNOWN,0,0,0,0
plr_e0c57b58,2020_2021,UNKNOWN,0,0,0,0
plr_7f724bf8,2020_2021,UNKNOWN,0,0,0,0
plr_f23f55c6,2020_2021,UNKNOWN,0,0,0,0
plr_e2617819,2020_2021,UNKNOWN,0,0,0,0
plr_7e528fb7,2020_2021,UNKNOWN,0,0,0,0
plr_8b2f0850,2020_2021,UNKNOWN,257,0,0,33
plr_6ddf1aff,2020_2021,UNKNOWN,3240,1,0,534
plr_ac3c5620,2020_2021,UNKNOWN,273,0,0,28
plr_1154234e,2020_2021,UNKNOWN,1260,0,3,203
plr_595bbbed,2020_2021,UNKNOWN,1350,0,0,154
plr_c9f999b9,2020_2021,UNKNOWN,636,0,0,85
plr_9a96f291,2020_2021,UNKNOWN,1248,1,3,125
plr_9a2d8da7,2020_2021,UNKNOWN,1324,3,0,107
plr_f2ceed13,2020_2021,UNKNOWN,2693,2,0,500
plr_8a3c2afa,2020_2021,UNKNOWN,3410,3,4,585
plr_6b44045d,2020_2021,UNKNOWN,1358,2,0,175
plr_02b5fc3b,2020_2021,UNKNOWN,2741,12,3,395
plr_65fff381,2020_2021,UNKNOWN,3060,1,1,545
plr_e6d00b83,2020_2021,UNKNOWN,1359,3,2,194
plr_c7010e66,2020_2021,UNKNOWN,0,0,0,0
plr_cba5817b,2020_2021,UNKNOWN,1047,1,1,157
plr_14b72ddd,2020_2021,UNKNOWN,2880,0,0,652
plr_bfc434ba,2020_2021,UNKNOWN,2425,0,2,451
plr_b61b3c33,2020_2021,UNKNOWN,2812,0,1,359
plr_90a8e100,2020_2021,UNKNOWN,360,0,0,49
plr_19a9f8d4,2020_2021,UNKNOWN,3068,2,5,493
plr_5cd01878,2020_2021,UNKNOWN,270,1,0,50
plr_b82fff3f,2020_2021,UNKNOWN,0,0,0,0
plr_812a0509,2020_2021,UNKNOWN,260,0,0,27
plr_de2cfa41,2020_2021,UNKNOWN,0,0,0,0
plr_0fe64002,2020_2021,UNKNOWN,0,0,0,0
plr_7ccbbfc4,2020_2021,UNKNOWN,180,0,0,20
plr_ddebc3a8,2020_2021,UNKNOWN,0,0,0,0
plr_99fdf97b,2020_2021,UNKNOWN,3,0,0,5
plr_31939bb2,2020_2021,UNKNOWN,0,0,0,0
plr_db6ca92a,2020_2021,UNKNOWN,37,0,0,5
plr_f35ba9d0,2020_2021,UNKNOWN,0,0,0,0
plr_9799f403,2020_2021,UNKNOWN,90,0,0,7
plr_c3e54f62,2020_2021,UNKNOWN,2187,1,2,518
plr_b5a61b9b,2020_2021,UNKNOWN,740,4,0,139
plr_84684497,2020_2021,UNKNOWN,958,2,1,225
plr_216c39a6,2020_2021,UNKNOWN,2006,7,2,485
plr_cf15d5e4,2020_2021,UNKNOWN,1809,0,1,332
plr_ea87a362,2020_2021,UNKNOWN,1710,1,0,429
plr_b6ebff29,2020_2021,UNKNOWN,2027,5,0,481
plr_b194162b,2020_2021,UNKNOWN,88,0,0,24
plr_0bf26dae,2020_2021,UNKNOWN,585,0,0,117
plr_fdf9d38e,2020_2021,UNKNOWN,2140,0,2,375
plr_011d3b02,2020_2021,UNKNOWN,1164,2,3,239
plr_0f120fda,2020_2021,UNKNOWN,1371,0,0,323
plr_8b2ce948,2020_2021,UNKNOWN,2598,6,12,394
plr_344b033a,2020_2021,UNKNOWN,1031,6,2,224
plr_dcb06da4,2020_2021,UNKNOWN,1731,4,3,264
plr_746e13ca,2020_2021,UNKNOWN,2887,6,7,599
plr_7818c50e,2020_2021,UNKNOWN,45,0,0,8
plr_a0c9592b,2020_2021,UNKNOWN,1050,2,3,239
plr_401f6d7f,2020_2021,UNKNOWN,2367,1,3,572
plr_3ecf6780,2020_2021,UNKNOWN,259,0,0,38
plr_a1d99e09,2020_2021,UNKNOWN,2286,3,6,549
plr_353caf99,2020_2021,UNKNOWN,1935,2,0,481
plr_26ffd119,2020_2021,UNKNOWN,1512,4,6,268
plr_5551d5df,2020_2021,UNKNOWN,2745,0,0,613
plr_3b13a1c8,2020_2021,UNKNOWN,0,0,0,0
plr_1a0ad438,2020_2021,UNKNOWN,0,0,0,0
plr_8d5ebed7,2020_2021,UNKNOWN,0,0,0,0
plr_edc4c0a9,2020_2021,UNKNOWN,717,2,2,113
plr_31244ce5,2020_2021,UNKNOWN,1800,1,1,308
plr_fa83f982,2020_2021,UNKNOWN,0,0,0,0
plr_6b67afcd,2020_2021,UNKNOWN,275,0,0,33
plr_c4e063a2,2020_2021,UNKNOWN,3330,0,0,639
plr_35d96fef,2020_2021,UNKNOWN,551,0,0,97
plr_75fff9fc,2020_2021,UNKNOWN,1465,0,2,228
plr_9f7b03ea,2020_2021,UNKNOWN,816,0,0,129
plr_501441df,2020_2021,UNKNOWN,1808,10,2,338
plr_6fb4c6f6,2020_2021,UNKNOWN,3121,1,0,438
plr_d4cc85c4,2020_2021,UNKNOWN,2255,0,1,353
plr_6c8e730d,2020_2021,UNKNOWN,1,0,0,3
plr_c37fb231,2020_2021,UNKNOWN,0,0,0,0
plr_1f5ea9c1,2020_2021,UNKNOWN,2250,1,5,378
plr_71be3d76,2020_2021,UNKNOWN,2357,1,1,332
plr_eb2a8bb3,2020_2021,UNKNOWN,1775,0,2,313
plr_bd3b7276,2020_2021,UNKNOWN,2086,1,4,216
plr_eb417772,2020_2021,UNKNOWN,2612,11,4,362
plr_c67604e0,2020_2021,UNKNOWN,1415,2,3,194
plr_058085fe,2020_2021,UNKNOWN,0,0,0,0
plr_eebf50b6,2020_2021,UNKNOWN,1810,2,0,249
plr_a6d0a351,2020_2021,UNKNOWN,0,0,0,0
plr_d050c644,2020_2021,UNKNOWN,1710,1,2,287
plr_dec3790b,2020_2021,UNKNOWN,0,0,0,0
plr_ef917ec9,2020_2021,UNKNOWN,1350,1,1,233
plr_e98a09a8,2020_2021,UNKNOWN,2555,4,8,470
plr_312e7953,2020_2021,UNKNOWN,0,0,0,0
plr_83eeec1c,2020_2021,UNKNOWN,0,0,0,0
plr_7dcdaaad,2020_2021,UNKNOWN,1145,0,1,172
plr_fc7233ff,2020_2021,UNKNOWN,0,0,0,0
plr_48d9c39e,2020_2021,UNKNOWN,90,0,0,14
plr_4a053b1b,2020_2021,UNKNOWN,215,1,0,45
plr_1c2f3dc8,2020_2021,UNKNOWN,0,0,0,0
plr_9ec817fb,2020_2021,UNKNOWN,0,0,0,0
plr_b60c58c3,2020_2021,UNKNOWN,260,0,0,48
plr_b37d98e5,2020_2021,UNKNOWN,2244,6,5,443
plr_969e1656,2020_2021,UNKNOWN,0,0,0,0
plr_03d5d20f,2020_2021,UNKNOWN,1607,0,3,371
plr_eefecbc8,2020_2021,UNKNOWN,44,0,0,12
plr_c2d154bc,2020_2021,UNKNOWN,447,1,0,75
plr_8c5c1080,2020_2021,UNKNOWN,2681,0,9,590
plr_b6ee548a,2020_2021,UNKNOWN,2989,3,1,649
plr_c80a09ce,2020_2021,UNKNOWN,2742,0,0,570
plr_de75d325,2020_2021,UNKNOWN,1559,0,1,224
plr_9d8596d1,2020_2021,UNKNOWN,1530,1,3,256
plr_583863c9,2020_2021,UNKNOWN,78,0,0,19
plr_c53f6349,2020_2021,UNKNOWN,11,0,0,1
plr_2262a79a,2020_2021,UNKNOWN,1936,2,0,399
plr_560af91a,2020_2021,UNKNOWN,1417,0,1,209
plr_50f83976,2020_2021,UNKNOWN,2871,16,6,528
plr_0d3bf15e,2020_2021,UNKNOWN,2286,1,0,426
plr_d889ad7a,2020_2021,UNKNOWN,2862,7,6,415
plr_bcb94a38,2020_2021,UNKNOWN,47,0,0,10
plr_d51feeea,2020_2021,UNKNOWN,87,0,0,11
plr_c1ae9e7d,2020_2021,UNKNOWN,13,0,0,1
plr_3a4c3f3a,2020_2021,UNKNOWN,0,0,0,0
plr_53db0713,2020_2021,UNKNOWN,2050,0,0,290
plr_ac7aff73,2020_2021,UNKNOWN,1763,6,5,432
plr_919fc8a9,2020_2021,UNKNOWN,2443,2,3,421
plr_c2ec34e5,2020_2021,UNKNOWN,80,0,0,9
plr_d541c3f9,2020_2021,UNKNOWN,2683,0,2,537
plr_35e8cc10,2020_2021,UNKNOWN,630,0,0,119
plr_d6116fcd,2020_2021,UNKNOWN,0,0,0,0
plr_16631648,2020_2021,UNKNOWN,0,0,0,0
plr_c5cf491a,2020_2021,UNKNOWN,138,0,0,18
plr_780fbc21,2020_2021,UNKNOWN,0,0,0,0
plr_3633cf58,2020_2021,UNKNOWN,2,0,0,5
plr_33e02a3c,2020_2021,UNKNOWN,0,0,0,0
plr_e7f0f791,2020_2021,UNKNOWN,0,0,0,0
plr_cb0d42ef,2020_2021,UNKNOWN,0,0,0,0
plr_916823b8,2020_2021,UNKNOWN,0,0,0,0
plr_b7d07ad4,2020_2021,UNKNOWN,1962,1,0,178
plr_98cc59b2,2020_2021,UNKNOWN,0,0,0,0
plr_8cf84c36,2020_2021,UNKNOWN,0,0,0,0
plr_06340ad7,2020_2021,UNKNOWN,122,0,0,12
plr_b73b1891,2020_2021,UNKNOWN,0,0,0,0
plr_b053043a,2020_2021,UNKNOWN,758,1,1,160
plr_d5f2c09c,2020_2021,UNKNOWN,630,0,0,103
plr_75de164b,2020_2021,UNKNOWN,0,0,0,0
plr_41af90b5,2020_2021,UNKNOWN,262,0,0,32
plr_927ca207,2020_2021,UNKNOWN,0,0,0,0
plr_2e52d3f4,2020_2021,UNKNOWN,116,0,0,13
plr_01793771,2020_2021,UNKNOWN,2367,5,3,343
plr_1d21a61d,2020_2021,UNKNOWN,663,1,1,132
plr_9609b195,2020_2021,UNKNOWN,0,0,0,0
plr_3b886ee0,2020_2021,UNKNOWN,1389,3,3,178
plr_b04f7af8,2020_2021,UNKNOWN,0,0,0,0
plr_0e1f5448,2020_2021,UNKNOWN,180,0,0,23
plr_9bcb98e5,2020_2021,UNKNOWN,2465,3,0,261
plr_93811c9c,2020_2021,UNKNOWN,369,0,0,46
plr_0b2d53f9,2020_2021,UNKNOWN,0,0,0,0
plr_e4092d85,2020_2021,UNKNOWN,307,0,0,14
plr_7ed9a96c,2020_2021,UNKNOWN,2581,0,3,391
plr_026ce522,2020_2021,UNKNOWN,0,0,0,0
plr_f0a1f26f,2020_2021,UNKNOWN,2243,0,3,391
plr_d4f85289,2020_2021,UNKNOWN,2159,0,0,393
plr_3cbba7ff,2020_2021,UNKNOWN,1696,1,1,267
plr_063238c1,2020_2021,UNKNOWN,3240,0,0,637
plr_f94b9100,2020_2021,UNKNOWN,1477,0,1,288
plr_f0ae3f07,2020_2021,UNKNOWN,270,0,0,34
plr_1280992e,2020_2021,UNKNOWN,2746,4,4,367
plr_f7016931,2020_2021,UNKNOWN,2664,2,1,477
plr_fbb468e5,2020_2021,UNKNOWN,2729,1,1,501
plr_1461cfe6,2020_2021,UNKNOWN,2953,0,1,571
plr_6f85373c,2020_2021,UNKNOWN,90,0,0,15
plr_b1308bd0,2020_2021,UNKNOWN,804,3,0,123
plr_3523be83,2020_2021,UNKNOWN,254,1,0,42
plr_a17021da,2020_2021,UNKNOWN,0,0,0,0
plr_b81c3d9d,2020_2021,UNKNOWN,14,0,0,2
plr_54dade2e,2020_2021,UNKNOWN,16,0,0,9
plr_e8c35843,2020_2021,UNKNOWN,3420,0,0,631
plr_2664ca38,2020_2021,UNKNOWN,701,0,0,112
plr_4d3219d2,2020_2021,UNKNOWN,2473,2,2,536
plr_2d1a08fa,2020_2021,UNKNOWN,0,0,0,0
plr_0e4f804f,2020_2021,UNKNOWN,1735,1,7,325
plr_bdf3847c,2020_2021,UNKNOWN,0,0,0,0
plr_3b830183,2020_2021,UNKNOWN,0,0,0,0
plr_06421d18,2020_2021,UNKNOWN,2838,15,14,649
plr_13cb4a01,2020_2021,UNKNOWN,714,1,2,129
plr_da8e7ca8,2020_2021,UNKNOWN,954,0,1,152
plr_c948fdd6,2020_2021,UNKNOWN,718,1,0,121
plr_4f8f9036,2020_2021,UNKNOWN,3356,6,4,633
plr_b6d7e48d,2020_2021,UNKNOWN,1322,2,1,149
plr_34782e93,2020_2021,UNKNOWN,18,0,0,3
plr_277a95ed,2020_2021,UNKNOWN,2093,8,7,473
plr_4b132b0b,2020_2021,UNKNOWN,1452,12,2,424
plr_11bf87af,2020_2021,UNKNOWN,311,0,0,59
plr_de12d9ad,2020_2021,UNKNOWN,1944,9,5,348
plr_8c0f9b93,2020_2021,UNKNOWN,2175,1,4,430
plr_034e18f0,2020_2021,UNKNOWN,0,0,0,0
plr_2f7ea2ec,2020_2021,UNKNOWN,1816,1,0,360
plr_2c95a143,2020_2021,UNKNOWN,2070,2,2,447
plr_a9f70ec7,2020_2021,UNKNOWN,968,1,0,132
plr_945b4234,2020_2021,UNKNOWN,2345,2,4,479
plr_960467fe,2020_2021,UNKNOWN,1452,0,1,234
plr_2397c42e,2020_2021,UNKNOWN,275,0,2,62
plr_75ff11dc,2020_2021,UNKNOWN,2260,0,1,464
plr_d59aeda4,2020_2021,UNKNOWN,19,0,0,3
plr_e32093d4,2020_2021,UNKNOWN,0,0,0,0
plr_5a086917,2020_2021,UNKNOWN,9,0,0,2
plr_4245047e,2020_2021,UNKNOWN,84,0,0,10
plr_a85409df,2020_2021,UNKNOWN,0,0,0,0
plr_7efb3610,2020_2021,UNKNOWN,0,0,0,0
plr_b3a0c98d,2020_2021,UNKNOWN,0,0,0,0
plr_e6812350,2020_2021,UNKNOWN,414,0,3,103
plr_1b946ded,2020_2021,UNKNOWN,270,0,0,58
plr_5e66ee5f,2020_2021,UNKNOWN,2186,1,0,454
plr_d9bbb634,2020_2021,UNKNOWN,0,0,0,0
plr_a2b14d83,2020_2021,UNKNOWN,3399,0,0,665
plr_abe65d52,2020_2021,UNKNOWN,2386,4,5,407
plr_5e9ac798,2020_2021,UNKNOWN,0,0,0,0
plr_8b2f6673,2020_2021,UNKNOWN,3410,8,3,726
plr_7a09de5b,2020_2021,UNKNOWN,2456,2,3,449
plr_089d74df,2020_2021,UNKNOWN,3052,17,11,631
plr_11ca8847,2020_2021,UNKNOWN,2846,8,10,542
plr_6f776da3,2020_2021,UNKNOWN,2428,1,2,396
plr_d3f48a06,2020_2021,UNKNOWN,1150,3,4,162
plr_205e3019,2020_2021,UNKNOWN,1330,1,2,169
plr_d8044f2d,2020_2021,UNKNOWN,0,0,0,0
plr_bc384ffa,2020_2021,UNKNOWN,0,0,0,0
plr_3332936f,2020_2021,UNKNOWN,344,0,0,43
plr_40683d18,2020_2021,UNKNOWN,454,0,0,72
plr_8cd29ad9,2020_2021,UNKNOWN,2072,1,0,402
plr_c9c7a858,2020_2021,UNKNOWN,0,0,0,0
plr_a3595c76,2020_2021,UNKNOWN,3150,0,0,774
plr_9155d2f9,2020_2021,UNKNOWN,31,0,0,5
plr_b9021453,2020_2021,UNKNOWN,0,0,0,0
plr_f1c2f2a7,2020_2021,UNKNOWN,1130,0,0,220
plr_9a902d1d,2020_2021,UNKNOWN,1279,7,4,341
plr_282adf2a,2020_2021,UNKNOWN,0,0,0,0
plr_8ef46b22,2020_2021,UNKNOWN,0,0,0,0
plr_e2bb1a4e,2020_2021,UNKNOWN,1203,1,0,255
plr_a2466779,2020_2021,UNKNOWN,2358,6,10,489
plr_5657fe83,2020_2021,UNKNOWN,0,0,0,0
plr_ee18a175,2020_2021,UNKNOWN,37,0,0,4
plr_c2323862,2020_2021,UNKNOWN,0,0,0,0
plr_d469f1c7,2020_2021,UNKNOWN,0,0,0,0
plr_7f028f04,2020_2021,UNKNOWN,113,0,0,30
plr_62aa63f8,2020_2021,UNKNOWN,0,0,0,0
plr_9dbd2b5d,2020_2021,UNKNOWN,0,0,0,0
plr_0e74ca3f,2020_2021,UNKNOWN,0,0,0,0
plr_a472932c,2020_2021,UNKNOWN,1056,0,2,204
plr_0644df2e,2020_2021,UNKNOWN,6,0,0,5
plr_0dfd230a,2020_2021,UNKNOWN,2938,2,1,482
plr_2dea94da,2020_2021,UNKNOWN,1704,1,2,345
plr_b70c6061,2020_2021,UNKNOWN,270,0,0,60
plr_2d5b2678,2020_2021,UNKNOWN,690,1,2,194
plr_a815aba7,2020_2021,UNKNOWN,548,0,2,127
plr_1ae1f8bd,2020_2021,UNKNOWN,243,1,1,58
plr_aae4fc17,2020_2021,UNKNOWN,2837,9,8,615
plr_d0bb1a9d,2020_2021,UNKNOWN,370,1,0,73
plr_28cb602e,2020_2021,UNKNOWN,2808,11,11,513
plr_94fbaeb1,2020_2021,UNKNOWN,2970,1,0,660
plr_3192e8cf,2020_2021,UNKNOWN,2566,0,2,421
plr_d399e6e6,2020_2021,UNKNOWN,3077,22,6,657
plr_2715f9e4,2020_2021,UNKNOWN,3384,1,8,834
plr_adabbcb0,2020_2021,UNKNOWN,180,0,0,23
plr_2168d3a4,2020_2021,UNKNOWN,0,0,0,0
plr_f3e9124c,2020_2021,UNKNOWN,3029,2,8,761
plr_b8d94879,2020_2021,UNKNOWN,589,0,0,94
plr_8cdd2213,2020_2021,UNKNOWN,517,0,0,78
plr_a78552a3,2020_2021,UNKNOWN,1169,1,2,226
plr_904ac60e,2020_2021,UNKNOWN,247,0,0,51
plr_a46fcd0c,2020_2021,UNKNOWN,0,0,0,0
plr_0df85b0c,2020_2021,UNKNOWN,1106,9,0,228
plr_4b2b1360,2020_2021,UNKNOWN,1851,1,0,331
plr_27e4c774,2020_2021,UNKNOWN,180,0,0,41
plr_4b766852,2020_2021,UNKNOWN,1455,1,1,325
plr_fceab88d,2020_2021,UNKNOWN,659,0,0,135
plr_7394961c,2020_2021,UNKNOWN,0,0,0,0
plr_144d3a5a,2020_2021,UNKNOWN,0,0,0,0
plr_394bc491,2020_2021,UNKNOWN,801,0,0,150
plr_aab0e934,2020_2021,UNKNOWN,0,0,0,0
plr_865cc583,2020_2021,UNKNOWN,0,0,0,0
plr_34852514,2020_2021,UNKNOWN,0,0,0,0
plr_411af5c5,2020_2021,UNKNOWN,0,0,0,0
plr_7b47204b,2020_2021,UNKNOWN,0,0,0,0
plr_ad10025f,2020_2021,UNKNOWN,1182,0,2,303
plr_108f600f,2020_2021,UNKNOWN,0,0,0,0
plr_2a1c617b,2020_2021,UNKNOWN,554,4,1,155
plr_01cd0637,2020_2021,UNKNOWN,0,0,0,0
plr_1168f49d,2020_2021,UNKNOWN,1944,1,1,410
plr_aac9bc81,2020_2021,UNKNOWN,2025,13,4,620
plr_3afd0eee,2020_2021,UNKNOWN,1995,6,12,566
plr_fc698e78,2020_2021,UNKNOWN,1933,4,0,531
plr_8c723fa5,2020_2021,UNKNOWN,951,2,1,222
plr_20bb915c,2020_2021,UNKNOWN,1945,9,8,505
plr_35b30eb7,2020_2021,UNKNOWN,2534,10,9,458
plr_3b4405d8,2020_2021,UNKNOWN,2298,2,4,610
plr_55684962,2020_2021,UNKNOWN,3240,0,1,696
plr_21d835c5,2020_2021,UNKNOWN,797,1,0,150
plr_ff2dc23c,2020_2021,UNKNOWN,1343,0,0,286
plr_30b3ff3d,2020_2021,UNKNOWN,2063,2,7,413
plr_eeb4321a,2020_2021,UNKNOWN,2056,9,5,453
plr_ca59b862,2020_2021,UNKNOWN,1473,0,0,353
plr_8c1c5347,2020_2021,UNKNOWN,1607,9,8,479
plr_83a84383,2020_2021,UNKNOWN,0,0,0,0
plr_cdb288e7,2020_2021,UNKNOWN,2747,2,2,531
plr_20e74026,2020_2021,UNKNOWN,1297,7,4,265
plr_b8e56c95,2020_2021,UNKNOWN,380,0,0,64
plr_95dda115,2020_2021,UNKNOWN,0,0,0,0
plr_68564777,2020_2021,UNKNOWN,90,0,0,8
plr_fe21e90b,2020_2021,UNKNOWN,39,0,0,0
plr_39403ffa,2020_2021,UNKNOWN,0,0,0,0
plr_28205f8c,2020_2021,UNKNOWN,2843,1,1,656
plr_44a81b85,2020_2021,UNKNOWN,0,0,0,0
plr_79729896,2020_2021,UNKNOWN,90,0,0,27
plr_674b0000,2020_2021,UNKNOWN,0,0,0,0
plr_57a72a9f,2020_2021,UNKNOWN,0,0,0,0
plr_07126552,2020_2021,UNKNOWN,0,0,0,0
plr_46675b24,2020_2021,UNKNOWN,0,0,0,0
plr_21d53b87,2020_2021,UNKNOWN,0,0,0,0
plr_49238d1f,2020_2021,UNKNOWN,507,1,3,126
plr_6afa4817,2020_2021,UNKNOWN,2295,0,0,416
plr_794e127e,2020_2021,UNKNOWN,0,0,0,0
plr_5f2c2511,2020_2021,UNKNOWN,9,0,0,1
plr_6310a880,2020_2021,UNKNOWN,0,0,0,0
plr_2c239f32,2020_2021,UNKNOWN,1101,0,1,223
plr_4a89e08d,2020_2021,UNKNOWN,1892,3,6,355
plr_2f77e161,2020_2021,UNKNOWN,0,0,0,0
plr_c45dc35c,2020_2021,UNKNOWN,3047,2,2,632
plr_c1074816,2020_2021,UNKNOWN,2389,1,0,404
plr_e471e6f0,2020_2021,UNKNOWN,2653,1,5,640
plr_3d582616,2020_2021,UNKNOWN,3101,18,14,870
plr_016b7794,2020_2021,UNKNOWN,1477,4,7,238
plr_f8c84f9a,2020_2021,UNKNOWN,0,0,0,0
plr_b25d2407,2020_2021,UNKNOWN,1125,0,0,218
plr_09011e91,2020_2021,UNKNOWN,2917,11,11,535
plr_809c0648,2020_2021,UNKNOWN,402,0,0,59
plr_2d949f89,2020_2021,UNKNOWN,2585,1,1,527
plr_1603a487,2020_2021,UNKNOWN,2124,4,2,413
plr_560fd6de,2020_2021,UNKNOWN,915,0,0,178
plr_95f2332c,2020_2021,UNKNOWN,907,3,1,145
plr_4cf9b861,2020_2021,UNKNOWN,80,0,0,17
plr_139769ff,2020_2021,UNKNOWN,3060,2,5,729
plr_f9f3dbb1,2020_2021,UNKNOWN,0,0,0,0
plr_6b3533f7,2020_2021,UNKNOWN,1813,7,2,318
plr_dc11c3e1,2020_2021,UNKNOWN,0,0,0,0
plr_eac70acc,2020_2021,UNKNOWN,0,0,0,0
plr_3c06a2c6,2020_2021,UNKNOWN,187,0,0,26
plr_df21ed6d,2020_2021,UNKNOWN,0,0,0,0
plr_c070603f,2020_2021,UNKNOWN,511,1,2,133
plr_92e5017a,2020_2021,UNKNOWN,689,0,2,149
plr_1c128283,2020_2021,UNKNOWN,1364,10,4,367
plr_b7c7c881,2020_2021,UNKNOWN,0,0,0,0
plr_9a1e9557,2020_2021,UNKNOWN,0,0,0,0
plr_eaed8f2d,2020_2021,UNKNOWN,165,0,1,34
plr_0c3913f8,2020_2021,UNKNOWN,9,0,0,6
plr_28421719,2020_2021,UNKNOWN,0,0,0,0
plr_ef873c68,2020_2021,UNKNOWN,155,1,0,32
plr_9b078cbf,2020_2021,UNKNOWN,8,0,0,2
plr_da1deca4,2020_2021,UNKNOWN,1,0,0,3
plr_0293e8c7,2020_2021,UNKNOWN,1210,8,0,254
plr_cf08a331,2020_2021,UNKNOWN,380,1,1,78
plr_5f5ac94a,2020_2021,UNKNOWN,2616,1,3,377
plr_1108a080,2020_2021,UNKNOWN,1347,0,5,226
plr_a500ce5f,2020_2021,UNKNOWN,2080,0,0,376
plr_d94e7646,2020_2021,UNKNOWN,1890,1,0,291
plr_36f524c4,2020_2021,UNKNOWN,2250,0,0,450
plr_7ecda783,2020_2021,UNKNOWN,1170,0,0,255
plr_34f583b1,2020_2021,UNKNOWN,0,0,0,0
plr_49c89a41,2020_2021,UNKNOWN,1625,2,0,229
plr_388599db,2020_2021,UNKNOWN,501,1,1,79
plr_e3fa1474,2020_2021,UNKNOWN,0,0,0,0
plr_27b7c1a7,2020_2021,UNKNOWN,1254,1,0,204
plr_858f1ea0,2020_2021,UNKNOWN,822,0,0,136
plr_cedc74e6,2020_2021,UNKNOWN,1286,1,1,222
plr_0186915a,2020_2021,UNKNOWN,1255,1,0,160
plr_79d26f3f,2020_2021,UNKNOWN,435,0,0,68
plr_650def45,2020_2021,UNKNOWN,1942,0,0,211
plr_a2eb1973,2020_2021,UNKNOWN,0,0,0,0
plr_b153d335,2020_2021,UNKNOWN,1554,3,5,278
plr_65b56c44,2020_2021,UNKNOWN,2426,4,2,367
plr_84d3bbbd,2020_2021,UNKNOWN,1979,4,2,258
plr_5bf3d5b2,2020_2021,UNKNOWN,0,0,0,0
plr_39b97c30,2020_2021,UNKNOWN,0,0,0,0
plr_2603fc25,2020_2021,UNKNOWN,1405,0,1,168
plr_3824beac,2020_2021,UNKNOWN,1418,2,1,177
plr_5a061ad9,2020_2021,UNKNOWN,376,0,0,47
plr_d4be5e10,2020_2021,UNKNOWN,0,0,0,0
plr_d7a075fd,2020_2021,UNKNOWN,1617,2,3,252
plr_9eab4259,2020_2021,UNKNOWN,2081,12,6,409
plr_172b9567,2020_2021,UNKNOWN,922,0,4,154
plr_6b8410fd,2020_2021,UNKNOWN,1833,0,1,261
plr_cdbe99ed,2020_2021,UNKNOWN,3,0,0,3
plr_51c07822,2020_2021,UNKNOWN,0,0,0,0
plr_faaaa99f,2020_2021,UNKNOWN,1113,0,0,87
plr_b2cc9f0a,2020_2021,UNKNOWN,725,3,0,101
plr_5e6ca5fd,2020_2021,UNKNOWN,2391,8,1,344
plr_9b939cbf,2020_2021,UNKNOWN,2576,0,1,408
plr_96fff073,2020_2021,UNKNOWN,2573,0,3,353
plr_3929440f,2020_2021,UNKNOWN,2700,0,1,361
plr_12c388a1,2020_2021,UNKNOWN,0,0,0,0
plr_02877204,2020_2021,UNKNOWN,2214,0,0,355
plr_3312fe8d,2020_2021,UNKNOWN,0,0,0,0
plr_09fe3709,2020_2021,UNKNOWN,2787,0,2,347
plr_2d050e97,2020_2021,UNKNOWN,875,0,2,149
plr_048baff6,2020_2021,UNKNOWN,2628,0,1,410
plr_909fb67a,2020_2021,UNKNOWN,180,0,0,19
plr_5826f506,2020_2021,UNKNOWN,2027,0,2,244
plr_1e6d94c0,2020_2021,UNKNOWN,1599,1,0,246
plr_4fbf61ab,2020_2021,UNKNOWN,1316,1,2,101
plr_aba75436,2020_2021,UNKNOWN,287,0,0,14
plr_67dc8f99,2020_2021,UNKNOWN,1119,1,1,152
plr_178fcfa8,2020_2021,UNKNOWN,1260,1,2,114
plr_d6e069af,2020_2021,UNKNOWN,0,0,0,0
plr_5e872034,2020_2021,UNKNOWN,3420,0,0,685
plr_e20bb88b,2020_2021,UNKNOWN,2087,0,0,341
plr_ef76c6e7,2020_2021,UNKNOWN,1107,2,0,151
plr_8f3a302f,2020_2021,UNKNOWN,549,0,0,49
plr_4ce09cbc,2020_2021,UNKNOWN,524,0,0,53
plr_e742f164,2020_2021,UNKNOWN,0,0,0,0
plr_b0ec248a,2020_2021,UNKNOWN,1003,1,0,149
plr_418b6528,2020_2021,UNKNOWN,10,0,0,3
plr_4dea8812,2020_2021,UNKNOWN,0,0,0,0
plr_4e89ff1c,2020_2021,UNKNOWN,11,0,0,5
plr_f960df8c,2020_2021,UNKNOWN,0,0,0,0
plr_8c19cb0f,2020_2021,UNKNOWN,0,0,0,0
plr_a8ad7eb5,2020_2021,UNKNOWN,283,1,0,38
plr_1019b00e,2020_2021,UNKNOWN,0,0,0,0
plr_013abe18,2020_2021,UNKNOWN,1,0,0,3
plr_e037f247,2020_2021,UNKNOWN,0,0,0,0
plr_27cd1ae2,2020_2021,UNKNOWN,1629,3,4,185
plr_e3e0b92b,2020_2021,UNKNOWN,999,3,0,153
plr_12976342,2020_2021,UNKNOWN,201,0,0,21
plr_db86ad1a,2020_2021,UNKNOWN,2598,0,2,404
plr_108b21a7,2020_2021,UNKNOWN,2700,0,0,527
plr_663456b7,2020_2021,UNKNOWN,1762,1,1,264
plr_22074864,2020_2021,UNKNOWN,1727,2,3,243
plr_c64d816d,2020_2021,UNKNOWN,2172,12,4,464
plr_752827fa,2020_2021,UNKNOWN,1537,0,0,288
plr_b7b8f23e,2020_2021,UNKNOWN,2764,4,7,455
plr_8da9d9dc,2020_2021,UNKNOWN,2574,3,1,494
plr_c25287e5,2020_2021,UNKNOWN,3420,8,7,772
plr_e48a9618,2020_2021,UNKNOWN,0,0,0,0
plr_8b1f9e9a,2020_2021,UNKNOWN,0,0,0,0
plr_a146657c,2020_2021,UNKNOWN,0,0,0,0
plr_1349c31a,2020_2021,UNKNOWN,2646,0,3,498
plr_9ca03c20,2020_2021,UNKNOWN,3100,1,1,584
plr_d6437cb7,2020_2021,UNKNOWN,2662,9,7,443
plr_d2502cf3,2020_2021,UNKNOWN,101,0,0,12
plr_33dccccd,2020_2021,UNKNOWN,171,0,0,17
plr_b1f1eda3,2020_2021,UNKNOWN,66,0,0,5
plr_af65216f,2020_2021,UNKNOWN,57,0,0,12
plr_699c6675,2020_2021,UNKNOWN,1229,1,2,140
plr_b72dee6c,2020_2021,UNKNOWN,841,0,0,119
plr_c0686055,2020_2021,UNKNOWN,720,0,0,147
plr_ce409803,2020_2021,UNKNOWN,735,1,2,76
plr_a4ed7e47,2020_2021,UNKNOWN,1010,0,0,132
plr_e4706cf3,2020_2021,UNKNOWN,102,0,0,32
plr_48dd4e67,2020_2021,UNKNOWN,90,0,0,5
plr_e0b96e8a,2020_2021,UNKNOWN,0,0,0,0
plr_b50a959a,2020_2021,UNKNOWN,0,0,0,0
plr_25a96f0e,2020_2021,UNKNOWN,0,0,0,0
plr_51f5f8fc,2020_2021,UNKNOWN,12,0,0,3
plr_58de257d,2020_2021,UNKNOWN,36,0,0,6
plr_f1a6b3db,2020_2021,UNKNOWN,2,0,0,-4
plr_b50ef848,2020_2021,UNKNOWN,0,0,0,0
plr_010e2e52,2020_2021,UNKNOWN,3420,0,0,702
plr_72e3155c,2020_2021,UNKNOWN,0,0,0,0
plr_a10c4603,2020_2021,UNKNOWN,1576,0,0,214
plr_0bd8e670,2020_2021,UNKNOWN,2240,1,0,469
plr_d55904d4,2020_2021,UNKNOWN,700,1,1,96
plr_9e8be954,2020_2021,UNKNOWN,3083,23,14,880
plr_4d1473a3,2020_2021,UNKNOWN,1605,2,3,370
plr_f7e93b01,2020_2021,UNKNOWN,3119,17,11,777
plr_a9982cc0,2020_2021,UNKNOWN,2520,0,0,463
plr_fe0ff417,2020_2021,UNKNOWN,1397,3,5,238
plr_ae6c94bb,2020_2021,UNKNOWN,0,0,0,0
plr_eb3ec8f4,2020_2021,UNKNOWN,613,0,2,101
plr_aab0e934,2020_2021,UNKNOWN,1340,0,2,253
plr_b8a08e85,2020_2021,UNKNOWN,3420,2,4,578
plr_aaae9fd4,2020_2021,UNKNOWN,856,0,0,124
plr_de3ffd5d,2020_2021,UNKNOWN,1486,0,0,256
plr_3d73b838,2020_2021,UNKNOWN,0,0,0,0
plr_b9a9445d,2020_2021,UNKNOWN,1202,1,4,129
plr_279016fc,2020_2021,UNKNOWN,0,0,0,0
plr_d1257a6c,2020_2021,UNKNOWN,487,0,0,81
plr_ff48fb46,2020_2021,UNKNOWN,939,1,1,149
plr_bac9d792,2020_2021,UNKNOWN,0,0,0,0
plr_f1d59455,2020_2021,UNKNOWN,2086,3,3,407
plr_b9171160,2020_2021,UNKNOWN,0,0,0,0
plr_57bec809,2020_2021,UNKNOWN,1238,0,2,222
plr_67a3486b,2020_2021,UNKNOWN,0,0,0,0
plr_e81737e0,2020_2021,UNKNOWN,0,0,0,0
plr_1d708d1c,2020_2021,UNKNOWN,2244,0,6,413
plr_6d5a662a,2020_2021,UNKNOWN,912,11,3,366
plr_fe3779ff,2020_2021,UNKNOWN,305,1,0,38
plr_ff1b3672,2020_2021,UNKNOWN,732,0,0,169
plr_48e1186e,2020_2021,UNKNOWN,0,0,0,0
plr_5ca92ddf,2020_2021,UNKNOWN,1,0,0,3
plr_20d91bd8,2020_2021,UNKNOWN,0,0,0,0
plr_aceff42f,2020_2021,UNKNOWN,1714,0,2,273
plr_25a07455,2020_2021,UNKNOWN,90,0,0,18
plr_d4f486a5,2020_2021,UNKNOWN,1552,5,3,276
plr_26329364,2020_2021,UNKNOWN,810,0,0,107
plr_7157ecf7,2020_2021,UNKNOWN,544,2,0,69
plr_cc99a7c1,2020_2021,UNKNOWN,1241,0,0,104
plr_def15834,2020_2021,UNKNOWN,147,0,1,29
plr_82ba1ffc,2020_2021,UNKNOWN,1815,2,1,234
plr_f0e21d78,2020_2021,UNKNOWN,2583,3,1,429
plr_6d913436,2020_2021,UNKNOWN,1486,0,0,196
plr_99ec11c4,2020_2021,UNKNOWN,90,0,0,24
plr_a0b5e1c6,2020_2021,UNKNOWN,135,0,0,10
plr_abab11f9,2020_2021,UNKNOWN,0,0,0,0
plr_db68a922,2020_2021,UNKNOWN,3330,0,1,768
plr_31770158,2020_2021,UNKNOWN,2234,0,2,402
plr_51c15581,2020_2021,UNKNOWN,2779,2,1,342
plr_b250ca28,2020_2021,UNKNOWN,0,0,0,0
plr_ba43543c,2020_2021,UNKNOWN,114,0,0,15
plr_c41cea4f,2020_2021,UNKNOWN,2931,1,3,393
plr_60eb7df2,2020_2021,UNKNOWN,61,0,0,16
plr_113ea339,2020_2021,UNKNOWN,2099,0,0,288
plr_cf980af5,2020_2021,UNKNOWN,30,0,0,7
plr_6dba5be3,2020_2021,UNKNOWN,528,0,0,76
plr_c3c93a05,2020_2021,UNKNOWN,1230,1,0,113
plr_332d2522,2020_2021,UNKNOWN,2574,11,7,565
plr_f974fc7b,2020_2021,UNKNOWN,0,0,0,0
plr_e6b22a37,2020_2021,UNKNOWN,764,0,0,120
plr_81f5ff05,2020_2021,UNKNOWN,2530,2,2,322
plr_44fdc421,2020_2021,UNKNOWN,541,0,0,97
plr_59c470b7,2020_2021,UNKNOWN,1120,1,0,104
plr_e1acc1e4,2020_2021,UNKNOWN,228,0,0,25
plr_3cb08597,2020_2021,UNKNOWN,0,0,0,0
plr_104d8f9b,2020_2021,UNKNOWN,0,0,0,0
plr_259bf79e,2020_2021,UNKNOWN,1188,3,5,134
plr_20e210b9,2020_2021,UNKNOWN,1316,0,1,195
plr_689ca8be,2020_2021,UNKNOWN,0,0,0,0
plr_e449ddb4,2020_2021,UNKNOWN,0,0,0,0
plr_cb0f8b8b,2020_2021,UNKNOWN,0,0,0,0
plr_2d88648e,2020_2021,UNKNOWN,0,0,0,0
plr_95f01c5a,2020_2021,UNKNOWN,1423,9,5,332
plr_c168f9f2,2020_2021,UNKNOWN,701,0,0,132
plr_d333d2f9,2020_2021,UNKNOWN,0,0,0,0
plr_2a905f8e,2020_2021,UNKNOWN,270,0,0,46
plr_c40d11e0,2020_2021,UNKNOWN,3150,0,0,634
plr_f2f6cf38,2020_2021,UNKNOWN,2492,3,0,461
plr_64d3fb79,2020_2021,UNKNOWN,0,0,0,0
plr_fd6523f7,2020_2021,UNKNOWN,0,0,0,0
plr_991490e8,2020_2021,UNKNOWN,3170,0,11,730
plr_5970ca85,2020_2021,UNKNOWN,362,0,1,47
plr_830564dc,2020_2021,UNKNOWN,1972,10,5,345
plr_d919b380,2020_2021,UNKNOWN,564,1,1,127
plr_98b74710,2020_2021,UNKNOWN,556,1,1,117
plr_b1920ffe,2020_2021,UNKNOWN,2,0,0,8
plr_cde5c85f,2020_2021,UNKNOWN,932,3,0,113
plr_f0f607c2,2020_2021,UNKNOWN,1006,0,2,209
plr_dd716efe,2020_2021,UNKNOWN,1197,1,0,193
plr_6ff09649,2020_2021,UNKNOWN,0,0,0,0
plr_d15e0795,2020_2021,UNKNOWN,2556,8,6,434
plr_9683831e,2020_2021,UNKNOWN,0,0,0,0
plr_4b7b1fe6,2020_2021,UNKNOWN,2880,2,1,520
plr_e6578585,2020_2021,UNKNOWN,3420,10,2,555
plr_357b7b24,2020_2021,UNKNOWN,2571,5,7,430
plr_a6443ea6,2020_2021,UNKNOWN,1379,2,0,234
plr_49051110,2020_2021,UNKNOWN,516,1,0,104
plr_fabda988,2020_2021,UNKNOWN,3054,0,9,625
plr_d9e03d2c,2020_2021,UNKNOWN,1925,3,0,336
plr_682b677c,2020_2021,UNKNOWN,1376,1,6,255
plr_748e1d14,2020_2021,UNKNOWN,0,0,0,0
plr_aba7d2bf,2020_2021,UNKNOWN,0,0,0,0
plr_6568e08d,2020_2021,UNKNOWN,0,0,0,0
plr_4602e7ee,2020_2021,UNKNOWN,0,0,0,0
plr_cf1f0b81,2020_2021,UNKNOWN,0,0,0,0
plr_2d59b965,2020_2021,UNKNOWN,91,0,0,19
plr_5f202281,2020_2021,UNKNOWN,2526,1,1,446
plr_8ad21f5a,2020_2021,UNKNOWN,3330,0,0,626
plr_e8571774,2020_2021,UNKNOWN,0,0,0,0
plr_6c5da2de,2020_2021,UNKNOWN,1879,1,1,364
plr_cd49fb5b,2020_2021,UNKNOWN,3303,1,0,606
plr_e593126a,2020_2021,UNKNOWN,824,4,1,148
plr_27458c3e,2020_2021,UNKNOWN,2407,3,0,466
plr_2e4e887c,2020_2021,UNKNOWN,496,0,0,58
plr_6bcbb576,2020_2021,UNKNOWN,0,0,0,0
plr_88756cb9,2020_2021,UNKNOWN,2498,1,2,330
plr_39d20cf8,2020_2021,UNKNOWN,2640,2,4,359
plr_08263f80,2020_2021,UNKNOWN,2670,5,1,502
plr_ac2f37ee,2020_2021,UNKNOWN,22,0,0,2
plr_9c38ddb3,2020_2021,UNKNOWN,1661,3,2,240
plr_fe374d48,2020_2021,UNKNOWN,1307,0,1,258
plr_8f346f26,2020_2021,UNKNOWN,172,0,0,24
plr_ba32ab70,2020_2021,UNKNOWN,0,0,0,0
plr_63f0d523,2020_2021,UNKNOWN,407,1,0,87
plr_a3c8f663,2020_2021,UNKNOWN,2549,5,8,492
plr_a05be961,2020_2021,UNKNOWN,0,0,0,0
plr_37fb54f2,2020_2021,UNKNOWN,0,0,0,0
plr_4c534afc,2020_2021,UNKNOWN,1352,4,3,198
plr_dd78cfdf,2020_2021,UNKNOWN,618,0,0,104
plr_6f15426d,2020_2021,UNKNOWN,509,0,1,112
plr_d44b4428,2020_2021,UNKNOWN,573,0,0,80
plr_88cc7a5b,2020_2021,UNKNOWN,2983,1,3,548
plr_24086800,2020_2021,UNKNOWN,0,0,0,0
plr_ac5d0e21,2020_2021,UNKNOWN,1400,1,1,264
plr_66f741e1,2020_2021,UNKNOWN,185,0,1,33
plr_aaa8ad1b,2020_2021,UNKNOWN,8,0,0,5
plr_b6cb4864,2020_2021,UNKNOWN,0,0,0,0
plr_458c1e19,2020_2021,UNKNOWN,0,0,0,0
plr_ca975e7a,2020_2021,UNKNOWN,0,0,0,0
plr_3053d71b,2020_2021,UNKNOWN,0,0,0,0
plr_1613ad30,2020_2021,UNKNOWN,0,0,0,0
plr_9c5c599b,2020_2021,UNKNOWN,23,0,0,5
plr_6d406c73,2020_2021,UNKNOWN,0,0,0,0
plr_ecad7ebf,2020_2021,UNKNOWN,1106,1,1,131
plr_f8014677,2020_2021,UNKNOWN,0,0,0,0
plr_fb2bb5ba,2021_2022,UNKNOWN,360,0,0,69
plr_064df707,2021_2022,UNKNOWN,0,0,0,0
plr_16f80818,2021_2022,UNKNOWN,0,0,0,0
plr_39da64c6,2021_2022,UNKNOWN,1036,4,1,131
plr_575c30f5,2021_2022,UNKNOWN,1481,1,1,292
plr_009d331b,2021_2022,UNKNOWN,1773,4,8,295
plr_b2ed344b,2021_2022,UNKNOWN,2327,1,2,334
plr_07936f22,2021_2022,UNKNOWN,180,0,0,35
plr_b02ec8ab,2021_2022,UNKNOWN,0,0,0,0
plr_1f539221,2021_2022,UNKNOWN,91,0,0,6
plr_1d21fce3,2021_2022,UNKNOWN,801,0,2,156
plr_aceff42f,2021_2022,UNKNOWN,263,0,0,44
plr_77d6e71a,2021_2022,UNKNOWN,840,1,0,152
plr_923e3790,2021_2022,UNKNOWN,2027,2,2,345
plr_2d580e00,2021_2022,UNKNOWN,1916,1,3,454
plr_468415f3,2021_2022,UNKNOWN,681,1,4,127
plr_4f499a09,2021_2022,UNKNOWN,0,0,0,0
plr_e495a629,2021_2022,UNKNOWN,823,5,1,194
plr_70bb4628,2021_2022,UNKNOWN,1909,10,2,435
plr_1f64e900,2021_2022,UNKNOWN,2978,11,9,566
plr_9306d6f5,2021_2022,UNKNOWN,3063,5,0,682
plr_3363000e,2021_2022,UNKNOWN,0,0,0,0
plr_17759ef5,2021_2022,UNKNOWN,0,0,0,0
plr_6799bae1,2021_2022,UNKNOWN,1855,6,7,345
plr_cd11fbb7,2021_2022,UNKNOWN,0,0,0,0
plr_dabacad7,2021_2022,UNKNOWN,2880,0,0,557
plr_d1d2bda4,2021_2022,UNKNOWN,1169,1,1,199
plr_02df8058,2021_2022,UNKNOWN,1129,0,0,173
plr_c63f512d,2021_2022,UNKNOWN,69,0,0,2
plr_6cdd7045,2021_2022,UNKNOWN,19,0,0,4
plr_dd2d8921,2021_2022,UNKNOWN,0,0,0,0
plr_f2465d24,2021_2022,UNKNOWN,2782,7,4,541
plr_5e872034,2021_2022,UNKNOWN,3060,0,0,641
plr_1e2387d0,2021_2022,UNKNOWN,0,0,0,0
plr_03d218c5,2021_2022,UNKNOWN,1680,0,1,344
plr_f9feb19c,2021_2022,UNKNOWN,0,0,0,0
plr_126061e3,2021_2022,UNKNOWN,0,0,0,0
plr_ded2c891,2021_2022,UNKNOWN,0,0,0,0
plr_618fcadb,2021_2022,UNKNOWN,0,0,0,0
plr_dc035a0f,2021_2022,UNKNOWN,0,0,0,0
plr_b751aa87,2021_2022,UNKNOWN,0,0,0,0
plr_66bb1ff3,2021_2022,UNKNOWN,0,0,0,0
plr_e95f0411,2021_2022,UNKNOWN,0,0,0,0
plr_8b45345b,2021_2022,UNKNOWN,0,0,0,0
plr_cfca29ec,2021_2022,UNKNOWN,0,0,0,0
plr_76bf21c8,2021_2022,UNKNOWN,0,0,0,0
plr_2969786c,2021_2022,UNKNOWN,999,1,0,198
plr_bdadaff1,2021_2022,UNKNOWN,90,0,0,13
plr_4c243d2b,2021_2022,UNKNOWN,0,0,0,0
plr_0f9a7324,2021_2022,UNKNOWN,3240,0,0,651
plr_2c61a1c6,2021_2022,UNKNOWN,0,0,0,0
plr_60782479,2021_2022,UNKNOWN,212,0,1,41
plr_a832df72,2021_2022,UNKNOWN,349,0,0,61
plr_c0ddfee7,2021_2022,UNKNOWN,3090,3,4,495
plr_5db832d3,2021_2022,UNKNOWN,397,1,0,89
plr_b2ae3cd9,2021_2022,UNKNOWN,10,0,0,4
plr_b1a2702e,2021_2022,UNKNOWN,3188,1,4,596
plr_f15653cc,2021_2022,UNKNOWN,2950,11,3,441
plr_05aa6b0c,2021_2022,UNKNOWN,899,0,0,124
plr_a27385d9,2021_2022,UNKNOWN,1887,4,6,378
plr_ceecf8ab,2021_2022,UNKNOWN,3377,4,3,623
plr_fdd5c927,2021_2022,UNKNOWN,2477,2,0,388
plr_6ca5006a,2021_2022,UNKNOWN,0,0,0,0
plr_f3e2c44b,2021_2022,UNKNOWN,1,0,0,2
plr_05f136cc,2021_2022,UNKNOWN,0,0,0,0
plr_9ed0aac3,2021_2022,UNKNOWN,11,0,0,2
plr_84f12dd2,2021_2022,UNKNOWN,2715,2,3,468
plr_3fbe5e4f,2021_2022,UNKNOWN,2465,6,1,402
plr_9968036e,2021_2022,UNKNOWN,1234,0,2,224
plr_8c5c1080,2021_2022,UNKNOWN,2440,0,4,459
plr_c64d816d,2021_2022,UNKNOWN,1891,7,6,344
plr_a6a66420,2021_2022,UNKNOWN,750,1,3,98
plr_331a3fc6,2021_2022,UNKNOWN,0,0,0,0
plr_0eb3f81a,2021_2022,UNKNOWN,4,0,0,0
plr_f2648a55,2021_2022,UNKNOWN,291,0,1,43
plr_b84ffdc4,2021_2022,UNKNOWN,24,0,0,3
plr_d0820794,2021_2022,UNKNOWN,0,0,0,0
plr_7fcfdef5,2021_2022,UNKNOWN,0,0,0,0
plr_2d88648e,2021_2022,UNKNOWN,90,0,0,17
plr_25c1dffc,2021_2022,UNKNOWN,0,0,0,0
plr_ff649b8c,2021_2022,UNKNOWN,0,0,0,0
plr_ec6ed54e,2021_2022,UNKNOWN,1327,5,3,283
plr_75d310d3,2021_2022,UNKNOWN,0,0,0,0
plr_35e8cc10,2021_2022,UNKNOWN,90,0,0,14
plr_2e0e058d,2021_2022,UNKNOWN,0,0,0,0
plr_41148411,2021_2022,UNKNOWN,0,0,0,0
plr_28a11820,2021_2022,UNKNOWN,3321,3,4,616
plr_ff25832d,2021_2022,UNKNOWN,3054,3,4,502
plr_10e63228,2021_2022,UNKNOWN,2908,12,5,502
plr_422a59e4,2021_2022,UNKNOWN,16,0,0,4
plr_0d08e88b,2021_2022,UNKNOWN,2160,0,0,496
plr_549001fa,2021_2022,UNKNOWN,2077,3,3,268
plr_45314dab,2021_2022,UNKNOWN,250,0,0,27
plr_736e0753,2021_2022,UNKNOWN,2775,3,0,453
plr_5dbf43aa,2021_2022,UNKNOWN,2295,4,0,343
plr_56559251,2021_2022,UNKNOWN,524,1,2,115
plr_7dce56e8,2021_2022,UNKNOWN,1590,0,1,246
plr_b4cdb56e,2021_2022,UNKNOWN,448,0,0,64
plr_7407f32d,2021_2022,UNKNOWN,203,0,1,35
plr_e103eac8,2021_2022,UNKNOWN,1232,1,1,170
plr_456cf30b,2021_2022,UNKNOWN,833,0,0,139
plr_9c3d4403,2021_2022,UNKNOWN,2694,1,1,517
plr_b59cb587,2021_2022,UNKNOWN,0,0,0,0
plr_0187e258,2021_2022,UNKNOWN,0,0,0,0
plr_5fdfefdf,2021_2022,UNKNOWN,0,0,0,0
plr_841bd2ba,2021_2022,UNKNOWN,0,0,0,0
plr_6b8cb429,2021_2022,UNKNOWN,2905,4,7,310
plr_e1193ad2,2021_2022,UNKNOWN,36,0,0,11
plr_3845f515,2021_2022,UNKNOWN,1040,0,2,117
plr_6e94b679,2021_2022,UNKNOWN,1995,1,3,384
plr_134c795b,2021_2022,UNKNOWN,146,0,0,12
plr_592cceb2,2021_2022,UNKNOWN,898,1,0,120
plr_645c1c75,2021_2022,UNKNOWN,1268,7,2,277
plr_418d4bb7,2021_2022,UNKNOWN,1080,0,0,218
plr_99e2d8a9,2021_2022,UNKNOWN,14,0,0,4
plr_620cc58c,2021_2022,UNKNOWN,516,1,0,84
plr_d4221244,2021_2022,UNKNOWN,0,0,0,0
plr_7b92f494,2021_2022,UNKNOWN,0,0,0,0
plr_bad00700,2021_2022,UNKNOWN,0,0,0,0
plr_5aab9094,2021_2022,UNKNOWN,3,0,0,2
plr_7f92ae29,2021_2022,UNKNOWN,0,0,0,0
plr_969e1656,2021_2022,UNKNOWN,180,0,0,21
plr_bcaf28f5,2021_2022,UNKNOWN,938,1,4,221
plr_feb09c35,2021_2022,UNKNOWN,0,0,0,0
plr_b556c718,2021_2022,UNKNOWN,1559,0,1,240
plr_e7d14ed1,2021_2022,UNKNOWN,90,0,0,17
plr_afbd50e5,2021_2022,UNKNOWN,2033,2,5,405
plr_4e10e23d,2021_2022,UNKNOWN,1434,1,1,288
plr_047f0623,2021_2022,UNKNOWN,0,0,0,0
plr_e4008a9b,2021_2022,UNKNOWN,2573,1,0,537
plr_124ba265,2021_2022,UNKNOWN,1733,0,2,216
plr_67d25a12,2021_2022,UNKNOWN,1429,2,0,266
plr_fa93fa32,2021_2022,UNKNOWN,2874,1,1,545
plr_4c52490b,2021_2022,UNKNOWN,2269,8,3,295
plr_e0afcf7c,2021_2022,UNKNOWN,2803,8,4,465
plr_2cf1a31b,2021_2022,UNKNOWN,0,0,0,0
plr_9de67afd,2021_2022,UNKNOWN,0,0,0,0
plr_39c360df,2021_2022,UNKNOWN,0,0,0,0
plr_8975f3d2,2021_2022,UNKNOWN,3330,0,0,679
plr_d63a7df3,2021_2022,UNKNOWN,2110,1,2,351
plr_f8c9c876,2021_2022,UNKNOWN,1547,0,2,308
plr_038927b8,2021_2022,UNKNOWN,154,0,0,12
plr_b8c56e25,2021_2022,UNKNOWN,401,0,0,77
plr_f0ecbcfd,2021_2022,UNKNOWN,2112,5,2,398
plr_1321d8c7,2021_2022,UNKNOWN,1694,0,3,227
plr_911c0583,2021_2022,UNKNOWN,1469,6,4,247
plr_5602166a,2021_2022,UNKNOWN,990,2,5,200
plr_2b6145fc,2021_2022,UNKNOWN,0,0,0,0
plr_bed7298d,2021_2022,UNKNOWN,0,0,0,0
plr_e0451481,2021_2022,UNKNOWN,0,0,0,0
plr_e2617819,2021_2022,UNKNOWN,0,0,0,0
plr_9c9791f8,2021_2022,UNKNOWN,23,0,0,5
plr_7e528fb7,2021_2022,UNKNOWN,660,1,1,124
plr_2cba783e,2021_2022,UNKNOWN,0,0,0,0
plr_80d468fa,2021_2022,UNKNOWN,3089,1,1,673
plr_c6509a79,2021_2022,UNKNOWN,22,0,0,0
plr_a15797bf,2021_2022,UNKNOWN,44,0,0,15
plr_683c2a5a,2021_2022,UNKNOWN,0,0,0,0
plr_9740b5c6,2021_2022,UNKNOWN,0,0,0,0
plr_501add0a,2021_2022,UNKNOWN,22,0,0,4
plr_f23f55c6,2021_2022,UNKNOWN,0,0,0,0
plr_0dadb209,2021_2022,UNKNOWN,0,0,0,0
plr_6ddf1aff,2021_2022,UNKNOWN,3106,1,2,486
plr_ac3c5620,2021_2022,UNKNOWN,0,0,0,0
plr_1154234e,2021_2022,UNKNOWN,726,0,1,157
plr_595bbbed,2021_2022,UNKNOWN,1670,1,0,143
plr_8b2f0850,2021_2022,UNKNOWN,123,0,0,11
plr_c9f999b9,2021_2022,UNKNOWN,408,0,0,31
plr_9a96f291,2021_2022,UNKNOWN,1365,2,3,159
plr_9a2d8da7,2021_2022,UNKNOWN,793,1,0,60
plr_f2ceed13,2021_2022,UNKNOWN,1839,3,0,325
plr_8a3c2afa,2021_2022,UNKNOWN,2286,0,4,303
plr_6b44045d,2021_2022,UNKNOWN,1097,0,1,100
plr_65fff381,2021_2022,UNKNOWN,1771,1,3,337
plr_e6d00b83,2021_2022,UNKNOWN,665,2,3,138
plr_14b72ddd,2021_2022,UNKNOWN,3240,0,0,683
plr_bfc434ba,2021_2022,UNKNOWN,2730,0,3,454
plr_7ccbbfc4,2021_2022,UNKNOWN,0,0,0,0
plr_b61b3c33,2021_2022,UNKNOWN,2952,2,3,428
plr_812a0509,2021_2022,UNKNOWN,0,0,0,0
plr_90a8e100,2021_2022,UNKNOWN,0,0,0,0
plr_19a9f8d4,2021_2022,UNKNOWN,3104,0,1,440
plr_a444532e,2021_2022,UNKNOWN,1670,2,0,272
plr_fa83f982,2021_2022,UNKNOWN,180,0,0,37
plr_99fdf97b,2021_2022,UNKNOWN,0,0,0,0
plr_b82fff3f,2021_2022,UNKNOWN,0,0,0,0
plr_45b5a276,2021_2022,UNKNOWN,0,0,0,0
plr_fc13e07a,2021_2022,UNKNOWN,1541,2,1,172
plr_0f25406c,2021_2022,UNKNOWN,1764,9,2,242
plr_4000b0b1,2021_2022,UNKNOWN,1689,1,1,313
plr_814977c5,2021_2022,UNKNOWN,1448,2,3,134
plr_7625f454,2021_2022,UNKNOWN,0,0,0,0
plr_5e780cfe,2021_2022,UNKNOWN,0,0,0,0
plr_03c821bd,2021_2022,UNKNOWN,0,0,0,0
plr_31939bb2,2021_2022,UNKNOWN,0,0,0,0
plr_c3e54f62,2021_2022,UNKNOWN,2067,1,3,453
plr_b5a61b9b,2021_2022,UNKNOWN,0,0,0,0
plr_ebfa8274,2021_2022,UNKNOWN,2649,3,1,667
plr_84684497,2021_2022,UNKNOWN,2164,4,5,528
plr_216c39a6,2021_2022,UNKNOWN,2271,6,2,519
plr_2720425b,2021_2022,UNKNOWN,174,1,0,43
plr_cf15d5e4,2021_2022,UNKNOWN,1552,2,5,348
plr_edc4c0a9,2021_2022,UNKNOWN,0,0,0,0
plr_ea87a362,2021_2022,UNKNOWN,3035,3,3,661
plr_0bf26dae,2021_2022,UNKNOWN,360,0,0,89
plr_fdf9d38e,2021_2022,UNKNOWN,1769,2,5,377
plr_011d3b02,2021_2022,UNKNOWN,1311,4,3,281
plr_b7d07ad4,2021_2022,UNKNOWN,1384,0,3,251
plr_0f120fda,2021_2022,UNKNOWN,1494,0,0,343
plr_8b2ce948,2021_2022,UNKNOWN,1278,4,2,175
plr_a1d99e09,2021_2022,UNKNOWN,541,3,1,161
plr_344b033a,2021_2022,UNKNOWN,0,0,0,0
plr_dcb06da4,2021_2022,UNKNOWN,1282,6,2,206
plr_746e13ca,2021_2022,UNKNOWN,2358,11,11,597
plr_e20bb88b,2021_2022,UNKNOWN,0,0,0,0
plr_a0c9592b,2021_2022,UNKNOWN,958,1,4,163
plr_26ffd119,2021_2022,UNKNOWN,1802,8,4,271
plr_401f6d7f,2021_2022,UNKNOWN,1863,5,9,573
plr_5551d5df,2021_2022,UNKNOWN,3060,0,0,573
plr_ebad4f64,2021_2022,UNKNOWN,544,0,0,141
plr_7814d14f,2021_2022,UNKNOWN,1447,3,1,396
plr_36e9fcc6,2021_2022,UNKNOWN,1583,8,1,310
plr_b194162b,2021_2022,UNKNOWN,4,0,0,3
plr_55f01b67,2021_2022,UNKNOWN,478,0,1,68
plr_9609b195,2021_2022,UNKNOWN,0,0,0,0
plr_1bb46c3b,2021_2022,UNKNOWN,0,0,0,0
plr_d6bece92,2021_2022,UNKNOWN,0,0,0,0
plr_2c73c04b,2021_2022,UNKNOWN,58,0,1,19
plr_81f5ff05,2021_2022,UNKNOWN,2843,8,6,469
plr_c4e063a2,2021_2022,UNKNOWN,2655,0,0,567
plr_35d96fef,2021_2022,UNKNOWN,545,1,0,97
plr_75fff9fc,2021_2022,UNKNOWN,1434,0,4,288
plr_501441df,2021_2022,UNKNOWN,1132,4,1,173
plr_6fb4c6f6,2021_2022,UNKNOWN,1970,0,1,395
plr_6c8e730d,2021_2022,UNKNOWN,0,0,0,0
plr_71be3d76,2021_2022,UNKNOWN,767,0,0,118
plr_bd3b7276,2021_2022,UNKNOWN,2012,3,4,281
plr_eb417772,2021_2022,UNKNOWN,2759,14,2,422
plr_c67604e0,2021_2022,UNKNOWN,1840,4,2,297
plr_48d9c39e,2021_2022,UNKNOWN,765,0,0,132
plr_eebf50b6,2021_2022,UNKNOWN,116,0,0,16
plr_e0254cba,2021_2022,UNKNOWN,0,0,0,0
plr_4a053b1b,2021_2022,UNKNOWN,1138,5,1,182
plr_e98a09a8,2021_2022,UNKNOWN,599,1,1,125
plr_a6d0a351,2021_2022,UNKNOWN,8,0,0,3
plr_d050c644,2021_2022,UNKNOWN,3101,0,2,561
plr_920fed55,2021_2022,UNKNOWN,1050,0,2,164
plr_da9863e1,2021_2022,UNKNOWN,1127,2,6,287
plr_d4cc85c4,2021_2022,UNKNOWN,2486,0,0,422
plr_c53112f5,2021_2022,UNKNOWN,3222,2,1,676
plr_fbb468e5,2021_2022,UNKNOWN,2914,0,4,619
plr_7dcdaaad,2021_2022,UNKNOWN,1351,0,1,264
plr_1c2f3dc8,2021_2022,UNKNOWN,0,0,0,0
plr_9ec817fb,2021_2022,UNKNOWN,79,0,0,7
plr_990fb1f6,2021_2022,UNKNOWN,0,0,0,0
plr_0294885f,2021_2022,UNKNOWN,0,0,0,0
plr_f4887cb4,2021_2022,UNKNOWN,0,0,0,0
plr_1e733afd,2021_2022,UNKNOWN,1554,6,4,280
plr_2d67dca1,2021_2022,UNKNOWN,0,0,0,0
plr_1d80f52a,2021_2022,UNKNOWN,392,1,1,61
plr_b60c58c3,2021_2022,UNKNOWN,660,0,0,118
plr_b37d98e5,2021_2022,UNKNOWN,0,0,0,0
plr_03d5d20f,2021_2022,UNKNOWN,2656,1,1,439
plr_ac7aff73,2021_2022,UNKNOWN,0,0,0,0
plr_c2d154bc,2021_2022,UNKNOWN,0,0,0,0
plr_b6ee548a,2021_2022,UNKNOWN,2791,3,2,518
plr_c80a09ce,2021_2022,UNKNOWN,3150,0,0,624
plr_53db0713,2021_2022,UNKNOWN,2181,0,3,313
plr_de75d325,2021_2022,UNKNOWN,614,0,1,47
plr_919fc8a9,2021_2022,UNKNOWN,2536,2,5,387
plr_9d8596d1,2021_2022,UNKNOWN,2029,2,2,312
plr_2262a79a,2021_2022,UNKNOWN,844,0,0,133
plr_560af91a,2021_2022,UNKNOWN,230,1,0,44
plr_50f83976,2021_2022,UNKNOWN,1281,5,2,207
plr_0d3bf15e,2021_2022,UNKNOWN,2133,2,2,312
plr_d541c3f9,2021_2022,UNKNOWN,2029,0,0,318
plr_d889ad7a,2021_2022,UNKNOWN,2522,10,6,413
plr_bcb94a38,2021_2022,UNKNOWN,0,0,0,0
plr_c070603f,2021_2022,UNKNOWN,550,2,0,119
plr_eb3ec8f4,2021_2022,UNKNOWN,985,1,0,103
plr_f50a579b,2021_2022,UNKNOWN,270,0,0,61
plr_1f5ea9c1,2021_2022,UNKNOWN,1452,3,2,252
plr_34782e93,2021_2022,UNKNOWN,2336,5,5,397
plr_583863c9,2021_2022,UNKNOWN,1015,0,1,147
plr_d51feeea,2021_2022,UNKNOWN,2277,4,3,325
plr_c53f6349,2021_2022,UNKNOWN,65,0,0,10
plr_3a4c3f3a,2021_2022,UNKNOWN,387,1,0,49
plr_3633cf58,2021_2022,UNKNOWN,0,0,0,0
plr_c1ae9e7d,2021_2022,UNKNOWN,1,0,0,2
plr_c2ec34e5,2021_2022,UNKNOWN,0,0,0,0
plr_104d8f9b,2021_2022,UNKNOWN,0,0,0,0
plr_25d9f12d,2021_2022,UNKNOWN,779,1,1,73
plr_d6116fcd,2021_2022,UNKNOWN,61,0,0,6
plr_dbd8d6fd,2021_2022,UNKNOWN,30,0,0,6
plr_6553419e,2021_2022,UNKNOWN,0,0,0,0
plr_e7f0f791,2021_2022,UNKNOWN,0,0,0,0
plr_eefecbc8,2021_2022,UNKNOWN,5,0,0,3
plr_cb0d42ef,2021_2022,UNKNOWN,0,0,0,0
plr_16631648,2021_2022,UNKNOWN,27,0,0,8
plr_14b6d4e6,2021_2022,UNKNOWN,0,0,0,0
plr_3388d184,2021_2022,UNKNOWN,1054,1,1,177
plr_916823b8,2021_2022,UNKNOWN,13,0,0,-2
plr_e8c35843,2021_2022,UNKNOWN,3330,0,0,706
plr_4d3219d2,2021_2022,UNKNOWN,1346,1,1,257
plr_0e4f804f,2021_2022,UNKNOWN,1127,1,2,169
plr_960467fe,2021_2022,UNKNOWN,1032,0,0,147
plr_3b830183,2021_2022,UNKNOWN,90,0,0,17
plr_06421d18,2021_2022,UNKNOWN,1801,15,3,480
plr_13cb4a01,2021_2022,UNKNOWN,0,0,0,0
plr_da8e7ca8,2021_2022,UNKNOWN,990,1,3,202
plr_c948fdd6,2021_2022,UNKNOWN,2118,0,0,422
plr_945b4234,2021_2022,UNKNOWN,2124,1,0,365
plr_4f8f9036,2021_2022,UNKNOWN,2629,6,4,532
plr_b6d7e48d,2021_2022,UNKNOWN,438,2,3,101
plr_277a95ed,2021_2022,UNKNOWN,2454,12,11,637
plr_4b132b0b,2021_2022,UNKNOWN,1253,4,6,246
plr_11bf87af,2021_2022,UNKNOWN,284,0,0,41
plr_de12d9ad,2021_2022,UNKNOWN,2095,6,12,377
plr_8c0f9b93,2021_2022,UNKNOWN,1617,0,1,240
plr_2f7ea2ec,2021_2022,UNKNOWN,2497,1,0,454
plr_2c95a143,2021_2022,UNKNOWN,996,0,0,167
plr_a9f70ec7,2021_2022,UNKNOWN,1911,0,1,349
plr_75ff11dc,2021_2022,UNKNOWN,630,0,0,112
plr_8da9d9dc,2021_2022,UNKNOWN,563,0,0,115
plr_3084f829,2021_2022,UNKNOWN,1152,5,3,216
plr_16ccd6a3,2021_2022,UNKNOWN,1095,0,1,153
plr_db86ad1a,2021_2022,UNKNOWN,337,0,0,32
plr_b4bd1cf8,2021_2022,UNKNOWN,2101,1,2,337
plr_5894026a,2021_2022,UNKNOWN,0,0,0,0
plr_1280992e,2021_2022,UNKNOWN,1446,6,0,225
plr_e32093d4,2021_2022,UNKNOWN,0,0,0,0
plr_718612a3,2021_2022,UNKNOWN,0,0,0,0
plr_18083f1a,2021_2022,UNKNOWN,23,0,0,2
plr_08b605f8,2021_2022,UNKNOWN,2,0,0,3
plr_e6812350,2021_2022,UNKNOWN,0,0,0,0
plr_1b946ded,2021_2022,UNKNOWN,0,0,0,0
plr_5e66ee5f,2021_2022,UNKNOWN,1814,0,2,352
plr_a2b14d83,2021_2022,UNKNOWN,2272,2,3,405
plr_abe65d52,2021_2022,UNKNOWN,2071,1,2,277
plr_9a902d1d,2021_2022,UNKNOWN,2263,6,2,351
plr_8b2f6673,2021_2022,UNKNOWN,2920,1,1,473
plr_089d74df,2021_2022,UNKNOWN,557,2,2,90
plr_e2bb1a4e,2021_2022,UNKNOWN,2341,3,0,432
plr_6f776da3,2021_2022,UNKNOWN,1594,0,1,209
plr_d3f48a06,2021_2022,UNKNOWN,21,0,0,1
plr_205e3019,2021_2022,UNKNOWN,976,1,1,105
plr_f1c2f2a7,2021_2022,UNKNOWN,1572,0,0,186
plr_3332936f,2021_2022,UNKNOWN,0,0,0,0
plr_a2466779,2021_2022,UNKNOWN,2916,11,4,457
plr_40683d18,2021_2022,UNKNOWN,704,0,1,94
plr_8cd29ad9,2021_2022,UNKNOWN,2050,1,1,339
plr_a3595c76,2021_2022,UNKNOWN,3384,0,0,713
plr_11ca8847,2021_2022,UNKNOWN,2638,8,1,408
plr_95f2332c,2021_2022,UNKNOWN,2489,4,5,221
plr_a0f5107a,2021_2022,UNKNOWN,1709,0,2,219
plr_c190b950,2021_2022,UNKNOWN,35,0,0,12
plr_62aa63f8,2021_2022,UNKNOWN,231,0,2,54
plr_9dbd2b5d,2021_2022,UNKNOWN,126,0,0,20
plr_5e9ac798,2021_2022,UNKNOWN,1526,0,1,204
plr_0e74ca3f,2021_2022,UNKNOWN,126,0,0,14
plr_c2323862,2021_2022,UNKNOWN,140,0,0,19
plr_77e2d7fa,2021_2022,UNKNOWN,9,0,0,3
plr_d469f1c7,2021_2022,UNKNOWN,733,2,4,129
plr_7adb69a2,2021_2022,UNKNOWN,0,0,0,-3
plr_5d68cec4,2021_2022,UNKNOWN,3,0,0,3
plr_85507be9,2021_2022,UNKNOWN,148,0,0,29
plr_95f25abf,2021_2022,UNKNOWN,145,0,0,4
plr_5657fe83,2021_2022,UNKNOWN,0,0,0,0
plr_4123bded,2021_2022,UNKNOWN,0,0,0,0
plr_3307b6ff,2021_2022,UNKNOWN,0,0,0,0
plr_a472932c,2021_2022,UNKNOWN,844,0,1,196
plr_2dea94da,2021_2022,UNKNOWN,2592,2,5,507
plr_b70c6061,2021_2022,UNKNOWN,0,0,0,0
plr_2d5b2678,2021_2022,UNKNOWN,2790,3,3,763
plr_4b2b1360,2021_2022,UNKNOWN,1527,1,4,338
plr_a815aba7,2021_2022,UNKNOWN,0,0,0,0
plr_1ae1f8bd,2021_2022,UNKNOWN,777,2,1,148
plr_aae4fc17,2021_2022,UNKNOWN,980,5,4,270
plr_d0bb1a9d,2021_2022,UNKNOWN,3060,3,3,803
plr_28cb602e,2021_2022,UNKNOWN,2818,16,5,526
plr_94fbaeb1,2021_2022,UNKNOWN,3240,0,1,782
plr_3192e8cf,2021_2022,UNKNOWN,2311,5,1,438
plr_d399e6e6,2021_2022,UNKNOWN,2758,23,14,756
plr_2715f9e4,2021_2022,UNKNOWN,2537,3,11,770
plr_adabbcb0,2021_2022,UNKNOWN,126,3,0,87
plr_e3e0b92b,2021_2022,UNKNOWN,178,3,0,89
plr_f3e9124c,2021_2022,UNKNOWN,2853,2,12,864
plr_b8d94879,2021_2022,UNKNOWN,330,0,1,92
plr_8cdd2213,2021_2022,UNKNOWN,1169,3,2,262
plr_0df85b0c,2021_2022,UNKNOWN,2357,15,7,483
plr_4b766852,2021_2022,UNKNOWN,0,0,0,0
plr_27e4c774,2021_2022,UNKNOWN,180,0,0,52
plr_c2d380de,2021_2022,UNKNOWN,990,0,0,208
plr_a78552a3,2021_2022,UNKNOWN,849,1,1,177
plr_0644df2e,2021_2022,UNKNOWN,874,0,2,202
plr_904ac60e,2021_2022,UNKNOWN,7,0,1,17
plr_fceab88d,2021_2022,UNKNOWN,0,0,0,0
plr_aab0e934,2021_2022,UNKNOWN,0,0,0,0
plr_a46fcd0c,2021_2022,UNKNOWN,344,0,0,52
plr_411af5c5,2021_2022,UNKNOWN,0,0,0,0
plr_5cc75402,2021_2022,UNKNOWN,65,0,0,4
plr_3e3436c1,2021_2022,UNKNOWN,8,0,0,-3
plr_e4b19841,2021_2022,UNKNOWN,0,0,0,0
plr_ed0f6372,2021_2022,UNKNOWN,0,0,0,0
plr_33954121,2021_2022,UNKNOWN,0,0,0,0
plr_3ba42f3c,2021_2022,UNKNOWN,0,0,0,0
plr_7ea69b46,2021_2022,UNKNOWN,957,4,3,227
plr_aab2cf44,2021_2022,UNKNOWN,1910,3,3,359
plr_1168f49d,2021_2022,UNKNOWN,1755,0,2,403
plr_aac9bc81,2021_2022,UNKNOWN,1851,8,5,488
plr_3afd0eee,2021_2022,UNKNOWN,2196,15,8,732
plr_fc698e78,2021_2022,UNKNOWN,1117,1,0,290
plr_8c723fa5,2021_2022,UNKNOWN,78,0,0,22
plr_20bb915c,2021_2022,UNKNOWN,1485,11,7,477
plr_35b30eb7,2021_2022,UNKNOWN,2121,13,7,468
plr_3b4405d8,2021_2022,UNKNOWN,3227,1,11,829
plr_55684962,2021_2022,UNKNOWN,3330,0,0,701
plr_21d835c5,2021_2022,UNKNOWN,919,2,0,234
plr_ff2dc23c,2021_2022,UNKNOWN,2830,4,2,714
plr_68564777,2021_2022,UNKNOWN,90,0,0,29
plr_30b3ff3d,2021_2022,UNKNOWN,2856,8,8,663
plr_28205f8c,2021_2022,UNKNOWN,2401,2,5,622
plr_eeb4321a,2021_2022,UNKNOWN,1871,8,8,488
plr_ca59b862,2021_2022,UNKNOWN,1044,0,4,284
plr_8c1c5347,2021_2022,UNKNOWN,2125,9,6,483
plr_cdb288e7,2021_2022,UNKNOWN,2884,7,2,618
plr_20e74026,2021_2022,UNKNOWN,303,2,1,65
plr_ad10025f,2021_2022,UNKNOWN,956,2,1,209
plr_39403ffa,2021_2022,UNKNOWN,121,0,1,29
plr_fd52f9d8,2021_2022,UNKNOWN,0,0,0,0
plr_83a84383,2021_2022,UNKNOWN,0,0,0,0
plr_79729896,2021_2022,UNKNOWN,0,0,0,0
plr_57a72a9f,2021_2022,UNKNOWN,0,0,0,0
plr_719e3eee,2021_2022,UNKNOWN,0,0,0,0
plr_cc00d4b1,2021_2022,UNKNOWN,0,0,0,0
plr_98188066,2021_2022,UNKNOWN,0,0,0,0
plr_c96d4e34,2021_2022,UNKNOWN,18,0,0,3
plr_24f2e20c,2021_2022,UNKNOWN,3,0,0,5
plr_b48c198b,2021_2022,UNKNOWN,6,0,0,2
plr_fe21e90b,2021_2022,UNKNOWN,8,0,0,2
plr_1c128283,2021_2022,UNKNOWN,760,2,1,105
plr_6afa4817,2021_2022,UNKNOWN,3420,0,0,667
plr_2c239f32,2021_2022,UNKNOWN,1375,0,4,271
plr_4a89e08d,2021_2022,UNKNOWN,1347,1,9,254
plr_c45dc35c,2021_2022,UNKNOWN,2513,1,0,451
plr_c1074816,2021_2022,UNKNOWN,2026,4,5,426
plr_e471e6f0,2021_2022,UNKNOWN,1600,0,3,276
plr_95f01c5a,2021_2022,UNKNOWN,354,2,0,105
plr_3d582616,2021_2022,UNKNOWN,3110,10,7,626
plr_016b7794,2021_2022,UNKNOWN,207,1,0,40
plr_92e5017a,2021_2022,UNKNOWN,1658,0,4,345
plr_b25d2407,2021_2022,UNKNOWN,0,0,0,0
plr_09011e91,2021_2022,UNKNOWN,1224,4,2,171
plr_809c0648,2021_2022,UNKNOWN,505,0,0,86
plr_2d949f89,2021_2022,UNKNOWN,2353,0,2,471
plr_1603a487,2021_2022,UNKNOWN,2386,1,2,346
plr_560fd6de,2021_2022,UNKNOWN,216,0,0,22
plr_139769ff,2021_2022,UNKNOWN,1793,0,0,329
plr_6b3533f7,2021_2022,UNKNOWN,1269,5,2,232
plr_49238d1f,2021_2022,UNKNOWN,230,0,0,50
plr_a60fbec3,2021_2022,UNKNOWN,1894,3,4,362
plr_f7c41a13,2021_2022,UNKNOWN,0,0,0,0
plr_f9f3dbb1,2021_2022,UNKNOWN,1797,0,0,382
plr_f8c84f9a,2021_2022,UNKNOWN,0,0,0,0
plr_ef873c68,2021_2022,UNKNOWN,1208,2,3,193
plr_59c0bf11,2021_2022,UNKNOWN,1829,1,1,378
plr_d668285b,2021_2022,UNKNOWN,2454,18,3,608
plr_2f77e161,2021_2022,UNKNOWN,161,0,0,41
plr_eaed8f2d,2021_2022,UNKNOWN,0,0,0,0
plr_9b078cbf,2021_2022,UNKNOWN,67,0,0,-2
plr_78e8f2e4,2021_2022,UNKNOWN,12,0,0,5
plr_0c3913f8,2021_2022,UNKNOWN,15,0,0,3
plr_418d4bb7,2021_2022,UNKNOWN,0,0,0,0
plr_ae6dcb5c,2021_2022,UNKNOWN,0,0,0,0
plr_0293e8c7,2021_2022,UNKNOWN,2037,2,3,248
plr_f624416e,2021_2022,UNKNOWN,2871,1,2,530
plr_c41b60f7,2021_2022,UNKNOWN,2461,1,1,454
plr_02b5fc3b,2021_2022,UNKNOWN,2694,5,0,228
plr_5f5ac94a,2021_2022,UNKNOWN,1981,2,1,292
plr_1108a080,2021_2022,UNKNOWN,1333,0,2,207
plr_d94e7646,2021_2022,UNKNOWN,1012,0,1,131
plr_36f524c4,2021_2022,UNKNOWN,720,0,0,110
plr_7ecda783,2021_2022,UNKNOWN,2340,0,0,465
plr_9eab4259,2021_2022,UNKNOWN,1386,8,0,220
plr_3824beac,2021_2022,UNKNOWN,69,1,0,25
plr_172b9567,2021_2022,UNKNOWN,1459,2,5,263
plr_49c89a41,2021_2022,UNKNOWN,2055,1,1,284
plr_388599db,2021_2022,UNKNOWN,34,0,0,22
plr_27b7c1a7,2021_2022,UNKNOWN,197,0,0,28
plr_858f1ea0,2021_2022,UNKNOWN,1258,1,3,206
plr_cedc74e6,2021_2022,UNKNOWN,1636,0,1,262
plr_d7a075fd,2021_2022,UNKNOWN,1457,1,4,215
plr_0186915a,2021_2022,UNKNOWN,2158,2,2,383
plr_650def45,2021_2022,UNKNOWN,1000,1,0,124
plr_b153d335,2021_2022,UNKNOWN,2804,5,7,394
plr_65b56c44,2021_2022,UNKNOWN,1706,1,0,228
plr_2603fc25,2021_2022,UNKNOWN,1458,1,1,206
plr_84d3bbbd,2021_2022,UNKNOWN,2554,4,2,323
plr_6b8410fd,2021_2022,UNKNOWN,261,0,0,39
plr_5a061ad9,2021_2022,UNKNOWN,0,0,0,0
plr_a500ce5f,2021_2022,UNKNOWN,521,0,1,91
plr_1b8b2897,2021_2022,UNKNOWN,360,0,0,64
plr_d4be5e10,2021_2022,UNKNOWN,0,0,0,0
plr_3027003a,2021_2022,UNKNOWN,0,0,0,0
plr_cdbe99ed,2021_2022,UNKNOWN,0,0,0,0
plr_5bef49ad,2021_2022,UNKNOWN,429,2,0,101
plr_eb303e42,2021_2022,UNKNOWN,1031,5,1,245
plr_2230b4b2,2021_2022,UNKNOWN,0,0,0,0
plr_3ecf6780,2021_2022,UNKNOWN,1852,0,1,283
plr_3c06a2c6,2021_2022,UNKNOWN,2119,0,1,346
plr_b20f9748,2021_2022,UNKNOWN,0,0,0,0
plr_69204d80,2021_2022,UNKNOWN,2610,0,0,527
plr_68341f3c,2021_2022,UNKNOWN,3253,11,3,441
plr_526e098e,2021_2022,UNKNOWN,0,0,0,0
plr_82566ba5,2021_2022,UNKNOWN,759,0,0,112
plr_0e9cf481,2021_2022,UNKNOWN,2707,1,0,308
plr_5eedb181,2021_2022,UNKNOWN,2897,1,0,508
plr_b4818c4f,2021_2022,UNKNOWN,0,0,0,0
plr_167cafa7,2021_2022,UNKNOWN,1023,0,0,163
plr_6ff09649,2021_2022,UNKNOWN,0,0,0,0
plr_82c030b1,2021_2022,UNKNOWN,905,1,1,122
plr_499f947f,2021_2022,UNKNOWN,156,0,0,16
plr_7279f9bb,2021_2022,UNKNOWN,438,0,0,48
plr_128c05ae,2021_2022,UNKNOWN,2879,0,2,413
plr_b8329121,2021_2022,UNKNOWN,600,0,0,92
plr_1fd76409,2021_2022,UNKNOWN,499,0,0,60
plr_d3fd02be,2021_2022,UNKNOWN,617,1,2,107
plr_715234f4,2021_2022,UNKNOWN,0,0,0,0
plr_d6382cca,2021_2022,UNKNOWN,381,1,0,74
plr_e48a9618,2021_2022,UNKNOWN,810,0,0,177
plr_1cacd0d5,2021_2022,UNKNOWN,2228,1,2,191
plr_c7010e66,2021_2022,UNKNOWN,2494,0,0,412
plr_a0f47c45,2021_2022,UNKNOWN,1165,0,1,241
plr_238a53bf,2021_2022,UNKNOWN,2261,1,2,341
plr_7823db2c,2021_2022,UNKNOWN,45,0,0,6
plr_dfd32001,2021_2022,UNKNOWN,1566,2,2,205
plr_e8471035,2021_2022,UNKNOWN,326,0,0,58
plr_394bc491,2021_2022,UNKNOWN,923,0,0,137
plr_b91fcd95,2021_2022,UNKNOWN,1643,1,2,206
plr_92c95fad,2021_2022,UNKNOWN,0,0,0,0
plr_23c75005,2021_2022,UNKNOWN,208,0,1,39
plr_e48e4795,2021_2022,UNKNOWN,0,0,0,0
plr_a0589d1c,2021_2022,UNKNOWN,0,0,0,0
plr_d8cb1ee6,2021_2022,UNKNOWN,0,0,0,0
plr_e4461c56,2021_2022,UNKNOWN,0,0,0,0
plr_d7dd3a0a,2021_2022,UNKNOWN,140,0,0,11
plr_27cd1ae2,2021_2022,UNKNOWN,376,0,0,28
plr_c0686055,2021_2022,UNKNOWN,1710,0,0,330
plr_108b21a7,2021_2022,UNKNOWN,1530,0,0,286
plr_663456b7,2021_2022,UNKNOWN,2890,2,2,487
plr_22074864,2021_2022,UNKNOWN,1827,1,6,313
plr_752827fa,2021_2022,UNKNOWN,810,0,0,135
plr_b7b8f23e,2021_2022,UNKNOWN,1465,2,1,239
plr_c25287e5,2021_2022,UNKNOWN,3215,10,5,769
plr_1349c31a,2021_2022,UNKNOWN,2630,1,3,481
plr_9ca03c20,2021_2022,UNKNOWN,2629,4,0,499
plr_e4706cf3,2021_2022,UNKNOWN,0,0,0,0
plr_d6437cb7,2021_2022,UNKNOWN,2034,7,4,333
plr_ce409803,2021_2022,UNKNOWN,802,0,2,81
plr_33dccccd,2021_2022,UNKNOWN,132,0,0,25
plr_af65216f,2021_2022,UNKNOWN,0,0,0,0
plr_a4ed7e47,2021_2022,UNKNOWN,1016,0,3,187
plr_699c6675,2021_2022,UNKNOWN,452,0,0,21
plr_b72dee6c,2021_2022,UNKNOWN,2971,0,0,478
plr_b5bbab03,2021_2022,UNKNOWN,1621,0,1,189
plr_5196037c,2021_2022,UNKNOWN,2200,1,2,440
plr_7a39102c,2021_2022,UNKNOWN,2039,4,3,243
plr_fdc5a46d,2021_2022,UNKNOWN,1969,6,2,234
plr_12976342,2021_2022,UNKNOWN,300,1,0,48
plr_965fd28b,2021_2022,UNKNOWN,1409,2,3,150
plr_d2502cf3,2021_2022,UNKNOWN,369,0,0,62
plr_53af93c0,2021_2022,UNKNOWN,906,0,0,155
plr_b50a959a,2021_2022,UNKNOWN,0,0,0,0
plr_9799f403,2021_2022,UNKNOWN,180,0,0,23
plr_ef7a9734,2021_2022,UNKNOWN,0,0,0,0
plr_a5a4067d,2021_2022,UNKNOWN,0,0,0,0
plr_e0b96e8a,2021_2022,UNKNOWN,0,0,0,0
plr_df700f13,2021_2022,UNKNOWN,0,0,0,0
plr_67a3486b,2021_2022,UNKNOWN,0,0,0,0
plr_010e2e52,2021_2022,UNKNOWN,3420,0,0,703
plr_0bd8e670,2021_2022,UNKNOWN,0,0,0,0
plr_d55904d4,2021_2022,UNKNOWN,0,0,0,0
plr_9e8be954,2021_2022,UNKNOWN,3231,17,11,684
plr_4d1473a3,2021_2022,UNKNOWN,0,0,0,0
plr_f7e93b01,2021_2022,UNKNOWN,3009,23,10,819
plr_57bec809,2021_2022,UNKNOWN,871,2,5,255
plr_a9982cc0,2021_2022,UNKNOWN,3071,0,1,680
plr_fe0ff417,2021_2022,UNKNOWN,1763,2,6,324
plr_aab0e934,2021_2022,UNKNOWN,2537,1,2,490
plr_b8a08e85,2021_2022,UNKNOWN,3196,2,3,616
plr_aaae9fd4,2021_2022,UNKNOWN,904,0,2,175
plr_de3ffd5d,2021_2022,UNKNOWN,1626,2,1,417
plr_3d73b838,2021_2022,UNKNOWN,1046,0,3,231
plr_b9a9445d,2021_2022,UNKNOWN,548,3,2,138
plr_1d708d1c,2021_2022,UNKNOWN,1914,2,4,438
plr_d1257a6c,2021_2022,UNKNOWN,735,0,0,133
plr_ff48fb46,2021_2022,UNKNOWN,231,0,0,41
plr_bac9d792,2021_2022,UNKNOWN,1346,0,0,180
plr_ff1b3672,2021_2022,UNKNOWN,87,0,0,17
plr_f1d59455,2021_2022,UNKNOWN,481,1,1,85
plr_e8db260f,2021_2022,UNKNOWN,0,0,0,0
plr_0d0837a4,2021_2022,UNKNOWN,86,0,0,32
plr_6b09fa74,2021_2022,UNKNOWN,1844,1,0,385
plr_5ca92ddf,2021_2022,UNKNOWN,3,0,0,4
plr_8f59958c,2021_2022,UNKNOWN,2282,1,1,489
plr_02d3576d,2021_2022,UNKNOWN,0,0,0,0
plr_fb90d44e,2021_2022,UNKNOWN,0,0,0,0
plr_ba4de6b4,2021_2022,UNKNOWN,0,0,0,0
plr_4646453f,2021_2022,UNKNOWN,0,0,0,0
plr_f6a59b0f,2021_2022,UNKNOWN,1259,5,9,343
plr_909d5fcc,2021_2022,UNKNOWN,1360,0,4,266
plr_48e1186e,2021_2022,UNKNOWN,0,0,0,0
plr_707241db,2021_2022,UNKNOWN,0,0,0,0
plr_7bfd06a3,2021_2022,UNKNOWN,0,0,0,0
plr_3ab5cb57,2021_2022,UNKNOWN,0,0,0,0
plr_a10c4603,2021_2022,UNKNOWN,3220,2,1,408
plr_d06a0422,2021_2022,UNKNOWN,2340,0,1,433
plr_72e3155c,2021_2022,UNKNOWN,688,0,0,75
plr_6163ad07,2021_2022,UNKNOWN,164,1,0,44
plr_6d0b0664,2021_2022,UNKNOWN,2394,0,1,393
plr_02ab709f,2021_2022,UNKNOWN,23,0,0,5
plr_ef17713a,2021_2022,UNKNOWN,1611,0,2,209
plr_1949daa0,2021_2022,UNKNOWN,2143,0,5,385
plr_1b5eec6f,2021_2022,UNKNOWN,0,0,0,0
plr_6ee98c7f,2021_2022,UNKNOWN,1190,0,0,163
plr_ae4d7888,2021_2022,UNKNOWN,0,0,0,0
plr_f5b2474f,2021_2022,UNKNOWN,1388,0,0,171
plr_ad5e87e9,2021_2022,UNKNOWN,0,0,0,0
plr_e40ec0e3,2021_2022,UNKNOWN,1080,0,0,196
plr_0233e914,2021_2022,UNKNOWN,1075,0,1,179
plr_8148f53d,2021_2022,UNKNOWN,844,0,0,81
plr_53da3266,2021_2022,UNKNOWN,0,0,0,0
plr_34f6977d,2021_2022,UNKNOWN,0,0,0,0
plr_282e36c3,2021_2022,UNKNOWN,0,0,0,0
plr_6ce4be14,2021_2022,UNKNOWN,28,0,0,5
plr_4f8fb6e7,2021_2022,UNKNOWN,427,0,0,57
plr_1ed87323,2021_2022,UNKNOWN,0,0,0,0
plr_619aff01,2021_2022,UNKNOWN,0,0,0,0
plr_6bee7f23,2021_2022,UNKNOWN,1862,5,2,217
plr_903a3d6e,2021_2022,UNKNOWN,896,0,0,154
plr_f4ee4648,2021_2022,UNKNOWN,0,0,0,0
plr_aec66d77,2021_2022,UNKNOWN,0,0,0,0
plr_ee1f9465,2021_2022,UNKNOWN,1415,0,0,173
plr_fef538b6,2021_2022,UNKNOWN,1634,3,1,207
plr_ea3fe70a,2021_2022,UNKNOWN,0,0,0,0
plr_01708bfc,2021_2022,UNKNOWN,2579,10,7,425
plr_147f7a96,2021_2022,UNKNOWN,0,0,0,0
plr_c5d403c2,2021_2022,UNKNOWN,396,0,0,58
plr_c5cf491a,2021_2022,UNKNOWN,2244,5,4,268
plr_c2190657,2021_2022,UNKNOWN,0,0,0,0
plr_0a7da649,2021_2022,UNKNOWN,1138,5,2,247
plr_a33970ff,2021_2022,UNKNOWN,1917,1,2,218
plr_68d8f9cb,2021_2022,UNKNOWN,334,0,0,22
plr_7b381f07,2021_2022,UNKNOWN,0,0,0,0
plr_cb89a4e7,2021_2022,UNKNOWN,167,0,0,27
plr_479f2cf7,2021_2022,UNKNOWN,0,0,0,0
plr_3705806a,2021_2022,UNKNOWN,0,0,0,0
plr_b8a32a1d,2021_2022,UNKNOWN,0,0,0,0
plr_65b7b9e0,2021_2022,UNKNOWN,1622,1,0,299
plr_4c491625,2021_2022,UNKNOWN,1674,0,0,272
plr_66c32bef,2021_2022,UNKNOWN,795,0,0,127
plr_0f9fdd5c,2021_2022,UNKNOWN,221,0,0,23
plr_41a357e6,2021_2022,UNKNOWN,0,0,0,0
plr_52626dd7,2021_2022,UNKNOWN,0,0,0,0
plr_1a5ec321,2021_2022,UNKNOWN,0,0,0,0
plr_3f8c5fec,2021_2022,UNKNOWN,0,0,0,0
plr_b6ebff29,2021_2022,UNKNOWN,2078,1,0,388
plr_c168f9f2,2021_2022,UNKNOWN,325,1,0,76
plr_2a905f8e,2021_2022,UNKNOWN,0,0,0,0
plr_c40d11e0,2021_2022,UNKNOWN,3330,0,0,661
plr_f2f6cf38,2021_2022,UNKNOWN,921,1,0,182
plr_c581c9d1,2021_2022,UNKNOWN,0,0,0,0
plr_991490e8,2021_2022,UNKNOWN,2726,2,4,578
plr_5970ca85,2021_2022,UNKNOWN,303,1,0,73
plr_830564dc,2021_2022,UNKNOWN,2975,10,10,441
plr_d9e03d2c,2021_2022,UNKNOWN,2752,2,3,466
plr_d919b380,2021_2022,UNKNOWN,303,0,0,38
plr_98b74710,2021_2022,UNKNOWN,1777,5,3,440
plr_f0f607c2,2021_2022,UNKNOWN,645,1,1,145
plr_fabda988,2021_2022,UNKNOWN,2207,0,4,384
plr_682b677c,2021_2022,UNKNOWN,2162,8,6,441
plr_d15e0795,2021_2022,UNKNOWN,2987,12,17,586
plr_4b7b1fe6,2021_2022,UNKNOWN,3178,1,4,595
plr_e6578585,2021_2022,UNKNOWN,3061,5,1,485
plr_357b7b24,2021_2022,UNKNOWN,2795,6,4,480
plr_a6443ea6,2021_2022,UNKNOWN,961,0,1,203
plr_49051110,2021_2022,UNKNOWN,1397,1,0,235
plr_063238c1,2021_2022,UNKNOWN,90,0,0,11
plr_748e1d14,2021_2022,UNKNOWN,0,0,0,0
plr_6568e08d,2021_2022,UNKNOWN,0,0,0,0
plr_4602e7ee,2021_2022,UNKNOWN,0,0,0,0
plr_47c97b89,2021_2022,UNKNOWN,549,1,0,98
plr_ba5aa623,2021_2022,UNKNOWN,1,0,0,3
plr_63e68b5f,2021_2022,UNKNOWN,6,0,0,4
plr_e90a369d,2021_2022,UNKNOWN,3,0,0,3
plr_5c6251ee,2021_2022,UNKNOWN,0,0,0,0
plr_a8d53214,2021_2022,UNKNOWN,0,0,0,0
plr_c18fd9ea,2021_2022,UNKNOWN,0,0,0,0
plr_b20bfa1e,2021_2022,UNKNOWN,1,0,0,3
plr_5f202281,2021_2022,UNKNOWN,2970,2,1,511
plr_8ad21f5a,2021_2022,UNKNOWN,0,0,0,0
plr_6c5da2de,2021_2022,UNKNOWN,900,0,0,165
plr_cd49fb5b,2021_2022,UNKNOWN,3361,4,0,688
plr_e593126a,2021_2022,UNKNOWN,2630,6,5,266
plr_27458c3e,2021_2022,UNKNOWN,2706,2,0,540
plr_dd78cfdf,2021_2022,UNKNOWN,1448,0,3,295
plr_2e4e887c,2021_2022,UNKNOWN,1022,2,0,178
plr_88756cb9,2021_2022,UNKNOWN,1945,2,3,308
plr_39d20cf8,2021_2022,UNKNOWN,1069,1,1,168
plr_08263f80,2021_2022,UNKNOWN,2659,4,2,509
plr_88cc7a5b,2021_2022,UNKNOWN,2131,0,1,412
plr_9c38ddb3,2021_2022,UNKNOWN,1475,2,3,257
plr_fe374d48,2021_2022,UNKNOWN,2688,1,1,536
plr_63f0d523,2021_2022,UNKNOWN,7,0,0,0
plr_a3c8f663,2021_2022,UNKNOWN,459,1,1,88
plr_66f741e1,2021_2022,UNKNOWN,0,0,0,0
plr_d44b4428,2021_2022,UNKNOWN,306,0,0,56
plr_1613ad30,2021_2022,UNKNOWN,0,0,0,0
plr_4c534afc,2021_2022,UNKNOWN,562,0,1,43
plr_3bdf0687,2021_2022,UNKNOWN,0,0,0,0
plr_2d59b965,2021_2022,UNKNOWN,135,0,0,20
plr_68becce0,2021_2022,UNKNOWN,1328,2,1,197
plr_ac5d0e21,2021_2022,UNKNOWN,1826,1,4,367
plr_f3f79527,2021_2022,UNKNOWN,3285,0,1,722
plr_9c5c599b,2021_2022,UNKNOWN,0,0,0,0
plr_458c1e19,2021_2022,UNKNOWN,179,0,0,32
plr_c31cf77d,2021_2022,UNKNOWN,12,0,0,5
plr_3053d71b,2021_2022,UNKNOWN,0,0,0,0
plr_33bad45f,2021_2022,UNKNOWN,1811,5,1,288
plr_966c6a25,2021_2022,UNKNOWN,0,0,0,0
plr_46c97c70,2021_2022,UNKNOWN,0,0,0,0
plr_f8014677,2021_2022,UNKNOWN,0,0,0,0
plr_5fecd208,2021_2022,UNKNOWN,0,0,0,0
plr_af7fe1b9,2021_2022,UNKNOWN,360,0,0,52
plr_a69bf2cf,2021_2022,UNKNOWN,0,0,0,0
plr_1f8d2077,2021_2022,UNKNOWN,0,0,0,0
plr_cd8996be,2021_2022,UNKNOWN,203,0,3,67
plr_b2ed344b,2022_2023,UNKNOWN,2992,7,8,634
plr_46ca0bac,2022_2023,UNKNOWN,111,0,0,27
plr_77d6e71a,2022_2023,UNKNOWN,562,1,0,120
plr_923e3790,2022_2023,UNKNOWN,2480,3,0,468
plr_f2465d24,2022_2023,UNKNOWN,3132,15,8,813
plr_2d580e00,2022_2023,UNKNOWN,774,0,1,164
plr_468415f3,2022_2023,UNKNOWN,0,0,0,0
plr_49af0265,2022_2023,UNKNOWN,3054,2,5,734
plr_a533d9a3,2022_2023,UNKNOWN,1071,4,2,161
plr_70bb4628,2022_2023,UNKNOWN,161,0,2,60
plr_1f64e900,2022_2023,UNKNOWN,3183,14,12,678
plr_03d218c5,2022_2023,UNKNOWN,651,0,1,173
plr_5e872034,2022_2023,UNKNOWN,3420,0,0,664
plr_bb75c5f3,2022_2023,UNKNOWN,3409,3,0,723
plr_d1d2bda4,2022_2023,UNKNOWN,0,0,0,0
plr_c91da8db,2022_2023,UNKNOWN,2789,15,9,648
plr_44d0743d,2022_2023,UNKNOWN,0,0,0,0
plr_f5d3c776,2022_2023,UNKNOWN,0,0,0,0
plr_6cdd7045,2022_2023,UNKNOWN,202,3,3,127
plr_d1219c67,2022_2023,UNKNOWN,0,0,0,0
plr_a1b323df,2022_2023,UNKNOWN,500,1,2,134
plr_cd11fbb7,2022_2023,UNKNOWN,2415,2,1,571
plr_8ec55419,2022_2023,UNKNOWN,1,0,0,3
plr_33199892,2022_2023,UNKNOWN,2064,11,7,401
plr_e0afcf7c,2022_2023,UNKNOWN,2237,8,13,494
plr_216c39a6,2022_2023,UNKNOWN,2127,2,2,379
plr_ca59b862,2022_2023,UNKNOWN,2122,1,2,500
plr_420771d9,2022_2023,UNKNOWN,0,0,0,0
plr_07c4f5f9,2022_2023,UNKNOWN,1,0,0,3
plr_0acfc2e4,2022_2023,UNKNOWN,0,0,0,0
plr_dd2d8921,2022_2023,UNKNOWN,0,0,0,0
plr_5d6fa656,2022_2023,UNKNOWN,0,0,0,0
plr_a697c722,2022_2023,UNKNOWN,0,0,0,0
plr_7858bc87,2022_2023,UNKNOWN,425,1,0,111
plr_bd09b626,2022_2023,UNKNOWN,0,0,0,0
plr_9792e184,2022_2023,UNKNOWN,0,0,0,0
plr_ec6ed54e,2022_2023,UNKNOWN,777,1,0,98
plr_828a49f8,2022_2023,UNKNOWN,3139,0,0,678
plr_2969786c,2022_2023,UNKNOWN,345,0,0,67
plr_8c5c1080,2022_2023,UNKNOWN,1492,1,0,234
plr_60782479,2022_2023,UNKNOWN,226,2,0,57
plr_35e8cc10,2022_2023,UNKNOWN,280,0,0,62
plr_a832df72,2022_2023,UNKNOWN,10,0,0,6
plr_c0ddfee7,2022_2023,UNKNOWN,2692,1,5,354
plr_5db832d3,2022_2023,UNKNOWN,0,0,0,0
plr_b1a2702e,2022_2023,UNKNOWN,3150,1,3,617
plr_f15653cc,2022_2023,UNKNOWN,3129,15,8,550
plr_05aa6b0c,2022_2023,UNKNOWN,0,0,0,0
plr_a27385d9,2022_2023,UNKNOWN,2404,5,3,370
plr_842c3ed6,2022_2023,UNKNOWN,1817,0,2,311
plr_fdd5c927,2022_2023,UNKNOWN,3322,0,0,633
plr_a6a66420,2022_2023,UNKNOWN,1964,4,5,242
plr_84f12dd2,2022_2023,UNKNOWN,2922,6,7,594
plr_3fbe5e4f,2022_2023,UNKNOWN,2634,6,8,470
plr_2d88648e,2022_2023,UNKNOWN,0,0,0,0
plr_e55ba920,2022_2023,UNKNOWN,205,0,0,20
plr_1d80f52a,2022_2023,UNKNOWN,0,0,0,0
plr_9ed0aac3,2022_2023,UNKNOWN,0,0,0,0
plr_9cb55643,2022_2023,UNKNOWN,1773,0,1,235
plr_b84ffdc4,2022_2023,UNKNOWN,43,0,0,13
plr_0eb3f81a,2022_2023,UNKNOWN,0,0,0,0
plr_6ca5006a,2022_2023,UNKNOWN,0,0,0,0
plr_88756cb9,2022_2023,UNKNOWN,897,0,0,163
plr_d24e6153,2022_2023,UNKNOWN,76,0,0,5
plr_8afc4838,2022_2023,UNKNOWN,0,0,0,0
plr_9968036e,2022_2023,UNKNOWN,2031,1,0,388
plr_7fcfdef5,2022_2023,UNKNOWN,0,0,0,0
plr_25c1dffc,2022_2023,UNKNOWN,0,0,0,0
plr_2fa05a4e,2022_2023,UNKNOWN,0,0,0,0
plr_a463083b,2022_2023,UNKNOWN,1325,0,3,278
plr_d0820794,2022_2023,UNKNOWN,0,0,0,0
plr_797727f9,2022_2023,UNKNOWN,126,0,0,15
plr_2182e302,2022_2023,UNKNOWN,0,0,0,0
plr_cf68a449,2022_2023,UNKNOWN,0,0,0,0
plr_3bd9f4ae,2022_2023,UNKNOWN,0,0,0,0
plr_16d22131,2022_2023,UNKNOWN,0,0,0,0
plr_0eea5465,2022_2023,UNKNOWN,0,0,0,0
plr_41148411,2022_2023,UNKNOWN,0,0,0,0
plr_57587b85,2022_2023,UNKNOWN,2940,0,1,400
plr_f48b2f52,2022_2023,UNKNOWN,58,0,0,13
plr_d919b380,2022_2023,UNKNOWN,527,0,0,63
plr_fbb60d84,2022_2023,UNKNOWN,170,0,0,7
plr_3fb94e09,2022_2023,UNKNOWN,11,0,0,6
plr_ee32ee79,2022_2023,UNKNOWN,1269,4,0,161
plr_586528df,2022_2023,UNKNOWN,8,0,0,3
plr_aebc44aa,2022_2023,UNKNOWN,3252,5,0,500
plr_ba86beca,2022_2023,UNKNOWN,293,0,0,36
plr_1abe75f2,2022_2023,UNKNOWN,2865,6,10,339
plr_85993d76,2022_2023,UNKNOWN,1712,0,2,280
plr_d917b926,2022_2023,UNKNOWN,282,0,0,32
plr_e39c04e6,2022_2023,UNKNOWN,1825,1,2,225
plr_528385cc,2022_2023,UNKNOWN,2766,7,2,475
plr_5250bdbb,2022_2023,UNKNOWN,2197,0,0,369
plr_c29c8afb,2022_2023,UNKNOWN,1035,0,0,193
plr_20e42a97,2022_2023,UNKNOWN,2040,0,2,372
plr_bc810bac,2022_2023,UNKNOWN,104,0,0,20
plr_90dac523,2022_2023,UNKNOWN,1241,3,1,193
plr_f96d7e85,2022_2023,UNKNOWN,1452,0,1,235
plr_7265b6ab,2022_2023,UNKNOWN,0,0,0,0
plr_752827fa,2022_2023,UNKNOWN,1218,0,0,233
plr_718d2b28,2022_2023,UNKNOWN,1010,0,1,167
plr_9cbd14d0,2022_2023,UNKNOWN,1740,5,4,315
plr_0783c96c,2022_2023,UNKNOWN,0,0,0,0
plr_2a905f8e,2022_2023,UNKNOWN,0,0,0,0
plr_a73d0509,2022_2023,UNKNOWN,2385,0,0,510
plr_8efd4417,2022_2023,UNKNOWN,2489,2,0,462
plr_c179a3b5,2022_2023,UNKNOWN,0,0,0,0
plr_ec533740,2022_2023,UNKNOWN,8,0,0,3
plr_1d606a8e,2022_2023,UNKNOWN,0,0,0,0
plr_61a91e22,2022_2023,UNKNOWN,0,0,0,0
plr_c139dcc0,2022_2023,UNKNOWN,0,0,0,0
plr_5b6d5544,2022_2023,UNKNOWN,0,0,0,0
plr_dfa43dc8,2022_2023,UNKNOWN,1239,1,3,163
plr_3923e3ab,2022_2023,UNKNOWN,0,0,0,0
plr_bf3e5dd0,2022_2023,UNKNOWN,250,1,0,56
plr_01563834,2022_2023,UNKNOWN,452,2,0,93
plr_3224ae36,2022_2023,UNKNOWN,297,0,0,54
plr_9be3d18a,2022_2023,UNKNOWN,425,0,0,60
plr_e336b57f,2022_2023,UNKNOWN,0,0,0,0
plr_c003c481,2022_2023,UNKNOWN,0,0,0,0
plr_28a11820,2022_2023,UNKNOWN,722,1,0,147
plr_ff25832d,2022_2023,UNKNOWN,1763,1,6,309
plr_10e63228,2022_2023,UNKNOWN,2953,20,4,607
plr_0d08e88b,2022_2023,UNKNOWN,3420,0,0,822
plr_c9d918b4,2022_2023,UNKNOWN,73,0,0,14
plr_cff93528,2022_2023,UNKNOWN,1371,4,2,274
plr_6e94b679,2022_2023,UNKNOWN,763,0,0,129
plr_736e0753,2022_2023,UNKNOWN,3240,0,3,505
plr_5dbf43aa,2022_2023,UNKNOWN,2201,3,1,357
plr_56559251,2022_2023,UNKNOWN,124,0,0,53
plr_7dce56e8,2022_2023,UNKNOWN,2805,5,7,498
plr_645c1c75,2022_2023,UNKNOWN,1587,7,4,292
plr_e103eac8,2022_2023,UNKNOWN,1101,0,0,201
plr_456cf30b,2022_2023,UNKNOWN,18,0,0,12
plr_9c3d4403,2022_2023,UNKNOWN,2700,3,0,575
plr_3845f515,2022_2023,UNKNOWN,837,0,3,111
plr_592cceb2,2022_2023,UNKNOWN,600,0,2,123
plr_6b8cb429,2022_2023,UNKNOWN,2905,9,9,556
plr_b4cdb56e,2022_2023,UNKNOWN,0,0,0,0
plr_7407f32d,2022_2023,UNKNOWN,0,0,0,0
plr_134c795b,2022_2023,UNKNOWN,0,0,0,0
plr_e1193ad2,2022_2023,UNKNOWN,0,0,0,0
plr_b59cb587,2022_2023,UNKNOWN,0,0,0,0
plr_a8ca240b,2022_2023,UNKNOWN,1918,0,3,310
plr_6e112612,2022_2023,UNKNOWN,313,0,1,37
plr_cf00fecd,2022_2023,UNKNOWN,0,0,0,0
plr_f2ceed13,2022_2023,UNKNOWN,3269,3,2,643
plr_aa057502,2022_2023,UNKNOWN,0,0,0,0
plr_841bd2ba,2022_2023,UNKNOWN,6,0,1,11
plr_f36221e9,2022_2023,UNKNOWN,970,0,0,131
plr_620cc58c,2022_2023,UNKNOWN,1097,0,1,191
plr_a02ba3a1,2022_2023,UNKNOWN,0,0,0,0
plr_7b92f494,2022_2023,UNKNOWN,0,0,0,0
plr_8450d06e,2022_2023,UNKNOWN,0,0,0,0
plr_88e94c74,2022_2023,UNKNOWN,0,0,0,0
plr_a5415267,2022_2023,UNKNOWN,723,0,1,76
plr_e21e80ec,2022_2023,UNKNOWN,0,0,0,0
plr_b556c718,2022_2023,UNKNOWN,717,2,1,146
plr_e7d14ed1,2022_2023,UNKNOWN,1350,0,1,332
plr_911c0583,2022_2023,UNKNOWN,1844,6,5,296
plr_afbd50e5,2022_2023,UNKNOWN,3240,9,8,748
plr_e4008a9b,2022_2023,UNKNOWN,3240,1,1,648
plr_ad18320b,2022_2023,UNKNOWN,2719,6,10,559
plr_67d25a12,2022_2023,UNKNOWN,1983,0,0,405
plr_fa93fa32,2022_2023,UNKNOWN,2183,1,1,447
plr_8975f3d2,2022_2023,UNKNOWN,2070,0,0,380
plr_f8c9c876,2022_2023,UNKNOWN,439,0,0,91
plr_b8c56e25,2022_2023,UNKNOWN,0,0,0,0
plr_f0ecbcfd,2022_2023,UNKNOWN,2882,10,2,567
plr_1321d8c7,2022_2023,UNKNOWN,0,0,0,0
plr_5602166a,2022_2023,UNKNOWN,209,0,1,29
plr_83d26c7c,2022_2023,UNKNOWN,168,0,2,40
plr_5db8657a,2022_2023,UNKNOWN,3138,1,1,503
plr_9c9791f8,2022_2023,UNKNOWN,0,0,0,0
plr_2cba783e,2022_2023,UNKNOWN,0,0,0,0
plr_b8d24625,2022_2023,UNKNOWN,614,5,2,173
plr_844ddc5f,2022_2023,UNKNOWN,2311,7,9,457
plr_f819313f,2022_2023,UNKNOWN,794,4,3,189
plr_90917245,2022_2023,UNKNOWN,0,0,0,0
plr_3ecf6780,2022_2023,UNKNOWN,502,0,1,105
plr_2b6145fc,2022_2023,UNKNOWN,0,0,0,0
plr_e5040e88,2022_2023,UNKNOWN,0,0,0,0
plr_61a0f7eb,2022_2023,UNKNOWN,291,0,0,54
plr_7bc20800,2022_2023,UNKNOWN,1218,0,2,249
plr_23532c14,2022_2023,UNKNOWN,2674,1,7,593
plr_501add0a,2022_2023,UNKNOWN,942,6,2,213
plr_683c2a5a,2022_2023,UNKNOWN,0,0,0,0
plr_92b1e106,2022_2023,UNKNOWN,11,0,0,3
plr_4a772443,2022_2023,UNKNOWN,0,0,0,0
plr_f5a7b491,2022_2023,UNKNOWN,1,0,0,3
plr_b631f34a,2022_2023,UNKNOWN,558,1,1,72
plr_178a3f0f,2022_2023,UNKNOWN,65,0,0,14
plr_0dadb209,2022_2023,UNKNOWN,23,0,0,10
plr_32a3cf44,2022_2023,UNKNOWN,0,0,0,0
plr_957941ae,2022_2023,UNKNOWN,5,0,0,3
plr_06209665,2022_2023,UNKNOWN,0,0,0,0
plr_f2648a55,2022_2023,UNKNOWN,342,0,0,71
plr_b48f4763,2022_2023,UNKNOWN,1669,0,2,363
plr_c3e54f62,2022_2023,UNKNOWN,1521,0,0,242
plr_ebfa8274,2022_2023,UNKNOWN,2351,0,2,524
plr_84684497,2022_2023,UNKNOWN,0,0,0,0
plr_2720425b,2022_2023,UNKNOWN,0,0,0,0
plr_cf15d5e4,2022_2023,UNKNOWN,1699,1,2,289
plr_0bf26dae,2022_2023,UNKNOWN,2565,0,0,575
plr_fdf9d38e,2022_2023,UNKNOWN,517,0,1,120
plr_011d3b02,2022_2023,UNKNOWN,649,0,3,129
plr_b7d07ad4,2022_2023,UNKNOWN,1530,0,1,228
plr_8b2ce948,2022_2023,UNKNOWN,0,0,0,0
plr_2c73c04b,2022_2023,UNKNOWN,0,0,0,0
plr_c4981f52,2022_2023,UNKNOWN,1402,2,3,302
plr_dcb06da4,2022_2023,UNKNOWN,805,1,1,102
plr_7814d14f,2022_2023,UNKNOWN,1601,0,0,318
plr_746e13ca,2022_2023,UNKNOWN,1644,3,4,277
plr_ebad4f64,2022_2023,UNKNOWN,0,0,0,0
plr_a0c9592b,2022_2023,UNKNOWN,0,0,0,0
plr_26ffd119,2022_2023,UNKNOWN,2565,7,1,301
plr_401f6d7f,2022_2023,UNKNOWN,1242,1,2,286
plr_5551d5df,2022_2023,UNKNOWN,855,0,0,132
plr_81f5ff05,2022_2023,UNKNOWN,1608,3,1,279
plr_fdc5a46d,2022_2023,UNKNOWN,285,1,1,56
plr_e20bb88b,2022_2023,UNKNOWN,0,0,0,0
plr_75ff11dc,2022_2023,UNKNOWN,1362,1,0,244
plr_35b30eb7,2022_2023,UNKNOWN,1886,6,4,274
plr_b44b069c,2022_2023,UNKNOWN,1798,2,1,408
plr_d6bece92,2022_2023,UNKNOWN,0,0,0,0
plr_4fd0f29e,2022_2023,UNKNOWN,409,0,0,47
plr_39da64c6,2022_2023,UNKNOWN,546,1,0,61
plr_9609b195,2022_2023,UNKNOWN,0,0,0,0
plr_126061e3,2022_2023,UNKNOWN,22,0,0,2
plr_1bb46c3b,2022_2023,UNKNOWN,653,0,0,118
plr_17df4691,2022_2023,UNKNOWN,0,0,0,0
plr_d8a6d386,2022_2023,UNKNOWN,68,0,0,8
plr_a713119c,2022_2023,UNKNOWN,904,1,0,209
plr_7c0af26d,2022_2023,UNKNOWN,936,4,0,126
plr_f715b84b,2022_2023,UNKNOWN,650,0,2,73
plr_346b5a6e,2022_2023,UNKNOWN,0,0,0,0
plr_3ce4be91,2022_2023,UNKNOWN,639,1,0,105
plr_1f938404,2022_2023,UNKNOWN,1547,0,2,265
plr_cfd25af9,2022_2023,UNKNOWN,0,0,0,0
plr_11b628f3,2022_2023,UNKNOWN,0,0,0,0
plr_02df8058,2022_2023,UNKNOWN,728,0,0,129
plr_c4e063a2,2022_2023,UNKNOWN,2430,0,0,484
plr_35d96fef,2022_2023,UNKNOWN,335,1,0,50
plr_75fff9fc,2022_2023,UNKNOWN,50,0,0,13
plr_501441df,2022_2023,UNKNOWN,0,0,0,0
plr_d4cc85c4,2022_2023,UNKNOWN,2253,1,0,403
plr_7dcdaaad,2022_2023,UNKNOWN,1638,0,0,246
plr_71be3d76,2022_2023,UNKNOWN,500,0,0,80
plr_bd3b7276,2022_2023,UNKNOWN,2708,4,3,332
plr_eb417772,2022_2023,UNKNOWN,2289,7,2,216
plr_c67604e0,2022_2023,UNKNOWN,2528,3,2,324
plr_920fed55,2022_2023,UNKNOWN,822,1,1,152
plr_eebf50b6,2022_2023,UNKNOWN,60,0,0,19
plr_fbb468e5,2022_2023,UNKNOWN,2782,1,0,483
plr_1e733afd,2022_2023,UNKNOWN,1788,5,2,225
plr_c53112f5,2022_2023,UNKNOWN,3330,1,0,623
plr_4a053b1b,2022_2023,UNKNOWN,748,2,0,96
plr_e98a09a8,2022_2023,UNKNOWN,2631,10,5,580
plr_d050c644,2022_2023,UNKNOWN,2889,0,2,476
plr_da9863e1,2022_2023,UNKNOWN,2743,2,11,517
plr_9ec817fb,2022_2023,UNKNOWN,0,0,0,0
plr_7e8016e7,2022_2023,UNKNOWN,31,0,0,9
plr_a6d0a351,2022_2023,UNKNOWN,0,0,0,0
plr_db68a922,2022_2023,UNKNOWN,810,0,0,159
plr_f4887cb4,2022_2023,UNKNOWN,0,0,0,0
plr_ffd57906,2022_2023,UNKNOWN,0,0,0,0
plr_1d6e2281,2022_2023,UNKNOWN,2770,0,3,411
plr_36ac4f5e,2022_2023,UNKNOWN,443,0,0,83
plr_b43f1891,2022_2023,UNKNOWN,180,0,0,28
plr_f06e48b5,2022_2023,UNKNOWN,0,0,0,0
plr_322042bc,2022_2023,UNKNOWN,0,0,0,0
plr_3a14fecb,2022_2023,UNKNOWN,0,0,0,0
plr_074aaa1f,2022_2023,UNKNOWN,0,0,0,0
plr_bb22d288,2022_2023,UNKNOWN,0,0,0,0
plr_d8302a96,2022_2023,UNKNOWN,0,0,0,0
plr_a07b71fc,2022_2023,UNKNOWN,1,0,0,3
plr_8aa1da20,2022_2023,UNKNOWN,87,0,0,20
plr_2d67dca1,2022_2023,UNKNOWN,0,0,0,0
plr_4c52490b,2022_2023,UNKNOWN,1104,1,0,86
plr_f50a579b,2022_2023,UNKNOWN,90,0,0,30
plr_25d9f12d,2022_2023,UNKNOWN,103,0,0,12
plr_03d5d20f,2022_2023,UNKNOWN,1654,1,0,314
plr_1f5ea9c1,2022_2023,UNKNOWN,0,0,0,0
plr_b6ee548a,2022_2023,UNKNOWN,983,1,2,180
plr_1fd34346,2022_2023,UNKNOWN,38,0,0,5
plr_c80a09ce,2022_2023,UNKNOWN,3330,0,1,666
plr_53db0713,2022_2023,UNKNOWN,0,0,0,0
plr_868902ff,2022_2023,UNKNOWN,0,0,0,0
plr_919fc8a9,2022_2023,UNKNOWN,1527,5,2,263
plr_9d8596d1,2022_2023,UNKNOWN,3379,2,8,563
plr_c53f6349,2022_2023,UNKNOWN,0,0,0,0
plr_2262a79a,2022_2023,UNKNOWN,594,2,0,115
plr_34782e93,2022_2023,UNKNOWN,2501,4,1,284
plr_560af91a,2022_2023,UNKNOWN,524,0,0,55
plr_50f83976,2022_2023,UNKNOWN,1166,2,1,89
plr_0d3bf15e,2022_2023,UNKNOWN,506,0,0,81
plr_d541c3f9,2022_2023,UNKNOWN,801,0,1,101
plr_3388d184,2022_2023,UNKNOWN,2653,0,1,449
plr_3a4c3f3a,2022_2023,UNKNOWN,0,0,0,0
plr_14b6d4e6,2022_2023,UNKNOWN,1274,0,0,173
plr_c2ec34e5,2022_2023,UNKNOWN,0,0,0,0
plr_6ddf1aff,2022_2023,UNKNOWN,3420,1,1,632
plr_cd49fb5b,2022_2023,UNKNOWN,2094,1,1,397
plr_1cd9b841,2022_2023,UNKNOWN,24,0,0,9
plr_19a9f8d4,2022_2023,UNKNOWN,2490,7,5,505
plr_49876cf6,2022_2023,UNKNOWN,0,0,0,0
plr_bc456b0b,2022_2023,UNKNOWN,0,0,0,0
plr_eac70acc,2022_2023,UNKNOWN,796,0,1,109
plr_41b18088,2022_2023,UNKNOWN,2486,1,3,300
plr_cb0d42ef,2022_2023,UNKNOWN,0,0,0,0
plr_1eaa4eff,2022_2023,UNKNOWN,2577,0,1,357
plr_5894026a,2022_2023,UNKNOWN,0,0,0,0
plr_780fbc21,2022_2023,UNKNOWN,0,0,0,0
plr_509c14eb,2022_2023,UNKNOWN,23,0,0,7
plr_916823b8,2022_2023,UNKNOWN,32,0,0,3
plr_d6116fcd,2022_2023,UNKNOWN,219,1,0,59
plr_96dd0d58,2022_2023,UNKNOWN,0,0,0,0
plr_104d8f9b,2022_2023,UNKNOWN,0,0,0,0
plr_74da6369,2022_2023,UNKNOWN,0,0,0,0
plr_a91a9530,2022_2023,UNKNOWN,223,0,0,56
plr_fb2bb5ba,2022_2023,UNKNOWN,3240,0,0,766
plr_4e10e23d,2022_2023,UNKNOWN,17,0,0,12
plr_b053043a,2022_2023,UNKNOWN,968,2,1,217
plr_d5f2c09c,2022_2023,UNKNOWN,2898,1,0,560
plr_75de164b,2022_2023,UNKNOWN,0,0,0,0
plr_ae4d7888,2022_2023,UNKNOWN,11,0,0,2
plr_2e52d3f4,2022_2023,UNKNOWN,758,0,4,123
plr_cb6ffaf4,2022_2023,UNKNOWN,2473,4,1,289
plr_1d21a61d,2022_2023,UNKNOWN,0,0,0,0
plr_718ccd0b,2022_2023,UNKNOWN,0,0,0,0
plr_6f85373c,2022_2023,UNKNOWN,0,0,0,0
plr_1461cfe6,2022_2023,UNKNOWN,2084,1,0,353
plr_3b886ee0,2022_2023,UNKNOWN,2010,14,2,324
plr_f0a1f26f,2022_2023,UNKNOWN,2868,3,4,409
plr_2168d3a4,2022_2023,UNKNOWN,1085,2,5,215
plr_0e1f5448,2022_2023,UNKNOWN,180,0,0,33
plr_a812986b,2022_2023,UNKNOWN,0,0,0,0
plr_f94b9100,2022_2023,UNKNOWN,2569,1,5,484
plr_93811c9c,2022_2023,UNKNOWN,14,0,0,4
plr_d4f85289,2022_2023,UNKNOWN,3088,0,2,558
plr_cba255a8,2022_2023,UNKNOWN,0,0,0,0
plr_0d0838ec,2022_2023,UNKNOWN,85,0,1,22
plr_e062fd23,2022_2023,UNKNOWN,3108,3,0,379
plr_95f2332c,2022_2023,UNKNOWN,802,2,1,152
plr_b9bc17db,2022_2023,UNKNOWN,2696,4,10,360
plr_a6443ea6,2022_2023,UNKNOWN,2008,1,0,422
plr_b81c3d9d,2022_2023,UNKNOWN,1,0,0,3
plr_94dc70f3,2022_2023,UNKNOWN,141,0,1,39
plr_b4442ab0,2022_2023,UNKNOWN,10,0,0,7
plr_bd33ead6,2022_2023,UNKNOWN,560,4,0,156
plr_83dbf5a1,2022_2023,UNKNOWN,0,0,0,0
plr_20a3c2d6,2022_2023,UNKNOWN,136,0,0,13
plr_66a5ea5c,2022_2023,UNKNOWN,2127,5,7,442
plr_f6be2e46,2022_2023,UNKNOWN,1098,5,2,206
plr_3bf43f02,2022_2023,UNKNOWN,0,0,0,0
plr_50a222e3,2022_2023,UNKNOWN,0,0,0,0
plr_244b3a0f,2022_2023,UNKNOWN,0,0,0,0
plr_33cdb17e,2022_2023,UNKNOWN,406,0,0,58
plr_067fd082,2022_2023,UNKNOWN,0,0,0,0
plr_3a066331,2022_2023,UNKNOWN,0,0,0,0
plr_c5f0a9f8,2022_2023,UNKNOWN,0,0,0,0
plr_e8c35843,2022_2023,UNKNOWN,0,0,0,0
plr_4d3219d2,2022_2023,UNKNOWN,1051,0,0,191
plr_db86ad1a,2022_2023,UNKNOWN,0,0,0,0
plr_0e4f804f,2022_2023,UNKNOWN,232,1,0,57
plr_960467fe,2022_2023,UNKNOWN,746,1,0,142
plr_8da9d9dc,2022_2023,UNKNOWN,0,0,0,0
plr_3b830183,2022_2023,UNKNOWN,2340,0,0,485
plr_06421d18,2022_2023,UNKNOWN,1841,3,5,206
plr_c0aec305,2022_2023,UNKNOWN,451,1,1,106
plr_c948fdd6,2022_2023,UNKNOWN,1608,0,0,328
plr_945b4234,2022_2023,UNKNOWN,3255,2,4,615
plr_4f8f9036,2022_2023,UNKNOWN,2341,3,3,461
plr_b6d7e48d,2022_2023,UNKNOWN,378,0,2,69
plr_277a95ed,2022_2023,UNKNOWN,2479,10,9,520
plr_4b132b0b,2022_2023,UNKNOWN,1112,5,5,237
plr_11bf87af,2022_2023,UNKNOWN,0,0,0,0
plr_de12d9ad,2022_2023,UNKNOWN,2709,13,2,379
plr_8c0f9b93,2022_2023,UNKNOWN,1672,0,0,257
plr_b4bd1cf8,2022_2023,UNKNOWN,2305,2,3,347
plr_2f7ea2ec,2022_2023,UNKNOWN,528,1,0,93
plr_2c95a143,2022_2023,UNKNOWN,1252,0,2,263
plr_16ccd6a3,2022_2023,UNKNOWN,1624,0,0,238
plr_a9f70ec7,2022_2023,UNKNOWN,1068,0,1,189
plr_3084f829,2022_2023,UNKNOWN,1169,4,4,231
plr_18083f1a,2022_2023,UNKNOWN,22,0,0,4
plr_c52e2e16,2022_2023,UNKNOWN,1080,0,0,183
plr_13cb4a01,2022_2023,UNKNOWN,635,1,1,115
plr_bba64255,2022_2023,UNKNOWN,0,0,0,0
plr_fd9d3388,2022_2023,UNKNOWN,2786,1,2,545
plr_8fa936f9,2022_2023,UNKNOWN,0,0,0,0
plr_ec316ef3,2022_2023,UNKNOWN,0,0,0,0
plr_08b605f8,2022_2023,UNKNOWN,0,0,0,0
plr_8c9c153b,2022_2023,UNKNOWN,891,0,1,111
plr_69f2c233,2022_2023,UNKNOWN,732,1,0,90
plr_f2656ff8,2022_2023,UNKNOWN,991,0,1,151
plr_5ccc3603,2022_2023,UNKNOWN,0,0,0,0
plr_5e66ee5f,2022_2023,UNKNOWN,1425,1,0,238
plr_a2b14d83,2022_2023,UNKNOWN,2048,2,1,336
plr_abe65d52,2022_2023,UNKNOWN,266,0,0,43
plr_5e9ac798,2022_2023,UNKNOWN,473,0,0,78
plr_9a902d1d,2022_2023,UNKNOWN,1928,13,2,368
plr_8b2f6673,2022_2023,UNKNOWN,0,0,0,0
plr_089d74df,2022_2023,UNKNOWN,1510,4,5,157
plr_e2bb1a4e,2022_2023,UNKNOWN,648,0,0,115
plr_205e3019,2022_2023,UNKNOWN,0,0,0,0
plr_f1c2f2a7,2022_2023,UNKNOWN,3175,0,0,447
plr_a2466779,2022_2023,UNKNOWN,0,0,0,0
plr_11ca8847,2022_2023,UNKNOWN,2707,5,8,403
plr_40683d18,2022_2023,UNKNOWN,0,0,0,0
plr_8cd29ad9,2022_2023,UNKNOWN,2198,2,2,423
plr_c190b950,2022_2023,UNKNOWN,0,0,0,0
plr_62aa63f8,2022_2023,UNKNOWN,410,1,2,107
plr_a3595c76,2022_2023,UNKNOWN,3060,0,0,548
plr_2a146fbe,2022_2023,UNKNOWN,1364,1,2,187
plr_9dbd2b5d,2022_2023,UNKNOWN,1411,4,4,235
plr_95f25abf,2022_2023,UNKNOWN,0,0,0,0
plr_d469f1c7,2022_2023,UNKNOWN,201,0,2,44
plr_85507be9,2022_2023,UNKNOWN,0,0,0,0
plr_1153f6f9,2022_2023,UNKNOWN,1957,3,1,322
plr_b8530a63,2022_2023,UNKNOWN,2316,1,3,357
plr_1338fe0b,2022_2023,UNKNOWN,2365,1,4,232
plr_49da3a88,2022_2023,UNKNOWN,7,0,0,7
plr_f26b0bd8,2022_2023,UNKNOWN,2156,0,0,290
plr_93143f57,2022_2023,UNKNOWN,863,5,0,173
plr_0e74ca3f,2022_2023,UNKNOWN,70,0,0,16
plr_3307b6ff,2022_2023,UNKNOWN,0,0,0,0
plr_f599c5ab,2022_2023,UNKNOWN,360,0,0,65
plr_f454835c,2022_2023,UNKNOWN,1346,2,4,183
plr_a821c9dd,2022_2023,UNKNOWN,24,0,0,5
plr_e90a369d,2022_2023,UNKNOWN,0,0,0,0
plr_679aa140,2022_2023,UNKNOWN,1264,0,0,195
plr_8b4dee2e,2022_2023,UNKNOWN,263,0,1,45
plr_20803290,2022_2023,UNKNOWN,1434,0,1,135
plr_7d6571c9,2022_2023,UNKNOWN,0,0,0,0
plr_6e18a25c,2022_2023,UNKNOWN,0,0,0,0
plr_a472932c,2022_2023,UNKNOWN,889,0,1,187
plr_2dea94da,2022_2023,UNKNOWN,2060,0,3,401
plr_2d5b2678,2022_2023,UNKNOWN,1091,1,0,216
plr_4b2b1360,2022_2023,UNKNOWN,1252,0,0,194
plr_1ae1f8bd,2022_2023,UNKNOWN,332,1,0,57
plr_aae4fc17,2022_2023,UNKNOWN,1202,11,4,447
plr_d0bb1a9d,2022_2023,UNKNOWN,2835,3,1,636
plr_94fbaeb1,2022_2023,UNKNOWN,3330,0,1,824
plr_3192e8cf,2022_2023,UNKNOWN,2666,0,2,394
plr_d399e6e6,2022_2023,UNKNOWN,3290,19,13,651
plr_2715f9e4,2022_2023,UNKNOWN,2579,0,8,633
plr_f3e9124c,2022_2023,UNKNOWN,2922,2,11,824
plr_b8d94879,2022_2023,UNKNOWN,1461,0,0,337
plr_8cdd2213,2022_2023,UNKNOWN,290,0,0,34
plr_39052713,2022_2023,UNKNOWN,1125,7,4,282
plr_27e4c774,2022_2023,UNKNOWN,90,0,0,20
plr_c2d380de,2022_2023,UNKNOWN,1551,0,0,305
plr_a78552a3,2022_2023,UNKNOWN,1029,3,1,206
plr_0644df2e,2022_2023,UNKNOWN,762,0,4,216
plr_7ea69b46,2022_2023,UNKNOWN,991,4,2,166
plr_a46fcd0c,2022_2023,UNKNOWN,1600,1,2,286
plr_b0d8e847,2022_2023,UNKNOWN,339,2,1,80
plr_1cb72843,2022_2023,UNKNOWN,1684,9,5,310
plr_27dff95c,2022_2023,UNKNOWN,0,0,0,0
plr_b70c6061,2022_2023,UNKNOWN,0,0,0,0
plr_fceab88d,2022_2023,UNKNOWN,0,0,0,0
plr_aab0e934,2022_2023,UNKNOWN,0,0,0,0
plr_fa63041f,2022_2023,UNKNOWN,0,0,0,0
plr_4b766852,2022_2023,UNKNOWN,65,0,0,17
plr_6aa0551f,2022_2023,UNKNOWN,0,0,0,0
plr_d2362551,2022_2023,UNKNOWN,522,1,0,85
plr_3fd5584b,2022_2023,UNKNOWN,7,0,0,1
plr_4eb2298c,2022_2023,UNKNOWN,0,0,0,0
plr_2db11373,2022_2023,UNKNOWN,0,0,0,0
plr_3c2e4585,2022_2023,UNKNOWN,23,0,0,4
plr_03430439,2022_2023,UNKNOWN,1455,7,3,256
plr_1168f49d,2022_2023,UNKNOWN,1953,0,0,376
plr_aac9bc81,2022_2023,UNKNOWN,2351,8,6,518
plr_3afd0eee,2022_2023,UNKNOWN,2413,7,18,742
plr_fc698e78,2022_2023,UNKNOWN,1844,2,2,422
plr_20bb915c,2022_2023,UNKNOWN,1913,5,12,470
plr_aab2cf44,2022_2023,UNKNOWN,2051,5,10,490
plr_89b30c85,2022_2023,UNKNOWN,1273,2,2,304
plr_55684962,2022_2023,UNKNOWN,3150,0,1,581
plr_21d835c5,2022_2023,UNKNOWN,1871,1,0,419
plr_ff2dc23c,2022_2023,UNKNOWN,992,0,0,210
plr_68564777,2022_2023,UNKNOWN,0,0,0,0
plr_5f232e15,2022_2023,UNKNOWN,2196,4,6,427
plr_532782b3,2022_2023,UNKNOWN,1997,0,0,432
plr_8c1c5347,2022_2023,UNKNOWN,1832,11,7,517
plr_cdb288e7,2022_2023,UNKNOWN,2911,2,6,606
plr_39403ffa,2022_2023,UNKNOWN,358,0,1,76
plr_c96d4e34,2022_2023,UNKNOWN,0,0,0,0
plr_a0199bde,2022_2023,UNKNOWN,2767,36,9,1040
plr_7d5bd23d,2022_2023,UNKNOWN,1448,9,3,393
plr_f412fdda,2022_2023,UNKNOWN,0,0,0,0
plr_3970ab02,2022_2023,UNKNOWN,0,0,0,0
plr_fe21e90b,2022_2023,UNKNOWN,0,0,0,0
plr_f4085e4b,2022_2023,UNKNOWN,270,0,0,90
plr_6f776da3,2022_2023,UNKNOWN,291,0,0,68
plr_79729896,2022_2023,UNKNOWN,0,0,0,0
plr_40cd4f4b,2022_2023,UNKNOWN,900,0,0,168
plr_e00749fe,2022_2023,UNKNOWN,340,0,1,83
plr_46675b24,2022_2023,UNKNOWN,0,0,0,0
plr_3eb9b9c1,2022_2023,UNKNOWN,0,0,0,0
plr_da97857f,2022_2023,UNKNOWN,2284,0,1,460
plr_c6fd3685,2022_2023,UNKNOWN,18,0,0,4
plr_0266fa5b,2022_2023,UNKNOWN,0,0,0,0
plr_ef5daeed,2022_2023,UNKNOWN,27,0,0,3
plr_e7ae8c82,2022_2023,UNKNOWN,0,0,0,0
plr_48d9c39e,2022_2023,UNKNOWN,0,0,0,0
plr_d668285b,2022_2023,UNKNOWN,519,1,0,42
plr_db336d01,2022_2023,UNKNOWN,3420,0,0,729
plr_2f77e161,2022_2023,UNKNOWN,0,0,0,0
plr_59c0bf11,2022_2023,UNKNOWN,1912,0,0,392
plr_c45dc35c,2022_2023,UNKNOWN,762,0,0,201
plr_c1074816,2022_2023,UNKNOWN,1228,2,3,272
plr_e471e6f0,2022_2023,UNKNOWN,2552,1,4,626
plr_82b51359,2022_2023,UNKNOWN,3317,8,9,748
plr_06ce3d0d,2022_2023,UNKNOWN,0,0,0,0
plr_09011e91,2022_2023,UNKNOWN,2880,17,7,530
plr_c070603f,2022_2023,UNKNOWN,162,0,0,21
plr_2d949f89,2022_2023,UNKNOWN,1359,0,0,327
plr_1603a487,2022_2023,UNKNOWN,1149,1,0,146
plr_560fd6de,2022_2023,UNKNOWN,0,0,0,0
plr_a60fbec3,2022_2023,UNKNOWN,1683,6,3,375
plr_139769ff,2022_2023,UNKNOWN,1432,0,0,308
plr_712fd7c6,2022_2023,UNKNOWN,2152,1,2,502
plr_3c06a2c6,2022_2023,UNKNOWN,0,0,0,0
plr_ef873c68,2022_2023,UNKNOWN,417,0,1,53
plr_016b7794,2022_2023,UNKNOWN,970,6,3,230
plr_5f006dca,2022_2023,UNKNOWN,60,0,0,14
plr_f7c41a13,2022_2023,UNKNOWN,0,0,0,0
plr_5881ec17,2022_2023,UNKNOWN,1391,0,0,287
plr_bcaf28f5,2022_2023,UNKNOWN,2046,1,9,426
plr_9308a2ab,2022_2023,UNKNOWN,2113,1,0,481
plr_eaed8f2d,2022_2023,UNKNOWN,0,0,0,0
plr_09debe02,2022_2023,UNKNOWN,0,0,0,0
plr_89b5c579,2022_2023,UNKNOWN,557,3,2,81
plr_fde44a1d,2022_2023,UNKNOWN,2122,4,3,389
plr_c8f755d2,2022_2023,UNKNOWN,1803,4,2,262
plr_f15ffe09,2022_2023,UNKNOWN,0,0,0,0
plr_df2262af,2022_2023,UNKNOWN,10,0,0,2
plr_28421719,2022_2023,UNKNOWN,0,0,0,0
plr_0c3913f8,2022_2023,UNKNOWN,0,0,0,0
plr_5bd6bce7,2022_2023,UNKNOWN,0,0,0,0
plr_814977c5,2022_2023,UNKNOWN,790,0,1,56
plr_96db9a13,2022_2023,UNKNOWN,622,0,1,98
plr_c4308a1c,2022_2023,UNKNOWN,0,0,0,0
plr_d51feeea,2022_2023,UNKNOWN,1574,4,0,186
plr_1108a080,2022_2023,UNKNOWN,35,0,0,24
plr_a500ce5f,2022_2023,UNKNOWN,0,0,0,0
plr_d94e7646,2022_2023,UNKNOWN,0,0,0,0
plr_36f524c4,2022_2023,UNKNOWN,0,0,0,0
plr_7ecda783,2022_2023,UNKNOWN,156,0,0,49
plr_9eab4259,2022_2023,UNKNOWN,1870,18,6,526
plr_5bef49ad,2022_2023,UNKNOWN,3342,1,9,941
plr_c41b60f7,2022_2023,UNKNOWN,3109,1,0,584
plr_172b9567,2022_2023,UNKNOWN,308,0,0,39
plr_49c89a41,2022_2023,UNKNOWN,214,0,0,22
plr_388599db,2022_2023,UNKNOWN,0,0,0,0
plr_27b7c1a7,2022_2023,UNKNOWN,0,0,0,0
plr_1a3b45c6,2022_2023,UNKNOWN,34,0,0,19
plr_cedc74e6,2022_2023,UNKNOWN,1,0,0,3
plr_d7a075fd,2022_2023,UNKNOWN,1230,4,2,240
plr_0186915a,2022_2023,UNKNOWN,3207,1,3,617
plr_f624416e,2022_2023,UNKNOWN,600,0,0,157
plr_b153d335,2022_2023,UNKNOWN,1109,1,6,240
plr_3d137bca,2022_2023,UNKNOWN,2487,11,4,511
plr_2603fc25,2022_2023,UNKNOWN,2514,1,5,347
plr_84d3bbbd,2022_2023,UNKNOWN,2660,6,5,458
plr_6b8410fd,2022_2023,UNKNOWN,9,0,0,6
plr_a4d94f49,2022_2023,UNKNOWN,2556,3,7,415
plr_eb303e42,2022_2023,UNKNOWN,2727,4,5,438
plr_3824beac,2022_2023,UNKNOWN,0,0,0,0
plr_14b72ddd,2022_2023,UNKNOWN,3261,0,0,678
plr_cf6fc630,2022_2023,UNKNOWN,3127,0,2,666
plr_cdbe99ed,2022_2023,UNKNOWN,395,0,1,93
plr_63e68b5f,2022_2023,UNKNOWN,0,0,0,0
plr_8ab0b246,2022_2023,UNKNOWN,1520,10,2,353
plr_06eefba9,2022_2023,UNKNOWN,0,0,0,0
plr_4b44e80c,2022_2023,UNKNOWN,0,0,0,0
plr_5911ea05,2022_2023,UNKNOWN,14,0,0,2
plr_d4be5e10,2022_2023,UNKNOWN,0,0,0,0
plr_904ac60e,2022_2023,UNKNOWN,1872,1,1,284
plr_5f5ac94a,2022_2023,UNKNOWN,573,0,0,67
plr_02b5fc3b,2022_2023,UNKNOWN,807,3,0,163
plr_a3391c2d,2022_2023,UNKNOWN,0,0,0,0
plr_39f8213c,2022_2023,UNKNOWN,956,0,0,149
plr_9f065bc7,2022_2023,UNKNOWN,0,0,0,0
plr_61e070fe,2022_2023,UNKNOWN,492,0,0,73
plr_fff873a6,2022_2023,UNKNOWN,0,0,0,0
plr_581f53f8,2022_2023,UNKNOWN,6,0,0,3
plr_0a1bf194,2022_2023,UNKNOWN,0,0,0,0
plr_924797bf,2022_2023,UNKNOWN,1570,0,0,275
plr_9e1a541b,2022_2023,UNKNOWN,0,0,0,0
plr_75c5a6b3,2022_2023,UNKNOWN,1833,0,3,177
plr_0f9a022f,2022_2023,UNKNOWN,2215,1,0,366
plr_6292445c,2022_2023,UNKNOWN,0,0,0,0
plr_22f092e7,2022_2023,UNKNOWN,0,0,0,0
plr_e3f88a5c,2022_2023,UNKNOWN,306,1,0,61
plr_d2c93051,2022_2023,UNKNOWN,0,0,0,0
plr_3bc555eb,2022_2023,UNKNOWN,0,0,0,0
plr_08cf3a86,2022_2023,UNKNOWN,2930,8,5,384
plr_051a2cc8,2022_2023,UNKNOWN,7,0,0,1
plr_b708c663,2022_2023,UNKNOWN,0,0,0,0
plr_eb9bc35d,2022_2023,UNKNOWN,1395,10,1,320
plr_b25d2407,2022_2023,UNKNOWN,1620,0,0,367
plr_0e0e4d31,2022_2023,UNKNOWN,15,0,0,9
plr_6c5da2de,2022_2023,UNKNOWN,684,0,1,147
plr_63f0d523,2022_2023,UNKNOWN,3151,5,12,479
plr_e9160f49,2022_2023,UNKNOWN,1163,0,0,141
plr_7a9fb113,2022_2023,UNKNOWN,0,0,0,0
plr_fa83f982,2022_2023,UNKNOWN,271,0,0,46
plr_b8b23820,2022_2023,UNKNOWN,933,0,0,134
plr_d31b328a,2022_2023,UNKNOWN,578,1,0,88
plr_95f01c5a,2022_2023,UNKNOWN,918,0,1,93
plr_42e1ac17,2022_2023,UNKNOWN,1543,1,1,190
plr_ac617e0f,2022_2023,UNKNOWN,0,0,0,0
plr_9bf89eba,2022_2023,UNKNOWN,2157,0,0,267
plr_6fb4c6f6,2022_2023,UNKNOWN,871,1,0,144
plr_01708bfc,2022_2023,UNKNOWN,709,2,2,113
plr_42234007,2022_2023,UNKNOWN,2211,0,2,363
plr_fe4d44b9,2022_2023,UNKNOWN,0,0,0,0
plr_4d1473a3,2022_2023,UNKNOWN,1943,1,0,336
plr_94944558,2022_2023,UNKNOWN,0,0,0,0
plr_e2c60ee5,2022_2023,UNKNOWN,0,0,0,0
plr_dab8e3f2,2022_2023,UNKNOWN,177,0,0,16
plr_804994db,2022_2023,UNKNOWN,976,3,2,178
plr_3d428826,2022_2023,UNKNOWN,1530,0,0,273
plr_83f2de2d,2022_2023,UNKNOWN,1417,0,1,233
plr_e11a4f00,2022_2023,UNKNOWN,306,0,0,27
plr_d31bcfa9,2022_2023,UNKNOWN,0,0,0,0
plr_aceff42f,2022_2023,UNKNOWN,1400,0,1,202
plr_89722a4a,2022_2023,UNKNOWN,2219,1,1,317
plr_27cd1ae2,2022_2023,UNKNOWN,1123,2,2,140
plr_108b21a7,2022_2023,UNKNOWN,540,0,0,83
plr_663456b7,2022_2023,UNKNOWN,74,0,0,9
plr_22074864,2022_2023,UNKNOWN,1,0,0,3
plr_b7b8f23e,2022_2023,UNKNOWN,1391,2,2,221
plr_7a39102c,2022_2023,UNKNOWN,2162,1,1,218
plr_c25287e5,2022_2023,UNKNOWN,3371,9,4,747
plr_965fd28b,2022_2023,UNKNOWN,1321,2,1,161
plr_1349c31a,2022_2023,UNKNOWN,2650,1,0,335
plr_9ca03c20,2022_2023,UNKNOWN,1770,0,0,321
plr_d6437cb7,2022_2023,UNKNOWN,1987,5,5,262
plr_ce409803,2022_2023,UNKNOWN,0,0,0,0
plr_a8cd03fe,2022_2023,UNKNOWN,1173,1,1,209
plr_d2502cf3,2022_2023,UNKNOWN,45,0,0,1
plr_08892396,2022_2023,UNKNOWN,0,0,0,0
plr_a4ed7e47,2022_2023,UNKNOWN,813,0,0,95
plr_b5bbab03,2022_2023,UNKNOWN,1828,2,2,304
plr_699c6675,2022_2023,UNKNOWN,702,0,2,117
plr_5196037c,2022_2023,UNKNOWN,26,0,0,13
plr_b72dee6c,2022_2023,UNKNOWN,1971,0,1,305
plr_b81177dd,2022_2023,UNKNOWN,0,0,0,0
plr_4594390e,2022_2023,UNKNOWN,2880,0,0,485
plr_ca91e899,2022_2023,UNKNOWN,1881,0,2,345
plr_9799f403,2022_2023,UNKNOWN,0,0,0,0
plr_da3c01da,2022_2023,UNKNOWN,1219,2,0,161
plr_a752b37f,2022_2023,UNKNOWN,538,1,2,90
plr_a2ac43f7,2022_2023,UNKNOWN,150,0,0,28
plr_8a50a8b2,2022_2023,UNKNOWN,942,1,0,182
plr_fd52f9d8,2022_2023,UNKNOWN,554,0,0,82
plr_eaf008f9,2022_2023,UNKNOWN,0,0,0,0
plr_b50ef848,2022_2023,UNKNOWN,0,0,0,0
plr_173a8392,2022_2023,UNKNOWN,0,0,0,0
plr_15767602,2022_2023,UNKNOWN,6,0,0,4
plr_1c626aa9,2022_2023,UNKNOWN,1024,4,2,155
plr_d834ef53,2022_2023,UNKNOWN,366,0,0,51
plr_49361735,2022_2023,UNKNOWN,959,2,1,133
plr_c8338009,2022_2023,UNKNOWN,401,0,0,23
plr_a601b86b,2022_2023,UNKNOWN,6,0,0,1
plr_599a766f,2022_2023,UNKNOWN,24,0,0,4
plr_dfffde8d,2022_2023,UNKNOWN,3,0,0,6
plr_010e2e52,2022_2023,UNKNOWN,2205,0,0,456
plr_c0686055,2022_2023,UNKNOWN,1215,0,0,222
plr_9e8be954,2022_2023,UNKNOWN,3406,30,9,1008
plr_0cc357db,2022_2023,UNKNOWN,2886,10,6,471
plr_57bec809,2022_2023,UNKNOWN,663,1,0,147
plr_a9982cc0,2022_2023,UNKNOWN,2816,2,1,569
plr_fe0ff417,2022_2023,UNKNOWN,145,1,0,55
plr_aab0e934,2022_2023,UNKNOWN,2284,2,3,470
plr_b8a08e85,2022_2023,UNKNOWN,3131,4,5,629
plr_aaae9fd4,2022_2023,UNKNOWN,0,0,0,0
plr_de3ffd5d,2022_2023,UNKNOWN,848,0,0,166
plr_3d73b838,2022_2023,UNKNOWN,805,2,1,121
plr_b9a9445d,2022_2023,UNKNOWN,0,0,0,0
plr_1d708d1c,2022_2023,UNKNOWN,0,0,0,0
plr_d1257a6c,2022_2023,UNKNOWN,145,0,0,32
plr_909d5fcc,2022_2023,UNKNOWN,1501,5,2,342
plr_bac9d792,2022_2023,UNKNOWN,1489,1,0,199
plr_ff1b3672,2022_2023,UNKNOWN,0,0,0,0
plr_6b09fa74,2022_2023,UNKNOWN,2363,0,2,447
plr_d63a7df3,2022_2023,UNKNOWN,998,0,0,176
plr_ecfd1df8,2022_2023,UNKNOWN,1729,2,2,402
plr_f6a59b0f,2022_2023,UNKNOWN,2062,2,7,310
plr_5ca92ddf,2022_2023,UNKNOWN,0,0,0,0
plr_82e3db31,2022_2023,UNKNOWN,2099,1,8,430
plr_4646453f,2022_2023,UNKNOWN,4,0,0,4
plr_743e5ca9,2022_2023,UNKNOWN,211,0,1,60
plr_ba4de6b4,2022_2023,UNKNOWN,0,0,0,0
plr_48e1186e,2022_2023,UNKNOWN,0,0,0,0
plr_50d5df9c,2022_2023,UNKNOWN,0,0,0,0
plr_d889ad7a,2022_2023,UNKNOWN,995,1,5,165
plr_9bb801e1,2022_2023,UNKNOWN,2018,0,2,387
plr_bb67fda3,2022_2023,UNKNOWN,5,0,0,10
plr_0d0837a4,2022_2023,UNKNOWN,146,0,1,22
plr_aaa63c5d,2022_2023,UNKNOWN,162,1,0,43
plr_6c57076f,2022_2023,UNKNOWN,1132,3,3,253
plr_6bf82664,2022_2023,UNKNOWN,0,0,0,0
plr_e6ef8b5f,2022_2023,UNKNOWN,1,0,0,3
plr_3ab5cb57,2022_2023,UNKNOWN,13,0,0,3
plr_7b9992b5,2022_2023,UNKNOWN,0,0,0,0
plr_c64d816d,2022_2023,UNKNOWN,1579,8,2,317
plr_c40d11e0,2022_2023,UNKNOWN,3111,0,0,622
plr_f2f6cf38,2022_2023,UNKNOWN,1234,0,0,217
plr_991490e8,2022_2023,UNKNOWN,2235,0,1,439
plr_830564dc,2022_2023,UNKNOWN,1822,5,3,222
plr_98b74710,2022_2023,UNKNOWN,243,1,0,63
plr_b6ebff29,2022_2023,UNKNOWN,1988,2,1,385
plr_f0f607c2,2022_2023,UNKNOWN,0,0,0,0
plr_fabda988,2022_2023,UNKNOWN,2135,0,2,327
plr_682b677c,2022_2023,UNKNOWN,2059,6,3,360
plr_d15e0795,2022_2023,UNKNOWN,3232,6,9,431
plr_47c97b89,2022_2023,UNKNOWN,0,0,0,0
plr_4b7b1fe6,2022_2023,UNKNOWN,3272,4,3,622
plr_e6578585,2022_2023,UNKNOWN,2811,2,4,364
plr_6be8b247,2022_2023,UNKNOWN,1493,3,1,282
plr_49051110,2022_2023,UNKNOWN,860,0,0,164
plr_ae161326,2022_2023,UNKNOWN,1594,2,0,320
plr_063238c1,2022_2023,UNKNOWN,307,0,0,42
plr_f858e3e3,2022_2023,UNKNOWN,752,0,0,104
plr_0e3f5e2a,2022_2023,UNKNOWN,921,3,0,110
plr_b194162b,2022_2023,UNKNOWN,1317,1,0,209
plr_6568e08d,2022_2023,UNKNOWN,1,0,0,3
plr_a8d53214,2022_2023,UNKNOWN,0,0,0,0
plr_0f25406c,2022_2023,UNKNOWN,232,0,0,22
plr_a814440d,2022_2023,UNKNOWN,2229,0,3,362
plr_47afb2fb,2022_2023,UNKNOWN,2154,4,5,395
plr_7f268ef8,2022_2023,UNKNOWN,36,0,0,7
plr_ed62b3fa,2022_2023,UNKNOWN,0,0,0,0
plr_43d3521d,2022_2023,UNKNOWN,0,0,0,0
plr_f299dbfa,2022_2023,UNKNOWN,0,0,0,0
plr_d9e03d2c,2022_2023,UNKNOWN,2134,1,1,390
plr_e593126a,2022_2023,UNKNOWN,839,0,2,65
plr_2e4e887c,2022_2023,UNKNOWN,1257,1,0,219
plr_f3f79527,2022_2023,UNKNOWN,3240,0,0,683
plr_245218d2,2022_2023,UNKNOWN,3020,6,2,558
plr_705c097d,2022_2023,UNKNOWN,1117,3,2,156
plr_88cc7a5b,2022_2023,UNKNOWN,2633,0,1,424
plr_9c38ddb3,2022_2023,UNKNOWN,1760,6,1,249
plr_fe374d48,2022_2023,UNKNOWN,3307,0,1,622
plr_458c1e19,2022_2023,UNKNOWN,0,0,0,0
plr_a3c8f663,2022_2023,UNKNOWN,962,0,2,124
plr_dde970dc,2022_2023,UNKNOWN,1067,1,0,194
plr_4c534afc,2022_2023,UNKNOWN,0,0,0,0
plr_af7fe1b9,2022_2023,UNKNOWN,978,1,0,201
plr_cd8996be,2022_2023,UNKNOWN,0,0,0,0
plr_27455de3,2022_2023,UNKNOWN,1477,2,4,228
plr_04a5f825,2022_2023,UNKNOWN,0,0,0,0
plr_3bdf0687,2022_2023,UNKNOWN,0,0,0,0
plr_5f202281,2022_2023,UNKNOWN,1773,0,2,297
plr_a444532e,2022_2023,UNKNOWN,1811,0,0,326
plr_945e8d7f,2022_2023,UNKNOWN,0,0,0,0
plr_caacd7a6,2022_2023,UNKNOWN,1307,0,1,239
plr_88593879,2022_2023,UNKNOWN,172,0,0,17
plr_e535da10,2022_2023,UNKNOWN,1,0,0,3
plr_c31cf77d,2022_2023,UNKNOWN,68,0,0,9
plr_56d5d6d4,2022_2023,UNKNOWN,703,1,1,85
plr_267f4aba,2022_2023,UNKNOWN,2467,1,1,338
plr_bd0b8916,2022_2023,UNKNOWN,45,0,0,-1
plr_c1ccfbc8,2022_2023,UNKNOWN,1235,1,0,40
plr_c2a14d22,2022_2023,UNKNOWN,405,0,1,44
plr_2498581d,2022_2023,UNKNOWN,0,0,0,0
plr_cd6196cc,2022_2023,UNKNOWN,0,0,0,0
plr_5abb15e2,2022_2023,UNKNOWN,22,0,0,3
plr_931f3d6c,2022_2023,UNKNOWN,961,2,0,122
plr_3cbba7ff,2022_2023,UNKNOWN,1297,0,1,196
plr_88bcc978,2022_2023,UNKNOWN,764,1,0,57
plr_ea479416,2022_2023,UNKNOWN,180,0,0,45
plr_3ee21610,2022_2023,UNKNOWN,649,1,0,84
plr_c63f512d,2023_2024,UNKNOWN,0,0,0,0
plr_a91a9530,2023_2024,UNKNOWN,59,0,0,15
plr_46ca0bac,2023_2024,UNKNOWN,25,0,1,16
plr_a1b323df,2023_2024,UNKNOWN,290,1,3,67
plr_bb75c5f3,2023_2024,UNKNOWN,3042,3,1,676
plr_26ffd119,2023_2024,UNKNOWN,2627,13,10,515
plr_33199892,2023_2024,UNKNOWN,1470,4,7,271
plr_216c39a6,2023_2024,UNKNOWN,913,0,2,182
plr_7858bc87,2023_2024,UNKNOWN,942,1,3,260
plr_8ec55419,2023_2024,UNKNOWN,0,0,0,0
plr_c91da8db,2023_2024,UNKNOWN,2010,6,5,404
plr_a533d9a3,2023_2024,UNKNOWN,1065,5,4,206
plr_f2465d24,2023_2024,UNKNOWN,3098,8,11,703
plr_923e3790,2023_2024,UNKNOWN,785,0,0,142
plr_468415f3,2023_2024,UNKNOWN,0,0,0,0
plr_5e872034,2023_2024,UNKNOWN,540,0,0,90
plr_064df707,2023_2024,UNKNOWN,0,0,0,0
plr_1f64e900,2023_2024,UNKNOWN,2922,16,12,776
plr_cd11fbb7,2023_2024,UNKNOWN,3420,2,1,781
plr_70bb4628,2023_2024,UNKNOWN,343,0,2,73
plr_2d580e00,2023_2024,UNKNOWN,0,0,0,0
plr_03d218c5,2023_2024,UNKNOWN,1140,2,1,244
plr_e0afcf7c,2023_2024,UNKNOWN,1633,12,2,398
plr_49af0265,2023_2024,UNKNOWN,2987,4,5,776
plr_b2ed344b,2023_2024,UNKNOWN,0,0,0,0
plr_ca59b862,2023_2024,UNKNOWN,1717,1,2,468
plr_0d08e88b,2023_2024,UNKNOWN,2880,0,0,569
plr_4b7b1fe6,2023_2024,UNKNOWN,3225,7,9,744
plr_6cdd7045,2023_2024,UNKNOWN,256,0,0,58
plr_0f516e73,2023_2024,UNKNOWN,70,0,0,4
plr_dd2d8921,2023_2024,UNKNOWN,0,0,0,0
plr_69005a5f,2023_2024,UNKNOWN,0,0,0,0
plr_bd09b626,2023_2024,UNKNOWN,0,0,0,0
plr_3b0e0139,2023_2024,UNKNOWN,0,0,0,0
plr_2e5e7a58,2023_2024,UNKNOWN,0,0,0,0
plr_07c4f5f9,2023_2024,UNKNOWN,13,0,0,3
plr_9792e184,2023_2024,UNKNOWN,0,0,0,0
plr_8e28c5f0,2023_2024,UNKNOWN,0,0,0,0
plr_a463083b,2023_2024,UNKNOWN,1024,2,0,211
plr_a6a66420,2023_2024,UNKNOWN,2063,10,11,482
plr_a27385d9,2023_2024,UNKNOWN,0,0,0,0
plr_842c3ed6,2023_2024,UNKNOWN,2138,2,2,337
plr_2969786c,2023_2024,UNKNOWN,149,0,1,37
plr_ec6ed54e,2023_2024,UNKNOWN,24,0,0,7
plr_9ed0aac3,2023_2024,UNKNOWN,0,0,0,0
plr_88756cb9,2023_2024,UNKNOWN,118,1,1,64
plr_e55ba920,2023_2024,UNKNOWN,1809,0,0,338
plr_8c5c1080,2023_2024,UNKNOWN,2405,1,4,420
plr_84f12dd2,2023_2024,UNKNOWN,2994,9,5,666
plr_797727f9,2023_2024,UNKNOWN,461,5,1,162
plr_5db832d3,2023_2024,UNKNOWN,0,0,0,0
plr_2d88648e,2023_2024,UNKNOWN,157,0,0,29
plr_9cb55643,2023_2024,UNKNOWN,1653,0,1,247
plr_fdd5c927,2023_2024,UNKNOWN,3069,1,1,562
plr_828a49f8,2023_2024,UNKNOWN,3015,0,0,640
plr_c0ddfee7,2023_2024,UNKNOWN,3000,6,5,502
plr_b1a2702e,2023_2024,UNKNOWN,30,0,0,5
plr_35e8cc10,2023_2024,UNKNOWN,405,0,0,107
plr_0eb3f81a,2023_2024,UNKNOWN,3,0,0,3
plr_3fbe5e4f,2023_2024,UNKNOWN,848,1,1,101
plr_a832df72,2023_2024,UNKNOWN,0,0,0,0
plr_d0820794,2023_2024,UNKNOWN,0,0,0,0
plr_4f8f9036,2023_2024,UNKNOWN,1613,2,6,318
plr_60782479,2023_2024,UNKNOWN,10,0,0,6
plr_f15653cc,2023_2024,UNKNOWN,3222,19,18,752
plr_a9cfec2a,2023_2024,UNKNOWN,0,0,0,0
plr_54dd31eb,2023_2024,UNKNOWN,2462,2,0,461
plr_a3eb9585,2023_2024,UNKNOWN,2168,6,11,429
plr_3cbc2fac,2023_2024,UNKNOWN,35,0,0,6
plr_25c1dffc,2023_2024,UNKNOWN,0,0,0,0
plr_91d5d4c5,2023_2024,UNKNOWN,824,2,0,36
plr_cf68a449,2023_2024,UNKNOWN,0,0,0,0
plr_9bb801e1,2023_2024,UNKNOWN,1153,0,1,207
plr_37cef216,2023_2024,UNKNOWN,0,0,0,0
plr_41148411,2023_2024,UNKNOWN,0,0,0,0
plr_3bd9f4ae,2023_2024,UNKNOWN,0,0,0,0
plr_04e9e122,2023_2024,UNKNOWN,5,0,0,9
plr_37e7e6b0,2023_2024,UNKNOWN,636,3,1,114
plr_c1a55ea2,2023_2024,UNKNOWN,0,0,0,0
plr_03bcd171,2023_2024,UNKNOWN,3,0,0,3
plr_2fa05a4e,2023_2024,UNKNOWN,0,0,0,0
plr_fa767cd8,2023_2024,UNKNOWN,0,0,0,0
plr_90dac523,2023_2024,UNKNOWN,151,0,0,4
plr_528385cc,2023_2024,UNKNOWN,1385,2,3,228
plr_fbb60d84,2023_2024,UNKNOWN,271,1,1,71
plr_e39c04e6,2023_2024,UNKNOWN,2908,0,5,433
plr_85993d76,2023_2024,UNKNOWN,2787,0,3,446
plr_bc810bac,2023_2024,UNKNOWN,0,0,0,0
plr_d919b380,2023_2024,UNKNOWN,0,0,0,0
plr_0783c96c,2023_2024,UNKNOWN,74,0,0,22
plr_20e42a97,2023_2024,UNKNOWN,1553,0,1,293
plr_c2ff174a,2023_2024,UNKNOWN,0,0,0,0
plr_99db3db7,2023_2024,UNKNOWN,1910,7,1,229
plr_3fb94e09,2023_2024,UNKNOWN,0,0,0,0
plr_586528df,2023_2024,UNKNOWN,0,0,0,0
plr_5250bdbb,2023_2024,UNKNOWN,613,0,1,113
plr_ee32ee79,2023_2024,UNKNOWN,100,1,0,38
plr_a73d0509,2023_2024,UNKNOWN,2880,0,0,592
plr_dfa43dc8,2023_2024,UNKNOWN,1214,1,2,207
plr_d917b926,2023_2024,UNKNOWN,0,0,0,0
plr_2a905f8e,2023_2024,UNKNOWN,0,0,0,0
plr_718d2b28,2023_2024,UNKNOWN,380,0,0,54
plr_bf3e5dd0,2023_2024,UNKNOWN,2099,8,4,363
plr_8efd4417,2023_2024,UNKNOWN,2239,4,5,486
plr_57587b85,2023_2024,UNKNOWN,2148,0,3,378
plr_1abe75f2,2023_2024,UNKNOWN,3325,19,3,560
plr_9cbd14d0,2023_2024,UNKNOWN,2118,3,4,324
plr_9be3d18a,2023_2024,UNKNOWN,44,0,0,10
plr_c29c8afb,2023_2024,UNKNOWN,360,0,0,79
plr_3224ae36,2023_2024,UNKNOWN,3330,1,0,583
plr_ba448454,2023_2024,UNKNOWN,1966,0,2,290
plr_59d7b4a5,2023_2024,UNKNOWN,180,0,0,31
plr_e336b57f,2023_2024,UNKNOWN,0,0,0,0
plr_128c05ae,2023_2024,UNKNOWN,1233,0,1,199
plr_ddf1826b,2023_2024,UNKNOWN,1003,1,1,163
plr_f26b0bd8,2023_2024,UNKNOWN,118,0,0,28
plr_88a5e71d,2023_2024,UNKNOWN,685,2,2,149
plr_7e8f4b6a,2023_2024,UNKNOWN,37,0,0,9
plr_ab20fb27,2023_2024,UNKNOWN,0,0,0,0
plr_3b549fff,2023_2024,UNKNOWN,317,2,4,99
plr_5b6d5544,2023_2024,UNKNOWN,1,0,0,3
plr_c139dcc0,2023_2024,UNKNOWN,0,0,0,0
plr_7f756242,2023_2024,UNKNOWN,0,0,0,0
plr_6e94b679,2023_2024,UNKNOWN,1826,2,1,323
plr_b59cb587,2023_2024,UNKNOWN,0,0,0,0
plr_592cceb2,2023_2024,UNKNOWN,222,1,1,83
plr_456cf30b,2023_2024,UNKNOWN,0,0,0,0
plr_e1193ad2,2023_2024,UNKNOWN,0,0,0,0
plr_c9d918b4,2023_2024,UNKNOWN,0,0,0,0
plr_a444532e,2023_2024,UNKNOWN,2649,1,1,489
plr_7b92f494,2023_2024,UNKNOWN,0,0,0,0
plr_f36221e9,2023_2024,UNKNOWN,829,0,4,155
plr_cff93528,2023_2024,UNKNOWN,22,0,0,6
plr_841bd2ba,2023_2024,UNKNOWN,0,0,0,0
plr_3141a054,2023_2024,UNKNOWN,3285,0,1,685
plr_b4cdb56e,2023_2024,UNKNOWN,0,0,0,0
plr_736e0753,2023_2024,UNKNOWN,401,0,1,74
plr_a8ca240b,2023_2024,UNKNOWN,713,0,0,87
plr_5dbf43aa,2023_2024,UNKNOWN,3054,1,4,466
plr_7dce56e8,2023_2024,UNKNOWN,2201,3,4,422
plr_6e112612,2023_2024,UNKNOWN,1428,3,2,186
plr_6b8cb429,2023_2024,UNKNOWN,1957,9,7,364
plr_f2ceed13,2023_2024,UNKNOWN,1272,2,1,210
plr_ff25832d,2023_2024,UNKNOWN,2504,2,1,414
plr_3845f515,2023_2024,UNKNOWN,1147,1,2,150
plr_9c3d4403,2023_2024,UNKNOWN,2521,2,0,479
plr_e103eac8,2023_2024,UNKNOWN,1975,1,2,354
plr_a5415267,2023_2024,UNKNOWN,327,2,2,81
plr_cf00fecd,2023_2024,UNKNOWN,135,0,0,24
plr_10e63228,2023_2024,UNKNOWN,1449,4,3,159
plr_a02ba3a1,2023_2024,UNKNOWN,0,0,0,0
plr_645c1c75,2023_2024,UNKNOWN,2488,12,4,457
plr_772c3934,2023_2024,UNKNOWN,670,0,0,95
plr_620cc58c,2023_2024,UNKNOWN,1086,1,0,179
plr_4c52490b,2023_2024,UNKNOWN,1417,6,3,248
plr_1d708d1c,2023_2024,UNKNOWN,1524,0,6,350
plr_e21e80ec,2023_2024,UNKNOWN,51,0,0,14
plr_8652e4f8,2023_2024,UNKNOWN,0,0,0,0
plr_56559251,2023_2024,UNKNOWN,728,1,0,127
plr_05f2e76d,2023_2024,UNKNOWN,0,0,0,0
plr_cad4b341,2023_2024,UNKNOWN,0,0,0,0
plr_7f92ae29,2023_2024,UNKNOWN,11,0,0,6
plr_3705806a,2023_2024,UNKNOWN,0,0,0,0
plr_98abebb1,2023_2024,UNKNOWN,0,0,0,0
plr_b2576e26,2023_2024,UNKNOWN,0,0,0,0
plr_73a1fe77,2023_2024,UNKNOWN,0,0,0,0
plr_ab1de22b,2023_2024,UNKNOWN,0,0,0,0
plr_35962220,2023_2024,UNKNOWN,2220,6,1,330
plr_b8c56e25,2023_2024,UNKNOWN,0,0,0,0
plr_178a3f0f,2023_2024,UNKNOWN,0,0,0,0
plr_b631f34a,2023_2024,UNKNOWN,1356,3,1,160
plr_038927b8,2023_2024,UNKNOWN,0,0,0,0
plr_774421a9,2023_2024,UNKNOWN,449,0,1,68
plr_e4008a9b,2023_2024,UNKNOWN,2869,3,1,567
plr_f819313f,2023_2024,UNKNOWN,468,0,2,62
plr_23532c14,2023_2024,UNKNOWN,1242,2,3,291
plr_501add0a,2023_2024,UNKNOWN,1356,6,1,218
plr_3ecf6780,2023_2024,UNKNOWN,2116,0,3,354
plr_afbd50e5,2023_2024,UNKNOWN,3112,4,11,724
plr_fef538b6,2023_2024,UNKNOWN,2037,9,3,406
plr_ad05be67,2023_2024,UNKNOWN,0,0,0,0
plr_90917245,2023_2024,UNKNOWN,0,0,0,0
plr_b556c718,2023_2024,UNKNOWN,839,0,1,95
plr_f8c9c876,2023_2024,UNKNOWN,908,0,3,155
plr_ad18320b,2023_2024,UNKNOWN,555,3,1,134
plr_32a3cf44,2023_2024,UNKNOWN,0,0,0,0
plr_a472932c,2023_2024,UNKNOWN,770,0,2,146
plr_844ddc5f,2023_2024,UNKNOWN,1485,3,7,252
plr_1321d8c7,2023_2024,UNKNOWN,608,0,0,89
plr_83d26c7c,2023_2024,UNKNOWN,0,0,0,0
plr_2b6145fc,2023_2024,UNKNOWN,0,0,0,0
plr_e7d14ed1,2023_2024,UNKNOWN,1530,0,0,300
plr_b8d24625,2023_2024,UNKNOWN,0,0,0,0
plr_61a0f7eb,2023_2024,UNKNOWN,2368,0,0,454
plr_fa93fa32,2023_2024,UNKNOWN,1579,1,1,294
plr_e531d698,2023_2024,UNKNOWN,1890,0,0,417
plr_67d25a12,2023_2024,UNKNOWN,1142,0,0,212
plr_911c0583,2023_2024,UNKNOWN,1687,5,4,261
plr_e0451481,2023_2024,UNKNOWN,0,0,0,0
plr_433776cb,2023_2024,UNKNOWN,1631,0,0,311
plr_f5a7b491,2023_2024,UNKNOWN,866,3,0,155
plr_eb4affae,2023_2024,UNKNOWN,1314,0,0,174
plr_9797c285,2023_2024,UNKNOWN,509,2,1,84
plr_97c2fc80,2023_2024,UNKNOWN,61,0,0,5
plr_8fd967d5,2023_2024,UNKNOWN,37,0,0,10
plr_cfaa5948,2023_2024,UNKNOWN,0,0,0,0
plr_2f5a2d8c,2023_2024,UNKNOWN,0,0,0,0
plr_bc317643,2023_2024,UNKNOWN,0,0,0,0
plr_dcee49e1,2023_2024,UNKNOWN,0,0,0,0
plr_957941ae,2023_2024,UNKNOWN,0,0,0,0
plr_b07ff5f6,2023_2024,UNKNOWN,307,0,0,33
plr_790f10fc,2023_2024,UNKNOWN,0,0,0,0
plr_0dadb209,2023_2024,UNKNOWN,126,0,0,21
plr_8c03f0d6,2023_2024,UNKNOWN,0,0,0,0
plr_5ca9ed30,2023_2024,UNKNOWN,0,0,0,0
plr_59df7a53,2023_2024,UNKNOWN,1055,1,0,127
plr_c19f084e,2023_2024,UNKNOWN,0,0,0,0
plr_34d84190,2023_2024,UNKNOWN,110,0,0,22
plr_79fba9f2,2023_2024,UNKNOWN,1234,0,1,236
plr_b61b3c33,2023_2024,UNKNOWN,2248,4,2,365
plr_ca297528,2023_2024,UNKNOWN,0,0,0,0
plr_595bbbed,2023_2024,UNKNOWN,25,0,0,8
plr_5e780cfe,2023_2024,UNKNOWN,0,0,0,0
plr_1748102c,2023_2024,UNKNOWN,2055,2,4,375
plr_345299fa,2023_2024,UNKNOWN,0,0,0,0
plr_2543826a,2023_2024,UNKNOWN,436,0,0,77
plr_da274a34,2023_2024,UNKNOWN,1898,5,3,229
plr_f1e80354,2023_2024,UNKNOWN,0,0,0,0
plr_0574d6a4,2023_2024,UNKNOWN,1185,1,3,193
plr_8701023f,2023_2024,UNKNOWN,0,0,0,0
plr_19b2e497,2023_2024,UNKNOWN,900,0,0,241
plr_113ea339,2023_2024,UNKNOWN,2892,3,4,478
plr_af65216f,2023_2024,UNKNOWN,19,0,0,4
plr_90a8e100,2023_2024,UNKNOWN,0,0,0,0
plr_4000b0b1,2023_2024,UNKNOWN,817,0,1,111
plr_9a96f291,2023_2024,UNKNOWN,811,2,1,108
plr_bfc434ba,2023_2024,UNKNOWN,2329,1,1,347
plr_b82fff3f,2023_2024,UNKNOWN,0,0,0,0
plr_34764d5c,2023_2024,UNKNOWN,0,0,0,0
plr_dffe8c53,2023_2024,UNKNOWN,0,0,0,0
plr_1ff8f34c,2023_2024,UNKNOWN,2311,0,3,259
plr_814977c5,2023_2024,UNKNOWN,0,0,0,0
plr_a735a5d1,2023_2024,UNKNOWN,149,0,0,10
plr_d8a6d386,2023_2024,UNKNOWN,876,4,1,133
plr_67dc8f99,2023_2024,UNKNOWN,3002,1,2,430
plr_f131bb57,2023_2024,UNKNOWN,1953,5,1,243
plr_44a81b85,2023_2024,UNKNOWN,2520,0,0,533
plr_22074864,2023_2024,UNKNOWN,132,0,0,38
plr_1da0af35,2023_2024,UNKNOWN,972,1,2,80
plr_e73c9485,2023_2024,UNKNOWN,1235,6,0,237
plr_45b5a276,2023_2024,UNKNOWN,0,0,0,0
plr_5d684fab,2023_2024,UNKNOWN,2095,3,4,303
plr_4c1ff445,2023_2024,UNKNOWN,584,0,0,88
plr_331a3fc6,2023_2024,UNKNOWN,522,0,0,62
plr_048768f4,2023_2024,UNKNOWN,14,0,0,11
plr_13b5c9bd,2023_2024,UNKNOWN,410,0,0,73
plr_54d0a7e2,2023_2024,UNKNOWN,1235,1,2,140
plr_75365851,2023_2024,UNKNOWN,1310,0,0,157
plr_5db8657a,2023_2024,UNKNOWN,2865,1,3,466
plr_8975f3d2,2023_2024,UNKNOWN,1433,0,0,317
plr_e20bb88b,2023_2024,UNKNOWN,0,0,0,0
plr_346b5a6e,2023_2024,UNKNOWN,7,0,0,1
plr_0bf26dae,2023_2024,UNKNOWN,0,0,0,0
plr_39da64c6,2023_2024,UNKNOWN,0,0,0,0
plr_c3e54f62,2023_2024,UNKNOWN,0,0,0,0
plr_ad140362,2023_2024,UNKNOWN,0,0,0,0
plr_a713119c,2023_2024,UNKNOWN,1337,0,1,267
plr_9609b195,2023_2024,UNKNOWN,0,0,0,-3
plr_7814d14f,2023_2024,UNKNOWN,949,1,0,221
plr_c4981f52,2023_2024,UNKNOWN,752,0,2,123
plr_f2648a55,2023_2024,UNKNOWN,222,1,1,53
plr_7bc20800,2023_2024,UNKNOWN,1794,1,1,355
plr_b48f4763,2023_2024,UNKNOWN,1783,0,3,318
plr_1f938404,2023_2024,UNKNOWN,2208,3,3,369
plr_75ff11dc,2023_2024,UNKNOWN,0,0,0,0
plr_81f5ff05,2023_2024,UNKNOWN,3129,5,8,618
plr_45c6fe45,2023_2024,UNKNOWN,1746,0,6,409
plr_401f6d7f,2023_2024,UNKNOWN,416,0,2,106
plr_5b87b336,2023_2024,UNKNOWN,0,0,0,0
plr_3ce4be91,2023_2024,UNKNOWN,1044,5,3,253
plr_f715b84b,2023_2024,UNKNOWN,1564,5,5,291
plr_9b9c9277,2023_2024,UNKNOWN,2801,14,6,479
plr_beb30cf4,2023_2024,UNKNOWN,437,3,0,96
plr_dcb06da4,2023_2024,UNKNOWN,0,0,0,0
plr_ebad4f64,2023_2024,UNKNOWN,0,0,0,0
plr_090886b0,2023_2024,UNKNOWN,0,0,0,0
plr_35b30eb7,2023_2024,UNKNOWN,1972,8,8,323
plr_ebfa8274,2023_2024,UNKNOWN,2525,3,1,604
plr_011d3b02,2023_2024,UNKNOWN,0,0,0,0
plr_39403ffa,2023_2024,UNKNOWN,2617,22,13,844
plr_04265c21,2023_2024,UNKNOWN,0,0,0,0
plr_ef9c1fbd,2023_2024,UNKNOWN,200,0,0,24
plr_0aa2751b,2023_2024,UNKNOWN,2579,2,0,468
plr_3a536250,2023_2024,UNKNOWN,296,0,0,62
plr_66f82ae3,2023_2024,UNKNOWN,8,0,0,6
plr_bc991cb2,2023_2024,UNKNOWN,0,0,0,0
plr_89722a4a,2023_2024,UNKNOWN,32,0,0,2
plr_17df4691,2023_2024,UNKNOWN,0,0,0,0
plr_ee71a980,2023_2024,UNKNOWN,11,0,0,5
plr_f0a9be97,2023_2024,UNKNOWN,0,0,0,0
plr_17c150d5,2023_2024,UNKNOWN,0,0,0,0
plr_891abad5,2023_2024,UNKNOWN,1986,0,0,414
plr_11b628f3,2023_2024,UNKNOWN,200,1,0,67
plr_f004c59a,2023_2024,UNKNOWN,0,0,0,0
plr_14349030,2023_2024,UNKNOWN,1,0,0,2
plr_d8301044,2023_2024,UNKNOWN,0,0,0,0
plr_fc316fc3,2023_2024,UNKNOWN,0,0,0,0
plr_d940c44e,2023_2024,UNKNOWN,71,0,0,38
plr_96dd0d58,2023_2024,UNKNOWN,0,0,0,0
plr_912a2728,2023_2024,UNKNOWN,0,0,0,0
plr_6bb58d31,2023_2024,UNKNOWN,1,0,0,3
plr_478d418b,2023_2024,UNKNOWN,5,0,0,4
plr_3d4c41e5,2023_2024,UNKNOWN,0,0,0,0
plr_1585a066,2023_2024,UNKNOWN,0,0,0,0
plr_0e4d9b02,2023_2024,UNKNOWN,0,0,0,0
plr_cd8a52b5,2023_2024,UNKNOWN,0,0,0,0
plr_5fb2ccac,2023_2024,UNKNOWN,0,0,0,0
plr_77d6e71a,2023_2024,UNKNOWN,0,0,0,0
plr_8aa1da20,2023_2024,UNKNOWN,332,0,0,52
plr_fbb468e5,2023_2024,UNKNOWN,3416,2,3,679
plr_bd3b7276,2023_2024,UNKNOWN,2540,4,7,325
plr_7dcdaaad,2023_2024,UNKNOWN,1335,0,1,259
plr_1d6e2281,2023_2024,UNKNOWN,920,0,0,141
plr_7e8016e7,2023_2024,UNKNOWN,0,0,0,0
plr_1e733afd,2023_2024,UNKNOWN,1545,7,0,246
plr_e98a09a8,2023_2024,UNKNOWN,2054,11,5,490
plr_c4e063a2,2023_2024,UNKNOWN,0,0,0,0
plr_c53112f5,2023_2024,UNKNOWN,2020,0,1,397
plr_920fed55,2023_2024,UNKNOWN,1886,0,2,252
plr_db68a922,2023_2024,UNKNOWN,1796,0,0,310
plr_aebc44aa,2023_2024,UNKNOWN,2399,1,1,338
plr_4a053b1b,2023_2024,UNKNOWN,2274,16,7,563
plr_f4887cb4,2023_2024,UNKNOWN,3,0,0,3
plr_d050c644,2023_2024,UNKNOWN,3204,2,3,590
plr_0c5f9973,2023_2024,UNKNOWN,0,0,0,0
plr_da9863e1,2023_2024,UNKNOWN,1272,10,6,438
plr_ffd57906,2023_2024,UNKNOWN,0,0,0,0
plr_36ac4f5e,2023_2024,UNKNOWN,2091,1,1,370
plr_eebf50b6,2023_2024,UNKNOWN,228,0,0,35
plr_c67604e0,2023_2024,UNKNOWN,1340,2,2,201
plr_35d96fef,2023_2024,UNKNOWN,8,0,0,12
plr_d4cc85c4,2023_2024,UNKNOWN,1978,0,1,304
plr_57e03ec0,2023_2024,UNKNOWN,0,0,0,0
plr_b25d2407,2023_2024,UNKNOWN,1620,0,0,293
plr_131aac25,2023_2024,UNKNOWN,224,0,2,47
plr_9ec817fb,2023_2024,UNKNOWN,132,0,0,21
plr_3a14fecb,2023_2024,UNKNOWN,0,0,0,0
plr_e8fa6e9a,2023_2024,UNKNOWN,0,0,0,0
plr_a07b71fc,2023_2024,UNKNOWN,148,0,0,27
plr_19e057de,2023_2024,UNKNOWN,0,0,0,0
plr_2d67dca1,2023_2024,UNKNOWN,0,0,0,0
plr_b960d849,2023_2024,UNKNOWN,1440,0,4,270
plr_d713726c,2023_2024,UNKNOWN,1296,0,3,222
plr_16e3af0b,2023_2024,UNKNOWN,0,0,0,0
plr_f06e48b5,2023_2024,UNKNOWN,0,0,0,0
plr_f94c6521,2023_2024,UNKNOWN,0,0,0,0
plr_868902ff,2023_2024,UNKNOWN,505,1,0,64
plr_3a4c3f3a,2023_2024,UNKNOWN,3116,3,1,621
plr_50f83976,2023_2024,UNKNOWN,2166,7,3,259
plr_03d5d20f,2023_2024,UNKNOWN,661,0,0,141
plr_1fd34346,2023_2024,UNKNOWN,0,0,0,0
plr_919fc8a9,2023_2024,UNKNOWN,2632,7,3,335
plr_eac70acc,2023_2024,UNKNOWN,3001,1,2,421
plr_c53f6349,2023_2024,UNKNOWN,0,0,0,0
plr_d541c3f9,2023_2024,UNKNOWN,1120,0,0,166
plr_34782e93,2023_2024,UNKNOWN,0,0,0,0
plr_1eaa4eff,2023_2024,UNKNOWN,1885,4,0,337
plr_b6ee548a,2023_2024,UNKNOWN,437,1,0,72
plr_19a9f8d4,2023_2024,UNKNOWN,2891,3,8,515
plr_3388d184,2023_2024,UNKNOWN,2469,2,1,452
plr_41b18088,2023_2024,UNKNOWN,2085,2,0,304
plr_14b6d4e6,2023_2024,UNKNOWN,1000,0,2,187
plr_c80a09ce,2023_2024,UNKNOWN,3420,0,0,734
plr_d6116fcd,2023_2024,UNKNOWN,0,0,0,0
plr_6ddf1aff,2023_2024,UNKNOWN,3420,1,1,649
plr_8d1df5c0,2023_2024,UNKNOWN,0,0,0,0
plr_104d8f9b,2023_2024,UNKNOWN,0,0,0,0
plr_9968036e,2023_2024,UNKNOWN,2277,0,1,375
plr_6a88e717,2023_2024,UNKNOWN,587,1,0,53
plr_dbd8d6fd,2023_2024,UNKNOWN,226,1,0,54
plr_08acd630,2023_2024,UNKNOWN,196,0,0,28
plr_509c14eb,2023_2024,UNKNOWN,1,0,0,3
plr_16631648,2023_2024,UNKNOWN,1,0,0,3
plr_11ca8847,2023_2024,UNKNOWN,2212,3,3,292
plr_cdc6a54e,2023_2024,UNKNOWN,943,3,0,105
plr_dea664c1,2023_2024,UNKNOWN,0,0,0,0
plr_4a1f95fa,2023_2024,UNKNOWN,0,0,0,0
plr_49338d5a,2023_2024,UNKNOWN,0,0,0,0
plr_bc456b0b,2023_2024,UNKNOWN,1,0,0,3
plr_bfd414ae,2023_2024,UNKNOWN,0,0,0,0
plr_fdc5a46d,2023_2024,UNKNOWN,529,1,2,72
plr_9d8596d1,2023_2024,UNKNOWN,2331,5,2,425
plr_b9bc17db,2023_2024,UNKNOWN,2611,3,9,459
plr_b053043a,2023_2024,UNKNOWN,1472,1,6,346
plr_a812986b,2023_2024,UNKNOWN,0,0,0,0
plr_cb6ffaf4,2023_2024,UNKNOWN,1410,6,3,290
plr_a6443ea6,2023_2024,UNKNOWN,1423,0,0,259
plr_b81c3d9d,2023_2024,UNKNOWN,0,0,0,0
plr_75de164b,2023_2024,UNKNOWN,0,0,0,0
plr_6f85373c,2023_2024,UNKNOWN,0,0,0,0
plr_fb2bb5ba,2023_2024,UNKNOWN,3420,0,0,782
plr_92a45302,2023_2024,UNKNOWN,1113,1,0,157
plr_94dc70f3,2023_2024,UNKNOWN,0,0,0,0
plr_3b886ee0,2023_2024,UNKNOWN,32,0,0,6
plr_cba255a8,2023_2024,UNKNOWN,1589,9,2,299
plr_e062fd23,2023_2024,UNKNOWN,2698,4,1,387
plr_d5f2c09c,2023_2024,UNKNOWN,1503,1,0,267
plr_f0a1f26f,2023_2024,UNKNOWN,1317,0,2,205
plr_d4f85289,2023_2024,UNKNOWN,3266,0,6,662
plr_0e1f5448,2023_2024,UNKNOWN,0,0,0,-3
plr_f94b9100,2023_2024,UNKNOWN,863,1,0,161
plr_1461cfe6,2023_2024,UNKNOWN,1616,2,0,327
plr_f6be2e46,2023_2024,UNKNOWN,306,2,0,77
plr_2168d3a4,2023_2024,UNKNOWN,1603,4,7,307
plr_e593126a,2023_2024,UNKNOWN,1390,7,0,237
plr_66a5ea5c,2023_2024,UNKNOWN,2048,4,3,390
plr_de2041af,2023_2024,UNKNOWN,2299,1,0,442
plr_5882b917,2023_2024,UNKNOWN,0,0,0,0
plr_0d0838ec,2023_2024,UNKNOWN,0,0,0,0
plr_c5f0a9f8,2023_2024,UNKNOWN,0,0,0,0
plr_39d20cf8,2023_2024,UNKNOWN,363,2,3,113
plr_b4442ab0,2023_2024,UNKNOWN,74,0,0,2
plr_945b4234,2023_2024,UNKNOWN,2630,1,3,510
plr_0dcfd3d8,2023_2024,UNKNOWN,0,0,0,0
plr_351650ef,2023_2024,UNKNOWN,65,0,0,18
plr_a784b70c,2023_2024,UNKNOWN,0,0,0,0
plr_244b3a0f,2023_2024,UNKNOWN,0,0,0,0
plr_c5cf491a,2023_2024,UNKNOWN,0,0,0,0
plr_b70c6061,2023_2024,UNKNOWN,0,0,0,0
plr_f3e9124c,2023_2024,UNKNOWN,2153,3,5,590
plr_94fbaeb1,2023_2024,UNKNOWN,2520,0,0,575
plr_d2362551,2023_2024,UNKNOWN,25,0,0,3
plr_1cb72843,2023_2024,UNKNOWN,2033,11,11,397
plr_39052713,2023_2024,UNKNOWN,1141,10,7,328
plr_a46fcd0c,2023_2024,UNKNOWN,1330,3,9,402
plr_3192e8cf,2023_2024,UNKNOWN,0,0,0,0
plr_03430439,2023_2024,UNKNOWN,1633,8,5,409
plr_80da3bc9,2023_2024,UNKNOWN,1772,0,2,390
plr_2dea94da,2023_2024,UNKNOWN,0,0,0,0
plr_a78552a3,2023_2024,UNKNOWN,1156,1,1,171
plr_27e4c774,2023_2024,UNKNOWN,900,0,0,198
plr_c2d380de,2023_2024,UNKNOWN,1570,0,0,315
plr_7ea69b46,2023_2024,UNKNOWN,2625,8,7,413
plr_f0ecbcfd,2023_2024,UNKNOWN,2600,5,5,512
plr_2d5b2678,2023_2024,UNKNOWN,779,0,0,145
plr_4b766852,2023_2024,UNKNOWN,0,0,0,0
plr_2715f9e4,2023_2024,UNKNOWN,1689,3,2,463
plr_d399e6e6,2023_2024,UNKNOWN,2531,18,12,621
plr_23598da1,2023_2024,UNKNOWN,2102,3,4,437
plr_4b2b1360,2023_2024,UNKNOWN,5,0,0,3
plr_0644df2e,2023_2024,UNKNOWN,675,0,3,201
plr_fa63041f,2023_2024,UNKNOWN,0,0,0,0
plr_d0bb1a9d,2023_2024,UNKNOWN,3177,2,2,662
plr_3ba42f3c,2023_2024,UNKNOWN,1188,2,0,263
plr_3fd5584b,2023_2024,UNKNOWN,86,0,0,7
plr_3c2e4585,2023_2024,UNKNOWN,13,0,0,3
plr_aab9aa93,2023_2024,UNKNOWN,3,0,0,8
plr_3265d6f8,2023_2024,UNKNOWN,1714,1,0,250
plr_04cb4d7a,2023_2024,UNKNOWN,1110,1,0,176
plr_6aa0551f,2023_2024,UNKNOWN,0,0,0,0
plr_b6e38b42,2023_2024,UNKNOWN,0,0,0,0
plr_8bc0b2b8,2023_2024,UNKNOWN,0,0,0,0
plr_33954121,2023_2024,UNKNOWN,0,0,0,0
plr_e4b19841,2023_2024,UNKNOWN,752,1,3,211
plr_ed0f6372,2023_2024,UNKNOWN,7,0,0,2
plr_3e3436c1,2023_2024,UNKNOWN,1,0,0,3
plr_4b7f03ff,2023_2024,UNKNOWN,0,0,0,0
plr_024990bc,2023_2024,UNKNOWN,0,0,0,0
plr_473e62f1,2023_2024,UNKNOWN,7,0,0,1
plr_ce197312,2023_2024,UNKNOWN,0,0,0,0
plr_02df8058,2023_2024,UNKNOWN,1304,1,3,231
plr_05aa6b0c,2023_2024,UNKNOWN,1131,0,0,131
plr_5b2d49fe,2023_2024,UNKNOWN,1405,10,1,288
plr_0fcfa383,2023_2024,UNKNOWN,397,1,0,75
plr_a7d0ee82,2023_2024,UNKNOWN,1720,0,0,263
plr_93026676,2023_2024,UNKNOWN,309,2,1,94
plr_b71ee2e8,2023_2024,UNKNOWN,1659,0,4,260
plr_eb099f93,2023_2024,UNKNOWN,0,0,0,0
plr_2751eec7,2023_2024,UNKNOWN,1297,1,1,156
plr_6923166f,2023_2024,UNKNOWN,2923,2,10,577
plr_d6e069af,2023_2024,UNKNOWN,0,0,0,0
plr_9f2cbe37,2023_2024,UNKNOWN,0,0,0,0
plr_9337da7c,2023_2024,UNKNOWN,0,0,0,0
plr_ca1233bf,2023_2024,UNKNOWN,0,0,0,0
plr_77c10159,2023_2024,UNKNOWN,2859,11,6,451
plr_b48d4fca,2023_2024,UNKNOWN,0,0,0,0
plr_810cfff7,2023_2024,UNKNOWN,1987,4,4,387
plr_a7cfa065,2023_2024,UNKNOWN,403,0,0,19
plr_f940e66d,2023_2024,UNKNOWN,1846,2,0,286
plr_38111403,2023_2024,UNKNOWN,0,0,0,0
plr_2f824001,2023_2024,UNKNOWN,0,0,0,0
plr_7fcd4ae2,2023_2024,UNKNOWN,0,0,0,0
plr_fdbad79e,2023_2024,UNKNOWN,0,0,0,0
plr_df3cd601,2023_2024,UNKNOWN,14,0,0,8
plr_bef2f1bc,2023_2024,UNKNOWN,0,0,0,0
plr_ad12d80c,2023_2024,UNKNOWN,0,0,0,0
plr_17bf10da,2023_2024,UNKNOWN,0,0,0,0
plr_4db9538a,2023_2024,UNKNOWN,0,0,0,0
plr_19f13b01,2023_2024,UNKNOWN,406,1,1,118
plr_df21ed6d,2023_2024,UNKNOWN,2467,1,0,345
plr_1f8d2077,2023_2024,UNKNOWN,498,0,0,81
plr_24b83676,2023_2024,UNKNOWN,1169,1,1,162
plr_f5d3d85a,2023_2024,UNKNOWN,1085,0,0,107
plr_dc11c3e1,2023_2024,UNKNOWN,1972,4,2,222
plr_4618484c,2023_2024,UNKNOWN,1727,0,3,236
plr_49f86cd2,2023_2024,UNKNOWN,3405,0,0,642
plr_2720425b,2023_2024,UNKNOWN,2616,5,5,498
plr_f7afba62,2023_2024,UNKNOWN,1013,2,1,115
plr_0b235c38,2023_2024,UNKNOWN,0,0,0,0
plr_69204d80,2023_2024,UNKNOWN,0,0,0,0
plr_cfcda215,2023_2024,UNKNOWN,75,0,0,5
plr_1f5ea9c1,2023_2024,UNKNOWN,1197,1,4,208
plr_7258184b,2023_2024,UNKNOWN,0,0,0,0
plr_5eae5590,2023_2024,UNKNOWN,4,0,0,6
plr_2ec535be,2023_2024,UNKNOWN,592,0,0,72
plr_202a0080,2023_2024,UNKNOWN,0,0,0,0
plr_d918470c,2023_2024,UNKNOWN,0,0,0,0
plr_2faf32da,2023_2024,UNKNOWN,0,0,0,0
plr_15d8ad6b,2023_2024,UNKNOWN,0,0,0,0
plr_da97857f,2023_2024,UNKNOWN,2512,2,0,560
plr_21d835c5,2023_2024,UNKNOWN,2039,2,3,483
plr_7d5bd23d,2023_2024,UNKNOWN,2644,11,11,662
plr_5f232e15,2023_2024,UNKNOWN,2576,6,9,604
plr_819754ee,2023_2024,UNKNOWN,294,1,2,112
plr_89b30c85,2023_2024,UNKNOWN,0,0,0,0
plr_79729896,2023_2024,UNKNOWN,0,0,0,0
plr_ef5daeed,2023_2024,UNKNOWN,0,0,0,0
plr_3afd0eee,2023_2024,UNKNOWN,1219,4,10,415
plr_532782b3,2023_2024,UNKNOWN,2557,0,0,513
plr_55684962,2023_2024,UNKNOWN,2785,0,0,569
plr_8c1c5347,2023_2024,UNKNOWN,2860,19,8,866
plr_aab2cf44,2023_2024,UNKNOWN,998,3,1,199
plr_a0199bde,2023_2024,UNKNOWN,2553,27,8,792
plr_d0d93eab,2023_2024,UNKNOWN,1539,1,0,316
plr_ff2dc23c,2023_2024,UNKNOWN,11,0,0,4
plr_40cd4f4b,2023_2024,UNKNOWN,804,2,0,215
plr_20bb915c,2023_2024,UNKNOWN,0,0,0,0
plr_f4085e4b,2023_2024,UNKNOWN,632,0,0,114
plr_c6fd3685,2023_2024,UNKNOWN,0,0,0,0
plr_cdb288e7,2023_2024,UNKNOWN,2931,8,10,737
plr_e00749fe,2023_2024,UNKNOWN,48,0,1,24
plr_68564777,2023_2024,UNKNOWN,0,0,0,0
plr_fc698e78,2023_2024,UNKNOWN,1061,1,0,239
plr_1168f49d,2023_2024,UNKNOWN,2766,0,5,633
plr_267f4aba,2023_2024,UNKNOWN,831,0,2,118
plr_7389369a,2023_2024,UNKNOWN,2327,4,2,549
plr_65d1cc40,2023_2024,UNKNOWN,1585,3,10,391
plr_73836604,2023_2024,UNKNOWN,0,0,0,0
plr_1fa5ce1b,2023_2024,UNKNOWN,0,0,0,0
plr_3b66cede,2023_2024,UNKNOWN,0,0,0,0
plr_746e13ca,2023_2024,UNKNOWN,509,1,0,93
plr_06ce3d0d,2023_2024,UNKNOWN,0,0,0,0
plr_eaed8f2d,2023_2024,UNKNOWN,385,1,1,68
plr_c8f755d2,2023_2024,UNKNOWN,1311,1,1,184
plr_82b51359,2023_2024,UNKNOWN,3118,10,9,729
plr_3c06a2c6,2023_2024,UNKNOWN,0,0,0,0
plr_560fd6de,2023_2024,UNKNOWN,0,0,0,0
plr_fde44a1d,2023_2024,UNKNOWN,1981,1,3,323
plr_712fd7c6,2023_2024,UNKNOWN,3174,2,3,662
plr_bcaf28f5,2023_2024,UNKNOWN,1134,1,2,248
plr_21d1df9a,2023_2024,UNKNOWN,0,0,0,0
plr_c1074816,2023_2024,UNKNOWN,0,0,0,0
plr_89b5c579,2023_2024,UNKNOWN,2564,7,7,372
plr_9b078cbf,2023_2024,UNKNOWN,131,1,0,34
plr_f7c41a13,2023_2024,UNKNOWN,0,0,0,0
plr_2d949f89,2023_2024,UNKNOWN,1328,1,1,291
plr_c45dc35c,2023_2024,UNKNOWN,1650,2,4,351
plr_df2262af,2023_2024,UNKNOWN,1927,3,1,327
plr_5881ec17,2023_2024,UNKNOWN,0,0,0,0
plr_016b7794,2023_2024,UNKNOWN,439,1,1,73
plr_9308a2ab,2023_2024,UNKNOWN,643,0,1,134
plr_1603a487,2023_2024,UNKNOWN,1891,7,1,307
plr_5f006dca,2023_2024,UNKNOWN,164,0,1,36
plr_59c0bf11,2023_2024,UNKNOWN,1370,1,0,273
plr_09011e91,2023_2024,UNKNOWN,2264,7,3,330
plr_a60fbec3,2023_2024,UNKNOWN,76,0,0,11
plr_e471e6f0,2023_2024,UNKNOWN,960,0,1,195
plr_0c3913f8,2023_2024,UNKNOWN,0,0,0,0
plr_c070603f,2023_2024,UNKNOWN,2,0,0,3
plr_139769ff,2023_2024,UNKNOWN,1778,0,2,323
plr_abaddb2c,2023_2024,UNKNOWN,3420,0,0,741
plr_4f9047c3,2023_2024,UNKNOWN,2156,10,2,362
plr_ebe5a85e,2023_2024,UNKNOWN,67,0,1,23
plr_9b36c7de,2023_2024,UNKNOWN,0,0,0,0
plr_d61950c6,2023_2024,UNKNOWN,1,0,0,5
plr_380a5e84,2023_2024,UNKNOWN,0,0,0,0
plr_4d3219d2,2023_2024,UNKNOWN,1389,0,1,293
plr_1156a98f,2023_2024,UNKNOWN,929,0,0,125
plr_9905bc85,2023_2024,UNKNOWN,0,0,0,0
plr_1eb600b3,2023_2024,UNKNOWN,325,0,0,48
plr_5bd6bce7,2023_2024,UNKNOWN,0,0,0,0
plr_2fbfe1aa,2023_2024,UNKNOWN,0,0,0,0
plr_f5b27a60,2023_2024,UNKNOWN,0,0,0,0
plr_b343c07a,2023_2024,UNKNOWN,0,0,0,0
plr_a2b3da4a,2023_2024,UNKNOWN,0,0,0,0
plr_7d57be91,2023_2024,UNKNOWN,13,0,0,6
plr_5ce5b3c5,2023_2024,UNKNOWN,0,0,0,0
plr_1bb46c3b,2023_2024,UNKNOWN,773,1,0,171
plr_3d137bca,2023_2024,UNKNOWN,1930,3,1,277
plr_cdbe99ed,2023_2024,UNKNOWN,1018,0,2,144
plr_63e68b5f,2023_2024,UNKNOWN,0,0,0,0
plr_cf6fc630,2023_2024,UNKNOWN,1375,2,2,298
plr_eb303e42,2023_2024,UNKNOWN,3264,7,9,691
plr_c41b60f7,2023_2024,UNKNOWN,2725,2,2,493
plr_36f524c4,2023_2024,UNKNOWN,0,0,0,0
plr_7ecda783,2023_2024,UNKNOWN,1984,0,0,426
plr_172b9567,2023_2024,UNKNOWN,0,0,0,0
plr_d4be5e10,2023_2024,UNKNOWN,0,0,0,0
plr_d51feeea,2023_2024,UNKNOWN,2896,11,16,594
plr_650def45,2023_2024,UNKNOWN,0,0,0,0
plr_3824beac,2023_2024,UNKNOWN,0,0,0,0
plr_8ab0b246,2023_2024,UNKNOWN,2253,21,4,645
plr_84d3bbbd,2023_2024,UNKNOWN,1276,2,1,209
plr_cedc74e6,2023_2024,UNKNOWN,909,0,0,187
plr_4b44e80c,2023_2024,UNKNOWN,0,0,0,0
plr_49c89a41,2023_2024,UNKNOWN,1077,1,0,212
plr_6b8410fd,2023_2024,UNKNOWN,0,0,0,0
plr_2603fc25,2023_2024,UNKNOWN,2742,6,3,418
plr_1a3b45c6,2023_2024,UNKNOWN,0,0,0,0
plr_d7a075fd,2023_2024,UNKNOWN,1184,3,8,312
plr_14b72ddd,2023_2024,UNKNOWN,1345,0,0,279
plr_1108a080,2023_2024,UNKNOWN,120,1,0,49
plr_b153d335,2023_2024,UNKNOWN,0,0,0,0
plr_0186915a,2023_2024,UNKNOWN,3055,4,3,629
plr_f624416e,2023_2024,UNKNOWN,77,0,0,15
plr_7585e319,2023_2024,UNKNOWN,437,1,0,86
plr_5bef49ad,2023_2024,UNKNOWN,2235,1,10,589
plr_cf66e3de,2023_2024,UNKNOWN,0,0,0,0
plr_a4d94f49,2023_2024,UNKNOWN,415,1,0,60
plr_9eab4259,2023_2024,UNKNOWN,981,9,1,246
plr_06eefba9,2023_2024,UNKNOWN,90,0,0,17
plr_27b7c1a7,2023_2024,UNKNOWN,18,0,0,10
plr_de12d9ad,2023_2024,UNKNOWN,788,5,3,205
plr_5196037c,2023_2024,UNKNOWN,1302,1,0,253
plr_73b7c267,2023_2024,UNKNOWN,11,0,0,6
plr_5911ea05,2023_2024,UNKNOWN,1203,1,3,232
plr_300f6d59,2023_2024,UNKNOWN,1,0,0,3
plr_e262db50,2023_2024,UNKNOWN,24,0,0,2
plr_7d9f28b1,2023_2024,UNKNOWN,1,0,0,3
plr_3027003a,2023_2024,UNKNOWN,12,0,0,9
plr_9a36ccca,2023_2024,UNKNOWN,0,0,0,0
plr_d1d2bda4,2023_2024,UNKNOWN,454,0,0,69
plr_d1219c67,2023_2024,UNKNOWN,1530,0,0,278
plr_a0c9592b,2023_2024,UNKNOWN,1846,8,2,371
plr_ef873c68,2023_2024,UNKNOWN,2424,5,9,386
plr_6dfaaedd,2023_2024,UNKNOWN,4,0,0,0
plr_a3391c2d,2023_2024,UNKNOWN,0,0,0,0
plr_4d1473a3,2023_2024,UNKNOWN,831,0,2,137
plr_eb9bc35d,2023_2024,UNKNOWN,1036,6,3,247
plr_0e0e4d31,2023_2024,UNKNOWN,0,0,0,0
plr_6c5da2de,2023_2024,UNKNOWN,1437,2,1,275
plr_90b9a28f,2023_2024,UNKNOWN,0,0,0,0
plr_39f8213c,2023_2024,UNKNOWN,0,0,0,0
plr_804994db,2023_2024,UNKNOWN,1787,2,2,302
plr_01708bfc,2023_2024,UNKNOWN,0,0,0,0
plr_9e1a541b,2023_2024,UNKNOWN,0,0,0,0
plr_83f2de2d,2023_2024,UNKNOWN,372,0,0,59
plr_9bf89eba,2023_2024,UNKNOWN,0,0,0,0
plr_63f0d523,2023_2024,UNKNOWN,3156,5,12,563
plr_fa83f982,2023_2024,UNKNOWN,0,0,0,0
plr_847db346,2023_2024,UNKNOWN,0,0,0,0
plr_6fb4c6f6,2023_2024,UNKNOWN,206,0,0,32
plr_d2c93051,2023_2024,UNKNOWN,0,0,0,0
plr_42e1ac17,2023_2024,UNKNOWN,1562,1,0,186
plr_3bc555eb,2023_2024,UNKNOWN,0,0,0,0
plr_924797bf,2023_2024,UNKNOWN,416,0,0,64
plr_051a2cc8,2023_2024,UNKNOWN,0,0,0,0
plr_e9160f49,2023_2024,UNKNOWN,1456,1,0,238
plr_d31b328a,2023_2024,UNKNOWN,0,0,0,0
plr_b708c663,2023_2024,UNKNOWN,0,0,0,0
plr_6292445c,2023_2024,UNKNOWN,0,0,0,0
plr_7a9fb113,2023_2024,UNKNOWN,0,0,0,0
plr_dab8e3f2,2023_2024,UNKNOWN,0,0,0,0
plr_5f5ac94a,2023_2024,UNKNOWN,0,0,0,0
plr_e3f88a5c,2023_2024,UNKNOWN,0,0,0,0
plr_b8b23820,2023_2024,UNKNOWN,1452,1,3,263
plr_9a5dec21,2023_2024,UNKNOWN,0,0,0,0
plr_904ac60e,2023_2024,UNKNOWN,1630,0,1,224
plr_02b5fc3b,2023_2024,UNKNOWN,1801,14,1,456
plr_0f9a022f,2023_2024,UNKNOWN,438,0,0,74
plr_75c5a6b3,2023_2024,UNKNOWN,1979,1,1,235
plr_0e2f01e2,2023_2024,UNKNOWN,1690,1,1,289
plr_d31bcfa9,2023_2024,UNKNOWN,0,0,0,0
plr_3a566c83,2023_2024,UNKNOWN,0,0,0,0
plr_fd8468a0,2023_2024,UNKNOWN,796,0,2,152
plr_4be4863c,2023_2024,UNKNOWN,2790,0,2,451
plr_01d46179,2023_2024,UNKNOWN,450,0,0,79
plr_d6382cca,2023_2024,UNKNOWN,782,0,0,94
plr_0eed48d8,2023_2024,UNKNOWN,1489,2,2,276
plr_2f0b8d54,2023_2024,UNKNOWN,1031,0,0,89
plr_adabbcb0,2023_2024,UNKNOWN,594,0,1,59
plr_32a20222,2023_2024,UNKNOWN,0,0,0,0
plr_e558a78d,2023_2024,UNKNOWN,0,0,0,0
plr_394cd477,2023_2024,UNKNOWN,0,0,0,0
plr_ed08d5e0,2023_2024,UNKNOWN,228,0,1,44
plr_232a423a,2023_2024,UNKNOWN,1440,0,0,206
plr_381b0764,2023_2024,UNKNOWN,14,0,0,9
plr_8ba079eb,2023_2024,UNKNOWN,2568,0,0,349
plr_b84ffdc4,2023_2024,UNKNOWN,1829,4,3,241
plr_0d3bf15e,2023_2024,UNKNOWN,711,0,0,69
plr_c96d4e34,2023_2024,UNKNOWN,1815,3,4,259
plr_5574515a,2023_2024,UNKNOWN,2649,2,0,325
plr_3da342ba,2023_2024,UNKNOWN,0,0,0,0
plr_09fe3709,2023_2024,UNKNOWN,968,0,2,117
plr_9b939cbf,2023_2024,UNKNOWN,316,0,0,35
plr_ef76c6e7,2023_2024,UNKNOWN,2787,3,3,354
plr_faaaa99f,2023_2024,UNKNOWN,338,0,0,14
plr_1142fb5a,2023_2024,UNKNOWN,0,0,0,0
plr_fd7a509a,2023_2024,UNKNOWN,0,0,0,0
plr_048baff6,2023_2024,UNKNOWN,482,0,0,54
plr_96fff073,2023_2024,UNKNOWN,89,0,0,13
plr_3312fe8d,2023_2024,UNKNOWN,2648,0,0,531
plr_a8ad7eb5,2023_2024,UNKNOWN,20,0,0,3
plr_8f3a302f,2023_2024,UNKNOWN,498,0,1,47
plr_4fbf61ab,2023_2024,UNKNOWN,1279,6,3,225
plr_4e89ff1c,2023_2024,UNKNOWN,0,0,0,0
plr_fabcb2ef,2023_2024,UNKNOWN,109,0,0,12
plr_02877204,2023_2024,UNKNOWN,1429,1,0,232
plr_1e6d94c0,2023_2024,UNKNOWN,1359,0,2,182
plr_e037f247,2023_2024,UNKNOWN,778,0,1,27
plr_2d050e97,2023_2024,UNKNOWN,2883,1,1,375
plr_6df733ee,2023_2024,UNKNOWN,409,0,0,23
plr_57c6309f,2023_2024,UNKNOWN,527,0,0,63
plr_4226a059,2023_2024,UNKNOWN,383,0,0,14
plr_004dae60,2023_2024,UNKNOWN,2664,1,1,357
plr_013abe18,2023_2024,UNKNOWN,0,0,0,0
plr_133d7606,2023_2024,UNKNOWN,0,0,0,0
plr_0993263e,2023_2024,UNKNOWN,932,0,0,82
plr_418b6528,2023_2024,UNKNOWN,11,0,0,5
plr_5b9df6dd,2023_2024,UNKNOWN,2908,4,7,462
plr_560af91a,2023_2024,UNKNOWN,214,0,0,11
plr_a9f70ec7,2023_2024,UNKNOWN,916,0,0,80
plr_d3129551,2023_2024,UNKNOWN,7,0,0,3
plr_c7552b23,2023_2024,UNKNOWN,0,0,0,0
plr_ae202a6d,2023_2024,UNKNOWN,9,0,0,3
plr_a379cad8,2023_2024,UNKNOWN,1105,6,1,173
plr_63a8cc1d,2023_2024,UNKNOWN,771,0,0,149
plr_b318b902,2023_2024,UNKNOWN,0,0,0,0
plr_97708ee6,2023_2024,UNKNOWN,942,0,0,131
plr_9099cb57,2023_2024,UNKNOWN,0,0,0,0
plr_e5a53ee0,2023_2024,UNKNOWN,27,0,0,2
plr_92c27062,2023_2024,UNKNOWN,0,0,0,0
plr_08cf3a86,2023_2024,UNKNOWN,2317,5,12,397
plr_ba4de6b4,2023_2024,UNKNOWN,0,0,0,0
plr_909d5fcc,2023_2024,UNKNOWN,997,1,1,153
plr_d63a7df3,2023_2024,UNKNOWN,2070,0,0,315
plr_0d0837a4,2023_2024,UNKNOWN,200,0,0,41
plr_aab0e934,2023_2024,UNKNOWN,1085,1,2,216
plr_a9982cc0,2023_2024,UNKNOWN,199,0,0,31
plr_ecfd1df8,2023_2024,UNKNOWN,1152,1,0,233
plr_c0686055,2023_2024,UNKNOWN,0,0,0,0
plr_b8a08e85,2023_2024,UNKNOWN,1289,0,0,239
plr_9e8be954,2023_2024,UNKNOWN,0,0,0,0
plr_f6a59b0f,2023_2024,UNKNOWN,2759,8,3,463
plr_010e2e52,2023_2024,UNKNOWN,0,0,0,0
plr_ff48fb46,2023_2024,UNKNOWN,491,2,2,189
plr_277a95ed,2023_2024,UNKNOWN,2137,4,11,495
plr_422b5ba6,2023_2024,UNKNOWN,0,0,0,0
plr_6c57076f,2023_2024,UNKNOWN,3090,3,8,720
plr_82e3db31,2023_2024,UNKNOWN,98,0,1,34
plr_d889ad7a,2023_2024,UNKNOWN,1481,11,4,305
plr_ff1b3672,2023_2024,UNKNOWN,0,0,0,0
plr_6b09fa74,2023_2024,UNKNOWN,2790,5,0,591
plr_de3ffd5d,2023_2024,UNKNOWN,76,0,0,9
plr_743e5ca9,2023_2024,UNKNOWN,2063,3,3,397
plr_3d73b838,2023_2024,UNKNOWN,0,0,0,0
plr_bac9d792,2023_2024,UNKNOWN,691,0,0,105
plr_0cc357db,2023_2024,UNKNOWN,2934,17,10,707
plr_bb67fda3,2023_2024,UNKNOWN,0,0,0,0
plr_d1257a6c,2023_2024,UNKNOWN,0,0,0,0
plr_7394369c,2023_2024,UNKNOWN,2391,2,3,402
plr_73f1154b,2023_2024,UNKNOWN,3420,0,0,730
plr_74b02825,2023_2024,UNKNOWN,0,0,0,0
plr_bd33ead6,2023_2024,UNKNOWN,196,0,2,53
plr_1a505566,2023_2024,UNKNOWN,2341,3,0,501
plr_5ca92ddf,2023_2024,UNKNOWN,19,0,0,10
plr_36158ad2,2023_2024,UNKNOWN,45,1,0,40
plr_72331c95,2023_2024,UNKNOWN,0,0,0,0
plr_e29c5b95,2023_2024,UNKNOWN,3,0,0,3
plr_b986f035,2023_2024,UNKNOWN,0,0,0,0
plr_7b9992b5,2023_2024,UNKNOWN,0,0,0,0
plr_8b2ce948,2023_2024,UNKNOWN,808,2,4,173
plr_7fb7bda3,2023_2024,UNKNOWN,424,0,0,82
plr_659c293f,2023_2024,UNKNOWN,3,0,0,4
plr_01f9326d,2023_2024,UNKNOWN,0,0,0,0
plr_6f776da3,2023_2024,UNKNOWN,394,0,0,27
plr_ae161326,2023_2024,UNKNOWN,1857,1,0,282
plr_830564dc,2023_2024,UNKNOWN,1692,6,2,228
plr_063238c1,2023_2024,UNKNOWN,2700,0,0,598
plr_682b677c,2023_2024,UNKNOWN,611,0,1,64
plr_d15e0795,2023_2024,UNKNOWN,3020,16,6,519
plr_0f25406c,2023_2024,UNKNOWN,109,1,0,40
plr_dd74e364,2023_2024,UNKNOWN,3135,0,7,514
plr_6568e08d,2023_2024,UNKNOWN,0,0,0,0
plr_991490e8,2023_2024,UNKNOWN,431,0,0,71
plr_f858e3e3,2023_2024,UNKNOWN,0,0,0,0
plr_b194162b,2023_2024,UNKNOWN,3138,1,4,519
plr_c40d11e0,2023_2024,UNKNOWN,721,0,0,152
plr_6be8b247,2023_2024,UNKNOWN,418,0,0,68
plr_c64d816d,2023_2024,UNKNOWN,389,1,2,105
plr_49051110,2023_2024,UNKNOWN,538,0,0,90
plr_a814440d,2023_2024,UNKNOWN,19,0,0,7
plr_7f268ef8,2023_2024,UNKNOWN,75,0,0,14
plr_47afb2fb,2023_2024,UNKNOWN,2627,4,6,398
plr_0e3f5e2a,2023_2024,UNKNOWN,0,0,0,0
plr_93c6e5ef,2023_2024,UNKNOWN,2867,7,2,456
plr_97dce035,2023_2024,UNKNOWN,0,0,0,0
plr_b6ebff29,2023_2024,UNKNOWN,2838,3,0,444
plr_f2f6cf38,2023_2024,UNKNOWN,634,0,0,103
plr_7d470263,2023_2024,UNKNOWN,2375,1,1,345
plr_ed62b3fa,2023_2024,UNKNOWN,0,0,0,0
plr_c25287e5,2023_2024,UNKNOWN,3000,7,7,708
plr_3363000e,2023_2024,UNKNOWN,1500,1,0,229
plr_4b5b77d4,2023_2024,UNKNOWN,2485,8,9,476
plr_0004467a,2023_2024,UNKNOWN,0,0,0,0
plr_f299dbfa,2023_2024,UNKNOWN,1,0,0,3
plr_44515e6e,2023_2024,UNKNOWN,0,0,0,0
plr_eb218a9b,2023_2024,UNKNOWN,0,0,0,0
plr_2e475be1,2023_2024,UNKNOWN,33,1,0,27
plr_83a84383,2023_2024,UNKNOWN,1209,0,0,197
plr_dde970dc,2023_2024,UNKNOWN,2327,2,3,365
plr_ea479416,2023_2024,UNKNOWN,382,0,0,73
plr_2ef6a74e,2023_2024,UNKNOWN,0,0,0,0
plr_caacd7a6,2023_2024,UNKNOWN,727,0,0,136
plr_cd8996be,2023_2024,UNKNOWN,0,0,0,0
plr_458c1e19,2023_2024,UNKNOWN,0,0,0,0
plr_d9e03d2c,2023_2024,UNKNOWN,2209,1,1,421
plr_1a3c095a,2023_2024,UNKNOWN,259,0,0,7
plr_56d5d6d4,2023_2024,UNKNOWN,0,0,0,0
plr_b4a6b43d,2023_2024,UNKNOWN,0,0,0,0
plr_d44b4428,2023_2024,UNKNOWN,0,0,0,0
plr_705c097d,2023_2024,UNKNOWN,2116,12,3,334
plr_3ee21610,2023_2024,UNKNOWN,2646,2,2,359
plr_2e4e887c,2023_2024,UNKNOWN,4,0,0,3
plr_16279baf,2023_2024,UNKNOWN,0,0,0,0
plr_bd0b8916,2023_2024,UNKNOWN,158,2,0,88
plr_fe374d48,2023_2024,UNKNOWN,3420,2,0,592
plr_c9115291,2023_2024,UNKNOWN,0,0,0,0
plr_3cbba7ff,2023_2024,UNKNOWN,2969,4,1,490
plr_a3c8f663,2023_2024,UNKNOWN,1516,2,11,310
plr_9c38ddb3,2023_2024,UNKNOWN,0,0,0,0
plr_f3f79527,2023_2024,UNKNOWN,3037,0,1,622
plr_88bcc978,2023_2024,UNKNOWN,1737,4,7,358
plr_04a5f825,2023_2024,UNKNOWN,0,0,0,0
plr_88cc7a5b,2023_2024,UNKNOWN,3084,0,2,455
plr_af7fe1b9,2023_2024,UNKNOWN,2771,1,4,468
plr_c2a14d22,2023_2024,UNKNOWN,802,0,0,122
plr_931f3d6c,2023_2024,UNKNOWN,2438,12,7,520
plr_57bec809,2023_2024,UNKNOWN,1136,1,0,186
plr_38bfb522,2023_2024,UNKNOWN,819,0,0,124
plr_1fb47dff,2023_2024,UNKNOWN,1,0,0,3
plr_2498581d,2023_2024,UNKNOWN,183,0,0,17
plr_3bed0738,2023_2024,UNKNOWN,948,2,2,150
plr_6e73c48c,2023_2024,UNKNOWN,0,0,0,0
plr_83d0a6ac,2023_2024,UNKNOWN,138,0,0,21
plr_a3f0c1e6,2023_2024,UNKNOWN,0,0,0,0
plr_60b62231,2023_2024,UNKNOWN,0,0,0,0
plr_ce26dd4c,2023_2024,UNKNOWN,0,0,0,0
plr_cd6196cc,2023_2024,UNKNOWN,0,0,0,0
plr_eec2f23c,2023_2024,UNKNOWN,0,0,0,0
plr_032af07b,2023_2024,UNKNOWN,0,0,0,0
plr_ee799561,2023_2024,UNKNOWN,0,0,0,0
plr_361b864d,2023_2024,UNKNOWN,173,0,0,12
plr_bb86f7d3,2023_2024,UNKNOWN,0,0,0,0
plr_84aa4ad7,2023_2024,UNKNOWN,0,0,0,0
