transfer_id,master_player_id,season_id,transfer_date,from_club_id,to_club_id,fee_status,fee_numeric,fee_currency,fee_gbp,target_eligible,exclusion_reason
7fc90591-550,plr_8aea0b2c,2018_2019,2018-07-01,UNKNOWN,UNKNOWN,DISCLOSED,67800000.0,EUR,58240200.0,TRUE,
94b04300-6b2,plr_7b63aa7a,2018_2019,2018-07-01,UNKNOWN,UNKNOWN,DISCLOSED,6300000.0,EUR,5411700.0,TRUE,
21b2e143-861,plr_dc6c0e74,2018_2019,2018-07-01,UNKNOWN,UNKNOWN,DISCLOSED,2500000.0,EUR,2147500.0,TRUE,
8df1aa0a-d72,plr_79c376af,2018_2019,2018-07-01,UNKNOWN,UNKNOWN,DISCLOSED,1100000.0,EUR,944900.0,TRUE,
12269456-437,plr_6eda969f,2018_2019,2018-07-01,UNKNOWN,UNKNOWN,DISCLOSED,890000.0,EUR,764510.0,TRUE,
ab76ea42-9e1,plr_da872fd3,2018_2019,2018-07-01,UNKNOWN,UNKNOWN,UNKNOWN,,,,FALSE,FEE IS UNKNOWN
e9694c7c-37e,plr_2cf31e31,2018_2019,2018-07-01,UNKNOWN,UNKNOWN,UNKNOWN,,,,FALSE,FEE IS UNKNOWN
267cd384-89e,plr_02f3353d,2018_2019,2018-07-01,UNKNOWN,UNKNOWN,LOAN,0.0,,0.0,FALSE,FEE IS LOAN
c9905057-012,plr_00a03259,2018_2019,2018-07-01,UNKNOWN,UNKNOWN,LOAN,0.0,,0.0,FALSE,FEE IS LOAN
97ced219-70f,plr_d1cdbf30,2018_2019,2018-07-01,UNKNOWN,UNKNOWN,LOAN,0.0,,0.0,FALSE,FEE IS LOAN
df428b3a-9d6,plr_a5cca6f4,2018_2019,2018-07-01,UNKNOWN,UNKNOWN,LOAN,0.0,,0.0,FALSE,FEE IS LOAN
94a85966-090,plr_bc5db7b4,2018_2019,2018-07-01,UNKNOWN,UNKNOWN,LOAN,0.0,,0.0,FALSE,FEE IS LOAN
853f6a08-38f,plr_409cc25c,2018_2019,2018-07-01,UNKNOWN,UNKNOWN,LOAN,0.0,,0.0,FALSE,FEE IS LOAN
82d16556-04e,plr_c4ed62e7,2018_2019,2018-07-01,UNKNOWN,UNKNOWN,LOAN,0.0,,0.0,FALSE,FEE IS LOAN
003d1145-beb,plr_e9bdad85,2018_2019,2018-07-01,UNKNOWN,UNKNOWN,LOAN,0.0,,0.0,FALSE,FEE IS LOAN
f5f80c5f-d05,plr_e7a66a7c,2018_2019,2018-07-01,UNKNOWN,UNKNOWN,LOAN,0.0,,0.0,FALSE,FEE IS LOAN
f101d124-116,plr_61c95bfd,2018_2019,2018-07-01,UNKNOWN,UNKNOWN,DISCLOSED,17000000.0,EUR,14603000.0,TRUE,
f58799a2-6fa,plr_bbd4e8dc,2018_2019,2018-07-01,UNKNOWN,UNKNOWN,DISCLOSED,11300000.0,EUR,9706700.0,TRUE,
d33bd6a1-89a,plr_06341f32,2018_2019,2018-07-01,UNKNOWN,UNKNOWN,DISCLOSED,3900000.0,EUR,3350100.0,TRUE,
252e6531-265,plr_76c5e081,2018_2019,2018-07-01,UNKNOWN,UNKNOWN,DISCLOSED,3400000.0,EUR,2920600.0,TRUE,
0a8833ac-847,plr_42f915c9,2018_2019,2018-07-01,UNKNOWN,UNKNOWN,FREE,0.0,,0.0,FALSE,FEE IS FREE
315fe3a6-bf0,plr_27a97d88,2018_2019,2018-07-01,UNKNOWN,UNKNOWN,LOAN,0.0,,0.0,FALSE,FEE IS LOAN
54973e07-f42,plr_0d34d177,2018_2019,2018-07-01,UNKNOWN,UNKNOWN,LOAN,0.0,,0.0,FALSE,FEE IS LOAN
c44a74e1-52f,plr_1cfad78b,2018_2019,2018-07-01,UNKNOWN,UNKNOWN,DISCLOSED,59000000.0,EUR,50681000.0,TRUE,
278fbb72-ea3,plr_134a3525,2018_2019,2018-07-01,UNKNOWN,UNKNOWN,DISCLOSED,22000000.0,EUR,18898000.0,TRUE,
8b05c788-474,plr_6cb18e9a,2018_2019,2018-07-01,UNKNOWN,UNKNOWN,DISCLOSED,1700000.0,EUR,1460300.0,TRUE,
1c7a9314-557,plr_dd2dae7f,2018_2019,2018-07-01,UNKNOWN,UNKNOWN,UNKNOWN,,,,FALSE,FEE IS UNKNOWN
4b23610e-309,plr_3aff19d5,2018_2019,2018-07-01,UNKNOWN,UNKNOWN,LOAN,0.0,,0.0,FALSE,FEE IS LOAN
a5027bb0-e48,plr_4826d903,2018_2019,2018-07-01,UNKNOWN,UNKNOWN,LOAN,0.0,,0.0,FALSE,FEE IS LOAN
1e742478-217,plr_f56a637a,2018_2019,2018-07-01,UNKNOWN,UNKNOWN,LOAN,0.0,,0.0,FALSE,FEE IS LOAN
31ae0d4a-59e,plr_f349c2d6,2018_2019,2018-07-01,UNKNOWN,UNKNOWN,LOAN,0.0,,0.0,FALSE,FEE IS LOAN
498d9d47-c8c,plr_3bebb6c9,2018_2019,2018-07-01,UNKNOWN,UNKNOWN,LOAN,0.0,,0.0,FALSE,FEE IS LOAN
0b6d12c6-20f,plr_d56f1341,2018_2019,2018-07-01,UNKNOWN,UNKNOWN,DISCLOSED,16000000.0,EUR,13744000.0,TRUE,
22b9bd43-13a,plr_3575396b,2018_2019,2018-07-01,UNKNOWN,UNKNOWN,DISCLOSED,7350000.0,EUR,6313650.0,TRUE,
d4a4ed7a-926,plr_1e2ebee6,2018_2019,2018-07-01,UNKNOWN,UNKNOWN,DISCLOSED,7200000.0,EUR,6184800.0,TRUE,
1fcdbd4d-a29,plr_fcee9bc8,2018_2019,2018-07-01,UNKNOWN,UNKNOWN,UNKNOWN,,,,FALSE,FEE IS UNKNOWN
a9734e60-401,plr_6da0ec3c,2018_2019,2018-07-01,UNKNOWN,UNKNOWN,UNKNOWN,,,,FALSE,FEE IS UNKNOWN
c954ecff-00a,plr_97eeadf5,2018_2019,2018-07-01,UNKNOWN,UNKNOWN,LOAN,0.0,,0.0,FALSE,FEE IS LOAN
72309691-09b,plr_d9b94916,2018_2019,2018-07-01,UNKNOWN,UNKNOWN,LOAN,0.0,,0.0,FALSE,FEE IS LOAN
8e27bc19-02d,plr_e81737e0,2018_2019,2018-07-01,UNKNOWN,UNKNOWN,LOAN,0.0,,0.0,FALSE,FEE IS LOAN
b8122fa0-8eb,plr_e0c1de2c,2018_2019,2018-07-01,UNKNOWN,UNKNOWN,DISCLOSED,5350000.0,EUR,4595650.0,TRUE,
36f4ed28-6dd,plr_b6470895,2018_2019,2018-07-01,UNKNOWN,UNKNOWN,LOAN,0.0,,0.0,FALSE,FEE IS LOAN
505a75b0-822,plr_487fd6b3,2018_2019,2018-07-01,UNKNOWN,UNKNOWN,DISCLOSED,72500000.0,EUR,62277500.0,TRUE,
af76ae1e-4dd,plr_3f002143,2018_2019,2018-07-01,UNKNOWN,UNKNOWN,DISCLOSED,60000000.0,EUR,51540000.0,TRUE,
654f1935-8c3,plr_635487b3,2018_2019,2018-07-01,UNKNOWN,UNKNOWN,DISCLOSED,45000000.0,EUR,38655000.0,TRUE,
dbdbe580-bf7,plr_db541176,2018_2019,2018-07-01,UNKNOWN,UNKNOWN,DISCLOSED,14700000.0,EUR,12627300.0,TRUE,
30ce16fe-f6c,plr_04283c23,2018_2019,2018-07-01,UNKNOWN,UNKNOWN,UNKNOWN,,,,FALSE,FEE IS UNKNOWN
082783c0-b45,plr_b424b132,2018_2019,2018-07-01,UNKNOWN,UNKNOWN,UNKNOWN,,,,FALSE,FEE IS UNKNOWN
940c02f9-667,plr_f82a0215,2018_2019,2018-07-01,UNKNOWN,UNKNOWN,LOAN,0.0,,0.0,FALSE,FEE IS LOAN
a632856c-660,plr_7f1b66a0,2018_2019,2018-07-01,UNKNOWN,UNKNOWN,LOAN,0.0,,0.0,FALSE,FEE IS LOAN
b20abbc1-bb0,plr_258eb7b1,2018_2019,2018-07-01,UNKNOWN,UNKNOWN,LOAN,0.0,,0.0,FALSE,FEE IS LOAN
cca8e7ca-de9,plr_4bbb1935,2018_2019,2018-07-01,UNKNOWN,UNKNOWN,LOAN,0.0,,0.0,FALSE,FEE IS LOAN
9f66554e-aa7,plr_0599ec12,2018_2019,2018-07-01,UNKNOWN,UNKNOWN,LOAN,0.0,,0.0,FALSE,FEE IS LOAN
e4dac434-21f,plr_868cfbec,2018_2019,2018-07-01,UNKNOWN,UNKNOWN,LOAN,0.0,,0.0,FALSE,FEE IS LOAN
8f26a0d6-19c,plr_ef490467,2018_2019,2018-07-01,UNKNOWN,UNKNOWN,LOAN,0.0,,0.0,FALSE,FEE IS LOAN
40749cde-747,plr_1d40f1b0,2018_2019,2018-07-01,UNKNOWN,UNKNOWN,LOAN,0.0,,0.0,FALSE,FEE IS LOAN
e3b11b25-790,plr_a46bac7d,2018_2019,2018-07-01,UNKNOWN,UNKNOWN,DISCLOSED,21200000.0,EUR,18210800.0,TRUE,
13718e8d-5e2,plr_e99d25d2,2018_2019,2018-07-01,UNKNOWN,UNKNOWN,DISCLOSED,14000000.0,EUR,12026000.0,TRUE,
018fcde5-8eb,plr_daf77a07,2018_2019,2018-07-01,UNKNOWN,UNKNOWN,LOAN,0.0,,0.0,FALSE,FEE IS LOAN
055dda0d-2b0,plr_a25fa6a7,2018_2019,2018-07-01,UNKNOWN,UNKNOWN,DISCLOSED,1520000.0,EUR,1305680.0,TRUE,
0c0aca2d-c9e,plr_04283c23,2018_2019,2018-07-01,UNKNOWN,UNKNOWN,LOAN,0.0,,0.0,FALSE,FEE IS LOAN
e4d05083-fa1,plr_0747d5b6,2018_2019,2018-07-01,UNKNOWN,UNKNOWN,LOAN,0.0,,0.0,FALSE,FEE IS LOAN
dbc4c00b-e2d,plr_63f924da,2018_2019,2018-07-01,UNKNOWN,UNKNOWN,FREE,0.0,,0.0,FALSE,FEE IS FREE
0065d2c5-f3a,plr_4411d701,2018_2019,2018-07-01,UNKNOWN,UNKNOWN,FREE,0.0,,0.0,FALSE,FEE IS FREE
bfbea3ab-3a0,plr_be05ec04,2018_2019,2018-07-01,UNKNOWN,UNKNOWN,LOAN,0.0,,0.0,FALSE,FEE IS LOAN
06328e2b-b11,plr_eee31c87,2018_2019,2018-07-01,UNKNOWN,UNKNOWN,LOAN,0.0,,0.0,FALSE,FEE IS LOAN
942b27a4-3e4,plr_c3c993f9,2018_2019,2018-07-01,UNKNOWN,UNKNOWN,LOAN,0.0,,0.0,FALSE,FEE IS LOAN
24f2c9bf-645,plr_f367ce9f,2018_2019,2018-07-01,UNKNOWN,UNKNOWN,DISCLOSED,80000000.0,EUR,68720000.0,TRUE,
8a4f2d5d-1f2,plr_5fb12128,2018_2019,2018-07-01,UNKNOWN,UNKNOWN,DISCLOSED,64000000.0,EUR,54976000.0,TRUE,
765d8279-fa5,plr_ab6ae9f4,2018_2019,2018-07-01,UNKNOWN,UNKNOWN,DISCLOSED,57000000.0,EUR,48963000.0,TRUE,
d3cd9177-531,plr_cb466124,2018_2019,2018-07-01,UNKNOWN,UNKNOWN,LOAN,0.0,,0.0,FALSE,FEE IS LOAN
6454c2db-5d0,plr_b76a8367,2018_2019,2018-07-01,UNKNOWN,UNKNOWN,FREE,0.0,,0.0,FALSE,FEE IS FREE
f1463a99-517,plr_99a11ace,2018_2019,2018-07-01,UNKNOWN,UNKNOWN,LOAN,0.0,,0.0,FALSE,FEE IS LOAN
9697266d-a30,plr_e1b7c9cb,2018_2019,2018-07-01,UNKNOWN,UNKNOWN,UNKNOWN,,,,FALSE,FEE IS UNKNOWN
a58f6b3a-752,plr_f14726b3,2018_2019,2018-07-01,UNKNOWN,UNKNOWN,UNKNOWN,,,,FALSE,FEE IS UNKNOWN
8585a353-867,plr_52ee411b,2018_2019,2018-07-01,UNKNOWN,UNKNOWN,UNKNOWN,,,,FALSE,FEE IS UNKNOWN
3e9e499a-6dd,plr_253bd4b8,2018_2019,2018-07-01,UNKNOWN,UNKNOWN,LOAN,0.0,,0.0,FALSE,FEE IS LOAN
4241c058-94e,plr_1abfbb50,2018_2019,2018-07-01,UNKNOWN,UNKNOWN,LOAN,0.0,,0.0,FALSE,FEE IS LOAN
e974dfc1-58d,plr_41af90b5,2018_2019,2018-07-01,UNKNOWN,UNKNOWN,LOAN,0.0,,0.0,FALSE,FEE IS LOAN
8f130dba-4c6,plr_0d16fc04,2018_2019,2018-07-01,UNKNOWN,UNKNOWN,LOAN,0.0,,0.0,FALSE,FEE IS LOAN
8cbca28d-4a9,plr_7b2c2acb,2018_2019,2018-07-01,UNKNOWN,UNKNOWN,LOAN,0.0,,0.0,FALSE,FEE IS LOAN
c1586398-68f,plr_df2b759a,2018_2019,2018-07-01,UNKNOWN,UNKNOWN,LOAN,0.0,,0.0,FALSE,FEE IS LOAN
843d4ecd-a64,plr_0811b2f6,2018_2019,2018-07-01,UNKNOWN,UNKNOWN,LOAN,0.0,,0.0,FALSE,FEE IS LOAN
6c56d3b3-678,plr_8760c28d,2018_2019,2018-07-01,UNKNOWN,UNKNOWN,LOAN,0.0,,0.0,FALSE,FEE IS LOAN
c3a54b25-605,plr_ad140362,2018_2019,2018-07-01,UNKNOWN,UNKNOWN,LOAN,0.0,,0.0,FALSE,FEE IS LOAN
66f06cf8-ae9,plr_153f715d,2018_2019,2018-07-01,UNKNOWN,UNKNOWN,LOAN,0.0,,0.0,FALSE,FEE IS LOAN
6c933509-21d,plr_cdd267e0,2018_2019,2018-07-01,UNKNOWN,UNKNOWN,LOAN,0.0,,0.0,FALSE,FEE IS LOAN
4ea84f75-362,plr_133754fc,2018_2019,2018-07-01,UNKNOWN,UNKNOWN,LOAN,0.0,,0.0,FALSE,FEE IS LOAN
2644bfb9-a90,plr_fe424104,2018_2019,2018-07-01,UNKNOWN,UNKNOWN,LOAN,0.0,,0.0,FALSE,FEE IS LOAN
f11cc89b-3ad,plr_2657cf82,2018_2019,2018-07-01,UNKNOWN,UNKNOWN,LOAN,0.0,,0.0,FALSE,FEE IS LOAN
8e6ebc86-642,plr_e19d612b,2018_2019,2018-07-01,UNKNOWN,UNKNOWN,LOAN,0.0,,0.0,FALSE,FEE IS LOAN
2d48eabc-c0d,plr_d63a49be,2018_2019,2018-07-01,UNKNOWN,UNKNOWN,LOAN,0.0,,0.0,FALSE,FEE IS LOAN
d02ef27f-bd6,plr_941a92ab,2018_2019,2018-07-01,UNKNOWN,UNKNOWN,DISCLOSED,35000000.0,EUR,30065000.0,TRUE,
e2fad1fd-e8b,plr_f055db06,2018_2019,2018-07-01,UNKNOWN,UNKNOWN,LOAN,0.0,,0.0,FALSE,FEE IS LOAN
b37c7ac4-c59,plr_f7384ec8,2018_2019,2018-07-01,UNKNOWN,UNKNOWN,DISCLOSED,9000000.0,EUR,7731000.0,TRUE,
4ee38510-d12,plr_d63a49be,2018_2019,2018-07-01,UNKNOWN,UNKNOWN,LOAN,0.0,,0.0,FALSE,FEE IS LOAN
d8f1cd52-924,plr_e2b837a7,2018_2019,2018-07-01,UNKNOWN,UNKNOWN,LOAN,0.0,,0.0,FALSE,FEE IS LOAN
f277bfb9-634,plr_153f715d,2018_2019,2018-07-01,UNKNOWN,UNKNOWN,LOAN,0.0,,0.0,FALSE,FEE IS LOAN
ff7c70a4-a4a,plr_7b2c2acb,2018_2019,2018-07-01,UNKNOWN,UNKNOWN,LOAN,0.0,,0.0,FALSE,FEE IS LOAN
5754d7ba-ba1,plr_df2b759a,2018_2019,2018-07-01,UNKNOWN,UNKNOWN,LOAN,0.0,,0.0,FALSE,FEE IS LOAN
6a31f9ed-39d,plr_f7016931,2018_2019,2018-07-01,UNKNOWN,UNKNOWN,LOAN,0.0,,0.0,FALSE,FEE IS LOAN
03219b8c-1c2,plr_0d16fc04,2018_2019,2018-07-01,UNKNOWN,UNKNOWN,LOAN,0.0,,0.0,FALSE,FEE IS LOAN
b52556d0-2cb,plr_de59e5aa,2018_2019,2018-07-01,UNKNOWN,UNKNOWN,FREE,0.0,,0.0,FALSE,FEE IS FREE
a24f1c41-82f,plr_be51e50e,2018_2019,2018-07-01,UNKNOWN,UNKNOWN,LOAN,0.0,,0.0,FALSE,FEE IS LOAN
e2edf8ed-653,plr_5978df1c,2018_2019,2018-07-01,UNKNOWN,UNKNOWN,LOAN,0.0,,0.0,FALSE,FEE IS LOAN
7008ced9-46e,plr_6f1af571,2018_2019,2018-07-01,UNKNOWN,UNKNOWN,LOAN,0.0,,0.0,FALSE,FEE IS LOAN
8e10db28-a96,plr_5cef7892,2018_2019,2018-07-01,UNKNOWN,UNKNOWN,LOAN,0.0,,0.0,FALSE,FEE IS LOAN
8575e3b8-e3a,plr_0cc603b0,2018_2019,2018-07-01,UNKNOWN,UNKNOWN,UNKNOWN,,,,FALSE,FEE IS UNKNOWN
573223b1-2ce,plr_0002ce69,2018_2019,2018-07-01,UNKNOWN,UNKNOWN,DISCLOSED,28650000.0,EUR,24610350.0,TRUE,
200527a3-e4b,plr_1428fd3e,2018_2019,2018-07-01,UNKNOWN,UNKNOWN,DISCLOSED,25000000.0,EUR,21475000.0,TRUE,
55290cca-942,plr_d55daa88,2018_2019,2018-07-01,UNKNOWN,UNKNOWN,DISCLOSED,16000000.0,EUR,13744000.0,TRUE,
7cbe0888-ddb,plr_17759ef5,2018_2019,2018-07-01,UNKNOWN,UNKNOWN,DISCLOSED,8000000.0,EUR,6872000.0,TRUE,
fe0adbcb-a15,plr_babf6d0c,2018_2019,2018-07-01,UNKNOWN,UNKNOWN,LOAN,0.0,,0.0,FALSE,FEE IS LOAN
c27b240e-a6c,plr_71d84a1d,2018_2019,2018-07-01,UNKNOWN,UNKNOWN,FREE,0.0,,0.0,FALSE,FEE IS FREE
bd7bc8a3-54e,plr_832991e3,2018_2019,2018-07-01,UNKNOWN,UNKNOWN,UNKNOWN,,,,FALSE,FEE IS UNKNOWN
7facd1be-cc6,plr_d7cc1439,2018_2019,2018-07-01,UNKNOWN,UNKNOWN,UNKNOWN,,,,FALSE,FEE IS UNKNOWN
649ada61-701,plr_fc4996be,2018_2019,2018-07-01,UNKNOWN,UNKNOWN,LOAN,0.0,,0.0,FALSE,FEE IS LOAN
8245b926-b66,plr_9995e0df,2018_2019,2018-07-01,UNKNOWN,UNKNOWN,LOAN,0.0,,0.0,FALSE,FEE IS LOAN
70f6d211-e1a,plr_b73897cd,2018_2019,2018-07-01,UNKNOWN,UNKNOWN,LOAN,0.0,,0.0,FALSE,FEE IS LOAN
0a037c25-d67,plr_8f85e0d3,2018_2019,2018-07-01,UNKNOWN,UNKNOWN,LOAN,0.0,,0.0,FALSE,FEE IS LOAN
8f6f066d-1d8,plr_70cfa16d,2018_2019,2018-07-01,UNKNOWN,UNKNOWN,LOAN,0.0,,0.0,FALSE,FEE IS LOAN
733ec7c6-3ea,plr_32384ed3,2018_2019,2018-07-01,UNKNOWN,UNKNOWN,LOAN,0.0,,0.0,FALSE,FEE IS LOAN
ea478aa1-348,plr_fbc173a0,2018_2019,2018-07-01,UNKNOWN,UNKNOWN,LOAN,0.0,,0.0,FALSE,FEE IS LOAN
dff4e37c-052,plr_a5ec64e3,2018_2019,2018-07-01,UNKNOWN,UNKNOWN,LOAN,0.0,,0.0,FALSE,FEE IS LOAN
1c1977e8-3d0,plr_a5ec64e3,2018_2019,2018-07-01,UNKNOWN,UNKNOWN,LOAN,0.0,,0.0,FALSE,FEE IS LOAN
24a441d8-fd2,plr_9ceadcd1,2018_2019,2018-07-01,UNKNOWN,UNKNOWN,FREE,0.0,,0.0,FALSE,FEE IS FREE
d33b75ba-80c,plr_71a2d1c9,2018_2019,2018-07-01,UNKNOWN,UNKNOWN,FREE,0.0,,0.0,FALSE,FEE IS FREE
e9a21b81-43e,plr_d10adf17,2018_2019,2018-07-01,UNKNOWN,UNKNOWN,LOAN,0.0,,0.0,FALSE,FEE IS LOAN
28b1fee1-e80,plr_039bde75,2018_2019,2018-07-01,UNKNOWN,UNKNOWN,UNKNOWN,,,,FALSE,FEE IS UNKNOWN
30679011-9fe,plr_e0fb6674,2018_2019,2018-07-01,UNKNOWN,UNKNOWN,DISCLOSED,16900000.0,EUR,14517100.0,TRUE,
3c854ebf-0d1,plr_92371766,2018_2019,2018-07-01,UNKNOWN,UNKNOWN,DISCLOSED,12200000.0,EUR,10479800.0,TRUE,
76eac642-b99,plr_afd0e8b5,2018_2019,2018-07-01,UNKNOWN,UNKNOWN,FREE,0.0,,0.0,FALSE,FEE IS FREE
9c3b0f3f-2eb,plr_208df530,2018_2019,2018-07-01,UNKNOWN,UNKNOWN,UNKNOWN,,,,FALSE,FEE IS UNKNOWN
8c319f32-f72,plr_6b5839e7,2018_2019,2018-07-01,UNKNOWN,UNKNOWN,LOAN,0.0,,0.0,FALSE,FEE IS LOAN
d1853a3a-99d,plr_aad2ba68,2018_2019,2018-07-01,UNKNOWN,UNKNOWN,LOAN,0.0,,0.0,FALSE,FEE IS LOAN
56833ba6-603,plr_e082eb5e,2018_2019,2018-07-01,UNKNOWN,UNKNOWN,LOAN,0.0,,0.0,FALSE,FEE IS LOAN
fb867528-d15,plr_16680dc8,2018_2019,2018-07-01,UNKNOWN,UNKNOWN,LOAN,0.0,,0.0,FALSE,FEE IS LOAN
e35f90f4-7e5,plr_b35395b1,2018_2019,2018-07-01,UNKNOWN,UNKNOWN,DISCLOSED,8000000.0,EUR,6872000.0,TRUE,
63067758-32d,plr_3feb1666,2018_2019,2018-07-01,UNKNOWN,UNKNOWN,FREE,0.0,,0.0,FALSE,FEE IS FREE
31fb9adc-fc1,plr_327e2cfc,2018_2019,2018-07-01,UNKNOWN,UNKNOWN,FREE,0.0,,0.0,FALSE,FEE IS FREE
ea42e768-e35,plr_fe03aaa1,2018_2019,2018-07-01,UNKNOWN,UNKNOWN,FREE,0.0,,0.0,FALSE,FEE IS FREE
d67a4f0a-8c4,plr_a523e048,2018_2019,2018-07-01,UNKNOWN,UNKNOWN,FREE,0.0,,0.0,FALSE,FEE IS FREE
ae075b49-d9f,plr_deb0493d,2018_2019,2018-07-01,UNKNOWN,UNKNOWN,LOAN,0.0,,0.0,FALSE,FEE IS LOAN
648359d1-69b,plr_07b4be08,2018_2019,2018-07-01,UNKNOWN,UNKNOWN,DISCLOSED,39200000.0,EUR,33672800.0,TRUE,
eb050f6f-ae8,plr_19e6c3ba,2018_2019,2018-07-01,UNKNOWN,UNKNOWN,DISCLOSED,30250000.0,EUR,25984750.0,TRUE,
2877820f-f91,plr_6face4a9,2018_2019,2018-07-01,UNKNOWN,UNKNOWN,DISCLOSED,20200000.0,EUR,17351800.0,TRUE,
c4611ebc-d9f,plr_da0877f6,2018_2019,2018-07-01,UNKNOWN,UNKNOWN,LOAN,0.0,,0.0,FALSE,FEE IS LOAN
7a1682f9-c72,plr_928f982d,2018_2019,2018-07-01,UNKNOWN,UNKNOWN,FREE,0.0,,0.0,FALSE,FEE IS FREE
e59d8cf4-43f,plr_df31ebae,2018_2019,2018-07-01,UNKNOWN,UNKNOWN,LOAN,0.0,,0.0,FALSE,FEE IS LOAN
0425441a-b44,plr_ffa99396,2018_2019,2018-07-01,UNKNOWN,UNKNOWN,LOAN,0.0,,0.0,FALSE,FEE IS LOAN
341298de-819,plr_ad0785ee,2018_2019,2018-07-01,UNKNOWN,UNKNOWN,LOAN,0.0,,0.0,FALSE,FEE IS LOAN
a0adf1c9-2ff,plr_30017acd,2018_2019,2018-07-01,UNKNOWN,UNKNOWN,LOAN,0.0,,0.0,FALSE,FEE IS LOAN
b888ef0a-471,plr_49d3013b,2018_2019,2018-07-01,UNKNOWN,UNKNOWN,LOAN,0.0,,0.0,FALSE,FEE IS LOAN
2caac7e3-ad7,plr_30efeb64,2018_2019,2018-07-01,UNKNOWN,UNKNOWN,LOAN,0.0,,0.0,FALSE,FEE IS LOAN
4aed1cdb-faa,plr_35c38f75,2018_2019,2018-07-01,UNKNOWN,UNKNOWN,LOAN,0.0,,0.0,FALSE,FEE IS LOAN
d8278be7-3cf,plr_3df0f953,2018_2019,2018-07-01,UNKNOWN,UNKNOWN,LOAN,0.0,,0.0,FALSE,FEE IS LOAN
41991d89-ea4,plr_a731f038,2018_2019,2018-07-01,UNKNOWN,UNKNOWN,LOAN,0.0,,0.0,FALSE,FEE IS LOAN
175b4d1e-baf,plr_e8608dc7,2018_2019,2018-07-01,UNKNOWN,UNKNOWN,LOAN,0.0,,0.0,FALSE,FEE IS LOAN
326fb9a2-f51,plr_4e1069b9,2018_2019,2018-07-01,UNKNOWN,UNKNOWN,LOAN,0.0,,0.0,FALSE,FEE IS LOAN
d35a4831-356,plr_9dc75fe3,2018_2019,2018-07-01,UNKNOWN,UNKNOWN,LOAN,0.0,,0.0,FALSE,FEE IS LOAN
6be1abb1-a27,plr_0107d1cf,2018_2019,2018-07-01,UNKNOWN,UNKNOWN,LOAN,0.0,,0.0,FALSE,FEE IS LOAN
bfad9f1d-b86,plr_6b07b640,2018_2019,2018-07-01,UNKNOWN,UNKNOWN,DISCLOSED,13500000.0,EUR,11596500.0,TRUE,
4fed5fd3-45f,plr_a6e68a44,2018_2019,2018-07-01,UNKNOWN,UNKNOWN,DISCLOSED,9000000.0,EUR,7731000.0,TRUE,
632ee12c-0df,plr_c19e3649,2018_2019,2018-07-01,UNKNOWN,UNKNOWN,DISCLOSED,4600000.0,EUR,3951400.0,TRUE,
d7636f46-141,plr_3df0f953,2018_2019,2018-07-01,UNKNOWN,UNKNOWN,LOAN,0.0,,0.0,FALSE,FEE IS LOAN
5f91415d-937,plr_0107d1cf,2018_2019,2018-07-01,UNKNOWN,UNKNOWN,LOAN,0.0,,0.0,FALSE,FEE IS LOAN
83fc2226-386,plr_f599c5ab,2018_2019,2018-07-01,UNKNOWN,UNKNOWN,FREE,0.0,,0.0,FALSE,FEE IS FREE
37f2fa94-01f,plr_65c5b41c,2018_2019,2018-07-01,UNKNOWN,UNKNOWN,FREE,0.0,,0.0,FALSE,FEE IS FREE
48c02c21-af8,plr_867c06c5,2018_2019,2018-07-01,UNKNOWN,UNKNOWN,LOAN,0.0,,0.0,FALSE,FEE IS LOAN
d827b592-b9c,plr_09e9c769,2018_2019,2018-07-01,UNKNOWN,UNKNOWN,LOAN,0.0,,0.0,FALSE,FEE IS LOAN
7d15ef87-d4b,plr_97dce035,2018_2019,2018-07-01,UNKNOWN,UNKNOWN,LOAN,0.0,,0.0,FALSE,FEE IS LOAN
66b640f8-ca3,plr_eddd947f,2018_2019,2018-07-01,UNKNOWN,UNKNOWN,DISCLOSED,25000000.0,EUR,21475000.0,TRUE,
2af56b5a-dcb,plr_50ef63c8,2018_2019,2018-07-01,UNKNOWN,UNKNOWN,DISCLOSED,22000000.0,EUR,18898000.0,TRUE,
7c2ec4b0-166,plr_b148352f,2018_2019,2018-07-01,UNKNOWN,UNKNOWN,DISCLOSED,21100000.0,EUR,18124900.0,TRUE,
39250c82-7a6,plr_f77e6dcb,2018_2019,2018-07-01,UNKNOWN,UNKNOWN,DISCLOSED,14500000.0,EUR,12455500.0,TRUE,
5feeb86c-c62,plr_805640dc,2018_2019,2018-07-01,UNKNOWN,UNKNOWN,DISCLOSED,14000000.0,EUR,12026000.0,TRUE,
3b7e62a0-67c,plr_59225587,2018_2019,2018-07-01,UNKNOWN,UNKNOWN,DISCLOSED,4000000.0,EUR,3436000.0,TRUE,
d6ce4c56-874,plr_45e57bc3,2018_2019,2018-07-01,UNKNOWN,UNKNOWN,FREE,0.0,,0.0,FALSE,FEE IS FREE
a70613f3-265,plr_97d99afb,2018_2019,2018-07-01,UNKNOWN,UNKNOWN,LOAN,0.0,,0.0,FALSE,FEE IS LOAN
b5380716-544,plr_0d90b276,2018_2019,2018-07-01,UNKNOWN,UNKNOWN,UNKNOWN,,,,FALSE,FEE IS UNKNOWN
0d16ce9b-278,plr_f60002c4,2018_2019,2018-07-01,UNKNOWN,UNKNOWN,LOAN,0.0,,0.0,FALSE,FEE IS LOAN
a3bd8d83-b0f,plr_49a2c216,2018_2019,2018-07-01,UNKNOWN,UNKNOWN,LOAN,0.0,,0.0,FALSE,FEE IS LOAN
20904422-83a,plr_8c9c1c01,2018_2019,2018-07-01,UNKNOWN,UNKNOWN,LOAN,0.0,,0.0,FALSE,FEE IS LOAN
1e8cf721-e96,plr_12d19a9d,2018_2019,2018-07-01,UNKNOWN,UNKNOWN,LOAN,0.0,,0.0,FALSE,FEE IS LOAN
95d43a04-2fd,plr_33e59122,2018_2019,2018-07-01,UNKNOWN,UNKNOWN,LOAN,0.0,,0.0,FALSE,FEE IS LOAN
d7dfa7a2-155,plr_97187ae2,2018_2019,2018-07-01,UNKNOWN,UNKNOWN,DISCLOSED,10000000.0,EUR,8590000.0,TRUE,
258e9bc6-c93,plr_d59aeda4,2018_2019,2018-07-01,UNKNOWN,UNKNOWN,LOAN,0.0,,0.0,FALSE,FEE IS LOAN
d5ad85e3-855,plr_4ca6b192,2018_2019,2018-07-01,UNKNOWN,UNKNOWN,FREE,0.0,,0.0,FALSE,FEE IS FREE
001c397a-62a,plr_aaa479d5,2018_2019,2018-07-01,UNKNOWN,UNKNOWN,FREE,0.0,,0.0,FALSE,FEE IS FREE
5115b633-b09,plr_8216d44e,2018_2019,2018-07-01,UNKNOWN,UNKNOWN,LOAN,0.0,,0.0,FALSE,FEE IS LOAN
80e98d80-389,plr_65b3cc94,2018_2019,2018-07-01,UNKNOWN,UNKNOWN,UNDISCLOSED,,,,FALSE,FEE IS UNDISCLOSED
a82e031e-90c,plr_1b53db53,2018_2019,2018-07-01,UNKNOWN,UNKNOWN,UNDISCLOSED,,,,FALSE,FEE IS UNDISCLOSED
34a9c3d9-303,plr_68357a6d,2018_2019,2018-07-01,UNKNOWN,UNKNOWN,LOAN,0.0,,0.0,FALSE,FEE IS LOAN
303bfb3c-afe,plr_2d1a08fa,2018_2019,2018-07-01,UNKNOWN,UNKNOWN,LOAN,0.0,,0.0,FALSE,FEE IS LOAN
38067b31-c17,plr_bdb389af,2018_2019,2018-07-01,UNKNOWN,UNKNOWN,UNKNOWN,,,,FALSE,FEE IS UNKNOWN
72ab3bc6-94b,plr_0b069697,2018_2019,2018-07-01,UNKNOWN,UNKNOWN,LOAN,0.0,,0.0,FALSE,FEE IS LOAN
57b03145-d18,plr_683143fb,2018_2019,2018-07-01,UNKNOWN,UNKNOWN,DISCLOSED,24000000.0,EUR,20616000.0,TRUE,
955f6f3c-859,plr_8b4df567,2018_2019,2018-07-01,UNKNOWN,UNKNOWN,DISCLOSED,10700000.0,EUR,9191300.0,TRUE,
1de0c933-e51,plr_80982b74,2018_2019,2018-07-01,UNKNOWN,UNKNOWN,DISCLOSED,7000000.0,EUR,6013000.0,TRUE,
02697d42-ecf,plr_b91e90c0,2018_2019,2018-07-01,UNKNOWN,UNKNOWN,DISCLOSED,6700000.0,EUR,5755300.0,TRUE,
90b0b4a8-eea,plr_9749115d,2018_2019,2018-07-01,UNKNOWN,UNKNOWN,DISCLOSED,4000000.0,EUR,3436000.0,TRUE,
57ecd9a0-a0e,plr_f8dd7e74,2018_2019,2018-07-01,UNKNOWN,UNKNOWN,DISCLOSED,4000000.0,EUR,3436000.0,TRUE,
6cdbad21-995,plr_d1bd9bdb,2018_2019,2018-07-01,UNKNOWN,UNKNOWN,LOAN,0.0,,0.0,FALSE,FEE IS LOAN
6819d0b2-2c7,plr_07013090,2018_2019,2018-07-01,UNKNOWN,UNKNOWN,LOAN,0.0,,0.0,FALSE,FEE IS LOAN
c76238cc-4e9,plr_c949338c,2018_2019,2018-07-01,UNKNOWN,UNKNOWN,FREE,0.0,,0.0,FALSE,FEE IS FREE
81745f23-6a1,plr_ba2fc205,2018_2019,2018-07-01,UNKNOWN,UNKNOWN,UNKNOWN,,,,FALSE,FEE IS UNKNOWN
07eccc79-4ca,plr_232a423a,2018_2019,2018-07-01,UNKNOWN,UNKNOWN,LOAN,0.0,,0.0,FALSE,FEE IS LOAN
0f1a068e-08a,plr_904aedd3,2018_2019,2018-07-01,UNKNOWN,UNKNOWN,LOAN,0.0,,0.0,FALSE,FEE IS LOAN
23b379ba-0f5,plr_a1746f2e,2018_2019,2018-07-01,UNKNOWN,UNKNOWN,LOAN,0.0,,0.0,FALSE,FEE IS LOAN
5761acbc-dfd,plr_b03effdc,2018_2019,2018-07-01,UNKNOWN,UNKNOWN,LOAN,0.0,,0.0,FALSE,FEE IS LOAN
df5b6e71-b2a,plr_5697f2a1,2018_2019,2018-07-01,UNKNOWN,UNKNOWN,LOAN,0.0,,0.0,FALSE,FEE IS LOAN
02613b19-6d4,plr_3654f1a3,2018_2019,2018-07-01,UNKNOWN,UNKNOWN,LOAN,0.0,,0.0,FALSE,FEE IS LOAN
ab024494-d78,plr_23cec891,2018_2019,2018-07-01,UNKNOWN,UNKNOWN,LOAN,0.0,,0.0,FALSE,FEE IS LOAN
1e9bd80b-9f1,plr_ec7e34e6,2018_2019,2018-07-01,UNKNOWN,UNKNOWN,LOAN,0.0,,0.0,FALSE,FEE IS LOAN
36a716b9-e9d,plr_36ad044e,2018_2019,2018-07-01,UNKNOWN,UNKNOWN,LOAN,0.0,,0.0,FALSE,FEE IS LOAN
c244b357-350,plr_d84f0880,2018_2019,2018-07-01,UNKNOWN,UNKNOWN,DISCLOSED,24700000.0,EUR,21217300.0,TRUE,
29537f30-d90,plr_15120ccc,2018_2019,2018-07-01,UNKNOWN,UNKNOWN,DISCLOSED,4660000.0,EUR,4002940.0,TRUE,
3d180d17-fd3,plr_3654f1a3,2018_2019,2018-07-01,UNKNOWN,UNKNOWN,LOAN,0.0,,0.0,FALSE,FEE IS LOAN
43609cea-5bb,plr_d563759e,2018_2019,2018-07-01,UNKNOWN,UNKNOWN,DISCLOSED,1900000.0,EUR,1632100.0,TRUE,
1cc9483a-08e,plr_5697f2a1,2018_2019,2018-07-01,UNKNOWN,UNKNOWN,LOAN,0.0,,0.0,FALSE,FEE IS LOAN
ada030c8-25c,plr_b03effdc,2018_2019,2018-07-01,UNKNOWN,UNKNOWN,LOAN,0.0,,0.0,FALSE,FEE IS LOAN
2b04e9c2-c65,plr_58ba4b80,2018_2019,2018-07-01,UNKNOWN,UNKNOWN,DISCLOSED,390000.0,EUR,335010.0,TRUE,
946281bb-9a2,plr_8c35e797,2018_2019,2018-07-01,UNKNOWN,UNKNOWN,FREE,0.0,,0.0,FALSE,FEE IS FREE
87a6266e-a70,plr_ff1658bd,2018_2019,2018-07-01,UNKNOWN,UNKNOWN,FREE,0.0,,0.0,FALSE,FEE IS FREE
5736d26d-f7c,plr_d830c030,2018_2019,2018-07-01,UNKNOWN,UNKNOWN,FREE,0.0,,0.0,FALSE,FEE IS FREE
72da5a55-c7e,plr_e1323f13,2018_2019,2018-07-01,UNKNOWN,UNKNOWN,UNKNOWN,,,,FALSE,FEE IS UNKNOWN
67cc4fd5-86e,plr_d1bd9bdb,2018_2019,2018-07-01,UNKNOWN,UNKNOWN,LOAN,0.0,,0.0,FALSE,FEE IS LOAN
9ff04104-87c,plr_48cc406b,2018_2019,2018-07-01,UNKNOWN,UNKNOWN,DISCLOSED,10700000.0,EUR,9191300.0,TRUE,
3a987efa-676,plr_c1f35599,2018_2019,2018-07-01,UNKNOWN,UNKNOWN,FREE,0.0,,0.0,FALSE,FEE IS FREE
296cc0c2-a98,plr_1f542b2d,2018_2019,2018-07-01,UNKNOWN,UNKNOWN,FREE,0.0,,0.0,FALSE,FEE IS FREE
892bbc32-c98,plr_8d8ea1ff,2018_2019,2018-07-01,UNKNOWN,UNKNOWN,FREE,0.0,,0.0,FALSE,FEE IS FREE
507f68de-332,plr_04400911,2018_2019,2018-07-01,UNKNOWN,UNKNOWN,LOAN,0.0,,0.0,FALSE,FEE IS LOAN
d51d067d-f94,plr_49a6ff23,2018_2019,2018-07-01,UNKNOWN,UNKNOWN,LOAN,0.0,,0.0,FALSE,FEE IS LOAN
2ac77a16-a40,plr_3f4d724e,2018_2019,2018-07-01,UNKNOWN,UNKNOWN,LOAN,0.0,,0.0,FALSE,FEE IS LOAN
21913cbb-256,plr_83eeec1c,2018_2019,2018-07-01,UNKNOWN,UNKNOWN,LOAN,0.0,,0.0,FALSE,FEE IS LOAN
aa8e438e-1ca,plr_e0254cba,2018_2019,2018-07-01,UNKNOWN,UNKNOWN,LOAN,0.0,,0.0,FALSE,FEE IS LOAN
9a83e3b9-bbf,plr_b1aa657c,2018_2019,2018-07-01,UNKNOWN,UNKNOWN,LOAN,0.0,,0.0,FALSE,FEE IS LOAN
4dc48002-23d,plr_89dcee99,2018_2019,2018-07-01,UNKNOWN,UNKNOWN,LOAN,0.0,,0.0,FALSE,FEE IS LOAN
59b4bc6c-af5,plr_79113137,2018_2019,2018-07-01,UNKNOWN,UNKNOWN,FREE,0.0,,0.0,FALSE,FEE IS FREE
104a5cb8-3fc,plr_0acc101a,2018_2019,2018-07-01,UNKNOWN,UNKNOWN,FREE,0.0,,0.0,FALSE,FEE IS FREE
3964fc3d-065,plr_03c67561,2018_2019,2018-07-01,UNKNOWN,UNKNOWN,FREE,0.0,,0.0,FALSE,FEE IS FREE
ed71c54e-ffe,plr_0ad1a8ed,2018_2019,2018-07-01,UNKNOWN,UNKNOWN,FREE,0.0,,0.0,FALSE,FEE IS FREE
faeeb9e6-489,plr_5d0d2c4c,2018_2019,2018-07-01,UNKNOWN,UNKNOWN,LOAN,0.0,,0.0,FALSE,FEE IS LOAN
181cf7e2-d30,plr_c47d46d4,2018_2019,2018-07-01,UNKNOWN,UNKNOWN,UNKNOWN,,,,FALSE,FEE IS UNKNOWN
ab90c440-f6a,plr_3cc9950d,2018_2019,2018-07-01,UNKNOWN,UNKNOWN,UNKNOWN,,,,FALSE,FEE IS UNKNOWN
07abd04c-6c6,plr_f53466cc,2018_2019,2018-07-01,UNKNOWN,UNKNOWN,LOAN,0.0,,0.0,FALSE,FEE IS LOAN
1b05ce03-ff9,plr_ec727651,2018_2019,2018-07-01,UNKNOWN,UNKNOWN,DISCLOSED,30500000.0,EUR,26199500.0,TRUE,
a53f295b-c35,plr_5b9e1947,2018_2019,2018-07-01,UNKNOWN,UNKNOWN,DISCLOSED,15000000.0,EUR,12885000.0,TRUE,
1b684efc-3ff,plr_033c1004,2018_2019,2018-07-01,UNKNOWN,UNKNOWN,DISCLOSED,13600000.0,EUR,11682400.0,TRUE,
fae93c04-bba,plr_3d5d63c5,2018_2019,2018-07-01,UNKNOWN,UNKNOWN,DISCLOSED,11300000.0,EUR,9706700.0,TRUE,
a362dd3f-1af,plr_8ce797ce,2018_2019,2018-07-01,UNKNOWN,UNKNOWN,LOAN,0.0,,0.0,FALSE,FEE IS LOAN
d72eb546-3b8,plr_658f15f6,2018_2019,2018-07-01,UNKNOWN,UNKNOWN,LOAN,0.0,,0.0,FALSE,FEE IS LOAN
ba875f3d-208,plr_c95ae376,2018_2019,2018-07-01,UNKNOWN,UNKNOWN,LOAN,0.0,,0.0,FALSE,FEE IS LOAN
7d3e7c5f-5f9,plr_2e1f7097,2018_2019,2018-07-01,UNKNOWN,UNKNOWN,LOAN,0.0,,0.0,FALSE,FEE IS LOAN
b980e6d7-9a0,plr_f92ed997,2018_2019,2018-07-01,UNKNOWN,UNKNOWN,LOAN,0.0,,0.0,FALSE,FEE IS LOAN
43ff15d8-35e,plr_21e3459d,2018_2019,2018-07-01,UNKNOWN,UNKNOWN,LOAN,0.0,,0.0,FALSE,FEE IS LOAN
5e7663ce-2ee,plr_ff5ef784,2018_2019,2018-07-01,UNKNOWN,UNKNOWN,LOAN,0.0,,0.0,FALSE,FEE IS LOAN
070e5b80-4c1,plr_6476b2dc,2018_2019,2018-07-01,UNKNOWN,UNKNOWN,LOAN,0.0,,0.0,FALSE,FEE IS LOAN
535d3edc-d58,plr_dd3313a6,2018_2019,2018-07-01,UNKNOWN,UNKNOWN,DISCLOSED,6800000.0,EUR,5841200.0,TRUE,
f3da6e02-047,plr_d2b94846,2018_2019,2018-07-01,UNKNOWN,UNKNOWN,FREE,0.0,,0.0,FALSE,FEE IS FREE
84ab7e8d-1b7,plr_3246f3a6,2018_2019,2018-07-01,UNKNOWN,UNKNOWN,FREE,0.0,,0.0,FALSE,FEE IS FREE
4f19fff2-c94,plr_aeb77cfe,2018_2019,2018-07-01,UNKNOWN,UNKNOWN,FREE,0.0,,0.0,FALSE,FEE IS FREE
aec500fc-97d,plr_69daac56,2018_2019,2018-07-01,UNKNOWN,UNKNOWN,LOAN,0.0,,0.0,FALSE,FEE IS LOAN
a1ecf004-7c2,plr_7804ba64,2018_2019,2018-07-01,UNKNOWN,UNKNOWN,LOAN,0.0,,0.0,FALSE,FEE IS LOAN
92472271-d48,plr_c2d96404,2018_2019,2018-07-01,UNKNOWN,UNKNOWN,UNKNOWN,,,,FALSE,FEE IS UNKNOWN
94d9d1fb-e64,plr_b7f75198,2018_2019,2018-07-01,UNKNOWN,UNKNOWN,DISCLOSED,38000000.0,EUR,32642000.0,TRUE,
2723a4f1-855,plr_90c0a9f1,2018_2019,2018-07-01,UNKNOWN,UNKNOWN,DISCLOSED,25000000.0,EUR,21475000.0,TRUE,
0f54bf27-4fb,plr_a2c9564b,2018_2019,2018-07-01,UNKNOWN,UNKNOWN,DISCLOSED,20000000.0,EUR,17180000.0,TRUE,
e8a01c23-9d7,plr_7cd03f7c,2018_2019,2018-07-01,UNKNOWN,UNKNOWN,DISCLOSED,8000000.0,EUR,6872000.0,TRUE,
e8c63d46-161,plr_cfbc0628,2018_2019,2018-07-01,UNKNOWN,UNKNOWN,DISCLOSED,4000000.0,EUR,3436000.0,TRUE,
e878fd13-882,plr_139846fd,2018_2019,2018-07-01,UNKNOWN,UNKNOWN,DISCLOSED,1500000.0,EUR,1288500.0,TRUE,
0cae97db-861,plr_79dfa87a,2018_2019,2018-07-01,UNKNOWN,UNKNOWN,FREE,0.0,,0.0,FALSE,FEE IS FREE
d331b257-190,plr_f1040d7b,2018_2019,2018-07-01,UNKNOWN,UNKNOWN,FREE,0.0,,0.0,FALSE,FEE IS FREE
7d292018-f3e,plr_ab143f4a,2018_2019,2018-07-01,UNKNOWN,UNKNOWN,UNKNOWN,,,,FALSE,FEE IS UNKNOWN
185c2c67-64f,plr_d1c27c2b,2018_2019,2018-07-01,UNKNOWN,UNKNOWN,UNKNOWN,,,,FALSE,FEE IS UNKNOWN
fd79df5c-e1f,plr_1748102c,2018_2019,2018-07-01,UNKNOWN,UNKNOWN,LOAN,0.0,,0.0,FALSE,FEE IS LOAN
a1ea5c8a-028,plr_0d312432,2018_2019,2018-07-01,UNKNOWN,UNKNOWN,LOAN,0.0,,0.0,FALSE,FEE IS LOAN
466f6503-6a9,plr_c12c754f,2018_2019,2018-07-01,UNKNOWN,UNKNOWN,LOAN,0.0,,0.0,FALSE,FEE IS LOAN
5dc42e70-048,plr_e0738d31,2018_2019,2018-07-01,UNKNOWN,UNKNOWN,LOAN,0.0,,0.0,FALSE,FEE IS LOAN
a9cca5cc-a8c,plr_8eb79c3b,2018_2019,2018-07-01,UNKNOWN,UNKNOWN,LOAN,0.0,,0.0,FALSE,FEE IS LOAN
f4d4f45f-828,plr_3854e802,2018_2019,2018-07-01,UNKNOWN,UNKNOWN,LOAN,0.0,,0.0,FALSE,FEE IS LOAN
91c8c55c-b98,plr_b71ee2e8,2018_2019,2018-07-01,UNKNOWN,UNKNOWN,DISCLOSED,1700000.0,EUR,1460300.0,TRUE,
7f84981f-a32,plr_1a9fe208,2018_2019,2018-07-01,UNKNOWN,UNKNOWN,LOAN,0.0,,0.0,FALSE,FEE IS LOAN
d1509db9-0ce,plr_3854e802,2018_2019,2018-07-01,UNKNOWN,UNKNOWN,LOAN,0.0,,0.0,FALSE,FEE IS LOAN
e0ec2098-de3,plr_6157f179,2018_2019,2018-07-01,UNKNOWN,UNKNOWN,UNKNOWN,,,,FALSE,FEE IS UNKNOWN
803dc930-366,plr_70bed105,2018_2019,2018-07-01,UNKNOWN,UNKNOWN,UNKNOWN,,,,FALSE,FEE IS UNKNOWN
7c783921-b0e,plr_997c20fc,2018_2019,2018-07-01,UNKNOWN,UNKNOWN,LOAN,0.0,,0.0,FALSE,FEE IS LOAN
39d72caf-ef8,plr_2bcc1d60,2018_2019,2018-07-01,UNKNOWN,UNKNOWN,DISCLOSED,13000000.0,EUR,11167000.0,TRUE,
d45ed6b1-2f9,plr_10f67678,2018_2019,2018-07-01,UNKNOWN,UNKNOWN,DISCLOSED,5000000.0,EUR,4295000.0,TRUE,
dba8a2a8-a18,plr_14ef6691,2018_2019,2018-07-01,UNKNOWN,UNKNOWN,DISCLOSED,2800000.0,EUR,2405200.0,TRUE,
8a5f675e-85c,plr_eef2b8a1,2018_2019,2018-07-01,UNKNOWN,UNKNOWN,DISCLOSED,2250000.0,EUR,1932750.0,TRUE,
c551e7b7-7c7,plr_6fefbeb3,2018_2019,2018-07-01,UNKNOWN,UNKNOWN,DISCLOSED,2250000.0,EUR,1932750.0,TRUE,
efe56e4e-587,plr_29d5fb1b,2018_2019,2018-07-01,UNKNOWN,UNKNOWN,DISCLOSED,2000000.0,EUR,1718000.0,TRUE,
4ec2ea3e-9b9,plr_05351ccb,2018_2019,2018-07-01,UNKNOWN,UNKNOWN,DISCLOSED,1700000.0,EUR,1460300.0,TRUE,
ffab1cca-431,plr_00c94cee,2018_2019,2018-07-01,UNKNOWN,UNKNOWN,DISCLOSED,1100000.0,EUR,944900.0,TRUE,
9e9e113d-020,plr_cd9bd9d3,2018_2019,2018-07-01,UNKNOWN,UNKNOWN,FREE,0.0,,0.0,FALSE,FEE IS FREE
bab75d68-b8d,plr_5c99aad1,2018_2019,2018-07-01,UNKNOWN,UNKNOWN,LOAN,0.0,,0.0,FALSE,FEE IS LOAN
deb6b08a-bb8,plr_dc60b2a4,2018_2019,2018-07-01,UNKNOWN,UNKNOWN,LOAN,0.0,,0.0,FALSE,FEE IS LOAN
89700cf9-dcd,plr_3cad7265,2018_2019,2018-07-01,UNKNOWN,UNKNOWN,LOAN,0.0,,0.0,FALSE,FEE IS LOAN
7343c55d-4bc,plr_8e475fc6,2018_2019,2018-07-01,UNKNOWN,UNKNOWN,LOAN,0.0,,0.0,FALSE,FEE IS LOAN
67cac30f-a53,plr_6d776454,2018_2019,2018-07-01,UNKNOWN,UNKNOWN,LOAN,0.0,,0.0,FALSE,FEE IS LOAN
1762d1f4-79f,plr_809868c9,2018_2019,2018-07-01,UNKNOWN,UNKNOWN,LOAN,0.0,,0.0,FALSE,FEE IS LOAN
90ac58f3-13c,plr_f9080939,2018_2019,2018-07-01,UNKNOWN,UNKNOWN,LOAN,0.0,,0.0,FALSE,FEE IS LOAN
690bd584-416,plr_c90a8ba3,2018_2019,2018-07-01,UNKNOWN,UNKNOWN,LOAN,0.0,,0.0,FALSE,FEE IS LOAN
98b3f191-13a,plr_dd6a08e5,2018_2019,2018-07-01,UNKNOWN,UNKNOWN,LOAN,0.0,,0.0,FALSE,FEE IS LOAN
83274432-7bc,plr_6bedab47,2018_2019,2018-07-01,UNKNOWN,UNKNOWN,LOAN,0.0,,0.0,FALSE,FEE IS LOAN
e9117d20-ed7,plr_e40ec0e3,2018_2019,2018-07-01,UNKNOWN,UNKNOWN,LOAN,0.0,,0.0,FALSE,FEE IS LOAN
88ca3777-c68,plr_1ca1924f,2018_2019,2018-07-01,UNKNOWN,UNKNOWN,LOAN,0.0,,0.0,FALSE,FEE IS LOAN
5a194d4a-1db,plr_d7bc5ce8,2018_2019,2018-07-01,UNKNOWN,UNKNOWN,LOAN,0.0,,0.0,FALSE,FEE IS LOAN
b6f1f0ee-7fb,plr_6d436e10,2018_2019,2018-07-01,UNKNOWN,UNKNOWN,LOAN,0.0,,0.0,FALSE,FEE IS LOAN
a9a27dc2-c96,plr_63898739,2018_2019,2018-07-01,UNKNOWN,UNKNOWN,LOAN,0.0,,0.0,FALSE,FEE IS LOAN
c9e60884-ce5,plr_5cec3e21,2018_2019,2018-07-01,UNKNOWN,UNKNOWN,DISCLOSED,2260000.0,EUR,1941340.0,TRUE,
8007818f-8f8,plr_7556f312,2018_2019,2018-07-01,UNKNOWN,UNKNOWN,LOAN,0.0,,0.0,FALSE,FEE IS LOAN
1f56d747-0ce,plr_4973ad04,2018_2019,2018-07-01,UNKNOWN,UNKNOWN,LOAN,0.0,,0.0,FALSE,FEE IS LOAN
34ba1fdd-49f,plr_50d405e2,2018_2019,2018-07-01,UNKNOWN,UNKNOWN,LOAN,0.0,,0.0,FALSE,FEE IS LOAN
594d9b32-d6a,plr_05351ccb,2018_2019,2018-07-01,UNKNOWN,UNKNOWN,LOAN,0.0,,0.0,FALSE,FEE IS LOAN
658b9f59-87f,plr_99a0b97b,2018_2019,2018-07-01,UNKNOWN,UNKNOWN,UNKNOWN,,,,FALSE,FEE IS UNKNOWN
3700690e-4d0,plr_5590365a,2018_2019,2018-07-01,UNKNOWN,UNKNOWN,LOAN,0.0,,0.0,FALSE,FEE IS LOAN
591ccbf4-ce3,plr_15106284,2018_2019,2018-07-01,UNKNOWN,UNKNOWN,LOAN,0.0,,0.0,FALSE,FEE IS LOAN
09e057de-904,plr_067c4372,2018_2019,2018-07-01,UNKNOWN,UNKNOWN,LOAN,0.0,,0.0,FALSE,FEE IS LOAN
afd4aad2-eec,plr_508aa546,2018_2019,2018-07-01,UNKNOWN,UNKNOWN,DISCLOSED,22500000.0,EUR,19327500.0,TRUE,
769168e5-260,plr_42047687,2018_2019,2018-07-01,UNKNOWN,UNKNOWN,DISCLOSED,16800000.0,EUR,14431200.0,TRUE,
e6df14b9-a42,plr_928f982d,2018_2019,2018-07-01,UNKNOWN,UNKNOWN,DISCLOSED,10000000.0,EUR,8590000.0,TRUE,
bd25b361-2c1,plr_fac1aa20,2018_2019,2018-07-01,UNKNOWN,UNKNOWN,DISCLOSED,8000000.0,EUR,6872000.0,TRUE,
2e104d1f-de9,plr_44468301,2018_2019,2018-07-01,UNKNOWN,UNKNOWN,DISCLOSED,7000000.0,EUR,6013000.0,TRUE,
389bc865-ef8,plr_9a987637,2018_2019,2018-07-01,UNKNOWN,UNKNOWN,DISCLOSED,6000000.0,EUR,5154000.0,TRUE,
3418aa80-e7a,plr_532641b2,2018_2019,2018-07-01,UNKNOWN,UNKNOWN,DISCLOSED,4500000.0,EUR,3865500.0,TRUE,
d36f7e8c-e51,plr_8e85c7c2,2018_2019,2018-07-01,UNKNOWN,UNKNOWN,DISCLOSED,3550000.0,EUR,3049450.0,TRUE,
d4404a9f-9e1,plr_0c703dfb,2018_2019,2018-07-01,UNKNOWN,UNKNOWN,DISCLOSED,3200000.0,EUR,2748800.0,TRUE,
49753934-46c,plr_96298588,2018_2019,2018-07-01,UNKNOWN,UNKNOWN,DISCLOSED,3000000.0,EUR,2577000.0,TRUE,
81ec8f34-2e3,plr_7bd3aa74,2018_2019,2018-07-01,UNKNOWN,UNKNOWN,DISCLOSED,2900000.0,EUR,2491100.0,TRUE,
64063f07-c08,plr_e009af45,2018_2019,2018-07-01,UNKNOWN,UNKNOWN,DISCLOSED,2200000.0,EUR,1889800.0,TRUE,
44b44c03-16c,plr_0fb22b71,2018_2019,2018-07-01,UNKNOWN,UNKNOWN,DISCLOSED,860000.0,EUR,738740.0,TRUE,
e424c6dd-a45,plr_70850120,2018_2019,2018-07-01,UNKNOWN,UNKNOWN,DISCLOSED,110000.0,EUR,94490.0,TRUE,
f6be99ce-a38,plr_481b06bc,2018_2019,2018-07-01,UNKNOWN,UNKNOWN,FREE,0.0,,0.0,FALSE,FEE IS FREE
9ac100ed-d52,plr_c69b7eb0,2018_2019,2018-07-01,UNKNOWN,UNKNOWN,FREE,0.0,,0.0,FALSE,FEE IS FREE
72347274-4cd,plr_1435248e,2018_2019,2018-07-01,UNKNOWN,UNKNOWN,UNKNOWN,,,,FALSE,FEE IS UNKNOWN
0c73522d-800,plr_1c385151,2018_2019,2018-07-01,UNKNOWN,UNKNOWN,LOAN,0.0,,0.0,FALSE,FEE IS LOAN
1390d67b-dfb,plr_75c9ca1c,2018_2019,2018-07-01,UNKNOWN,UNKNOWN,LOAN,0.0,,0.0,FALSE,FEE IS LOAN
3ff0f8cc-411,plr_bdad5a63,2018_2019,2018-07-01,UNKNOWN,UNKNOWN,LOAN,0.0,,0.0,FALSE,FEE IS LOAN
5eccadd9-ae6,plr_79d29f46,2018_2019,2018-07-01,UNKNOWN,UNKNOWN,LOAN,0.0,,0.0,FALSE,FEE IS LOAN
570aab37-715,plr_45f9f711,2018_2019,2018-07-01,UNKNOWN,UNKNOWN,LOAN,0.0,,0.0,FALSE,FEE IS LOAN
57a18421-3ca,plr_9756da42,2018_2019,2018-07-01,UNKNOWN,UNKNOWN,LOAN,0.0,,0.0,FALSE,FEE IS LOAN
009d45c0-5d0,plr_b91fcd95,2018_2019,2018-07-01,UNKNOWN,UNKNOWN,LOAN,0.0,,0.0,FALSE,FEE IS LOAN
c2048fbd-2ba,plr_297fcbf4,2018_2019,2018-07-01,UNKNOWN,UNKNOWN,DISCLOSED,3900000.0,EUR,3350100.0,TRUE,
447a6003-3f2,plr_d402040f,2018_2019,2018-07-01,UNKNOWN,UNKNOWN,DISCLOSED,3400000.0,EUR,2920600.0,TRUE,
d39e6cca-4d3,plr_ec10e15f,2018_2019,2018-07-01,UNKNOWN,UNKNOWN,DISCLOSED,1200000.0,EUR,1030800.0,TRUE,
203d1b11-b6b,plr_bae8356d,2018_2019,2018-07-01,UNKNOWN,UNKNOWN,DISCLOSED,1000000.0,EUR,859000.0,TRUE,
af65ad09-dbe,plr_542254da,2018_2019,2018-07-01,UNKNOWN,UNKNOWN,LOAN,0.0,,0.0,FALSE,FEE IS LOAN
13644e07-e83,plr_80d879f8,2018_2019,2018-07-01,UNKNOWN,UNKNOWN,FREE,0.0,,0.0,FALSE,FEE IS FREE
48b5bd5e-679,plr_644567f2,2018_2019,2018-07-01,UNKNOWN,UNKNOWN,FREE,0.0,,0.0,FALSE,FEE IS FREE
bb7e6ecc-7d6,plr_78796759,2018_2019,2018-07-01,UNKNOWN,UNKNOWN,FREE,0.0,,0.0,FALSE,FEE IS FREE
599850ca-b3d,plr_6d0bc404,2018_2019,2018-07-01,UNKNOWN,UNKNOWN,FREE,0.0,,0.0,FALSE,FEE IS FREE
62626b1e-165,plr_5c90254f,2018_2019,2018-07-01,UNKNOWN,UNKNOWN,LOAN,0.0,,0.0,FALSE,FEE IS LOAN
258856e1-a6d,plr_4d79fe1b,2018_2019,2018-07-01,UNKNOWN,UNKNOWN,LOAN,0.0,,0.0,FALSE,FEE IS LOAN
dcd3371e-53d,plr_ddf7ec45,2018_2019,2018-07-01,UNKNOWN,UNKNOWN,UNKNOWN,,,,FALSE,FEE IS UNKNOWN
2d3c2245-da5,plr_74ffea05,2018_2019,2018-07-01,UNKNOWN,UNKNOWN,UNKNOWN,,,,FALSE,FEE IS UNKNOWN
3afa8195-575,plr_21ee61ef,2018_2019,2018-07-01,UNKNOWN,UNKNOWN,DISCLOSED,20000000.0,EUR,17180000.0,TRUE,
07e12b19-9e2,plr_51391b30,2018_2019,2018-07-01,UNKNOWN,UNKNOWN,DISCLOSED,10000000.0,EUR,8590000.0,TRUE,
c13e3244-d82,plr_589e4b01,2018_2019,2018-07-01,UNKNOWN,UNKNOWN,DISCLOSED,6500000.0,EUR,5583500.0,TRUE,
18bec550-f6b,plr_cb9f6842,2018_2019,2018-07-01,UNKNOWN,UNKNOWN,DISCLOSED,5000000.0,EUR,4295000.0,TRUE,
1bdfc572-9d3,plr_51a2507f,2018_2019,2018-07-01,UNKNOWN,UNKNOWN,DISCLOSED,2500000.0,EUR,2147500.0,TRUE,
c11857a1-c94,plr_356080e0,2018_2019,2018-07-01,UNKNOWN,UNKNOWN,DISCLOSED,2500000.0,EUR,2147500.0,TRUE,
055d8abf-c2b,plr_ef63cbf4,2018_2019,2018-07-01,UNKNOWN,UNKNOWN,LOAN,0.0,,0.0,FALSE,FEE IS LOAN
90e6906b-483,plr_49df5af6,2018_2019,2018-07-01,UNKNOWN,UNKNOWN,DISCLOSED,1700000.0,EUR,1460300.0,TRUE,
46308530-943,plr_d108932b,2018_2019,2018-07-01,UNKNOWN,UNKNOWN,FREE,0.0,,0.0,FALSE,FEE IS FREE
483f5d78-0cd,plr_0a48edd5,2018_2019,2018-07-01,UNKNOWN,UNKNOWN,LOAN,0.0,,0.0,FALSE,FEE IS LOAN
57876c9b-5e7,plr_275e541b,2018_2019,2018-07-01,UNKNOWN,UNKNOWN,LOAN,0.0,,0.0,FALSE,FEE IS LOAN
ffcc1a39-1f6,plr_c5093729,2018_2019,2018-07-01,UNKNOWN,UNKNOWN,LOAN,0.0,,0.0,FALSE,FEE IS LOAN
200f529a-0d0,plr_93c18389,2018_2019,2018-07-01,UNKNOWN,UNKNOWN,DISCLOSED,11200000.0,EUR,9620800.0,TRUE,
f4544e45-b64,plr_589e4b01,2018_2019,2018-07-01,UNKNOWN,UNKNOWN,LOAN,0.0,,0.0,FALSE,FEE IS LOAN
1f0f2a36-829,plr_3df9f4fd,2018_2019,2018-07-01,UNKNOWN,UNKNOWN,DISCLOSED,330000.0,EUR,283470.0,TRUE,
5bd52f5c-b75,plr_d50dd6ed,2018_2019,2018-07-01,UNKNOWN,UNKNOWN,FREE,0.0,,0.0,FALSE,FEE IS FREE
fe4937a4-af3,plr_62838a01,2018_2019,2018-07-01,UNKNOWN,UNKNOWN,FREE,0.0,,0.0,FALSE,FEE IS FREE
954e7054-45e,plr_d0f5cbb0,2018_2019,2018-07-01,UNKNOWN,UNKNOWN,FREE,0.0,,0.0,FALSE,FEE IS FREE
b3ac6c15-d57,plr_39f26118,2018_2019,2018-07-01,UNKNOWN,UNKNOWN,UNDISCLOSED,,,,FALSE,FEE IS UNDISCLOSED
ed15286b-373,plr_7364eb4d,2018_2019,2018-07-01,UNKNOWN,UNKNOWN,LOAN,0.0,,0.0,FALSE,FEE IS LOAN
3ccca1bc-51a,plr_5d581b1f,2018_2019,2018-07-01,UNKNOWN,UNKNOWN,UNKNOWN,,,,FALSE,FEE IS UNKNOWN
752f5a3a-7f2,plr_219ef86c,2018_2019,2018-07-01,UNKNOWN,UNKNOWN,DISCLOSED,25000000.0,EUR,21475000.0,TRUE,
e2798055-cf7,plr_5d586ba2,2018_2019,2018-07-01,UNKNOWN,UNKNOWN,DISCLOSED,18000000.0,EUR,15462000.0,TRUE,
6768acf6-09c,plr_3a776316,2018_2019,2018-07-01,UNKNOWN,UNKNOWN,DISCLOSED,7950000.0,EUR,6829050.0,TRUE,
3e1b5f65-f9b,plr_cd2c67e2,2018_2019,2018-07-01,UNKNOWN,UNKNOWN,UNKNOWN,,,,FALSE,FEE IS UNKNOWN
a38cf3ac-f51,plr_6e664c42,2018_2019,2018-07-01,UNKNOWN,UNKNOWN,UNKNOWN,,,,FALSE,FEE IS UNKNOWN
69b7eeee-d7d,plr_a146657c,2018_2019,2018-07-01,UNKNOWN,UNKNOWN,LOAN,0.0,,0.0,FALSE,FEE IS LOAN
897aa200-2bb,plr_278a8bc8,2018_2019,2018-07-01,UNKNOWN,UNKNOWN,LOAN,0.0,,0.0,FALSE,FEE IS LOAN
47432aac-a44,plr_313f12dc,2018_2019,2018-07-01,UNKNOWN,UNKNOWN,LOAN,0.0,,0.0,FALSE,FEE IS LOAN
7a47bd0d-8df,plr_9e73b010,2018_2019,2018-07-01,UNKNOWN,UNKNOWN,LOAN,0.0,,0.0,FALSE,FEE IS LOAN
98da82ca-ccb,plr_f65813bf,2018_2019,2018-07-01,UNKNOWN,UNKNOWN,LOAN,0.0,,0.0,FALSE,FEE IS LOAN
ef46dc62-f81,plr_41324808,2018_2019,2018-07-01,UNKNOWN,UNKNOWN,LOAN,0.0,,0.0,FALSE,FEE IS LOAN
ad2f9ac8-54d,plr_4c011e79,2018_2019,2018-07-01,UNKNOWN,UNKNOWN,LOAN,0.0,,0.0,FALSE,FEE IS LOAN
3ea76657-b75,plr_fae31dc3,2018_2019,2018-07-01,UNKNOWN,UNKNOWN,LOAN,0.0,,0.0,FALSE,FEE IS LOAN
24e4c4fb-3c5,plr_7d183e89,2018_2019,2018-07-01,UNKNOWN,UNKNOWN,DISCLOSED,13700000.0,EUR,11768300.0,TRUE,
eff10b20-d8c,plr_1eade641,2018_2019,2018-07-01,UNKNOWN,UNKNOWN,DISCLOSED,11900000.0,EUR,10222100.0,TRUE,
1fd63c0a-78a,plr_3d7157e4,2018_2019,2018-07-01,UNKNOWN,UNKNOWN,LOAN,0.0,,0.0,FALSE,FEE IS LOAN
f6dac68b-999,plr_0a23966c,2018_2019,2018-07-01,UNKNOWN,UNKNOWN,FREE,0.0,,0.0,FALSE,FEE IS FREE
b002e324-223,plr_d9109e60,2018_2019,2018-07-01,UNKNOWN,UNKNOWN,LOAN,0.0,,0.0,FALSE,FEE IS LOAN
22666d1a-008,plr_a025e6c4,2018_2019,2018-07-01,UNKNOWN,UNKNOWN,LOAN,0.0,,0.0,FALSE,FEE IS LOAN
70affbee-59e,plr_6ca9fe9b,2018_2019,2018-07-01,UNKNOWN,UNKNOWN,LOAN,0.0,,0.0,FALSE,FEE IS LOAN
df18807e-142,plr_d8729aa8,2018_2019,2018-07-01,UNKNOWN,UNKNOWN,UNKNOWN,,,,FALSE,FEE IS UNKNOWN
d5099bb6-ed7,plr_fbb432c5,2018_2019,2018-07-01,UNKNOWN,UNKNOWN,DISCLOSED,21000000.0,EUR,18039000.0,TRUE,
6f5901e4-ae7,plr_a3aa127d,2018_2019,2018-07-01,UNKNOWN,UNKNOWN,DISCLOSED,20000000.0,EUR,17180000.0,TRUE,
390223a4-88e,plr_52f212ca,2018_2019,2018-07-01,UNKNOWN,UNKNOWN,DISCLOSED,18000000.0,EUR,15462000.0,TRUE,
a6a1eb61-4a8,plr_402c4293,2018_2019,2018-07-01,UNKNOWN,UNKNOWN,DISCLOSED,14000000.0,EUR,12026000.0,TRUE,
27fc4ec8-af6,plr_ccd9271d,2018_2019,2018-07-01,UNKNOWN,UNKNOWN,DISCLOSED,12000000.0,EUR,10308000.0,TRUE,
c13d9eb9-848,plr_381c6142,2018_2019,2018-07-01,UNKNOWN,UNKNOWN,DISCLOSED,5600000.0,EUR,4810400.0,TRUE,
cf024e2c-061,plr_ea7ecd13,2018_2019,2018-07-01,UNKNOWN,UNKNOWN,DISCLOSED,4750000.0,EUR,4080250.0,TRUE,
d6348ad8-9d8,plr_6bcbb576,2018_2019,2018-07-01,UNKNOWN,UNKNOWN,DISCLOSED,4000000.0,EUR,3436000.0,TRUE,
7b65831c-e7e,plr_b552a30b,2018_2019,2018-07-01,UNKNOWN,UNKNOWN,LOAN,0.0,,0.0,FALSE,FEE IS LOAN
863e9f0e-fd8,plr_12791f67,2018_2019,2018-07-01,UNKNOWN,UNKNOWN,DISCLOSED,2250000.0,EUR,1932750.0,TRUE,
e53341c6-8cb,plr_2411b26a,2018_2019,2018-07-01,UNKNOWN,UNKNOWN,LOAN,0.0,,0.0,FALSE,FEE IS LOAN
12159972-27b,plr_81bd3dec,2018_2019,2018-07-01,UNKNOWN,UNKNOWN,UNKNOWN,,,,FALSE,FEE IS UNKNOWN
a502254b-0fb,plr_aa6d4004,2018_2019,2018-07-01,UNKNOWN,UNKNOWN,LOAN,0.0,,0.0,FALSE,FEE IS LOAN
826294da-324,plr_b3f9e840,2018_2019,2018-07-01,UNKNOWN,UNKNOWN,LOAN,0.0,,0.0,FALSE,FEE IS LOAN
9ecaaf17-1f3,plr_f18b43ca,2018_2019,2018-07-01,UNKNOWN,UNKNOWN,LOAN,0.0,,0.0,FALSE,FEE IS LOAN
d4e41c1e-4be,plr_d848230f,2018_2019,2018-07-01,UNKNOWN,UNKNOWN,LOAN,0.0,,0.0,FALSE,FEE IS LOAN
b2e29af6-c6a,plr_cfc53e6f,2018_2019,2018-07-01,UNKNOWN,UNKNOWN,LOAN,0.0,,0.0,FALSE,FEE IS LOAN
6e123573-609,plr_a7a8e27e,2018_2019,2018-07-01,UNKNOWN,UNKNOWN,LOAN,0.0,,0.0,FALSE,FEE IS LOAN
f2d361a4-4e3,plr_b6925aa9,2018_2019,2018-07-01,UNKNOWN,UNKNOWN,LOAN,0.0,,0.0,FALSE,FEE IS LOAN
89b7ee98-677,plr_b0573e64,2018_2019,2018-07-01,UNKNOWN,UNKNOWN,LOAN,0.0,,0.0,FALSE,FEE IS LOAN
07455452-def,plr_7c13b581,2018_2019,2018-07-01,UNKNOWN,UNKNOWN,LOAN,0.0,,0.0,FALSE,FEE IS LOAN
2a8ad230-c87,plr_0fdd50bf,2018_2019,2018-07-01,UNKNOWN,UNKNOWN,LOAN,0.0,,0.0,FALSE,FEE IS LOAN
b4b9bfb5-197,plr_ce62070e,2018_2019,2018-07-01,UNKNOWN,UNKNOWN,LOAN,0.0,,0.0,FALSE,FEE IS LOAN
92967ac3-da2,plr_e535da10,2018_2019,2018-07-01,UNKNOWN,UNKNOWN,LOAN,0.0,,0.0,FALSE,FEE IS LOAN
4fc718b8-12c,plr_93c60ef5,2018_2019,2018-07-01,UNKNOWN,UNKNOWN,LOAN,0.0,,0.0,FALSE,FEE IS LOAN
6b3f2e46-dfb,plr_15f47109,2018_2019,2018-07-01,UNKNOWN,UNKNOWN,LOAN,0.0,,0.0,FALSE,FEE IS LOAN
8fcfb14e-9e7,plr_3c55134e,2018_2019,2018-07-01,UNKNOWN,UNKNOWN,DISCLOSED,3400000.0,EUR,2920600.0,TRUE,
46e9df8d-f84,plr_b15a3186,2018_2019,2018-07-01,UNKNOWN,UNKNOWN,DISCLOSED,1700000.0,EUR,1460300.0,TRUE,
a10c47af-9c8,plr_58a7dc5c,2018_2019,2018-07-01,UNKNOWN,UNKNOWN,LOAN,0.0,,0.0,FALSE,FEE IS LOAN
877b91ad-a61,plr_a02db3d9,2018_2019,2018-07-01,UNKNOWN,UNKNOWN,FREE,0.0,,0.0,FALSE,FEE IS FREE
6252cf1f-24a,plr_915fc11e,2018_2019,2018-07-01,UNKNOWN,UNKNOWN,LOAN,0.0,,0.0,FALSE,FEE IS LOAN
cd50324e-b4b,plr_7a861a20,2018_2019,2018-07-01,UNKNOWN,UNKNOWN,UNDISCLOSED,,,,FALSE,FEE IS UNDISCLOSED
958780aa-69d,plr_ab8a11b4,2018_2019,2018-07-01,UNKNOWN,UNKNOWN,LOAN,0.0,,0.0,FALSE,FEE IS LOAN
5e7ac54e-aec,plr_cc2722c3,2018_2019,2018-07-01,UNKNOWN,UNKNOWN,LOAN,0.0,,0.0,FALSE,FEE IS LOAN
259b1a3c-bc0,plr_a60fe08b,2018_2019,2018-07-01,UNKNOWN,UNKNOWN,LOAN,0.0,,0.0,FALSE,FEE IS LOAN
ac351f19-f63,plr_06d24ca4,2018_2019,2018-07-01,UNKNOWN,UNKNOWN,UNKNOWN,,,,FALSE,FEE IS UNKNOWN
e6db45c9-16f,plr_8c98f86f,2018_2019,2018-07-01,UNKNOWN,UNKNOWN,LOAN,0.0,,0.0,FALSE,FEE IS LOAN
fb323077-5d0,plr_e4cf7745,2018_2019,2018-07-01,UNKNOWN,UNKNOWN,DISCLOSED,17000000.0,EUR,14603000.0,TRUE,
1a298a91-2d7,plr_6ec72bd1,2018_2019,2018-07-01,UNKNOWN,UNKNOWN,DISCLOSED,11400000.0,EUR,9792600.0,TRUE,
480b59ac-62f,plr_7ef751fc,2018_2019,2018-07-01,UNKNOWN,UNKNOWN,DISCLOSED,11350000.0,EUR,9749650.0,TRUE,
5dd0736a-f33,plr_4fbd51a7,2018_2019,2018-07-01,UNKNOWN,UNKNOWN,DISCLOSED,4000000.0,EUR,3436000.0,TRUE,
17a43adc-dab,plr_f5c50b75,2018_2019,2018-07-01,UNKNOWN,UNKNOWN,DISCLOSED,4000000.0,EUR,3436000.0,TRUE,
e59c9cbe-e92,plr_f37fe529,2018_2019,2018-07-01,UNKNOWN,UNKNOWN,DISCLOSED,3450000.0,EUR,2963550.0,TRUE,
f4df9a79-fb3,plr_764b8447,2018_2019,2018-07-01,UNKNOWN,UNKNOWN,LOAN,0.0,,0.0,FALSE,FEE IS LOAN
c7e03e61-7d2,plr_e5eba929,2018_2019,2018-07-01,UNKNOWN,UNKNOWN,LOAN,0.0,,0.0,FALSE,FEE IS LOAN
d20d5528-ba8,plr_a7a03daf,2018_2019,2018-07-01,UNKNOWN,UNKNOWN,LOAN,0.0,,0.0,FALSE,FEE IS LOAN
17877369-45f,plr_2eb35371,2018_2019,2018-07-01,UNKNOWN,UNKNOWN,LOAN,0.0,,0.0,FALSE,FEE IS LOAN
2a016b9b-887,plr_767a4f43,2018_2019,2018-07-01,UNKNOWN,UNKNOWN,LOAN,0.0,,0.0,FALSE,FEE IS LOAN
41ca5fa2-039,plr_bc07e45c,2018_2019,2018-07-01,UNKNOWN,UNKNOWN,LOAN,0.0,,0.0,FALSE,FEE IS LOAN
abb7c960-9b0,plr_9de7334c,2018_2019,2018-07-01,UNKNOWN,UNKNOWN,LOAN,0.0,,0.0,FALSE,FEE IS LOAN
df6061bf-ba8,plr_5faa6205,2018_2019,2018-07-01,UNKNOWN,UNKNOWN,LOAN,0.0,,0.0,FALSE,FEE IS LOAN
0e715b46-cf1,plr_09500794,2018_2019,2018-07-01,UNKNOWN,UNKNOWN,LOAN,0.0,,0.0,FALSE,FEE IS LOAN
cecc8d21-30c,plr_d0ee064b,2018_2019,2018-07-01,UNKNOWN,UNKNOWN,FREE,0.0,,0.0,FALSE,FEE IS FREE
882d1458-c91,plr_cd009cc7,2018_2019,2018-07-01,UNKNOWN,UNKNOWN,FREE,0.0,,0.0,FALSE,FEE IS FREE
661b3a40-6c9,plr_ca484a81,2018_2019,2018-07-01,UNKNOWN,UNKNOWN,FREE,0.0,,0.0,FALSE,FEE IS FREE
67f5c120-481,plr_d7fe2cd8,2018_2019,2018-07-01,UNKNOWN,UNKNOWN,FREE,0.0,,0.0,FALSE,FEE IS FREE
78a145a6-d3e,plr_8d3c236f,2018_2019,2018-07-01,UNKNOWN,UNKNOWN,FREE,0.0,,0.0,FALSE,FEE IS FREE
bfd41eb9-9da,plr_473d5f24,2018_2019,2018-07-01,UNKNOWN,UNKNOWN,UNKNOWN,,,,FALSE,FEE IS UNKNOWN
432483bc-829,plr_1be8bdba,2018_2019,2018-07-01,UNKNOWN,UNKNOWN,UNKNOWN,,,,FALSE,FEE IS UNKNOWN
18ff7051-09e,plr_c80c7ccc,2018_2019,2018-07-01,UNKNOWN,UNKNOWN,UNKNOWN,,,,FALSE,FEE IS UNKNOWN
83946009-ca5,plr_0b2d53f9,2018_2019,2018-07-01,UNKNOWN,UNKNOWN,DISCLOSED,30000000.0,EUR,25770000.0,TRUE,
37cdfe8d-6e1,plr_03815c0c,2018_2019,2018-07-01,UNKNOWN,UNKNOWN,DISCLOSED,24850000.0,EUR,21346150.0,TRUE,
12d98aac-337,plr_9911a387,2018_2019,2018-07-01,UNKNOWN,UNKNOWN,DISCLOSED,16850000.0,EUR,14474150.0,TRUE,
5863bef9-1c6,plr_c609ab88,2018_2019,2018-07-01,UNKNOWN,UNKNOWN,DISCLOSED,6700000.0,EUR,5755300.0,TRUE,
f2389805-140,plr_e359d2cb,2018_2019,2018-07-01,UNKNOWN,UNKNOWN,DISCLOSED,6000000.0,EUR,5154000.0,TRUE,
136a9208-afa,plr_ff89e002,2018_2019,2018-07-01,UNKNOWN,UNKNOWN,DISCLOSED,4000000.0,EUR,3436000.0,TRUE,
3273aaa7-6eb,plr_280548db,2018_2019,2018-07-01,UNKNOWN,UNKNOWN,DISCLOSED,2000000.0,EUR,1718000.0,TRUE,
3218348c-32c,plr_25eaca77,2018_2019,2018-07-01,UNKNOWN,UNKNOWN,LOAN,0.0,,0.0,FALSE,FEE IS LOAN
04c7c63c-fa3,plr_5c0d9924,2018_2019,2018-07-01,UNKNOWN,UNKNOWN,LOAN,0.0,,0.0,FALSE,FEE IS LOAN
235da142-83f,plr_2eb6d93e,2018_2019,2018-07-01,UNKNOWN,UNKNOWN,LOAN,0.0,,0.0,FALSE,FEE IS LOAN
0ee60012-ed4,plr_570ce681,2018_2019,2018-07-01,UNKNOWN,UNKNOWN,LOAN,0.0,,0.0,FALSE,FEE IS LOAN
f5d1de04-364,plr_19f13b01,2018_2019,2018-07-01,UNKNOWN,UNKNOWN,LOAN,0.0,,0.0,FALSE,FEE IS LOAN
807a1012-563,plr_cc0853b8,2018_2019,2018-07-01,UNKNOWN,UNKNOWN,LOAN,0.0,,0.0,FALSE,FEE IS LOAN
838085be-348,plr_048a1491,2018_2019,2018-07-01,UNKNOWN,UNKNOWN,LOAN,0.0,,0.0,FALSE,FEE IS LOAN
ed420978-8b4,plr_d55c1ee9,2018_2019,2018-07-01,UNKNOWN,UNKNOWN,FREE,0.0,,0.0,FALSE,FEE IS FREE
6f30a92d-d14,plr_5a8c03f0,2018_2019,2018-07-01,UNKNOWN,UNKNOWN,LOAN,0.0,,0.0,FALSE,FEE IS LOAN
1f5f0199-e93,plr_c5bab3c8,2018_2019,2018-07-01,UNKNOWN,UNKNOWN,LOAN,0.0,,0.0,FALSE,FEE IS LOAN
b2a97bea-95e,plr_1e8508af,2019_2020,2019-07-01,UNKNOWN,UNKNOWN,DISCLOSED,70000000.0,EUR,60130000.0,TRUE,
f939f9d7-bdb,plr_50ba33e6,2019_2020,2019-07-01,UNKNOWN,UNKNOWN,DISCLOSED,65000000.0,EUR,55835000.0,TRUE,
31da409f-081,plr_03e9bed5,2019_2020,2019-07-01,UNKNOWN,UNKNOWN,DISCLOSED,12000000.0,EUR,10308000.0,TRUE,
351561ce-cfd,plr_50624195,2019_2020,2019-07-01,UNKNOWN,UNKNOWN,DISCLOSED,12000000.0,EUR,10308000.0,TRUE,
b8ab7475-5a9,plr_5a549c34,2019_2020,2019-07-01,UNKNOWN,UNKNOWN,DISCLOSED,6820000.0,EUR,5858380.0,TRUE,
c804e0d3-10b,plr_3687db84,2019_2020,2019-07-01,UNKNOWN,UNKNOWN,DISCLOSED,3000000.0,EUR,2577000.0,TRUE,
1fcb26c0-f94,plr_d19559f2,2019_2020,2019-07-01,UNKNOWN,UNKNOWN,DISCLOSED,1000000.0,EUR,859000.0,TRUE,
c9f00d03-7cb,plr_520ab15b,2019_2020,2019-07-01,UNKNOWN,UNKNOWN,LOAN,0.0,,0.0,FALSE,FEE IS LOAN
bd4bc21b-022,plr_3bcccd90,2019_2020,2019-07-01,UNKNOWN,UNKNOWN,UNKNOWN,,,,FALSE,FEE IS UNKNOWN
75ed98fd-60f,plr_e90d8ba9,2019_2020,2019-07-01,UNKNOWN,UNKNOWN,UNKNOWN,,,,FALSE,FEE IS UNKNOWN
87f3d02a-27a,plr_91ffa211,2019_2020,2019-07-01,UNKNOWN,UNKNOWN,UNKNOWN,,,,FALSE,FEE IS UNKNOWN
beed76de-bf0,plr_da872fd3,2019_2020,2019-07-01,UNKNOWN,UNKNOWN,LOAN,0.0,,0.0,FALSE,FEE IS LOAN
68e122f8-5c3,plr_27a97d88,2019_2020,2019-07-01,UNKNOWN,UNKNOWN,LOAN,0.0,,0.0,FALSE,FEE IS LOAN
0d554bc2-930,plr_7b63aa7a,2019_2020,2019-07-01,UNKNOWN,UNKNOWN,LOAN,0.0,,0.0,FALSE,FEE IS LOAN
f5c80707-edb,plr_bc5db7b4,2019_2020,2019-07-01,UNKNOWN,UNKNOWN,LOAN,0.0,,0.0,FALSE,FEE IS LOAN
d3857264-393,plr_00a03259,2019_2020,2019-07-01,UNKNOWN,UNKNOWN,LOAN,0.0,,0.0,FALSE,FEE IS LOAN
6646ea64-292,plr_d1cdbf30,2019_2020,2019-07-01,UNKNOWN,UNKNOWN,LOAN,0.0,,0.0,FALSE,FEE IS LOAN
4fc9b6cc-3d1,plr_867b5145,2019_2020,2019-07-01,UNKNOWN,UNKNOWN,LOAN,0.0,,0.0,FALSE,FEE IS LOAN
f2434e52-969,plr_2cf31e31,2019_2020,2019-07-01,UNKNOWN,UNKNOWN,LOAN,0.0,,0.0,FALSE,FEE IS LOAN
1563a640-d9f,plr_e7a66a7c,2019_2020,2019-07-01,UNKNOWN,UNKNOWN,LOAN,0.0,,0.0,FALSE,FEE IS LOAN
e45b5617-a64,plr_75e963d2,2019_2020,2019-07-01,UNKNOWN,UNKNOWN,LOAN,0.0,,0.0,FALSE,FEE IS LOAN
94683282-f97,plr_06d80ab2,2019_2020,2019-07-01,UNKNOWN,UNKNOWN,LOAN,0.0,,0.0,FALSE,FEE IS LOAN
8ba96375-9cb,plr_86bfa973,2019_2020,2019-07-01,UNKNOWN,UNKNOWN,DISCLOSED,37000000.0,EUR,31783000.0,TRUE,
1ecc38d5-f3b,plr_d2e9662b,2019_2020,2019-07-01,UNKNOWN,UNKNOWN,DISCLOSED,9500000.0,EUR,8160500.0,TRUE,
b2d0e069-ca3,plr_03e9bed5,2019_2020,2019-07-01,UNKNOWN,UNKNOWN,LOAN,0.0,,0.0,FALSE,FEE IS LOAN
ea294095-60b,plr_0a3793db,2019_2020,2019-07-01,UNKNOWN,UNKNOWN,FREE,0.0,,0.0,FALSE,FEE IS FREE
b5dd7331-697,plr_ddd3acd2,2019_2020,2019-07-01,UNKNOWN,UNKNOWN,FREE,0.0,,0.0,FALSE,FEE IS FREE
31d4cf8d-e7d,plr_02f3353d,2019_2020,2019-07-01,UNKNOWN,UNKNOWN,LOAN,0.0,,0.0,FALSE,FEE IS LOAN
ceaa6ac8-888,plr_dc6c0e74,2019_2020,2019-07-01,UNKNOWN,UNKNOWN,LOAN,0.0,,0.0,FALSE,FEE IS LOAN
a9501d9a-614,plr_15e42035,2019_2020,2019-07-01,UNKNOWN,UNKNOWN,DISCLOSED,8500000.0,EUR,7301500.0,TRUE,
49c730c0-03c,plr_904e9ca0,2019_2020,2019-07-01,UNKNOWN,UNKNOWN,DISCLOSED,1900000.0,EUR,1632100.0,TRUE,
f6e9b836-c7b,plr_cc558d8e,2019_2020,2019-07-01,UNKNOWN,UNKNOWN,FREE,0.0,,0.0,FALSE,FEE IS FREE
530d1b90-e31,plr_9658aad3,2019_2020,2019-07-01,UNKNOWN,UNKNOWN,FREE,0.0,,0.0,FALSE,FEE IS FREE
3a716229-7ed,plr_82ba1ffc,2019_2020,2019-07-01,UNKNOWN,UNKNOWN,UNKNOWN,,,,FALSE,FEE IS UNKNOWN
8fd09d89-ba4,plr_7cdbe839,2019_2020,2019-07-01,UNKNOWN,UNKNOWN,UNKNOWN,,,,FALSE,FEE IS UNKNOWN
d8e0cfe3-505,plr_fc22c982,2019_2020,2019-07-01,UNKNOWN,UNKNOWN,UNKNOWN,,,,FALSE,FEE IS UNKNOWN
ce0c2758-2fb,plr_258eb7b1,2019_2020,2019-07-01,UNKNOWN,UNKNOWN,LOAN,0.0,,0.0,FALSE,FEE IS LOAN
bf102a72-b5a,plr_c3c993f9,2019_2020,2019-07-01,UNKNOWN,UNKNOWN,LOAN,0.0,,0.0,FALSE,FEE IS LOAN
707f969d-287,plr_be05ec04,2019_2020,2019-07-01,UNKNOWN,UNKNOWN,LOAN,0.0,,0.0,FALSE,FEE IS LOAN
dfa877cf-c83,plr_eee31c87,2019_2020,2019-07-01,UNKNOWN,UNKNOWN,LOAN,0.0,,0.0,FALSE,FEE IS LOAN
053d0142-9cd,plr_daf77a07,2019_2020,2019-07-01,UNKNOWN,UNKNOWN,LOAN,0.0,,0.0,FALSE,FEE IS LOAN
e57d900a-aae,plr_0747d5b6,2019_2020,2019-07-01,UNKNOWN,UNKNOWN,LOAN,0.0,,0.0,FALSE,FEE IS LOAN
1010cc76-1b1,plr_b424b132,2019_2020,2019-07-01,UNKNOWN,UNKNOWN,DISCLOSED,7200000.0,EUR,6184800.0,TRUE,
9c119e3a-dd6,plr_da24d8fc,2019_2020,2019-07-01,UNKNOWN,UNKNOWN,DISCLOSED,7000000.0,EUR,6013000.0,TRUE,
a374313e-74f,plr_04283c23,2019_2020,2019-07-01,UNKNOWN,UNKNOWN,LOAN,0.0,,0.0,FALSE,FEE IS LOAN
6f709d59-970,plr_0747d5b6,2019_2020,2019-07-01,UNKNOWN,UNKNOWN,LOAN,0.0,,0.0,FALSE,FEE IS LOAN
bed2cc0c-e05,plr_258eb7b1,2019_2020,2019-07-01,UNKNOWN,UNKNOWN,LOAN,0.0,,0.0,FALSE,FEE IS LOAN
6c566bdf-510,plr_40cab230,2019_2020,2019-07-01,UNKNOWN,UNKNOWN,FREE,0.0,,0.0,FALSE,FEE IS FREE
717917c2-031,plr_872d206e,2019_2020,2019-07-01,UNKNOWN,UNKNOWN,FREE,0.0,,0.0,FALSE,FEE IS FREE
5f9add04-6e6,plr_7f1b66a0,2019_2020,2019-07-01,UNKNOWN,UNKNOWN,LOAN,0.0,,0.0,FALSE,FEE IS LOAN
6d089299-0c7,plr_0599ec12,2019_2020,2019-07-01,UNKNOWN,UNKNOWN,LOAN,0.0,,0.0,FALSE,FEE IS LOAN
8fe1578e-d5d,plr_868cfbec,2019_2020,2019-07-01,UNKNOWN,UNKNOWN,UNKNOWN,,,,FALSE,FEE IS UNKNOWN
0c35e4c7-9f5,plr_f82a0215,2019_2020,2019-07-01,UNKNOWN,UNKNOWN,UNKNOWN,,,,FALSE,FEE IS UNKNOWN
55f0baf7-89b,plr_99a11ace,2019_2020,2019-07-01,UNKNOWN,UNKNOWN,DISCLOSED,45000000.0,EUR,38655000.0,TRUE,
04cc4420-5c9,plr_22960927,2019_2020,2019-07-01,UNKNOWN,UNKNOWN,UNKNOWN,,,,FALSE,FEE IS UNKNOWN
c62f49d3-c40,plr_7e350dc4,2019_2020,2019-07-01,UNKNOWN,UNKNOWN,UNKNOWN,,,,FALSE,FEE IS UNKNOWN
0cbf1474-d3a,plr_496d6581,2019_2020,2019-07-01,UNKNOWN,UNKNOWN,UNKNOWN,,,,FALSE,FEE IS UNKNOWN
4ffa8691-ac1,plr_b6854220,2019_2020,2019-07-01,UNKNOWN,UNKNOWN,UNKNOWN,,,,FALSE,FEE IS UNKNOWN
b2826e63-eb9,plr_34925e68,2019_2020,2019-07-01,UNKNOWN,UNKNOWN,LOAN,0.0,,0.0,FALSE,FEE IS LOAN
48f5ae86-e83,plr_133754fc,2019_2020,2019-07-01,UNKNOWN,UNKNOWN,LOAN,0.0,,0.0,FALSE,FEE IS LOAN
184a9182-6ba,plr_cdd267e0,2019_2020,2019-07-01,UNKNOWN,UNKNOWN,LOAN,0.0,,0.0,FALSE,FEE IS LOAN
c4c11be5-18e,plr_3e594bdb,2019_2020,2019-07-01,UNKNOWN,UNKNOWN,LOAN,0.0,,0.0,FALSE,FEE IS LOAN
c3da335f-5c8,plr_153f715d,2019_2020,2019-07-01,UNKNOWN,UNKNOWN,LOAN,0.0,,0.0,FALSE,FEE IS LOAN
e85f52e4-336,plr_5978df1c,2019_2020,2019-07-01,UNKNOWN,UNKNOWN,LOAN,0.0,,0.0,FALSE,FEE IS LOAN
aa11f714-028,plr_ad140362,2019_2020,2019-07-01,UNKNOWN,UNKNOWN,LOAN,0.0,,0.0,FALSE,FEE IS LOAN
983ff160-647,plr_6f1af571,2019_2020,2019-07-01,UNKNOWN,UNKNOWN,LOAN,0.0,,0.0,FALSE,FEE IS LOAN
e714f143-6b0,plr_5fb12128,2019_2020,2019-07-01,UNKNOWN,UNKNOWN,LOAN,0.0,,0.0,FALSE,FEE IS LOAN
a8459dca-e6c,plr_41af90b5,2019_2020,2019-07-01,UNKNOWN,UNKNOWN,LOAN,0.0,,0.0,FALSE,FEE IS LOAN
ef451a74-584,plr_df2b759a,2019_2020,2019-07-01,UNKNOWN,UNKNOWN,LOAN,0.0,,0.0,FALSE,FEE IS LOAN
54ac188f-89e,plr_f7016931,2019_2020,2019-07-01,UNKNOWN,UNKNOWN,LOAN,0.0,,0.0,FALSE,FEE IS LOAN
bc33b9cb-b5e,plr_e2b837a7,2019_2020,2019-07-01,UNKNOWN,UNKNOWN,LOAN,0.0,,0.0,FALSE,FEE IS LOAN
0a44e0bd-d81,plr_be51e50e,2019_2020,2019-07-01,UNKNOWN,UNKNOWN,LOAN,0.0,,0.0,FALSE,FEE IS LOAN
583b4d18-826,plr_f14726b3,2019_2020,2019-07-01,UNKNOWN,UNKNOWN,LOAN,0.0,,0.0,FALSE,FEE IS LOAN
a807ef7b-4f5,plr_0f5e38e9,2019_2020,2019-07-01,UNKNOWN,UNKNOWN,DISCLOSED,120800000.0,EUR,103767200.0,TRUE,
26594a94-d0c,plr_1abfbb50,2019_2020,2019-07-01,UNKNOWN,UNKNOWN,DISCLOSED,9000000.0,EUR,7731000.0,TRUE,
afd87f6d-9e1,plr_4215bfc0,2019_2020,2019-07-01,UNKNOWN,UNKNOWN,DISCLOSED,8700000.0,EUR,7473300.0,TRUE,
194ec4d7-32f,plr_e2b837a7,2019_2020,2019-07-01,UNKNOWN,UNKNOWN,LOAN,0.0,,0.0,FALSE,FEE IS LOAN
d9efe21b-b5e,plr_c8c2df65,2019_2020,2019-07-01,UNKNOWN,UNKNOWN,LOAN,0.0,,0.0,FALSE,FEE IS LOAN
44f5c4fe-01e,plr_6f1af571,2019_2020,2019-07-01,UNKNOWN,UNKNOWN,LOAN,0.0,,0.0,FALSE,FEE IS LOAN
327ff27c-367,plr_fe424104,2019_2020,2019-07-01,UNKNOWN,UNKNOWN,FREE,0.0,,0.0,FALSE,FEE IS FREE
da59ba6a-354,plr_ea397c75,2019_2020,2019-07-01,UNKNOWN,UNKNOWN,FREE,0.0,,0.0,FALSE,FEE IS FREE
f2bfea44-089,plr_1fa07280,2019_2020,2019-07-01,UNKNOWN,UNKNOWN,LOAN,0.0,,0.0,FALSE,FEE IS LOAN
58acfa01-d0d,plr_e1b7c9cb,2019_2020,2019-07-01,UNKNOWN,UNKNOWN,LOAN,0.0,,0.0,FALSE,FEE IS LOAN
16b6f7e2-f8f,plr_8760c28d,2019_2020,2019-07-01,UNKNOWN,UNKNOWN,LOAN,0.0,,0.0,FALSE,FEE IS LOAN
ce3d240c-66e,plr_0d16fc04,2019_2020,2019-07-01,UNKNOWN,UNKNOWN,LOAN,0.0,,0.0,FALSE,FEE IS LOAN
53ad1e2d-a6e,plr_b76a8367,2019_2020,2019-07-01,UNKNOWN,UNKNOWN,UNKNOWN,,,,FALSE,FEE IS UNKNOWN
c16f083c-421,plr_cb466124,2019_2020,2019-07-01,UNKNOWN,UNKNOWN,LOAN,0.0,,0.0,FALSE,FEE IS LOAN
426145e2-bb1,plr_8050d42e,2019_2020,2019-07-01,UNKNOWN,UNKNOWN,DISCLOSED,62000000.0,EUR,53258000.0,TRUE,
ed2ee30e-e7c,plr_2ccc3a8c,2019_2020,2019-07-01,UNKNOWN,UNKNOWN,DISCLOSED,30000000.0,EUR,25770000.0,TRUE,
caf4dfe8-733,plr_1b8f4c67,2019_2020,2019-07-01,UNKNOWN,UNKNOWN,DISCLOSED,27000000.0,EUR,23193000.0,TRUE,
5385f9a0-832,plr_edc2579b,2019_2020,2019-07-01,UNKNOWN,UNKNOWN,LOAN,0.0,,0.0,FALSE,FEE IS LOAN
a50ce30d-4e7,plr_1b991171,2019_2020,2019-07-01,UNKNOWN,UNKNOWN,DISCLOSED,11000000.0,EUR,9449000.0,TRUE,
b64c0596-168,plr_1a9fe208,2019_2020,2019-07-01,UNKNOWN,UNKNOWN,LOAN,0.0,,0.0,FALSE,FEE IS LOAN
3932a0f3-9fc,plr_ea3ba6b5,2019_2020,2019-07-01,UNKNOWN,UNKNOWN,UNKNOWN,,,,FALSE,FEE IS UNKNOWN
9a0d8ee1-199,plr_5564ab09,2019_2020,2019-07-01,UNKNOWN,UNKNOWN,UNKNOWN,,,,FALSE,FEE IS UNKNOWN
5b27731c-36e,plr_1e34a9f7,2019_2020,2019-07-01,UNKNOWN,UNKNOWN,UNKNOWN,,,,FALSE,FEE IS UNKNOWN
f7d8e3ac-731,plr_e81737e0,2019_2020,2019-07-01,UNKNOWN,UNKNOWN,LOAN,0.0,,0.0,FALSE,FEE IS LOAN
d22ed910-495,plr_b6470895,2019_2020,2019-07-01,UNKNOWN,UNKNOWN,LOAN,0.0,,0.0,FALSE,FEE IS LOAN
eed06e21-cb3,plr_f529b524,2019_2020,2019-07-01,UNKNOWN,UNKNOWN,DISCLOSED,27000000.0,EUR,23193000.0,TRUE,
f0906321-c71,plr_f85d25e1,2019_2020,2019-07-01,UNKNOWN,UNKNOWN,DISCLOSED,22000000.0,EUR,18898000.0,TRUE,
1300914f-d8b,plr_97eeadf5,2019_2020,2019-07-01,UNKNOWN,UNKNOWN,DISCLOSED,9000000.0,EUR,7731000.0,TRUE,
70151aad-f09,plr_3fb2c357,2019_2020,2019-07-01,UNKNOWN,UNKNOWN,LOAN,0.0,,0.0,FALSE,FEE IS LOAN
567cb26f-74d,plr_f0424b10,2019_2020,2019-07-01,UNKNOWN,UNKNOWN,FREE,0.0,,0.0,FALSE,FEE IS FREE
8e43bb6e-20d,plr_269fb425,2019_2020,2019-07-01,UNKNOWN,UNKNOWN,FREE,0.0,,0.0,FALSE,FEE IS FREE
27b5f06e-5a6,plr_d9b94916,2019_2020,2019-07-01,UNKNOWN,UNKNOWN,FREE,0.0,,0.0,FALSE,FEE IS FREE
9f41a75d-8f4,plr_100c6f03,2019_2020,2019-07-01,UNKNOWN,UNKNOWN,LOAN,0.0,,0.0,FALSE,FEE IS LOAN
d7148479-c63,plr_10471fa2,2019_2020,2019-07-01,UNKNOWN,UNKNOWN,DISCLOSED,80000000.0,EUR,68720000.0,TRUE,
38acf972-fb2,plr_f331e355,2019_2020,2019-07-01,UNKNOWN,UNKNOWN,DISCLOSED,30000000.0,EUR,25770000.0,TRUE,
92331da1-7db,plr_732bbb2c,2019_2020,2019-07-01,UNKNOWN,UNKNOWN,DISCLOSED,27000000.0,EUR,23193000.0,TRUE,
3af1fa9a-5ee,plr_e7a66a7c,2019_2020,2019-07-01,UNKNOWN,UNKNOWN,LOAN,0.0,,0.0,FALSE,FEE IS LOAN
867289f7-3e8,plr_61f9b3a9,2019_2020,2019-07-01,UNKNOWN,UNKNOWN,DISCLOSED,7100000.0,EUR,6098900.0,TRUE,
17344bfb-a98,plr_3d7157e4,2019_2020,2019-07-01,UNKNOWN,UNKNOWN,LOAN,0.0,,0.0,FALSE,FEE IS LOAN
026d58f8-fc9,plr_1b7734a9,2019_2020,2019-07-01,UNKNOWN,UNKNOWN,LOAN,0.0,,0.0,FALSE,FEE IS LOAN
eb3e4b85-9ac,plr_7124259f,2019_2020,2019-07-01,UNKNOWN,UNKNOWN,UNKNOWN,,,,FALSE,FEE IS UNKNOWN
816d199a-384,plr_fa7d65cb,2019_2020,2019-07-01,UNKNOWN,UNKNOWN,UNKNOWN,,,,FALSE,FEE IS UNKNOWN
7c63b5a8-8aa,plr_fc4367b1,2019_2020,2019-07-01,UNKNOWN,UNKNOWN,UNKNOWN,,,,FALSE,FEE IS UNKNOWN
3dc0621d-e3d,plr_832991e3,2019_2020,2019-07-01,UNKNOWN,UNKNOWN,LOAN,0.0,,0.0,FALSE,FEE IS LOAN
0adfdd38-d78,plr_d7cc1439,2019_2020,2019-07-01,UNKNOWN,UNKNOWN,LOAN,0.0,,0.0,FALSE,FEE IS LOAN
c0be0d3f-851,plr_208ff36c,2019_2020,2019-07-01,UNKNOWN,UNKNOWN,LOAN,0.0,,0.0,FALSE,FEE IS LOAN
17e7bf53-12a,plr_d10adf17,2019_2020,2019-07-01,UNKNOWN,UNKNOWN,LOAN,0.0,,0.0,FALSE,FEE IS LOAN
f3cb8951-1ae,plr_a5ec64e3,2019_2020,2019-07-01,UNKNOWN,UNKNOWN,LOAN,0.0,,0.0,FALSE,FEE IS LOAN
fb14508e-0ce,plr_0f6c67f6,2019_2020,2019-07-01,UNKNOWN,UNKNOWN,DISCLOSED,30400000.0,EUR,26113600.0,TRUE,
01f2a17c-b0c,plr_b73897cd,2019_2020,2019-07-01,UNKNOWN,UNKNOWN,DISCLOSED,8199999.999999999,EUR,7043800.0,TRUE,
7c9cf38d-605,plr_3fab3b87,2019_2020,2019-07-01,UNKNOWN,UNKNOWN,DISCLOSED,5000000.0,EUR,4295000.0,TRUE,
336f8de4-629,plr_9d720bcf,2019_2020,2019-07-01,UNKNOWN,UNKNOWN,LOAN,0.0,,0.0,FALSE,FEE IS LOAN
2d3c04b8-afc,plr_ad0d0bc8,2019_2020,2019-07-01,UNKNOWN,UNKNOWN,DISCLOSED,2200000.0,EUR,1889800.0,TRUE,
81cb5b70-ece,plr_4c40da69,2019_2020,2019-07-01,UNKNOWN,UNKNOWN,DISCLOSED,250000.0,EUR,214750.0,TRUE,
5871f3e5-72b,plr_71d84a1d,2019_2020,2019-07-01,UNKNOWN,UNKNOWN,FREE,0.0,,0.0,FALSE,FEE IS FREE
acb8d35a-20c,plr_50585d71,2019_2020,2019-07-01,UNKNOWN,UNKNOWN,FREE,0.0,,0.0,FALSE,FEE IS FREE
a99c77c0-ccc,plr_87a492b6,2019_2020,2019-07-01,UNKNOWN,UNKNOWN,FREE,0.0,,0.0,FALSE,FEE IS FREE
9e52621a-d4b,plr_528bf654,2019_2020,2019-07-01,UNKNOWN,UNKNOWN,LOAN,0.0,,0.0,FALSE,FEE IS LOAN
e1e8d89e-e03,plr_569dc14c,2019_2020,2019-07-01,UNKNOWN,UNKNOWN,UNKNOWN,,,,FALSE,FEE IS UNKNOWN
a05afdd9-5b8,plr_babf6d0c,2019_2020,2019-07-01,UNKNOWN,UNKNOWN,LOAN,0.0,,0.0,FALSE,FEE IS LOAN
18b7a241-ea2,plr_baacfe09,2019_2020,2019-07-01,UNKNOWN,UNKNOWN,DISCLOSED,87000000.0,EUR,74733000.0,TRUE,
3c98ac7b-dc3,plr_113754d9,2019_2020,2019-07-01,UNKNOWN,UNKNOWN,DISCLOSED,65000000.0,EUR,55835000.0,TRUE,
5197a76f-273,plr_b9cc9a07,2019_2020,2019-07-01,UNKNOWN,UNKNOWN,DISCLOSED,55000000.0,EUR,47245000.0,TRUE,
ea219d6a-303,plr_06a46691,2019_2020,2019-07-01,UNKNOWN,UNKNOWN,DISCLOSED,17800000.0,EUR,15290200.0,TRUE,
59517415-964,plr_91c3f796,2019_2020,2019-07-01,UNKNOWN,UNKNOWN,LOAN,0.0,,0.0,FALSE,FEE IS LOAN
f226daa0-1e1,plr_736964ec,2019_2020,2019-07-01,UNKNOWN,UNKNOWN,UNKNOWN,,,,FALSE,FEE IS UNKNOWN
959df22c-d52,plr_6a112562,2019_2020,2019-07-01,UNKNOWN,UNKNOWN,UNKNOWN,,,,FALSE,FEE IS UNKNOWN
da925783-7d3,plr_34c056af,2019_2020,2019-07-01,UNKNOWN,UNKNOWN,UNKNOWN,,,,FALSE,FEE IS UNKNOWN
db4ead08-1ac,plr_639f9320,2019_2020,2019-07-01,UNKNOWN,UNKNOWN,UNKNOWN,,,,FALSE,FEE IS UNKNOWN
1642ab4e-85d,plr_dd2dae7f,2019_2020,2019-07-01,UNKNOWN,UNKNOWN,LOAN,0.0,,0.0,FALSE,FEE IS LOAN
61b7a3d1-aa3,plr_f349c2d6,2019_2020,2019-07-01,UNKNOWN,UNKNOWN,LOAN,0.0,,0.0,FALSE,FEE IS LOAN
473335cf-497,plr_818e59dd,2019_2020,2019-07-01,UNKNOWN,UNKNOWN,DISCLOSED,74000000.0,EUR,63566000.0,TRUE,
503ff4d2-013,plr_8dda1b3e,2019_2020,2019-07-01,UNKNOWN,UNKNOWN,LOAN,0.0,,0.0,FALSE,FEE IS LOAN
7f20889c-c8c,plr_71457ce8,2019_2020,2019-07-01,UNKNOWN,UNKNOWN,DISCLOSED,2480000.0,EUR,2130320.0,TRUE,
eb8f7eee-499,plr_68c4c447,2019_2020,2019-07-01,UNKNOWN,UNKNOWN,DISCLOSED,1700000.0,EUR,1460300.0,TRUE,
7b68437d-2d4,plr_4f6b0803,2019_2020,2019-07-01,UNKNOWN,UNKNOWN,FREE,0.0,,0.0,FALSE,FEE IS FREE
32381bbc-ba8,plr_f56a637a,2019_2020,2019-07-01,UNKNOWN,UNKNOWN,FREE,0.0,,0.0,FALSE,FEE IS FREE
eb57b7ea-b3a,plr_00a03259,2019_2020,2019-07-01,UNKNOWN,UNKNOWN,FREE,0.0,,0.0,FALSE,FEE IS FREE
19cdd235-095,plr_b3fa3efa,2019_2020,2019-07-01,UNKNOWN,UNKNOWN,LOAN,0.0,,0.0,FALSE,FEE IS LOAN
1d70f70d-e69,plr_67ffebd5,2019_2020,2019-07-01,UNKNOWN,UNKNOWN,LOAN,0.0,,0.0,FALSE,FEE IS LOAN
1b8667a1-390,plr_b552a30b,2019_2020,2019-07-01,UNKNOWN,UNKNOWN,DISCLOSED,38000000.0,EUR,32642000.0,TRUE,
e16b0d1e-62f,plr_a9a6a1f7,2019_2020,2019-07-01,UNKNOWN,UNKNOWN,DISCLOSED,19600000.0,EUR,16836400.0,TRUE,
9d1f4b74-280,plr_7068a1e1,2019_2020,2019-07-01,UNKNOWN,UNKNOWN,DISCLOSED,18000000.0,EUR,15462000.0,TRUE,
df6086e7-759,plr_13b03aa0,2019_2020,2019-07-01,UNKNOWN,UNKNOWN,DISCLOSED,17900000.0,EUR,15376100.0,TRUE,
f4c66e89-09e,plr_2411b26a,2019_2020,2019-07-01,UNKNOWN,UNKNOWN,DISCLOSED,13800000.0,EUR,11854200.0,TRUE,
f6cabc79-4f4,plr_e818e68a,2019_2020,2019-07-01,UNKNOWN,UNKNOWN,DISCLOSED,8900000.0,EUR,7645100.0,TRUE,
7efbe084-c42,plr_d9bddd7f,2019_2020,2019-07-01,UNKNOWN,UNKNOWN,DISCLOSED,500000.0,EUR,429500.0,TRUE,
52126c25-3ac,plr_396ccfa2,2019_2020,2019-07-01,UNKNOWN,UNKNOWN,FREE,0.0,,0.0,FALSE,FEE IS FREE
85b13e7b-0ed,plr_23dab9a5,2019_2020,2019-07-01,UNKNOWN,UNKNOWN,LOAN,0.0,,0.0,FALSE,FEE IS LOAN
07d43d23-45e,plr_de9368b1,2019_2020,2019-07-01,UNKNOWN,UNKNOWN,UNKNOWN,,,,FALSE,FEE IS UNKNOWN
bd2dbd25-da3,plr_0fdd50bf,2019_2020,2019-07-01,UNKNOWN,UNKNOWN,LOAN,0.0,,0.0,FALSE,FEE IS LOAN
82a550e9-b90,plr_e535da10,2019_2020,2019-07-01,UNKNOWN,UNKNOWN,LOAN,0.0,,0.0,FALSE,FEE IS LOAN
f7cdc8f3-6dc,plr_81bd3dec,2019_2020,2019-07-01,UNKNOWN,UNKNOWN,LOAN,0.0,,0.0,FALSE,FEE IS LOAN
412aa235-15f,plr_d6c51cd6,2019_2020,2019-07-01,UNKNOWN,UNKNOWN,LOAN,0.0,,0.0,FALSE,FEE IS LOAN
0adbe89c-d28,plr_7c13b581,2019_2020,2019-07-01,UNKNOWN,UNKNOWN,LOAN,0.0,,0.0,FALSE,FEE IS LOAN
cfe8ca57-7b9,plr_a60fe08b,2019_2020,2019-07-01,UNKNOWN,UNKNOWN,LOAN,0.0,,0.0,FALSE,FEE IS LOAN
215945f6-668,plr_1438731a,2019_2020,2019-07-01,UNKNOWN,UNKNOWN,LOAN,0.0,,0.0,FALSE,FEE IS LOAN
1f94df6c-d59,plr_93c60ef5,2019_2020,2019-07-01,UNKNOWN,UNKNOWN,LOAN,0.0,,0.0,FALSE,FEE IS LOAN
847f7a8b-428,plr_b0573e64,2019_2020,2019-07-01,UNKNOWN,UNKNOWN,LOAN,0.0,,0.0,FALSE,FEE IS LOAN
4cbf10b1-f6f,plr_cc2722c3,2019_2020,2019-07-01,UNKNOWN,UNKNOWN,LOAN,0.0,,0.0,FALSE,FEE IS LOAN
4d054fbc-2b3,plr_915fc11e,2019_2020,2019-07-01,UNKNOWN,UNKNOWN,LOAN,0.0,,0.0,FALSE,FEE IS LOAN
8b44b07e-fd7,plr_ab8a11b4,2019_2020,2019-07-01,UNKNOWN,UNKNOWN,LOAN,0.0,,0.0,FALSE,FEE IS LOAN
4e557257-19e,plr_58a7dc5c,2019_2020,2019-07-01,UNKNOWN,UNKNOWN,LOAN,0.0,,0.0,FALSE,FEE IS LOAN
0244b566-e06,plr_1438731a,2019_2020,2019-07-01,UNKNOWN,UNKNOWN,LOAN,0.0,,0.0,FALSE,FEE IS LOAN
48eaa9ed-511,plr_7068a1e1,2019_2020,2019-07-01,UNKNOWN,UNKNOWN,LOAN,0.0,,0.0,FALSE,FEE IS LOAN
4da4f2e4-29a,plr_b6925aa9,2019_2020,2019-07-01,UNKNOWN,UNKNOWN,FREE,0.0,,0.0,FALSE,FEE IS FREE
f63fa26b-d58,plr_5384e59f,2019_2020,2019-07-01,UNKNOWN,UNKNOWN,LOAN,0.0,,0.0,FALSE,FEE IS LOAN
875070e3-9f6,plr_6bcbb576,2019_2020,2019-07-01,UNKNOWN,UNKNOWN,LOAN,0.0,,0.0,FALSE,FEE IS LOAN
616161ea-784,plr_17bce08f,2019_2020,2019-07-01,UNKNOWN,UNKNOWN,LOAN,0.0,,0.0,FALSE,FEE IS LOAN
67add957-769,plr_cfc53e6f,2019_2020,2019-07-01,UNKNOWN,UNKNOWN,UNKNOWN,,,,FALSE,FEE IS UNKNOWN
1582a4af-f2a,plr_9dd1ee31,2019_2020,2019-07-01,UNKNOWN,UNKNOWN,DISCLOSED,27500000.0,EUR,23622500.0,TRUE,
34395553-83b,plr_e475a388,2019_2020,2019-07-01,UNKNOWN,UNKNOWN,DISCLOSED,25000000.0,EUR,21475000.0,TRUE,
f1fcab06-109,plr_da0877f6,2019_2020,2019-07-01,UNKNOWN,UNKNOWN,DISCLOSED,25000000.0,EUR,21475000.0,TRUE,
86251a28-7bd,plr_22fc351d,2019_2020,2019-07-01,UNKNOWN,UNKNOWN,LOAN,0.0,,0.0,FALSE,FEE IS LOAN
eb94e601-c96,plr_b65a8734,2019_2020,2019-07-01,UNKNOWN,UNKNOWN,DISCLOSED,1100000.0,EUR,944900.0,TRUE,
5393a071-854,plr_51a2507f,2019_2020,2019-07-01,UNKNOWN,UNKNOWN,FREE,0.0,,0.0,FALSE,FEE IS FREE
b2462c24-77e,plr_84b9ba63,2019_2020,2019-07-01,UNKNOWN,UNKNOWN,UNKNOWN,,,,FALSE,FEE IS UNKNOWN
5c9bde33-1b6,plr_e8608dc7,2019_2020,2019-07-01,UNKNOWN,UNKNOWN,LOAN,0.0,,0.0,FALSE,FEE IS LOAN
c319d7f5-dae,plr_30017acd,2019_2020,2019-07-01,UNKNOWN,UNKNOWN,LOAN,0.0,,0.0,FALSE,FEE IS LOAN
bc84ebf0-049,plr_30efeb64,2019_2020,2019-07-01,UNKNOWN,UNKNOWN,LOAN,0.0,,0.0,FALSE,FEE IS LOAN
461f595b-3a5,plr_df31ebae,2019_2020,2019-07-01,UNKNOWN,UNKNOWN,LOAN,0.0,,0.0,FALSE,FEE IS LOAN
d801f54e-be6,plr_35c38f75,2019_2020,2019-07-01,UNKNOWN,UNKNOWN,LOAN,0.0,,0.0,FALSE,FEE IS LOAN
9fa8a6e3-1a8,plr_09e9c769,2019_2020,2019-07-01,UNKNOWN,UNKNOWN,LOAN,0.0,,0.0,FALSE,FEE IS LOAN
73932fdd-cf6,plr_9dc75fe3,2019_2020,2019-07-01,UNKNOWN,UNKNOWN,LOAN,0.0,,0.0,FALSE,FEE IS LOAN
0c0492c2-bcb,plr_97dce035,2019_2020,2019-07-01,UNKNOWN,UNKNOWN,LOAN,0.0,,0.0,FALSE,FEE IS LOAN
cdf690f1-f9d,plr_0107d1cf,2019_2020,2019-07-01,UNKNOWN,UNKNOWN,LOAN,0.0,,0.0,FALSE,FEE IS LOAN
d2395226-66e,plr_ff9ef66a,2019_2020,2019-07-01,UNKNOWN,UNKNOWN,LOAN,0.0,,0.0,FALSE,FEE IS LOAN
195547e3-bf3,plr_867c06c5,2019_2020,2019-07-01,UNKNOWN,UNKNOWN,LOAN,0.0,,0.0,FALSE,FEE IS LOAN
f158f9f1-d08,plr_3df0f953,2019_2020,2019-07-01,UNKNOWN,UNKNOWN,LOAN,0.0,,0.0,FALSE,FEE IS LOAN
734b41cd-c81,plr_0d71f785,2019_2020,2019-07-01,UNKNOWN,UNKNOWN,DISCLOSED,30000000.0,EUR,25770000.0,TRUE,
baf07348-01f,plr_4e1069b9,2019_2020,2019-07-01,UNKNOWN,UNKNOWN,DISCLOSED,18000000.0,EUR,15462000.0,TRUE,
27e88cf2-2d1,plr_0061283a,2019_2020,2019-07-01,UNKNOWN,UNKNOWN,DISCLOSED,3300000.0,EUR,2834700.0,TRUE,
e79d3b93-2e0,plr_e0fcfae1,2019_2020,2019-07-01,UNKNOWN,UNKNOWN,FREE,0.0,,0.0,FALSE,FEE IS FREE
c9152d8c-dc1,plr_a731f038,2019_2020,2019-07-01,UNKNOWN,UNKNOWN,FREE,0.0,,0.0,FALSE,FEE IS FREE
0437b30c-378,plr_002a338b,2019_2020,2019-07-01,UNKNOWN,UNKNOWN,FREE,0.0,,0.0,FALSE,FEE IS FREE
b8b441b2-505,plr_d65aef93,2019_2020,2019-07-01,UNKNOWN,UNKNOWN,FREE,0.0,,0.0,FALSE,FEE IS FREE
7a3dc95b-670,plr_49d3013b,2019_2020,2019-07-01,UNKNOWN,UNKNOWN,LOAN,0.0,,0.0,FALSE,FEE IS LOAN
eddc7a69-1bb,plr_6c8f13a9,2019_2020,2019-07-01,UNKNOWN,UNKNOWN,LOAN,0.0,,0.0,FALSE,FEE IS LOAN
f091759c-606,plr_97d99afb,2019_2020,2019-07-01,UNKNOWN,UNKNOWN,DISCLOSED,45000000.0,EUR,38655000.0,TRUE,
1458f5b4-b7c,plr_3a68ab01,2019_2020,2019-07-01,UNKNOWN,UNKNOWN,DISCLOSED,33400000.0,EUR,28690600.0,TRUE,
efc9fdd2-30b,plr_ea1bf1b1,2019_2020,2019-07-01,UNKNOWN,UNKNOWN,DISCLOSED,19200000.0,EUR,16492800.0,TRUE,
4d348960-efc,plr_3227c75b,2019_2020,2019-07-01,UNKNOWN,UNKNOWN,DISCLOSED,6700000.0,EUR,5755300.0,TRUE,
cc49cba9-fb8,plr_d5efa918,2019_2020,2019-07-01,UNKNOWN,UNKNOWN,FREE,0.0,,0.0,FALSE,FEE IS FREE
43320c4c-bb6,plr_2d1bac50,2019_2020,2019-07-01,UNKNOWN,UNKNOWN,UNDISCLOSED,,,,FALSE,FEE IS UNDISCLOSED
1464620a-db1,plr_68357a6d,2019_2020,2019-07-01,UNKNOWN,UNKNOWN,LOAN,0.0,,0.0,FALSE,FEE IS LOAN
e8a27af4-18a,plr_865cc583,2019_2020,2019-07-01,UNKNOWN,UNKNOWN,LOAN,0.0,,0.0,FALSE,FEE IS LOAN
c38176d0-620,plr_8216d44e,2019_2020,2019-07-01,UNKNOWN,UNKNOWN,LOAN,0.0,,0.0,FALSE,FEE IS LOAN
0d99d02b-a20,plr_f77e6dcb,2019_2020,2019-07-01,UNKNOWN,UNKNOWN,LOAN,0.0,,0.0,FALSE,FEE IS LOAN
4cb4ef1a-009,plr_d59aeda4,2019_2020,2019-07-01,UNKNOWN,UNKNOWN,LOAN,0.0,,0.0,FALSE,FEE IS LOAN
5c71c4b2-330,plr_8c9c1c01,2019_2020,2019-07-01,UNKNOWN,UNKNOWN,DISCLOSED,1500000.0,EUR,1288500.0,TRUE,
ebd17902-226,plr_80d3a706,2019_2020,2019-07-01,UNKNOWN,UNKNOWN,FREE,0.0,,0.0,FALSE,FEE IS FREE
d5794858-7c1,plr_805640dc,2019_2020,2019-07-01,UNKNOWN,UNKNOWN,LOAN,0.0,,0.0,FALSE,FEE IS LOAN
39a595fa-3e1,plr_33e59122,2019_2020,2019-07-01,UNKNOWN,UNKNOWN,LOAN,0.0,,0.0,FALSE,FEE IS LOAN
ccf9ddb4-f0a,plr_37b5222f,2019_2020,2019-07-01,UNKNOWN,UNKNOWN,UNKNOWN,,,,FALSE,FEE IS UNKNOWN
f381eeae-ec0,plr_78297c9c,2019_2020,2019-07-01,UNKNOWN,UNKNOWN,DISCLOSED,50000000.0,EUR,42950000.0,TRUE,
15bd505e-78c,plr_3ed2bd72,2019_2020,2019-07-01,UNKNOWN,UNKNOWN,DISCLOSED,28000000.0,EUR,24052000.0,TRUE,
5879c56a-563,plr_66a98d63,2019_2020,2019-07-01,UNKNOWN,UNKNOWN,DISCLOSED,21300000.0,EUR,18296700.0,TRUE,
7fa29a8d-19f,plr_65eeafd8,2019_2020,2019-07-01,UNKNOWN,UNKNOWN,DISCLOSED,11300000.0,EUR,9706700.0,TRUE,
92e163b2-e52,plr_64a65720,2019_2020,2019-07-01,UNKNOWN,UNKNOWN,DISCLOSED,4700000.0,EUR,4037300.0,TRUE,
4bcf4c45-b3a,plr_93c6e5ef,2019_2020,2019-07-01,UNKNOWN,UNKNOWN,LOAN,0.0,,0.0,FALSE,FEE IS LOAN
fb57ce6a-353,plr_312147dd,2019_2020,2019-07-01,UNKNOWN,UNKNOWN,FREE,0.0,,0.0,FALSE,FEE IS FREE
80509df6-93a,plr_89eefe04,2019_2020,2019-07-01,UNKNOWN,UNKNOWN,FREE,0.0,,0.0,FALSE,FEE IS FREE
ebe2f003-c58,plr_1a9fe208,2019_2020,2019-07-01,UNKNOWN,UNKNOWN,LOAN,0.0,,0.0,FALSE,FEE IS LOAN
414db162-f0b,plr_3854e802,2019_2020,2019-07-01,UNKNOWN,UNKNOWN,LOAN,0.0,,0.0,FALSE,FEE IS LOAN
50f0f9c8-cc9,plr_b8f9c714,2019_2020,2019-07-01,UNKNOWN,UNKNOWN,DISCLOSED,25000000.0,EUR,21475000.0,TRUE,
15875367-41d,plr_91474018,2019_2020,2019-07-01,UNKNOWN,UNKNOWN,DISCLOSED,7750000.0,EUR,6657250.0,TRUE,
c8edf059-7bc,plr_e24aec7a,2019_2020,2019-07-01,UNKNOWN,UNKNOWN,DISCLOSED,7750000.0,EUR,6657250.0,TRUE,
8baca1a1-070,plr_e0738d31,2019_2020,2019-07-01,UNKNOWN,UNKNOWN,DISCLOSED,2600000.0,EUR,2233400.0,TRUE,
2607ef41-949,plr_32384ed3,2019_2020,2019-07-01,UNKNOWN,UNKNOWN,DISCLOSED,2300000.0,EUR,1975700.0,TRUE,
880db327-dd7,plr_0d312432,2019_2020,2019-07-01,UNKNOWN,UNKNOWN,DISCLOSED,830000.0,EUR,712970.0,TRUE,
6d7c2b2c-5b4,plr_ab143f4a,2019_2020,2019-07-01,UNKNOWN,UNKNOWN,FREE,0.0,,0.0,FALSE,FEE IS FREE
c6b625ea-fc4,plr_92b7ec11,2019_2020,2019-07-01,UNKNOWN,UNKNOWN,FREE,0.0,,0.0,FALSE,FEE IS FREE
ac81bb83-c20,plr_8eb79c3b,2019_2020,2019-07-01,UNKNOWN,UNKNOWN,FREE,0.0,,0.0,FALSE,FEE IS FREE
2619ae52-3e9,plr_4ecad3b8,2019_2020,2019-07-01,UNKNOWN,UNKNOWN,LOAN,0.0,,0.0,FALSE,FEE IS LOAN
5cd5c32a-7de,plr_c12c754f,2019_2020,2019-07-01,UNKNOWN,UNKNOWN,LOAN,0.0,,0.0,FALSE,FEE IS LOAN
a81f9165-0e9,plr_d1c27c2b,2019_2020,2019-07-01,UNKNOWN,UNKNOWN,LOAN,0.0,,0.0,FALSE,FEE IS LOAN
853f761d-b08,plr_1748102c,2019_2020,2019-07-01,UNKNOWN,UNKNOWN,LOAN,0.0,,0.0,FALSE,FEE IS LOAN
c004ea4c-957,plr_8fb559cc,2019_2020,2019-07-01,UNKNOWN,UNKNOWN,DISCLOSED,30000000.0,EUR,25770000.0,TRUE,
98b8a4ec-912,plr_90719632,2019_2020,2019-07-01,UNKNOWN,UNKNOWN,DISCLOSED,11500000.0,EUR,9878500.0,TRUE,
74572034-613,plr_87f245ba,2019_2020,2019-07-01,UNKNOWN,UNKNOWN,DISCLOSED,8500000.0,EUR,7301500.0,TRUE,
92e4818d-c09,plr_ea5eb2ac,2019_2020,2019-07-01,UNKNOWN,UNKNOWN,DISCLOSED,6000000.0,EUR,5154000.0,TRUE,
8385e3ca-e4d,plr_7fbb42a0,2019_2020,2019-07-01,UNKNOWN,UNKNOWN,FREE,0.0,,0.0,FALSE,FEE IS FREE
7ac63678-a68,plr_1205fb53,2019_2020,2019-07-01,UNKNOWN,UNKNOWN,UNKNOWN,,,,FALSE,FEE IS UNKNOWN
67f02320-8df,plr_f9080939,2019_2020,2019-07-01,UNKNOWN,UNKNOWN,LOAN,0.0,,0.0,FALSE,FEE IS LOAN
b4bc9225-a5f,plr_28cb5a1c,2019_2020,2019-07-01,UNKNOWN,UNKNOWN,LOAN,0.0,,0.0,FALSE,FEE IS LOAN
3d88b017-805,plr_50d405e2,2019_2020,2019-07-01,UNKNOWN,UNKNOWN,LOAN,0.0,,0.0,FALSE,FEE IS LOAN
7516356f-8ca,plr_809868c9,2019_2020,2019-07-01,UNKNOWN,UNKNOWN,LOAN,0.0,,0.0,FALSE,FEE IS LOAN
dc719d04-c3c,plr_c90a8ba3,2019_2020,2019-07-01,UNKNOWN,UNKNOWN,LOAN,0.0,,0.0,FALSE,FEE IS LOAN
94ff07a1-125,plr_dd6a08e5,2019_2020,2019-07-01,UNKNOWN,UNKNOWN,LOAN,0.0,,0.0,FALSE,FEE IS LOAN
d07d0883-8f4,plr_3cad7265,2019_2020,2019-07-01,UNKNOWN,UNKNOWN,LOAN,0.0,,0.0,FALSE,FEE IS LOAN
4316b1a5-410,plr_eef2b8a1,2019_2020,2019-07-01,UNKNOWN,UNKNOWN,LOAN,0.0,,0.0,FALSE,FEE IS LOAN
09301d97-7ee,plr_7556f312,2019_2020,2019-07-01,UNKNOWN,UNKNOWN,LOAN,0.0,,0.0,FALSE,FEE IS LOAN
2f18ce7f-d7c,plr_4973ad04,2019_2020,2019-07-01,UNKNOWN,UNKNOWN,LOAN,0.0,,0.0,FALSE,FEE IS LOAN
80532ade-7ef,plr_dc60b2a4,2019_2020,2019-07-01,UNKNOWN,UNKNOWN,LOAN,0.0,,0.0,FALSE,FEE IS LOAN
883b064a-071,plr_05351ccb,2019_2020,2019-07-01,UNKNOWN,UNKNOWN,LOAN,0.0,,0.0,FALSE,FEE IS LOAN
013ae0db-8a1,plr_cd9bd9d3,2019_2020,2019-07-01,UNKNOWN,UNKNOWN,LOAN,0.0,,0.0,FALSE,FEE IS LOAN
ce4ec9da-29a,plr_6fefbeb3,2019_2020,2019-07-01,UNKNOWN,UNKNOWN,LOAN,0.0,,0.0,FALSE,FEE IS LOAN
bbe0a952-f31,plr_6d436e10,2019_2020,2019-07-01,UNKNOWN,UNKNOWN,LOAN,0.0,,0.0,FALSE,FEE IS LOAN
33b7d300-7a9,plr_5c99aad1,2019_2020,2019-07-01,UNKNOWN,UNKNOWN,LOAN,0.0,,0.0,FALSE,FEE IS LOAN
2004234c-3c0,plr_63898739,2019_2020,2019-07-01,UNKNOWN,UNKNOWN,UNKNOWN,,,,FALSE,FEE IS UNKNOWN
b70132e8-5e0,plr_365bb05e,2019_2020,2019-07-01,UNKNOWN,UNKNOWN,UNKNOWN,,,,FALSE,FEE IS UNKNOWN
02658bf1-09c,plr_c111cd58,2019_2020,2019-07-01,UNKNOWN,UNKNOWN,UNKNOWN,,,,FALSE,FEE IS UNKNOWN
e9d647e6-b60,plr_04400911,2019_2020,2019-07-01,UNKNOWN,UNKNOWN,DISCLOSED,2800000.0,EUR,2405200.0,TRUE,
d425ebb2-0c8,plr_764b8447,2019_2020,2019-07-01,UNKNOWN,UNKNOWN,LOAN,0.0,,0.0,FALSE,FEE IS LOAN
2b499a2c-548,plr_a57b4f27,2019_2020,2019-07-01,UNKNOWN,UNKNOWN,FREE,0.0,,0.0,FALSE,FEE IS FREE
79f2f369-9a5,plr_44a6b76d,2019_2020,2019-07-01,UNKNOWN,UNKNOWN,UNKNOWN,,,,FALSE,FEE IS UNKNOWN
17ce036c-421,plr_83eeec1c,2019_2020,2019-07-01,UNKNOWN,UNKNOWN,LOAN,0.0,,0.0,FALSE,FEE IS LOAN
67ea6f98-62f,plr_e0254cba,2019_2020,2019-07-01,UNKNOWN,UNKNOWN,LOAN,0.0,,0.0,FALSE,FEE IS LOAN
b9f6945c-157,plr_89dcee99,2019_2020,2019-07-01,UNKNOWN,UNKNOWN,LOAN,0.0,,0.0,FALSE,FEE IS LOAN
4980b094-f5d,plr_3f4d724e,2019_2020,2019-07-01,UNKNOWN,UNKNOWN,LOAN,0.0,,0.0,FALSE,FEE IS LOAN
6d2b9e38-443,plr_5d0d2c4c,2019_2020,2019-07-01,UNKNOWN,UNKNOWN,LOAN,0.0,,0.0,FALSE,FEE IS LOAN
b051478c-295,plr_89dcee99,2019_2020,2019-07-01,UNKNOWN,UNKNOWN,LOAN,0.0,,0.0,FALSE,FEE IS LOAN
30487e19-04e,plr_26deef24,2019_2020,2019-07-01,UNKNOWN,UNKNOWN,FREE,0.0,,0.0,FALSE,FEE IS FREE
d8bb4cfe-766,plr_81f31007,2019_2020,2019-07-01,UNKNOWN,UNKNOWN,LOAN,0.0,,0.0,FALSE,FEE IS LOAN
be2bcb40-d42,plr_1f542b2d,2019_2020,2019-07-01,UNKNOWN,UNKNOWN,UNKNOWN,,,,FALSE,FEE IS UNKNOWN
565c1862-8a6,plr_118c712c,2019_2020,2019-07-01,UNKNOWN,UNKNOWN,UNKNOWN,,,,FALSE,FEE IS UNKNOWN
ccb835f2-b54,plr_764b8447,2019_2020,2019-07-01,UNKNOWN,UNKNOWN,LOAN,0.0,,0.0,FALSE,FEE IS LOAN
75a2f46e-3e4,plr_49a6ff23,2019_2020,2019-07-01,UNKNOWN,UNKNOWN,LOAN,0.0,,0.0,FALSE,FEE IS LOAN
09f6e727-a35,plr_e57c7dfe,2019_2020,2019-07-01,UNKNOWN,UNKNOWN,DISCLOSED,43500000.0,EUR,37366500.0,TRUE,
09c088b5-219,plr_40f7b308,2019_2020,2019-07-01,UNKNOWN,UNKNOWN,DISCLOSED,18000000.0,EUR,15462000.0,TRUE,
22b8daea-5b5,plr_0fdf4228,2019_2020,2019-07-01,UNKNOWN,UNKNOWN,DISCLOSED,5400000.0,EUR,4638600.0,TRUE,
b274ee63-955,plr_25d062dc,2019_2020,2019-07-01,UNKNOWN,UNKNOWN,LOAN,0.0,,0.0,FALSE,FEE IS LOAN
e313b8fb-8eb,plr_2b72cd2e,2019_2020,2019-07-01,UNKNOWN,UNKNOWN,LOAN,0.0,,0.0,FALSE,FEE IS LOAN
b726561f-f54,plr_a28be6a4,2019_2020,2019-07-01,UNKNOWN,UNKNOWN,LOAN,0.0,,0.0,FALSE,FEE IS LOAN
3cfc2449-bd2,plr_eb5688d3,2019_2020,2019-07-01,UNKNOWN,UNKNOWN,UNKNOWN,,,,FALSE,FEE IS UNKNOWN
67dc5dbf-183,plr_a1746f2e,2019_2020,2019-07-01,UNKNOWN,UNKNOWN,LOAN,0.0,,0.0,FALSE,FEE IS LOAN
65c5bf2a-e5f,plr_5697f2a1,2019_2020,2019-07-01,UNKNOWN,UNKNOWN,LOAN,0.0,,0.0,FALSE,FEE IS LOAN
cfb4d986-f5d,plr_ec7e34e6,2019_2020,2019-07-01,UNKNOWN,UNKNOWN,LOAN,0.0,,0.0,FALSE,FEE IS LOAN
ed4c3bea-c3a,plr_36183ec6,2019_2020,2019-07-01,UNKNOWN,UNKNOWN,DISCLOSED,2240000.0,EUR,1924160.0,TRUE,
20c008ea-15f,plr_4208a251,2019_2020,2019-07-01,UNKNOWN,UNKNOWN,FREE,0.0,,0.0,FALSE,FEE IS FREE
537a6a69-a31,plr_c949338c,2019_2020,2019-07-01,UNKNOWN,UNKNOWN,FREE,0.0,,0.0,FALSE,FEE IS FREE
628c3934-a6c,plr_b03effdc,2019_2020,2019-07-01,UNKNOWN,UNKNOWN,LOAN,0.0,,0.0,FALSE,FEE IS LOAN
6d06af99-280,plr_1b8b2897,2019_2020,2019-07-01,UNKNOWN,UNKNOWN,LOAN,0.0,,0.0,FALSE,FEE IS LOAN
9d2992d0-559,plr_904aedd3,2019_2020,2019-07-01,UNKNOWN,UNKNOWN,LOAN,0.0,,0.0,FALSE,FEE IS LOAN
da7a4cbf-3a0,plr_07013090,2019_2020,2019-07-01,UNKNOWN,UNKNOWN,LOAN,0.0,,0.0,FALSE,FEE IS LOAN
e5133f2c-f3e,plr_b966fd7c,2019_2020,2019-07-01,UNKNOWN,UNKNOWN,DISCLOSED,16500000.0,EUR,14173500.0,TRUE,
d7025fac-809,plr_aaa63c5d,2019_2020,2019-07-01,UNKNOWN,UNKNOWN,DISCLOSED,16460000.0,EUR,14139140.0,TRUE,
b8a6decd-bf3,plr_560e09e5,2019_2020,2019-07-01,UNKNOWN,UNKNOWN,DISCLOSED,14800000.0,EUR,12713200.0,TRUE,
08d89da6-e38,plr_b14c054d,2019_2020,2019-07-01,UNKNOWN,UNKNOWN,DISCLOSED,4450000.0,EUR,3822550.0,TRUE,
4500f0e9-952,plr_a1f4d6e6,2019_2020,2019-07-01,UNKNOWN,UNKNOWN,UNKNOWN,,,,FALSE,FEE IS UNKNOWN
4329c633-58e,plr_60fe62aa,2019_2020,2019-07-01,UNKNOWN,UNKNOWN,UNKNOWN,,,,FALSE,FEE IS UNKNOWN
7825d366-366,plr_8ce797ce,2019_2020,2019-07-01,UNKNOWN,UNKNOWN,LOAN,0.0,,0.0,FALSE,FEE IS LOAN
2a8762e7-7ab,plr_4a2f6a35,2019_2020,2019-07-01,UNKNOWN,UNKNOWN,LOAN,0.0,,0.0,FALSE,FEE IS LOAN
972f5801-9bc,plr_26dc52a9,2019_2020,2019-07-01,UNKNOWN,UNKNOWN,LOAN,0.0,,0.0,FALSE,FEE IS LOAN
09c4979c-27a,plr_7804ba64,2019_2020,2019-07-01,UNKNOWN,UNKNOWN,LOAN,0.0,,0.0,FALSE,FEE IS LOAN
3d1c26ab-a9b,plr_69daac56,2019_2020,2019-07-01,UNKNOWN,UNKNOWN,LOAN,0.0,,0.0,FALSE,FEE IS LOAN
e0dd3423-043,plr_ff5ef784,2019_2020,2019-07-01,UNKNOWN,UNKNOWN,DISCLOSED,22300000.0,EUR,19155700.0,TRUE,
8f3a5e85-a42,plr_35ad7087,2019_2020,2019-07-01,UNKNOWN,UNKNOWN,DISCLOSED,11100000.0,EUR,9534900.0,TRUE,
4212f895-087,plr_21e3459d,2019_2020,2019-07-01,UNKNOWN,UNKNOWN,DISCLOSED,1100000.0,EUR,944900.0,TRUE,
848187b0-bac,plr_26dc52a9,2019_2020,2019-07-01,UNKNOWN,UNKNOWN,LOAN,0.0,,0.0,FALSE,FEE IS LOAN
44d8b646-44a,plr_f92ed997,2019_2020,2019-07-01,UNKNOWN,UNKNOWN,FREE,0.0,,0.0,FALSE,FEE IS FREE
91ba0ed8-69d,plr_c95ae376,2019_2020,2019-07-01,UNKNOWN,UNKNOWN,LOAN,0.0,,0.0,FALSE,FEE IS LOAN
58e41d80-b3f,plr_29ca1515,2019_2020,2019-07-01,UNKNOWN,UNKNOWN,DISCLOSED,10000000.0,EUR,8590000.0,TRUE,
58a94a4c-6ea,plr_8d02bdef,2019_2020,2019-07-01,UNKNOWN,UNKNOWN,DISCLOSED,10000000.0,EUR,8590000.0,TRUE,
2bd59230-dd8,plr_4cbcaf14,2019_2020,2019-07-01,UNKNOWN,UNKNOWN,DISCLOSED,2750000.0,EUR,2362250.0,TRUE,
2350a274-379,plr_b0f9d10d,2019_2020,2019-07-01,UNKNOWN,UNKNOWN,DISCLOSED,1100000.0,EUR,944900.0,TRUE,
0750df43-f23,plr_deb0493d,2019_2020,2019-07-01,UNKNOWN,UNKNOWN,LOAN,0.0,,0.0,FALSE,FEE IS LOAN
ce599cbe-7e0,plr_e082eb5e,2019_2020,2019-07-01,UNKNOWN,UNKNOWN,LOAN,0.0,,0.0,FALSE,FEE IS LOAN
481f9361-666,plr_aad2ba68,2019_2020,2019-07-01,UNKNOWN,UNKNOWN,LOAN,0.0,,0.0,FALSE,FEE IS LOAN
cd172a04-652,plr_f4a0a6d3,2019_2020,2019-07-01,UNKNOWN,UNKNOWN,DISCLOSED,8800000.0,EUR,7559200.0,TRUE,
bf25d483-2e2,plr_16680dc8,2019_2020,2019-07-01,UNKNOWN,UNKNOWN,FREE,0.0,,0.0,FALSE,FEE IS FREE
ebe2db6a-05a,plr_72fa8392,2019_2020,2019-07-01,UNKNOWN,UNKNOWN,FREE,0.0,,0.0,FALSE,FEE IS FREE
757817bb-ef9,plr_44a70f63,2019_2020,2019-07-01,UNKNOWN,UNKNOWN,FREE,0.0,,0.0,FALSE,FEE IS FREE
785dd5b2-cc1,plr_6945edcc,2019_2020,2019-07-01,UNKNOWN,UNKNOWN,FREE,0.0,,0.0,FALSE,FEE IS FREE
7960b5f2-7db,plr_afd0e8b5,2019_2020,2019-07-01,UNKNOWN,UNKNOWN,UNKNOWN,,,,FALSE,FEE IS UNKNOWN
fb709f19-eed,plr_2ba3b31d,2019_2020,2019-07-01,UNKNOWN,UNKNOWN,DISCLOSED,16700000.0,EUR,14345300.0,TRUE,
eacc5a24-8c4,plr_6c7e1835,2019_2020,2019-07-01,UNKNOWN,UNKNOWN,DISCLOSED,15700000.0,EUR,13486300.0,TRUE,
8b086664-22d,plr_ee9308c2,2019_2020,2019-07-01,UNKNOWN,UNKNOWN,LOAN,0.0,,0.0,FALSE,FEE IS LOAN
fd6beae8-fc9,plr_08892396,2019_2020,2019-07-01,UNKNOWN,UNKNOWN,UNKNOWN,,,,FALSE,FEE IS UNKNOWN
2ace8b6c-f84,plr_97e401ea,2019_2020,2019-07-01,UNKNOWN,UNKNOWN,LOAN,0.0,,0.0,FALSE,FEE IS LOAN
3e3dc804-16c,plr_bb017e15,2019_2020,2019-07-01,UNKNOWN,UNKNOWN,LOAN,0.0,,0.0,FALSE,FEE IS LOAN
d145a5a3-e22,plr_278a8bc8,2019_2020,2019-07-01,UNKNOWN,UNKNOWN,LOAN,0.0,,0.0,FALSE,FEE IS LOAN
9a271234-e5c,plr_d9109e60,2019_2020,2019-07-01,UNKNOWN,UNKNOWN,LOAN,0.0,,0.0,FALSE,FEE IS LOAN
14cda266-d43,plr_41324808,2019_2020,2019-07-01,UNKNOWN,UNKNOWN,LOAN,0.0,,0.0,FALSE,FEE IS LOAN
fa9076b5-f5c,plr_a025e6c4,2019_2020,2019-07-01,UNKNOWN,UNKNOWN,LOAN,0.0,,0.0,FALSE,FEE IS LOAN
a4ee75ed-35c,plr_6ca9fe9b,2019_2020,2019-07-01,UNKNOWN,UNKNOWN,LOAN,0.0,,0.0,FALSE,FEE IS LOAN
1870bfa2-1b1,plr_198d4b01,2019_2020,2019-07-01,UNKNOWN,UNKNOWN,DISCLOSED,15500000.0,EUR,13314500.0,TRUE,
62d509d9-bfe,plr_4c0b1e3e,2019_2020,2019-07-01,UNKNOWN,UNKNOWN,DISCLOSED,6500000.0,EUR,5583500.0,TRUE,
130c1cc9-afe,plr_ef8221c4,2019_2020,2019-07-01,UNKNOWN,UNKNOWN,DISCLOSED,4300000.0,EUR,3693700.0,TRUE,
48c740da-09c,plr_68885946,2019_2020,2019-07-01,UNKNOWN,UNKNOWN,LOAN,0.0,,0.0,FALSE,FEE IS LOAN
6b654159-8f4,plr_313f12dc,2019_2020,2019-07-01,UNKNOWN,UNKNOWN,FREE,0.0,,0.0,FALSE,FEE IS FREE
83925c52-760,plr_96cfbd37,2019_2020,2019-07-01,UNKNOWN,UNKNOWN,LOAN,0.0,,0.0,FALSE,FEE IS LOAN
749315dd-4b9,plr_a146657c,2019_2020,2019-07-01,UNKNOWN,UNKNOWN,LOAN,0.0,,0.0,FALSE,FEE IS LOAN
d03f152c-a5a,plr_f65813bf,2019_2020,2019-07-01,UNKNOWN,UNKNOWN,LOAN,0.0,,0.0,FALSE,FEE IS LOAN
a3919180-02c,plr_5d586ba2,2019_2020,2019-07-01,UNKNOWN,UNKNOWN,LOAN,0.0,,0.0,FALSE,FEE IS LOAN
eb3d0ab9-f71,plr_cb95cf6d,2019_2020,2019-07-01,UNKNOWN,UNKNOWN,DISCLOSED,22220000.0,EUR,19086980.0,TRUE,
8f33eb6b-bbc,plr_a2085edd,2019_2020,2019-07-01,UNKNOWN,UNKNOWN,DISCLOSED,15560000.0,EUR,13366040.0,TRUE,
8f65a45e-327,plr_9c7fd488,2019_2020,2019-07-01,UNKNOWN,UNKNOWN,DISCLOSED,15560000.0,EUR,13366040.0,TRUE,
3d147a3a-c61,plr_e5040e88,2019_2020,2019-07-01,UNKNOWN,UNKNOWN,DISCLOSED,3900000.0,EUR,3350100.0,TRUE,
7023ecc1-f8d,plr_2fd4092e,2019_2020,2019-07-01,UNKNOWN,UNKNOWN,DISCLOSED,3300000.0,EUR,2834700.0,TRUE,
a62dad4b-063,plr_e59f0550,2019_2020,2019-07-01,UNKNOWN,UNKNOWN,DISCLOSED,1200000.0,EUR,1030800.0,TRUE,
6fbfc15b-722,plr_2ae468a9,2019_2020,2019-07-01,UNKNOWN,UNKNOWN,UNKNOWN,,,,FALSE,FEE IS UNKNOWN
a6656716-41a,plr_13d6ceb8,2019_2020,2019-07-01,UNKNOWN,UNKNOWN,UNKNOWN,,,,FALSE,FEE IS UNKNOWN
f4f741bf-c1d,plr_481b06bc,2019_2020,2019-07-01,UNKNOWN,UNKNOWN,LOAN,0.0,,0.0,FALSE,FEE IS LOAN
26a936ff-590,plr_0c703dfb,2019_2020,2019-07-01,UNKNOWN,UNKNOWN,LOAN,0.0,,0.0,FALSE,FEE IS LOAN
dff06f1e-a2f,plr_aa7bc1d5,2019_2020,2019-07-01,UNKNOWN,UNKNOWN,LOAN,0.0,,0.0,FALSE,FEE IS LOAN
3942eb5b-0c1,plr_4d79fe1b,2019_2020,2019-07-01,UNKNOWN,UNKNOWN,LOAN,0.0,,0.0,FALSE,FEE IS LOAN
6bd6ec60-4a2,plr_5c90254f,2019_2020,2019-07-01,UNKNOWN,UNKNOWN,LOAN,0.0,,0.0,FALSE,FEE IS LOAN
bbb91e80-833,plr_fac1aa20,2019_2020,2019-07-01,UNKNOWN,UNKNOWN,LOAN,0.0,,0.0,FALSE,FEE IS LOAN
b17b6886-8ee,plr_0fb22b71,2019_2020,2019-07-01,UNKNOWN,UNKNOWN,LOAN,0.0,,0.0,FALSE,FEE IS LOAN
e63833b0-805,plr_542254da,2019_2020,2019-07-01,UNKNOWN,UNKNOWN,LOAN,0.0,,0.0,FALSE,FEE IS LOAN
11a09c88-3d9,plr_7bd3aa74,2019_2020,2019-07-01,UNKNOWN,UNKNOWN,LOAN,0.0,,0.0,FALSE,FEE IS LOAN
3a6936a3-a27,plr_45f9f711,2019_2020,2019-07-01,UNKNOWN,UNKNOWN,LOAN,0.0,,0.0,FALSE,FEE IS LOAN
a7567713-309,plr_e009af45,2019_2020,2019-07-01,UNKNOWN,UNKNOWN,LOAN,0.0,,0.0,FALSE,FEE IS LOAN
f981b196-06d,plr_96298588,2019_2020,2019-07-01,UNKNOWN,UNKNOWN,LOAN,0.0,,0.0,FALSE,FEE IS LOAN
583a8b5f-127,plr_861ee9a5,2019_2020,2019-07-01,UNKNOWN,UNKNOWN,LOAN,0.0,,0.0,FALSE,FEE IS LOAN
6bbd11c9-455,plr_76748ba6,2019_2020,2019-07-01,UNKNOWN,UNKNOWN,LOAN,0.0,,0.0,FALSE,FEE IS LOAN
e11d37bd-883,plr_9a987637,2019_2020,2019-07-01,UNKNOWN,UNKNOWN,LOAN,0.0,,0.0,FALSE,FEE IS LOAN
df517b14-fec,plr_973e4a3b,2019_2020,2019-07-01,UNKNOWN,UNKNOWN,DISCLOSED,500000.0,EUR,429500.0,TRUE,
80b901c5-47e,plr_75c9ca1c,2019_2020,2019-07-01,UNKNOWN,UNKNOWN,FREE,0.0,,0.0,FALSE,FEE IS FREE
639d8505-d63,plr_1c385151,2019_2020,2019-07-01,UNKNOWN,UNKNOWN,FREE,0.0,,0.0,FALSE,FEE IS FREE
e2d9c622-25a,plr_1435248e,2019_2020,2019-07-01,UNKNOWN,UNKNOWN,LOAN,0.0,,0.0,FALSE,FEE IS LOAN
5d81d435-1c1,plr_70850120,2019_2020,2019-07-01,UNKNOWN,UNKNOWN,LOAN,0.0,,0.0,FALSE,FEE IS LOAN
3922ef56-48c,plr_220e297b,2019_2020,2019-07-01,UNKNOWN,UNKNOWN,LOAN,0.0,,0.0,FALSE,FEE IS LOAN
d366e3d8-4cf,plr_79d29f46,2019_2020,2019-07-01,UNKNOWN,UNKNOWN,LOAN,0.0,,0.0,FALSE,FEE IS LOAN
ddd6a05d-1b4,plr_fb0f571e,2019_2020,2019-07-01,UNKNOWN,UNKNOWN,UNKNOWN,,,,FALSE,FEE IS UNKNOWN
87f9f73b-110,plr_6b2426c9,2019_2020,2019-07-01,UNKNOWN,UNKNOWN,DISCLOSED,4150000.0000000005,EUR,3564850.0,TRUE,
a93299e3-7f9,plr_b7ed9d09,2019_2020,2019-07-01,UNKNOWN,UNKNOWN,LOAN,0.0,,0.0,FALSE,FEE IS LOAN
a5c01a0e-c25,plr_17754e2c,2019_2020,2019-07-01,UNKNOWN,UNKNOWN,DISCLOSED,500000.0,EUR,429500.0,TRUE,
087b7540-c4f,plr_4e211b25,2019_2020,2019-07-01,UNKNOWN,UNKNOWN,DISCLOSED,335000.0,EUR,287765.0,TRUE,
88b47cd6-33d,plr_7839b5d3,2019_2020,2019-07-01,UNKNOWN,UNKNOWN,FREE,0.0,,0.0,FALSE,FEE IS FREE
2dbf13f6-55c,plr_f025b709,2019_2020,2019-07-01,UNKNOWN,UNKNOWN,UNDISCLOSED,,,,FALSE,FEE IS UNDISCLOSED
983707b0-ef2,plr_9d527562,2019_2020,2019-07-01,UNKNOWN,UNKNOWN,LOAN,0.0,,0.0,FALSE,FEE IS LOAN
d948e6f1-fea,plr_a840dd4d,2019_2020,2019-07-01,UNKNOWN,UNKNOWN,LOAN,0.0,,0.0,FALSE,FEE IS LOAN
acd752e9-942,plr_1818431c,2019_2020,2019-07-01,UNKNOWN,UNKNOWN,UNKNOWN,,,,FALSE,FEE IS UNKNOWN
f133f69c-2a8,plr_3c827c1f,2019_2020,2019-07-01,UNKNOWN,UNKNOWN,LOAN,0.0,,0.0,FALSE,FEE IS LOAN
9f87fa6c-790,plr_1e5dff58,2019_2020,2019-07-01,UNKNOWN,UNKNOWN,LOAN,0.0,,0.0,FALSE,FEE IS LOAN
7d98e3f0-f11,plr_77c10159,2019_2020,2019-07-01,UNKNOWN,UNKNOWN,LOAN,0.0,,0.0,FALSE,FEE IS LOAN
7d58d7bf-44e,plr_9269af16,2019_2020,2019-07-01,UNKNOWN,UNKNOWN,LOAN,0.0,,0.0,FALSE,FEE IS LOAN
12c932bd-561,plr_e389af3c,2019_2020,2019-07-01,UNKNOWN,UNKNOWN,LOAN,0.0,,0.0,FALSE,FEE IS LOAN
86fb676b-cb1,plr_3321f892,2019_2020,2019-07-01,UNKNOWN,UNKNOWN,LOAN,0.0,,0.0,FALSE,FEE IS LOAN
117223f2-44e,plr_f025b709,2019_2020,2019-07-01,UNKNOWN,UNKNOWN,LOAN,0.0,,0.0,FALSE,FEE IS LOAN
0d29efa8-d8b,plr_00ea0244,2019_2020,2019-07-01,UNKNOWN,UNKNOWN,LOAN,0.0,,0.0,FALSE,FEE IS LOAN
e07c5901-7e3,plr_b2822030,2019_2020,2019-07-01,UNKNOWN,UNKNOWN,DISCLOSED,1000000.0,EUR,859000.0,TRUE,
6cac4d66-885,plr_61a6d1fc,2019_2020,2019-07-01,UNKNOWN,UNKNOWN,DISCLOSED,200000.0,EUR,171800.0,TRUE,
ea9e28f1-6d5,plr_6773d0ee,2019_2020,2019-07-01,UNKNOWN,UNKNOWN,FREE,0.0,,0.0,FALSE,FEE IS FREE
e8e23feb-ddd,plr_9762ad28,2019_2020,2019-07-01,UNKNOWN,UNKNOWN,FREE,0.0,,0.0,FALSE,FEE IS FREE
368c07d9-873,plr_407bd13f,2019_2020,2019-07-01,UNKNOWN,UNKNOWN,FREE,0.0,,0.0,FALSE,FEE IS FREE
59442ecd-e26,plr_fd436f58,2019_2020,2019-07-01,UNKNOWN,UNKNOWN,FREE,0.0,,0.0,FALSE,FEE IS FREE
a5c4c1ee-889,plr_ee57ac22,2019_2020,2019-07-01,UNKNOWN,UNKNOWN,LOAN,0.0,,0.0,FALSE,FEE IS LOAN
cc388859-e08,plr_5578b651,2019_2020,2019-07-01,UNKNOWN,UNKNOWN,LOAN,0.0,,0.0,FALSE,FEE IS LOAN
d9c7876f-381,plr_b15a3186,2019_2020,2019-07-01,UNKNOWN,UNKNOWN,UNKNOWN,,,,FALSE,FEE IS UNKNOWN
08360776-349,plr_343452ff,2019_2020,2019-07-01,UNKNOWN,UNKNOWN,UNKNOWN,,,,FALSE,FEE IS UNKNOWN
94a272fb-5b9,plr_92f7c051,2019_2020,2019-07-01,UNKNOWN,UNKNOWN,LOAN,0.0,,0.0,FALSE,FEE IS LOAN
065963ad-59a,plr_b7ed9d09,2019_2020,2019-07-01,UNKNOWN,UNKNOWN,LOAN,0.0,,0.0,FALSE,FEE IS LOAN
5e2d80ad-c57,plr_f0b96748,2019_2020,2019-07-01,UNKNOWN,UNKNOWN,DISCLOSED,25000000.0,EUR,21475000.0,TRUE,
1c6c45d9-698,plr_737d9406,2019_2020,2019-07-01,UNKNOWN,UNKNOWN,DISCLOSED,19100000.0,EUR,16406900.0,TRUE,
d00a10da-4d8,plr_e8b1efa4,2019_2020,2019-07-01,UNKNOWN,UNKNOWN,DISCLOSED,7800000.0,EUR,6700200.0,TRUE,
7b2f516d-e14,plr_6705854b,2019_2020,2019-07-01,UNKNOWN,UNKNOWN,DISCLOSED,5600000.0,EUR,4810400.0,TRUE,
3b742baf-cde,plr_03f4b6a5,2019_2020,2019-07-01,UNKNOWN,UNKNOWN,DISCLOSED,3900000.0,EUR,3350100.0,TRUE,
affd780d-a65,plr_85c68943,2019_2020,2019-07-01,UNKNOWN,UNKNOWN,FREE,0.0,,0.0,FALSE,FEE IS FREE
c31352f1-495,plr_b2043a25,2019_2020,2019-07-01,UNKNOWN,UNKNOWN,FREE,0.0,,0.0,FALSE,FEE IS FREE
c3abcff7-b36,plr_7bf6790c,2019_2020,2019-07-01,UNKNOWN,UNKNOWN,LOAN,0.0,,0.0,FALSE,FEE IS LOAN
fd8abf51-8ec,plr_2753084e,2019_2020,2019-07-01,UNKNOWN,UNKNOWN,UNDISCLOSED,,,,FALSE,FEE IS UNDISCLOSED
3661f668-1b6,plr_fe12bd8c,2019_2020,2019-07-01,UNKNOWN,UNKNOWN,LOAN,0.0,,0.0,FALSE,FEE IS LOAN
10a21daf-7e3,plr_d6cfb269,2019_2020,2019-07-01,UNKNOWN,UNKNOWN,LOAN,0.0,,0.0,FALSE,FEE IS LOAN
19c5738b-0c4,plr_fabcb2ef,2019_2020,2019-07-01,UNKNOWN,UNKNOWN,UNKNOWN,,,,FALSE,FEE IS UNKNOWN
443870d7-07a,plr_fb02246d,2019_2020,2019-07-01,UNKNOWN,UNKNOWN,UNKNOWN,,,,FALSE,FEE IS UNKNOWN
1eacf0a3-c71,plr_b0ec248a,2019_2020,2019-07-01,UNKNOWN,UNKNOWN,LOAN,0.0,,0.0,FALSE,FEE IS LOAN
c45a5190-71b,plr_3f810116,2019_2020,2019-07-01,UNKNOWN,UNKNOWN,LOAN,0.0,,0.0,FALSE,FEE IS LOAN
acab7319-2e9,plr_89db9673,2019_2020,2019-07-01,UNKNOWN,UNKNOWN,LOAN,0.0,,0.0,FALSE,FEE IS LOAN
22c528ab-b3e,plr_23345541,2019_2020,2019-07-01,UNKNOWN,UNKNOWN,LOAN,0.0,,0.0,FALSE,FEE IS LOAN
2a77c725-8f9,plr_925df729,2019_2020,2019-07-01,UNKNOWN,UNKNOWN,LOAN,0.0,,0.0,FALSE,FEE IS LOAN
7970f5d3-f13,plr_f1b62d41,2019_2020,2019-07-01,UNKNOWN,UNKNOWN,LOAN,0.0,,0.0,FALSE,FEE IS LOAN
ade23302-2fe,plr_82abb29f,2019_2020,2019-07-01,UNKNOWN,UNKNOWN,DISCLOSED,200000.0,EUR,171800.0,TRUE,
f79bd3cf-c21,plr_a8d6f02a,2019_2020,2019-07-01,UNKNOWN,UNKNOWN,DISCLOSED,150000.0,EUR,128850.0,TRUE,
1968a0d9-bdf,plr_85bf44e7,2019_2020,2019-07-01,UNKNOWN,UNKNOWN,FREE,0.0,,0.0,FALSE,FEE IS FREE
83a94ea8-cf3,plr_fb9a8ae9,2019_2020,2019-07-01,UNKNOWN,UNKNOWN,FREE,0.0,,0.0,FALSE,FEE IS FREE
df389170-bd6,plr_54c367cd,2019_2020,2019-07-01,UNKNOWN,UNKNOWN,FREE,0.0,,0.0,FALSE,FEE IS FREE
536cba8d-335,plr_6ee78952,2019_2020,2019-07-01,UNKNOWN,UNKNOWN,FREE,0.0,,0.0,FALSE,FEE IS FREE
31722ac1-159,plr_eebd3eeb,2019_2020,2019-07-01,UNKNOWN,UNKNOWN,FREE,0.0,,0.0,FALSE,FEE IS FREE
ed49a0a8-4b9,plr_4ceb71de,2019_2020,2019-07-01,UNKNOWN,UNKNOWN,FREE,0.0,,0.0,FALSE,FEE IS FREE
9b08dd9e-300,plr_ff31bd44,2019_2020,2019-07-01,UNKNOWN,UNKNOWN,FREE,0.0,,0.0,FALSE,FEE IS FREE
645a9c8d-893,plr_96d13ae1,2019_2020,2019-07-01,UNKNOWN,UNKNOWN,DISCLOSED,25000000.0,EUR,21475000.0,TRUE,
1c4011f0-425,plr_bb14527c,2019_2020,2019-07-01,UNKNOWN,UNKNOWN,DISCLOSED,13300000.0,EUR,11424700.0,TRUE,
b2df0bba-944,plr_73c60311,2019_2020,2019-07-01,UNKNOWN,UNKNOWN,DISCLOSED,12000000.0,EUR,10308000.0,TRUE,
eba6cf9e-fdc,plr_7a6c7e15,2019_2020,2019-07-01,UNKNOWN,UNKNOWN,DISCLOSED,10500000.0,EUR,9019500.0,TRUE,
51703c20-092,plr_99ec0645,2019_2020,2019-07-01,UNKNOWN,UNKNOWN,DISCLOSED,10000000.0,EUR,8590000.0,TRUE,
99b6e62e-92f,plr_a82de73a,2019_2020,2019-07-01,UNKNOWN,UNKNOWN,DISCLOSED,9000000.0,EUR,7731000.0,TRUE,
f6ef528d-29f,plr_2c61a1c6,2019_2020,2019-07-01,UNKNOWN,UNKNOWN,DISCLOSED,8000000.0,EUR,6872000.0,TRUE,
0ceca448-5d4,plr_9036e6a0,2019_2020,2019-07-01,UNKNOWN,UNKNOWN,DISCLOSED,4500000.0,EUR,3865500.0,TRUE,
74a022bf-086,plr_2d07d510,2019_2020,2019-07-01,UNKNOWN,UNKNOWN,LOAN,0.0,,0.0,FALSE,FEE IS LOAN
6f4ae229-133,plr_e953248d,2019_2020,2019-07-01,UNKNOWN,UNKNOWN,FREE,0.0,,0.0,FALSE,FEE IS FREE
b40fe7fe-157,plr_5fffb888,2019_2020,2019-07-01,UNKNOWN,UNKNOWN,LOAN,0.0,,0.0,FALSE,FEE IS LOAN
bf71b451-b1e,plr_ee9c5616,2019_2020,2019-07-01,UNKNOWN,UNKNOWN,LOAN,0.0,,0.0,FALSE,FEE IS LOAN
2e89e7a4-0eb,plr_78627295,2019_2020,2019-07-01,UNKNOWN,UNKNOWN,LOAN,0.0,,0.0,FALSE,FEE IS LOAN
da9bfe9a-c86,plr_5db9e43a,2019_2020,2019-07-01,UNKNOWN,UNKNOWN,LOAN,0.0,,0.0,FALSE,FEE IS LOAN
c96f1d8a-451,plr_748abafb,2019_2020,2019-07-01,UNKNOWN,UNKNOWN,LOAN,0.0,,0.0,FALSE,FEE IS LOAN
15128152-3e5,plr_195825f2,2019_2020,2019-07-01,UNKNOWN,UNKNOWN,LOAN,0.0,,0.0,FALSE,FEE IS LOAN
3cee5880-f0c,plr_d2b2fc34,2019_2020,2019-07-01,UNKNOWN,UNKNOWN,DISCLOSED,3000000.0,EUR,2577000.0,TRUE,
74384ae0-82d,plr_152804bc,2019_2020,2019-07-01,UNKNOWN,UNKNOWN,FREE,0.0,,0.0,FALSE,FEE IS FREE
517ec2ab-7da,plr_70477c10,2019_2020,2019-07-01,UNKNOWN,UNKNOWN,FREE,0.0,,0.0,FALSE,FEE IS FREE
6b0e71f8-2e4,plr_7e920020,2019_2020,2019-07-01,UNKNOWN,UNKNOWN,FREE,0.0,,0.0,FALSE,FEE IS FREE
81bc7496-d2f,plr_a2e4f905,2019_2020,2019-07-01,UNKNOWN,UNKNOWN,LOAN,0.0,,0.0,FALSE,FEE IS LOAN
cb8747d1-271,plr_ba4c3d06,2019_2020,2019-07-01,UNKNOWN,UNKNOWN,UNDISCLOSED,,,,FALSE,FEE IS UNDISCLOSED
c209b275-024,plr_ee9c5616,2019_2020,2019-07-01,UNKNOWN,UNKNOWN,UNDISCLOSED,,,,FALSE,FEE IS UNDISCLOSED
a391832c-b87,plr_0e0549a0,2019_2020,2019-07-01,UNKNOWN,UNKNOWN,LOAN,0.0,,0.0,FALSE,FEE IS LOAN
277a309b-9d2,plr_b3d62b7d,2019_2020,2019-07-01,UNKNOWN,UNKNOWN,UNKNOWN,,,,FALSE,FEE IS UNKNOWN
6bf00d32-cf7,plr_fee57bcd,2019_2020,2019-07-01,UNKNOWN,UNKNOWN,UNKNOWN,,,,FALSE,FEE IS UNKNOWN
6220ca99-510,plr_0d804680,2019_2020,2019-07-01,UNKNOWN,UNKNOWN,UNKNOWN,,,,FALSE,FEE IS UNKNOWN
5f65ca19-acd,plr_d9dcb154,2019_2020,2019-07-01,UNKNOWN,UNKNOWN,UNKNOWN,,,,FALSE,FEE IS UNKNOWN
6bbdc103-6d0,plr_9073ccb1,2019_2020,2019-07-01,UNKNOWN,UNKNOWN,UNKNOWN,,,,FALSE,FEE IS UNKNOWN
c56f1c92-869,plr_f7cb96ea,2019_2020,2019-07-01,UNKNOWN,UNKNOWN,UNKNOWN,,,,FALSE,FEE IS UNKNOWN
9fdd3958-3b3,plr_edc82139,2020_2021,2020-07-01,UNKNOWN,UNKNOWN,DISCLOSED,50000000.0,EUR,42950000.0,TRUE,
aa822567-229,plr_19d1527e,2020_2021,2020-07-01,UNKNOWN,UNKNOWN,DISCLOSED,26000000.0,EUR,22334000.0,TRUE,
c01f1ca5-17c,plr_e7a66a7c,2020_2021,2020-07-01,UNKNOWN,UNKNOWN,DISCLOSED,6000000.0,EUR,5154000.0,TRUE,
3d9ae8b9-a41,plr_eaa0237c,2020_2021,2020-07-01,UNKNOWN,UNKNOWN,DISCLOSED,2000000.0,EUR,1718000.0,TRUE,
07a2d9f7-636,plr_c80cc009,2020_2021,2020-07-01,UNKNOWN,UNKNOWN,LOAN,0.0,,0.0,FALSE,FEE IS LOAN
405eff8d-57c,plr_3d7157e4,2020_2021,2020-07-01,UNKNOWN,UNKNOWN,FREE,0.0,,0.0,FALSE,FEE IS FREE
00df01d7-28f,plr_dd751c60,2020_2021,2020-07-01,UNKNOWN,UNKNOWN,FREE,0.0,,0.0,FALSE,FEE IS FREE
7ff350c8-4b0,plr_60fd42bd,2020_2021,2020-07-01,UNKNOWN,UNKNOWN,LOAN,0.0,,0.0,FALSE,FEE IS LOAN
5eb8781a-066,plr_7df7ea53,2020_2021,2020-07-01,UNKNOWN,UNKNOWN,UNKNOWN,,,,FALSE,FEE IS UNKNOWN
ef0124db-bfa,plr_d7cc1439,2020_2021,2020-07-01,UNKNOWN,UNKNOWN,LOAN,0.0,,0.0,FALSE,FEE IS LOAN
b3414110-326,plr_9d720bcf,2020_2021,2020-07-01,UNKNOWN,UNKNOWN,LOAN,0.0,,0.0,FALSE,FEE IS LOAN
d62edfe2-2f4,plr_e9bad5d1,2020_2021,2020-07-01,UNKNOWN,UNKNOWN,LOAN,0.0,,0.0,FALSE,FEE IS LOAN
848bc0c3-a15,plr_528bf654,2020_2021,2020-07-01,UNKNOWN,UNKNOWN,LOAN,0.0,,0.0,FALSE,FEE IS LOAN
ea5bb351-aff,plr_fa7d65cb,2020_2021,2020-07-01,UNKNOWN,UNKNOWN,LOAN,0.0,,0.0,FALSE,FEE IS LOAN
1cb2107b-10b,plr_f331e355,2020_2021,2020-07-01,UNKNOWN,UNKNOWN,LOAN,0.0,,0.0,FALSE,FEE IS LOAN
07030eb3-afb,plr_fbc173a0,2020_2021,2020-07-01,UNKNOWN,UNKNOWN,DISCLOSED,17400000.0,EUR,14946600.0,TRUE,
78bc5a5e-7a8,plr_17759ef5,2020_2021,2020-07-01,UNKNOWN,UNKNOWN,LOAN,0.0,,0.0,FALSE,FEE IS LOAN
3c7d4d9e-173,plr_208ff36c,2020_2021,2020-07-01,UNKNOWN,UNKNOWN,LOAN,0.0,,0.0,FALSE,FEE IS LOAN
044fd8f8-f3a,plr_9995e0df,2020_2021,2020-07-01,UNKNOWN,UNKNOWN,FREE,0.0,,0.0,FALSE,FEE IS FREE
77259a6e-6dc,plr_77afc4df,2020_2021,2020-07-01,UNKNOWN,UNKNOWN,FREE,0.0,,0.0,FALSE,FEE IS FREE
d57300b0-3f0,plr_2df0cb13,2020_2021,2020-07-01,UNKNOWN,UNKNOWN,FREE,0.0,,0.0,FALSE,FEE IS FREE
61660276-da8,plr_d55daa88,2020_2021,2020-07-01,UNKNOWN,UNKNOWN,FREE,0.0,,0.0,FALSE,FEE IS FREE
1e987844-212,plr_9d68e285,2020_2021,2020-07-01,UNKNOWN,UNKNOWN,LOAN,0.0,,0.0,FALSE,FEE IS LOAN
fb5fbf57-3fc,plr_0002ce69,2020_2021,2020-07-01,UNKNOWN,UNKNOWN,LOAN,0.0,,0.0,FALSE,FEE IS LOAN
b72048c1-06f,plr_60fb47e5,2020_2021,2020-07-01,UNKNOWN,UNKNOWN,DISCLOSED,34000000.0,EUR,29206000.0,TRUE,
31a3f256-35a,plr_c68d6c16,2020_2021,2020-07-01,UNKNOWN,UNKNOWN,DISCLOSED,18400000.0,EUR,15805600.0,TRUE,
f00707d7-4a5,plr_fcc0754e,2020_2021,2020-07-01,UNKNOWN,UNKNOWN,DISCLOSED,15800000.0,EUR,13572200.0,TRUE,
227a66df-4d0,plr_4eb5dfb5,2020_2021,2020-07-01,UNKNOWN,UNKNOWN,DISCLOSED,15750000.0,EUR,13529250.0,TRUE,
7a4e9172-a89,plr_673cfab3,2020_2021,2020-07-01,UNKNOWN,UNKNOWN,LOAN,0.0,,0.0,FALSE,FEE IS LOAN
0508393d-efa,plr_2b8dd2b9,2020_2021,2020-07-01,UNKNOWN,UNKNOWN,UNKNOWN,,,,FALSE,FEE IS UNKNOWN
29fa63f3-f04,plr_5db9e43a,2020_2021,2020-07-01,UNKNOWN,UNKNOWN,LOAN,0.0,,0.0,FALSE,FEE IS LOAN
2d12d602-184,plr_a2e4f905,2020_2021,2020-07-01,UNKNOWN,UNKNOWN,LOAN,0.0,,0.0,FALSE,FEE IS LOAN
706bc684-d00,plr_dd59d8da,2020_2021,2020-07-01,UNKNOWN,UNKNOWN,LOAN,0.0,,0.0,FALSE,FEE IS LOAN
83582011-33d,plr_748abafb,2020_2021,2020-07-01,UNKNOWN,UNKNOWN,LOAN,0.0,,0.0,FALSE,FEE IS LOAN
86fb86d9-885,plr_0e0549a0,2020_2021,2020-07-01,UNKNOWN,UNKNOWN,LOAN,0.0,,0.0,FALSE,FEE IS LOAN
3569b2cb-ea6,plr_2e0e770b,2020_2021,2020-07-01,UNKNOWN,UNKNOWN,FREE,0.0,,0.0,FALSE,FEE IS FREE
0166aa91-8b7,plr_9036e6a0,2020_2021,2020-07-01,UNKNOWN,UNKNOWN,FREE,0.0,,0.0,FALSE,FEE IS FREE
1e3e34f6-826,plr_5fffb888,2020_2021,2020-07-01,UNKNOWN,UNKNOWN,FREE,0.0,,0.0,FALSE,FEE IS FREE
4a48c7d8-9f3,plr_e953248d,2020_2021,2020-07-01,UNKNOWN,UNKNOWN,FREE,0.0,,0.0,FALSE,FEE IS FREE
6511bc57-eb7,plr_0e0549a0,2020_2021,2020-07-01,UNKNOWN,UNKNOWN,UNDISCLOSED,,,,FALSE,FEE IS UNDISCLOSED
ced9315f-9f2,plr_195825f2,2020_2021,2020-07-01,UNKNOWN,UNKNOWN,LOAN,0.0,,0.0,FALSE,FEE IS LOAN
dafe0f24-704,plr_7a6c7e15,2020_2021,2020-07-01,UNKNOWN,UNKNOWN,LOAN,0.0,,0.0,FALSE,FEE IS LOAN
226dbe09-98e,plr_730530c1,2020_2021,2020-07-01,UNKNOWN,UNKNOWN,UNKNOWN,,,,FALSE,FEE IS UNKNOWN
c0947e78-5ac,plr_2d07d510,2020_2021,2020-07-01,UNKNOWN,UNKNOWN,LOAN,0.0,,0.0,FALSE,FEE IS LOAN
f92c2f31-2e4,plr_3e594bdb,2020_2021,2020-07-01,UNKNOWN,UNKNOWN,LOAN,0.0,,0.0,FALSE,FEE IS LOAN
c51634a5-64b,plr_c795f503,2020_2021,2020-07-01,UNKNOWN,UNKNOWN,DISCLOSED,28200000.0,EUR,24223800.0,TRUE,
45b1a53e-11d,plr_1d0743db,2020_2021,2020-07-01,UNKNOWN,UNKNOWN,DISCLOSED,11000000.0,EUR,9449000.0,TRUE,
5ea64d8d-9ea,plr_095db400,2020_2021,2020-07-01,UNKNOWN,UNKNOWN,DISCLOSED,6500000.0,EUR,5583500.0,TRUE,
f6e483e3-197,plr_29b3267f,2020_2021,2020-07-01,UNKNOWN,UNKNOWN,DISCLOSED,4000000.0,EUR,3436000.0,TRUE,
74665c28-89a,plr_a5598aab,2020_2021,2020-07-01,UNKNOWN,UNKNOWN,DISCLOSED,3900000.0,EUR,3350100.0,TRUE,
758588eb-b00,plr_f9252fd6,2020_2021,2020-07-01,UNKNOWN,UNKNOWN,DISCLOSED,1000000.0,EUR,859000.0,TRUE,
c6f711b2-565,plr_87a492b6,2020_2021,2020-07-01,UNKNOWN,UNKNOWN,FREE,0.0,,0.0,FALSE,FEE IS FREE
bab324e6-c3c,plr_5c5b6f17,2020_2021,2020-07-01,UNKNOWN,UNKNOWN,FREE,0.0,,0.0,FALSE,FEE IS FREE
c017c0af-914,plr_9a1ef932,2020_2021,2020-07-01,UNKNOWN,UNKNOWN,UNKNOWN,,,,FALSE,FEE IS UNKNOWN
ad3afd9f-b1a,plr_70850120,2020_2021,2020-07-01,UNKNOWN,UNKNOWN,LOAN,0.0,,0.0,FALSE,FEE IS LOAN
8a567dc4-4de,plr_1435248e,2020_2021,2020-07-01,UNKNOWN,UNKNOWN,LOAN,0.0,,0.0,FALSE,FEE IS LOAN
8af34f4d-383,plr_76748ba6,2020_2021,2020-07-01,UNKNOWN,UNKNOWN,LOAN,0.0,,0.0,FALSE,FEE IS LOAN
b44cc185-403,plr_79d29f46,2020_2021,2020-07-01,UNKNOWN,UNKNOWN,LOAN,0.0,,0.0,FALSE,FEE IS LOAN
3f246144-86a,plr_220e297b,2020_2021,2020-07-01,UNKNOWN,UNKNOWN,LOAN,0.0,,0.0,FALSE,FEE IS LOAN
2700f81a-db9,plr_0c703dfb,2020_2021,2020-07-01,UNKNOWN,UNKNOWN,LOAN,0.0,,0.0,FALSE,FEE IS LOAN
5650ca98-7e4,plr_e5040e88,2020_2021,2020-07-01,UNKNOWN,UNKNOWN,LOAN,0.0,,0.0,FALSE,FEE IS LOAN
106518db-875,plr_9a987637,2020_2021,2020-07-01,UNKNOWN,UNKNOWN,LOAN,0.0,,0.0,FALSE,FEE IS LOAN
7f1a8a8a-d72,plr_7bd3aa74,2020_2021,2020-07-01,UNKNOWN,UNKNOWN,LOAN,0.0,,0.0,FALSE,FEE IS LOAN
82f7080a-44c,plr_96298588,2020_2021,2020-07-01,UNKNOWN,UNKNOWN,LOAN,0.0,,0.0,FALSE,FEE IS LOAN
339bdb17-a71,plr_bc1efc9a,2020_2021,2020-07-01,UNKNOWN,UNKNOWN,LOAN,0.0,,0.0,FALSE,FEE IS LOAN
7b498468-248,plr_51430396,2020_2021,2020-07-01,UNKNOWN,UNKNOWN,LOAN,0.0,,0.0,FALSE,FEE IS LOAN
ea74ee02-db5,plr_2fd4092e,2020_2021,2020-07-01,UNKNOWN,UNKNOWN,DISCLOSED,4500000.0,EUR,3865500.0,TRUE,
ffa531d0-29a,plr_bc1efc9a,2020_2021,2020-07-01,UNKNOWN,UNKNOWN,LOAN,0.0,,0.0,FALSE,FEE IS LOAN
0633338d-9ef,plr_532641b2,2020_2021,2020-07-01,UNKNOWN,UNKNOWN,DISCLOSED,1100000.0,EUR,944900.0,TRUE,
714507dd-140,plr_2b831ac0,2020_2021,2020-07-01,UNKNOWN,UNKNOWN,DISCLOSED,1100000.0,EUR,944900.0,TRUE,
13fd9742-ef2,plr_44468301,2020_2021,2020-07-01,UNKNOWN,UNKNOWN,FREE,0.0,,0.0,FALSE,FEE IS FREE
4c9d9d8f-a6f,plr_928f982d,2020_2021,2020-07-01,UNKNOWN,UNKNOWN,LOAN,0.0,,0.0,FALSE,FEE IS LOAN
faa4f398-397,plr_861ee9a5,2020_2021,2020-07-01,UNKNOWN,UNKNOWN,UNKNOWN,,,,FALSE,FEE IS UNKNOWN
50a574eb-90e,plr_542254da,2020_2021,2020-07-01,UNKNOWN,UNKNOWN,UNKNOWN,,,,FALSE,FEE IS UNKNOWN
d558c592-bc1,plr_d6c51cd6,2020_2021,2020-07-01,UNKNOWN,UNKNOWN,UNDISCLOSED,,,,FALSE,FEE IS UNDISCLOSED
f3ddeac7-ef6,plr_a09ff2c7,2020_2021,2020-07-01,UNKNOWN,UNKNOWN,UNKNOWN,,,,FALSE,FEE IS UNKNOWN
3faafafe-74d,plr_4f2f77b8,2020_2021,2020-07-01,UNKNOWN,UNKNOWN,UNKNOWN,,,,FALSE,FEE IS UNKNOWN
67213abf-257,plr_deb0493d,2020_2021,2020-07-01,UNKNOWN,UNKNOWN,LOAN,0.0,,0.0,FALSE,FEE IS LOAN
d4af6b95-3db,plr_e0fb6674,2020_2021,2020-07-01,UNKNOWN,UNKNOWN,LOAN,0.0,,0.0,FALSE,FEE IS LOAN
1bda7044-335,plr_e0fb6674,2020_2021,2020-07-01,UNKNOWN,UNKNOWN,LOAN,0.0,,0.0,FALSE,FEE IS LOAN
0ff2b6ce-d21,plr_1cdbf075,2020_2021,2020-07-01,UNKNOWN,UNKNOWN,FREE,0.0,,0.0,FALSE,FEE IS FREE
149246dd-ae2,plr_a8c20f50,2020_2021,2020-07-01,UNKNOWN,UNKNOWN,FREE,0.0,,0.0,FALSE,FEE IS FREE
01693a13-d34,plr_06341f32,2020_2021,2020-07-01,UNKNOWN,UNKNOWN,FREE,0.0,,0.0,FALSE,FEE IS FREE
329e6514-d23,plr_3bf9ea94,2020_2021,2020-07-01,UNKNOWN,UNKNOWN,UNKNOWN,,,,FALSE,FEE IS UNKNOWN
ad845ac7-cb7,plr_2252608f,2020_2021,2020-07-01,UNKNOWN,UNKNOWN,DISCLOSED,100000000.0,EUR,85900000.0,TRUE,
ba142a67-f12,plr_be50c2b9,2020_2021,2020-07-01,UNKNOWN,UNKNOWN,DISCLOSED,53000000.0,EUR,45527000.0,TRUE,
c8d5312e-3a4,plr_4e192697,2020_2021,2020-07-01,UNKNOWN,UNKNOWN,DISCLOSED,50200000.0,EUR,43121800.0,TRUE,
5a339a69-148,plr_3c46f015,2020_2021,2020-07-01,UNKNOWN,UNKNOWN,DISCLOSED,40000000.0,EUR,34360000.0,TRUE,
1d30df2d-272,plr_c361f5d5,2020_2021,2020-07-01,UNKNOWN,UNKNOWN,DISCLOSED,24000000.0,EUR,20616000.0,TRUE,
01fcc97c-cd8,plr_7141249d,2020_2021,2020-07-01,UNKNOWN,UNKNOWN,FREE,0.0,,0.0,FALSE,FEE IS FREE
836284b8-e3c,plr_9bb42042,2020_2021,2020-07-01,UNKNOWN,UNKNOWN,FREE,0.0,,0.0,FALSE,FEE IS FREE
d741f9be-d7d,plr_c8c2df65,2020_2021,2020-07-01,UNKNOWN,UNKNOWN,LOAN,0.0,,0.0,FALSE,FEE IS LOAN
67e504f4-a17,plr_ad140362,2020_2021,2020-07-01,UNKNOWN,UNKNOWN,LOAN,0.0,,0.0,FALSE,FEE IS LOAN
67a5ffdc-375,plr_6b8810ff,2020_2021,2020-07-01,UNKNOWN,UNKNOWN,LOAN,0.0,,0.0,FALSE,FEE IS LOAN
629eb8e3-cc8,plr_f055db06,2020_2021,2020-07-01,UNKNOWN,UNKNOWN,LOAN,0.0,,0.0,FALSE,FEE IS LOAN
efe3c5ef-421,plr_f14726b3,2020_2021,2020-07-01,UNKNOWN,UNKNOWN,LOAN,0.0,,0.0,FALSE,FEE IS LOAN
f4640caf-8c4,plr_5cef7892,2020_2021,2020-07-01,UNKNOWN,UNKNOWN,LOAN,0.0,,0.0,FALSE,FEE IS LOAN
7d3d6ad9-3e8,plr_7b2c2acb,2020_2021,2020-07-01,UNKNOWN,UNKNOWN,LOAN,0.0,,0.0,FALSE,FEE IS LOAN
fae61650-b19,plr_e1b7c9cb,2020_2021,2020-07-01,UNKNOWN,UNKNOWN,LOAN,0.0,,0.0,FALSE,FEE IS LOAN
83a0d8b2-b08,plr_0811b2f6,2020_2021,2020-07-01,UNKNOWN,UNKNOWN,LOAN,0.0,,0.0,FALSE,FEE IS LOAN
b98cc580-40d,plr_1fa07280,2020_2021,2020-07-01,UNKNOWN,UNKNOWN,LOAN,0.0,,0.0,FALSE,FEE IS LOAN
13bfd89c-230,plr_e2b837a7,2020_2021,2020-07-01,UNKNOWN,UNKNOWN,LOAN,0.0,,0.0,FALSE,FEE IS LOAN
fbe555d6-f0b,plr_153f715d,2020_2021,2020-07-01,UNKNOWN,UNKNOWN,LOAN,0.0,,0.0,FALSE,FEE IS LOAN
f9773780-b45,plr_5978df1c,2020_2021,2020-07-01,UNKNOWN,UNKNOWN,LOAN,0.0,,0.0,FALSE,FEE IS LOAN
ed987f68-fda,plr_0d16fc04,2020_2021,2020-07-01,UNKNOWN,UNKNOWN,LOAN,0.0,,0.0,FALSE,FEE IS LOAN
c99d0e8e-09d,plr_b6854220,2020_2021,2020-07-01,UNKNOWN,UNKNOWN,LOAN,0.0,,0.0,FALSE,FEE IS LOAN
7ec3ffca-01e,plr_6f1af571,2020_2021,2020-07-01,UNKNOWN,UNKNOWN,LOAN,0.0,,0.0,FALSE,FEE IS LOAN
8167778b-3db,plr_133754fc,2020_2021,2020-07-01,UNKNOWN,UNKNOWN,LOAN,0.0,,0.0,FALSE,FEE IS LOAN
c81a9407-f4f,plr_8760c28d,2020_2021,2020-07-01,UNKNOWN,UNKNOWN,LOAN,0.0,,0.0,FALSE,FEE IS LOAN
1f3be39d-765,plr_9bb42042,2020_2021,2020-07-01,UNKNOWN,UNKNOWN,LOAN,0.0,,0.0,FALSE,FEE IS LOAN
01b3411e-f2e,plr_e2b837a7,2020_2021,2020-07-01,UNKNOWN,UNKNOWN,LOAN,0.0,,0.0,FALSE,FEE IS LOAN
66461733-a72,plr_2657cf82,2020_2021,2020-07-01,UNKNOWN,UNKNOWN,LOAN,0.0,,0.0,FALSE,FEE IS LOAN
13919484-2b5,plr_6f1af571,2020_2021,2020-07-01,UNKNOWN,UNKNOWN,LOAN,0.0,,0.0,FALSE,FEE IS LOAN
8e51a6cc-5bd,plr_e7b135a1,2020_2021,2020-07-01,UNKNOWN,UNKNOWN,FREE,0.0,,0.0,FALSE,FEE IS FREE
7a122559-19c,plr_cdd267e0,2020_2021,2020-07-01,UNKNOWN,UNKNOWN,LOAN,0.0,,0.0,FALSE,FEE IS LOAN
25b44b63-55c,plr_34925e68,2020_2021,2020-07-01,UNKNOWN,UNKNOWN,LOAN,0.0,,0.0,FALSE,FEE IS LOAN
ef97ad6b-247,plr_253bd4b8,2020_2021,2020-07-01,UNKNOWN,UNKNOWN,LOAN,0.0,,0.0,FALSE,FEE IS LOAN
b29a1074-4bb,plr_9caf8252,2020_2021,2020-07-01,UNKNOWN,UNKNOWN,DISCLOSED,17800000.0,EUR,15290200.0,TRUE,
2745dfd3-cbf,plr_89dcee99,2020_2021,2020-07-01,UNKNOWN,UNKNOWN,LOAN,0.0,,0.0,FALSE,FEE IS LOAN
a06180ad-d9d,plr_fafbfb91,2020_2021,2020-07-01,UNKNOWN,UNKNOWN,LOAN,0.0,,0.0,FALSE,FEE IS LOAN
4f3e9154-115,plr_47e9f14f,2020_2021,2020-07-01,UNKNOWN,UNKNOWN,DISCLOSED,1100000.0,EUR,944900.0,TRUE,
a23a8ec2-bba,plr_cef76dbb,2020_2021,2020-07-01,UNKNOWN,UNKNOWN,FREE,0.0,,0.0,FALSE,FEE IS FREE
f5bfa0ab-a93,plr_4bbb1935,2020_2021,2020-07-01,UNKNOWN,UNKNOWN,FREE,0.0,,0.0,FALSE,FEE IS FREE
5c76f467-d61,plr_454161ef,2020_2021,2020-07-01,UNKNOWN,UNKNOWN,UNKNOWN,,,,FALSE,FEE IS UNKNOWN
94b38356-c59,plr_e0254cba,2020_2021,2020-07-01,UNKNOWN,UNKNOWN,LOAN,0.0,,0.0,FALSE,FEE IS LOAN
7c3c867f-fd8,plr_81f31007,2020_2021,2020-07-01,UNKNOWN,UNKNOWN,LOAN,0.0,,0.0,FALSE,FEE IS LOAN
d306411d-0f3,plr_44a6b76d,2020_2021,2020-07-01,UNKNOWN,UNKNOWN,LOAN,0.0,,0.0,FALSE,FEE IS LOAN
d7832f31-66f,plr_c1f35599,2020_2021,2020-07-01,UNKNOWN,UNKNOWN,FREE,0.0,,0.0,FALSE,FEE IS FREE
84165583-819,plr_3f4d724e,2020_2021,2020-07-01,UNKNOWN,UNKNOWN,FREE,0.0,,0.0,FALSE,FEE IS FREE
e43c72b5-128,plr_83eeec1c,2020_2021,2020-07-01,UNKNOWN,UNKNOWN,UNDISCLOSED,,,,FALSE,FEE IS UNDISCLOSED
e960cdaf-9ea,plr_a1133c1d,2020_2021,2020-07-01,UNKNOWN,UNKNOWN,DISCLOSED,27500000.0,EUR,23622500.0,TRUE,
90720f23-bf0,plr_c3c993f9,2020_2021,2020-07-01,UNKNOWN,UNKNOWN,DISCLOSED,24600000.0,EUR,21131400.0,TRUE,
33633e36-d3d,plr_920f9a89,2020_2021,2020-07-01,UNKNOWN,UNKNOWN,DISCLOSED,22000000.0,EUR,18898000.0,TRUE,
30926473-236,plr_a5932c18,2020_2021,2020-07-01,UNKNOWN,UNKNOWN,DISCLOSED,270000.0,EUR,231930.0,TRUE,
b442dee9-98e,plr_a0cf6c54,2020_2021,2020-07-01,UNKNOWN,UNKNOWN,FREE,0.0,,0.0,FALSE,FEE IS FREE
a90c06f2-7a8,plr_f14d5a14,2020_2021,2020-07-01,UNKNOWN,UNKNOWN,LOAN,0.0,,0.0,FALSE,FEE IS LOAN
2c3d3454-13b,plr_83d6d5c3,2020_2021,2020-07-01,UNKNOWN,UNKNOWN,UNDISCLOSED,,,,FALSE,FEE IS UNDISCLOSED
b85ab1d7-dde,plr_e708fa9e,2020_2021,2020-07-01,UNKNOWN,UNKNOWN,UNKNOWN,,,,FALSE,FEE IS UNKNOWN
5139836c-52a,plr_84b9ba63,2020_2021,2020-07-01,UNKNOWN,UNKNOWN,LOAN,0.0,,0.0,FALSE,FEE IS LOAN
60092f29-3c7,plr_6c8f13a9,2020_2021,2020-07-01,UNKNOWN,UNKNOWN,LOAN,0.0,,0.0,FALSE,FEE IS LOAN
b8ce4e39-5ff,plr_df31ebae,2020_2021,2020-07-01,UNKNOWN,UNKNOWN,LOAN,0.0,,0.0,FALSE,FEE IS LOAN
9a03e709-8fe,plr_ad0785ee,2020_2021,2020-07-01,UNKNOWN,UNKNOWN,LOAN,0.0,,0.0,FALSE,FEE IS LOAN
7d1890f2-ceb,plr_b65a8734,2020_2021,2020-07-01,UNKNOWN,UNKNOWN,LOAN,0.0,,0.0,FALSE,FEE IS LOAN
1abdf163-108,plr_49d3013b,2020_2021,2020-07-01,UNKNOWN,UNKNOWN,LOAN,0.0,,0.0,FALSE,FEE IS LOAN
06886d4c-15d,plr_3f0f724c,2020_2021,2020-07-01,UNKNOWN,UNKNOWN,LOAN,0.0,,0.0,FALSE,FEE IS LOAN
266320ed-d33,plr_51a2507f,2020_2021,2020-07-01,UNKNOWN,UNKNOWN,LOAN,0.0,,0.0,FALSE,FEE IS LOAN
7b011a87-fbc,plr_30017acd,2020_2021,2020-07-01,UNKNOWN,UNKNOWN,LOAN,0.0,,0.0,FALSE,FEE IS LOAN
0a264a76-f85,plr_867c06c5,2020_2021,2020-07-01,UNKNOWN,UNKNOWN,LOAN,0.0,,0.0,FALSE,FEE IS LOAN
bd6992d2-d9e,plr_9dc75fe3,2020_2021,2020-07-01,UNKNOWN,UNKNOWN,LOAN,0.0,,0.0,FALSE,FEE IS LOAN
2e0be0b2-969,plr_06208938,2020_2021,2020-07-01,UNKNOWN,UNKNOWN,DISCLOSED,2230000.0,EUR,1915570.0,TRUE,
155328b7-4a5,plr_32fe933e,2020_2021,2020-07-01,UNKNOWN,UNKNOWN,FREE,0.0,,0.0,FALSE,FEE IS FREE
be3ed7bd-2d6,plr_e8608dc7,2020_2021,2020-07-01,UNKNOWN,UNKNOWN,FREE,0.0,,0.0,FALSE,FEE IS FREE
213241ff-f22,plr_ff9ef66a,2020_2021,2020-07-01,UNKNOWN,UNKNOWN,LOAN,0.0,,0.0,FALSE,FEE IS LOAN
dd18525c-cdb,plr_9dd1ee31,2020_2021,2020-07-01,UNKNOWN,UNKNOWN,LOAN,0.0,,0.0,FALSE,FEE IS LOAN
8059c1b7-037,plr_1a610229,2020_2021,2020-07-01,UNKNOWN,UNKNOWN,UNKNOWN,,,,FALSE,FEE IS UNKNOWN
967ae963-4e7,plr_35c38f75,2020_2021,2020-07-01,UNKNOWN,UNKNOWN,UNKNOWN,,,,FALSE,FEE IS UNKNOWN
edad4e33-5bc,plr_09e9c769,2020_2021,2020-07-01,UNKNOWN,UNKNOWN,UNKNOWN,,,,FALSE,FEE IS UNKNOWN
ef3cdd81-665,plr_22fc351d,2020_2021,2020-07-01,UNKNOWN,UNKNOWN,LOAN,0.0,,0.0,FALSE,FEE IS LOAN
bfc61328-b2f,plr_f65813bf,2020_2021,2020-07-01,UNKNOWN,UNKNOWN,DISCLOSED,6500000.0,EUR,5583500.0,TRUE,
2854ceca-b19,plr_21ee61ef,2020_2021,2020-07-01,UNKNOWN,UNKNOWN,DISCLOSED,4400000.0,EUR,3779600.0,TRUE,
b608067d-fea,plr_6b4300fe,2020_2021,2020-07-01,UNKNOWN,UNKNOWN,DISCLOSED,3200000.0,EUR,2748800.0,TRUE,
7b4b1ca4-c33,plr_f7016931,2020_2021,2020-07-01,UNKNOWN,UNKNOWN,LOAN,0.0,,0.0,FALSE,FEE IS LOAN
908cec2a-8dd,plr_68885946,2020_2021,2020-07-01,UNKNOWN,UNKNOWN,LOAN,0.0,,0.0,FALSE,FEE IS LOAN
6a74fe34-c18,plr_c90504cd,2020_2021,2020-07-01,UNKNOWN,UNKNOWN,DISCLOSED,2100000.0,EUR,1803900.0,TRUE,
c00ee1a2-a81,plr_4e1069b9,2020_2021,2020-07-01,UNKNOWN,UNKNOWN,LOAN,0.0,,0.0,FALSE,FEE IS LOAN
6afbb94a-023,plr_e709d35a,2020_2021,2020-07-01,UNKNOWN,UNKNOWN,DISCLOSED,1650000.0,EUR,1417350.0,TRUE,
a709e985-664,plr_502e4810,2020_2021,2020-07-01,UNKNOWN,UNKNOWN,LOAN,0.0,,0.0,FALSE,FEE IS LOAN
bf75c148-ee0,plr_a3e2aa57,2020_2021,2020-07-01,UNKNOWN,UNKNOWN,LOAN,0.0,,0.0,FALSE,FEE IS LOAN
98997c3d-91f,plr_b1308bd0,2020_2021,2020-07-01,UNKNOWN,UNKNOWN,LOAN,0.0,,0.0,FALSE,FEE IS LOAN
3be70540-320,plr_a14d2b61,2020_2021,2020-07-01,UNKNOWN,UNKNOWN,LOAN,0.0,,0.0,FALSE,FEE IS LOAN
f1b7782a-3c5,plr_048a1491,2020_2021,2020-07-01,UNKNOWN,UNKNOWN,LOAN,0.0,,0.0,FALSE,FEE IS LOAN
9f5a98d1-aae,plr_cdf0e3cd,2020_2021,2020-07-01,UNKNOWN,UNKNOWN,LOAN,0.0,,0.0,FALSE,FEE IS LOAN
155becf6-e12,plr_3426b144,2020_2021,2020-07-01,UNKNOWN,UNKNOWN,LOAN,0.0,,0.0,FALSE,FEE IS LOAN
824213a1-656,plr_0b2d53f9,2020_2021,2020-07-01,UNKNOWN,UNKNOWN,LOAN,0.0,,0.0,FALSE,FEE IS LOAN
6e7aeea0-313,plr_da4b8e30,2020_2021,2020-07-01,UNKNOWN,UNKNOWN,LOAN,0.0,,0.0,FALSE,FEE IS LOAN
bd72dacf-a80,plr_9911a387,2020_2021,2020-07-01,UNKNOWN,UNKNOWN,LOAN,0.0,,0.0,FALSE,FEE IS LOAN
803f3743-866,plr_e359d2cb,2020_2021,2020-07-01,UNKNOWN,UNKNOWN,LOAN,0.0,,0.0,FALSE,FEE IS LOAN
6fed7ac9-62c,plr_03815c0c,2020_2021,2020-07-01,UNKNOWN,UNKNOWN,LOAN,0.0,,0.0,FALSE,FEE IS LOAN
940c00d2-735,plr_61373677,2020_2021,2020-07-01,UNKNOWN,UNKNOWN,FREE,0.0,,0.0,FALSE,FEE IS FREE
74e76bc2-7d8,plr_29277fdc,2020_2021,2020-07-01,UNKNOWN,UNKNOWN,FREE,0.0,,0.0,FALSE,FEE IS FREE
c85061d7-503,plr_5a8c03f0,2020_2021,2020-07-01,UNKNOWN,UNKNOWN,LOAN,0.0,,0.0,FALSE,FEE IS LOAN
bdfdd6e9-7ac,plr_ff89e002,2020_2021,2020-07-01,UNKNOWN,UNKNOWN,LOAN,0.0,,0.0,FALSE,FEE IS LOAN
788e0e2e-919,plr_c025f546,2020_2021,2020-07-01,UNKNOWN,UNKNOWN,UNKNOWN,,,,FALSE,FEE IS UNKNOWN
df920457-91d,plr_68885946,2020_2021,2020-07-01,UNKNOWN,UNKNOWN,LOAN,0.0,,0.0,FALSE,FEE IS LOAN
c196620b-de9,plr_c95ae376,2020_2021,2020-07-01,UNKNOWN,UNKNOWN,LOAN,0.0,,0.0,FALSE,FEE IS LOAN
ff62ddf2-297,plr_1e8508af,2020_2021,2020-07-01,UNKNOWN,UNKNOWN,DISCLOSED,30000000.0,EUR,25770000.0,TRUE,
fe98a487-94e,plr_bba0c28d,2020_2021,2020-07-01,UNKNOWN,UNKNOWN,DISCLOSED,21000000.0,EUR,18039000.0,TRUE,
f8f5d03d-ca0,plr_daed29cf,2020_2021,2020-07-01,UNKNOWN,UNKNOWN,DISCLOSED,20000000.0,EUR,17180000.0,TRUE,
b457a0f4-b85,plr_7d3ab2c5,2020_2021,2020-07-01,UNKNOWN,UNKNOWN,DISCLOSED,18600000.0,EUR,15977400.0,TRUE,
4a7b4c7e-bd6,plr_17bce08f,2020_2021,2020-07-01,UNKNOWN,UNKNOWN,DISCLOSED,17700000.0,EUR,15204300.0,TRUE,
a286a15e-b5c,plr_9e1258d8,2020_2021,2020-07-01,UNKNOWN,UNKNOWN,DISCLOSED,13000000.0,EUR,11167000.0,TRUE,
5d98c8ab-0d3,plr_ab6ce4ea,2020_2021,2020-07-01,UNKNOWN,UNKNOWN,DISCLOSED,6500000.0,EUR,5583500.0,TRUE,
1e884e5b-740,plr_3d6a882e,2020_2021,2020-07-01,UNKNOWN,UNKNOWN,DISCLOSED,1000000.0,EUR,859000.0,TRUE,
4f6166d1-822,plr_d8044f2d,2020_2021,2020-07-01,UNKNOWN,UNKNOWN,LOAN,0.0,,0.0,FALSE,FEE IS LOAN
43debff8-29c,plr_7cb791a8,2020_2021,2020-07-01,UNKNOWN,UNKNOWN,LOAN,0.0,,0.0,FALSE,FEE IS LOAN
f5368e6a-533,plr_c9c7a858,2020_2021,2020-07-01,UNKNOWN,UNKNOWN,LOAN,0.0,,0.0,FALSE,FEE IS LOAN
546d0d15-245,plr_ce61449f,2020_2021,2020-07-01,UNKNOWN,UNKNOWN,LOAN,0.0,,0.0,FALSE,FEE IS LOAN
20e0d6f9-d16,plr_3c55134e,2020_2021,2020-07-01,UNKNOWN,UNKNOWN,LOAN,0.0,,0.0,FALSE,FEE IS LOAN
14d6356d-15c,plr_0fce65ec,2020_2021,2020-07-01,UNKNOWN,UNKNOWN,LOAN,0.0,,0.0,FALSE,FEE IS LOAN
c083717e-817,plr_61cc668f,2020_2021,2020-07-01,UNKNOWN,UNKNOWN,FREE,0.0,,0.0,FALSE,FEE IS FREE
8b054416-a8d,plr_bc384ffa,2020_2021,2020-07-01,UNKNOWN,UNKNOWN,UNKNOWN,,,,FALSE,FEE IS UNKNOWN
8dfb3c0b-ab6,plr_e660a563,2020_2021,2020-07-01,UNKNOWN,UNKNOWN,UNKNOWN,,,,FALSE,FEE IS UNKNOWN
07d68aae-16a,plr_8ef46b22,2020_2021,2020-07-01,UNKNOWN,UNKNOWN,LOAN,0.0,,0.0,FALSE,FEE IS LOAN
207f17f7-b17,plr_4dc1fd65,2020_2021,2020-07-01,UNKNOWN,UNKNOWN,DISCLOSED,35000000.0,EUR,30065000.0,TRUE,
5ab4defe-6f5,plr_062aad17,2020_2021,2020-07-01,UNKNOWN,UNKNOWN,DISCLOSED,20900000.0,EUR,17953100.0,TRUE,
c4e32990-617,plr_2397c42e,2020_2021,2020-07-01,UNKNOWN,UNKNOWN,LOAN,0.0,,0.0,FALSE,FEE IS LOAN
5b455332-e6e,plr_8f95c172,2020_2021,2020-07-01,UNKNOWN,UNKNOWN,UNKNOWN,,,,FALSE,FEE IS UNKNOWN
1711512b-829,plr_c52e2e16,2020_2021,2020-07-01,UNKNOWN,UNKNOWN,UNKNOWN,,,,FALSE,FEE IS UNKNOWN
51a33d5c-da9,plr_2d1bac50,2020_2021,2020-07-01,UNKNOWN,UNKNOWN,LOAN,0.0,,0.0,FALSE,FEE IS LOAN
8ad9b46f-a4e,plr_865cc583,2020_2021,2020-07-01,UNKNOWN,UNKNOWN,LOAN,0.0,,0.0,FALSE,FEE IS LOAN
ec981038-889,plr_5ad43ecc,2020_2021,2020-07-01,UNKNOWN,UNKNOWN,LOAN,0.0,,0.0,FALSE,FEE IS LOAN
6bd59cee-f39,plr_f77e6dcb,2020_2021,2020-07-01,UNKNOWN,UNKNOWN,LOAN,0.0,,0.0,FALSE,FEE IS LOAN
57bf5521-9cf,plr_68357a6d,2020_2021,2020-07-01,UNKNOWN,UNKNOWN,LOAN,0.0,,0.0,FALSE,FEE IS LOAN
ab022c1b-8f0,plr_33e59122,2020_2021,2020-07-01,UNKNOWN,UNKNOWN,LOAN,0.0,,0.0,FALSE,FEE IS LOAN
725b9814-e9a,plr_8216d44e,2020_2021,2020-07-01,UNKNOWN,UNKNOWN,LOAN,0.0,,0.0,FALSE,FEE IS LOAN
d46040c4-340,plr_805640dc,2020_2021,2020-07-01,UNKNOWN,UNKNOWN,LOAN,0.0,,0.0,FALSE,FEE IS LOAN
0abbb292-9aa,plr_2d1a08fa,2020_2021,2020-07-01,UNKNOWN,UNKNOWN,LOAN,0.0,,0.0,FALSE,FEE IS LOAN
945c64e9-3e5,plr_d59aeda4,2020_2021,2020-07-01,UNKNOWN,UNKNOWN,LOAN,0.0,,0.0,FALSE,FEE IS LOAN
0f9f663d-e22,plr_fd24b1dc,2020_2021,2020-07-01,UNKNOWN,UNKNOWN,DISCLOSED,2000000.0,EUR,1718000.0,TRUE,
c3afafff-3b6,plr_f60002c4,2020_2021,2020-07-01,UNKNOWN,UNKNOWN,FREE,0.0,,0.0,FALSE,FEE IS FREE
5a082e5b-1c4,plr_5384e59f,2020_2021,2020-07-01,UNKNOWN,UNKNOWN,LOAN,0.0,,0.0,FALSE,FEE IS LOAN
12570a16-e84,plr_402c4293,2020_2021,2020-07-01,UNKNOWN,UNKNOWN,DISCLOSED,44700000.0,EUR,38397300.0,TRUE,
04e500d6-f90,plr_c418d6fe,2020_2021,2020-07-01,UNKNOWN,UNKNOWN,DISCLOSED,22000000.0,EUR,18898000.0,TRUE,
aca6e8e6-532,plr_684a2666,2020_2021,2020-07-01,UNKNOWN,UNKNOWN,DISCLOSED,13000000.0,EUR,11167000.0,TRUE,
7aacc08e-37f,plr_c2b64cfd,2020_2021,2020-07-01,UNKNOWN,UNKNOWN,LOAN,0.0,,0.0,FALSE,FEE IS LOAN
f0036537-61f,plr_8928fbe8,2020_2021,2020-07-01,UNKNOWN,UNKNOWN,DISCLOSED,1850000.0,EUR,1589150.0,TRUE,
8196ac2c-b50,plr_61832da5,2020_2021,2020-07-01,UNKNOWN,UNKNOWN,DISCLOSED,750000.0,EUR,644250.0,TRUE,
9ba9dd3a-6d6,plr_bfd1eb63,2020_2021,2020-07-01,UNKNOWN,UNKNOWN,UNKNOWN,,,,FALSE,FEE IS UNKNOWN
46333b02-f24,plr_ef13bcea,2020_2021,2020-07-01,UNKNOWN,UNKNOWN,UNKNOWN,,,,FALSE,FEE IS UNKNOWN
8ae98b2e-192,plr_be05ec04,2020_2021,2020-07-01,UNKNOWN,UNKNOWN,LOAN,0.0,,0.0,FALSE,FEE IS LOAN
8908fe47-e88,plr_04283c23,2020_2021,2020-07-01,UNKNOWN,UNKNOWN,LOAN,0.0,,0.0,FALSE,FEE IS LOAN
3abc5608-54b,plr_82ba1ffc,2020_2021,2020-07-01,UNKNOWN,UNKNOWN,LOAN,0.0,,0.0,FALSE,FEE IS LOAN
7d73295b-42d,plr_7f1b66a0,2020_2021,2020-07-01,UNKNOWN,UNKNOWN,LOAN,0.0,,0.0,FALSE,FEE IS LOAN
e73676e5-7b9,plr_0599ec12,2020_2021,2020-07-01,UNKNOWN,UNKNOWN,LOAN,0.0,,0.0,FALSE,FEE IS LOAN
49f90328-ace,plr_258eb7b1,2020_2021,2020-07-01,UNKNOWN,UNKNOWN,LOAN,0.0,,0.0,FALSE,FEE IS LOAN
730eff1d-7d3,plr_0747d5b6,2020_2021,2020-07-01,UNKNOWN,UNKNOWN,LOAN,0.0,,0.0,FALSE,FEE IS LOAN
12d434fd-497,plr_649a3758,2020_2021,2020-07-01,UNKNOWN,UNKNOWN,DISCLOSED,12000000.0,EUR,10308000.0,TRUE,
be0df426-bb0,plr_04283c23,2020_2021,2020-07-01,UNKNOWN,UNKNOWN,LOAN,0.0,,0.0,FALSE,FEE IS LOAN
f88294a0-93d,plr_904e9ca0,2020_2021,2020-07-01,UNKNOWN,UNKNOWN,LOAN,0.0,,0.0,FALSE,FEE IS LOAN
bd52ec33-0b5,plr_15e42035,2020_2021,2020-07-01,UNKNOWN,UNKNOWN,LOAN,0.0,,0.0,FALSE,FEE IS LOAN
d0064452-022,plr_daf77a07,2020_2021,2020-07-01,UNKNOWN,UNKNOWN,LOAN,0.0,,0.0,FALSE,FEE IS LOAN
a369bfeb-4f9,plr_cc558d8e,2020_2021,2020-07-01,UNKNOWN,UNKNOWN,UNKNOWN,,,,FALSE,FEE IS UNKNOWN
014d741f-607,plr_98c69e47,2020_2021,2020-07-01,UNKNOWN,UNKNOWN,DISCLOSED,71600000.0,EUR,61504400.0,TRUE,
9054caa0-e2b,plr_fc15fe28,2020_2021,2020-07-01,UNKNOWN,UNKNOWN,DISCLOSED,45300000.0,EUR,38912700.0,TRUE,
a5629819-38c,plr_de402e8b,2020_2021,2020-07-01,UNKNOWN,UNKNOWN,DISCLOSED,33500000.0,EUR,28776500.0,TRUE,
ddd80ea0-0b2,plr_7379ed21,2020_2021,2020-07-01,UNKNOWN,UNKNOWN,DISCLOSED,6500000.0,EUR,5583500.0,TRUE,
61694790-3b5,plr_dc0b3a47,2020_2021,2020-07-01,UNKNOWN,UNKNOWN,DISCLOSED,6000000.0,EUR,5154000.0,TRUE,
847f7599-54a,plr_89989652,2020_2021,2020-07-01,UNKNOWN,UNKNOWN,DISCLOSED,6000000.0,EUR,5154000.0,TRUE,
7b515993-9fe,plr_4618484c,2020_2021,2020-07-01,UNKNOWN,UNKNOWN,DISCLOSED,4500000.0,EUR,3865500.0,TRUE,
15005f1e-1b0,plr_662fdea6,2020_2021,2020-07-01,UNKNOWN,UNKNOWN,UNKNOWN,,,,FALSE,FEE IS UNKNOWN
7d88be0f-ef2,plr_6eda969f,2020_2021,2020-07-01,UNKNOWN,UNKNOWN,LOAN,0.0,,0.0,FALSE,FEE IS LOAN
5b750ad1-8cd,plr_79c376af,2020_2021,2020-07-01,UNKNOWN,UNKNOWN,LOAN,0.0,,0.0,FALSE,FEE IS LOAN
0794bf35-f23,plr_7b63aa7a,2020_2021,2020-07-01,UNKNOWN,UNKNOWN,LOAN,0.0,,0.0,FALSE,FEE IS LOAN
b3bb692e-49a,plr_27a97d88,2020_2021,2020-07-01,UNKNOWN,UNKNOWN,LOAN,0.0,,0.0,FALSE,FEE IS LOAN
b7649b00-041,plr_5a549c34,2020_2021,2020-07-01,UNKNOWN,UNKNOWN,LOAN,0.0,,0.0,FALSE,FEE IS LOAN
675f3d2e-8d8,plr_dc6c0e74,2020_2021,2020-07-01,UNKNOWN,UNKNOWN,LOAN,0.0,,0.0,FALSE,FEE IS LOAN
ad93d78a-2bf,plr_c4ed62e7,2020_2021,2020-07-01,UNKNOWN,UNKNOWN,LOAN,0.0,,0.0,FALSE,FEE IS LOAN
8b3790bc-da9,plr_bc5db7b4,2020_2021,2020-07-01,UNKNOWN,UNKNOWN,LOAN,0.0,,0.0,FALSE,FEE IS LOAN
0220431d-5a1,plr_da872fd3,2020_2021,2020-07-01,UNKNOWN,UNKNOWN,LOAN,0.0,,0.0,FALSE,FEE IS LOAN
f6be627b-a87,plr_02f3353d,2020_2021,2020-07-01,UNKNOWN,UNKNOWN,LOAN,0.0,,0.0,FALSE,FEE IS LOAN
09a518cf-306,plr_50624195,2020_2021,2020-07-01,UNKNOWN,UNKNOWN,LOAN,0.0,,0.0,FALSE,FEE IS LOAN
94d968d6-ee8,plr_75e963d2,2020_2021,2020-07-01,UNKNOWN,UNKNOWN,LOAN,0.0,,0.0,FALSE,FEE IS LOAN
e628d712-96e,plr_3687db84,2020_2021,2020-07-01,UNKNOWN,UNKNOWN,LOAN,0.0,,0.0,FALSE,FEE IS LOAN
9a5fc086-c6a,plr_91ffa211,2020_2021,2020-07-01,UNKNOWN,UNKNOWN,LOAN,0.0,,0.0,FALSE,FEE IS LOAN
12f7e7aa-550,plr_dfb8d559,2020_2021,2020-07-01,UNKNOWN,UNKNOWN,DISCLOSED,49000000.0,EUR,42091000.0,TRUE,
a84a3f7e-541,plr_1ef4e544,2020_2021,2020-07-01,UNKNOWN,UNKNOWN,DISCLOSED,15000000.0,EUR,12885000.0,TRUE,
3d6fb734-b27,plr_6fc7b619,2020_2021,2020-07-01,UNKNOWN,UNKNOWN,FREE,0.0,,0.0,FALSE,FEE IS FREE
49c20bc5-6a0,plr_ce49eb7b,2020_2021,2020-07-01,UNKNOWN,UNKNOWN,FREE,0.0,,0.0,FALSE,FEE IS FREE
fbacc7c6-4a0,plr_d19559f2,2020_2021,2020-07-01,UNKNOWN,UNKNOWN,LOAN,0.0,,0.0,FALSE,FEE IS LOAN
1503523c-51e,plr_520ab15b,2020_2021,2020-07-01,UNKNOWN,UNKNOWN,LOAN,0.0,,0.0,FALSE,FEE IS LOAN
40b49b2b-68f,plr_8b8cf281,2020_2021,2020-07-01,UNKNOWN,UNKNOWN,DISCLOSED,39000000.0,EUR,33501000.0,TRUE,
5ce92385-5c7,plr_74b94270,2020_2021,2020-07-01,UNKNOWN,UNKNOWN,DISCLOSED,27300000.0,EUR,23450700.0,TRUE,
a6804e89-ef9,plr_67c6158c,2020_2021,2020-07-01,UNKNOWN,UNKNOWN,DISCLOSED,15000000.0,EUR,12885000.0,TRUE,
f36b76f8-b13,plr_b7c7c881,2020_2021,2020-07-01,UNKNOWN,UNKNOWN,DISCLOSED,8650000.0,EUR,7430350.0,TRUE,
8e8c7800-4fa,plr_30bd7b8d,2020_2021,2020-07-01,UNKNOWN,UNKNOWN,FREE,0.0,,0.0,FALSE,FEE IS FREE
2e5ef8ca-14a,plr_0e1e2bc8,2020_2021,2020-07-01,UNKNOWN,UNKNOWN,UNKNOWN,,,,FALSE,FEE IS UNKNOWN
baee9714-b75,plr_700131f8,2020_2021,2020-07-01,UNKNOWN,UNKNOWN,UNKNOWN,,,,FALSE,FEE IS UNKNOWN
c9b2d3d6-70c,plr_7bf6790c,2020_2021,2020-07-01,UNKNOWN,UNKNOWN,UNKNOWN,,,,FALSE,FEE IS UNKNOWN
ea9dfd4d-6d7,plr_6251b786,2020_2021,2020-07-01,UNKNOWN,UNKNOWN,LOAN,0.0,,0.0,FALSE,FEE IS LOAN
ffc59d51-4fa,plr_f349c2d6,2020_2021,2020-07-01,UNKNOWN,UNKNOWN,LOAN,0.0,,0.0,FALSE,FEE IS LOAN
e1a4b677-275,plr_34c056af,2020_2021,2020-07-01,UNKNOWN,UNKNOWN,LOAN,0.0,,0.0,FALSE,FEE IS LOAN
a8b4366f-47b,plr_67ffebd5,2020_2021,2020-07-01,UNKNOWN,UNKNOWN,LOAN,0.0,,0.0,FALSE,FEE IS LOAN
635d9db5-a94,plr_8dda1b3e,2020_2021,2020-07-01,UNKNOWN,UNKNOWN,LOAN,0.0,,0.0,FALSE,FEE IS LOAN
132a9414-02f,plr_b3fa3efa,2020_2021,2020-07-01,UNKNOWN,UNKNOWN,LOAN,0.0,,0.0,FALSE,FEE IS LOAN
89f8123c-8cd,plr_6251b786,2020_2021,2020-07-01,UNKNOWN,UNKNOWN,LOAN,0.0,,0.0,FALSE,FEE IS LOAN
993c9515-b86,plr_3aff19d5,2020_2021,2020-07-01,UNKNOWN,UNKNOWN,DISCLOSED,1700000.0,EUR,1460300.0,TRUE,
874fddaf-2de,plr_134a3525,2020_2021,2020-07-01,UNKNOWN,UNKNOWN,LOAN,0.0,,0.0,FALSE,FEE IS LOAN
aedd6e05-db6,plr_639f9320,2020_2021,2020-07-01,UNKNOWN,UNKNOWN,FREE,0.0,,0.0,FALSE,FEE IS FREE
8e970a18-ec7,plr_dd2dae7f,2020_2021,2020-07-01,UNKNOWN,UNKNOWN,FREE,0.0,,0.0,FALSE,FEE IS FREE
72942daf-21b,plr_3bebb6c9,2020_2021,2020-07-01,UNKNOWN,UNKNOWN,LOAN,0.0,,0.0,FALSE,FEE IS LOAN
8ff6b5b0-8e9,plr_91c3f796,2020_2021,2020-07-01,UNKNOWN,UNKNOWN,LOAN,0.0,,0.0,FALSE,FEE IS LOAN
c843adf3-577,plr_b0091eef,2020_2021,2020-07-01,UNKNOWN,UNKNOWN,DISCLOSED,22250000.0,EUR,19112750.0,TRUE,
fe0f7af6-4f1,plr_12aa06be,2020_2021,2020-07-01,UNKNOWN,UNKNOWN,DISCLOSED,16500000.0,EUR,14173500.0,TRUE,
e57b25f4-dba,plr_473481e9,2020_2021,2020-07-01,UNKNOWN,UNKNOWN,FREE,0.0,,0.0,FALSE,FEE IS FREE
e0955bc7-fd9,plr_7e82c2b0,2020_2021,2020-07-01,UNKNOWN,UNKNOWN,FREE,0.0,,0.0,FALSE,FEE IS FREE
6e26fedf-81e,plr_1b8b2897,2020_2021,2020-07-01,UNKNOWN,UNKNOWN,LOAN,0.0,,0.0,FALSE,FEE IS LOAN
0c231119-422,plr_904aedd3,2020_2021,2020-07-01,UNKNOWN,UNKNOWN,LOAN,0.0,,0.0,FALSE,FEE IS LOAN
e1044189-da0,plr_b03effdc,2020_2021,2020-07-01,UNKNOWN,UNKNOWN,LOAN,0.0,,0.0,FALSE,FEE IS LOAN
bc317f7b-d0a,plr_ec7e34e6,2020_2021,2020-07-01,UNKNOWN,UNKNOWN,DISCLOSED,780000.0,EUR,670020.0,TRUE,
192983b8-786,plr_c542991d,2020_2021,2020-07-01,UNKNOWN,UNKNOWN,FREE,0.0,,0.0,FALSE,FEE IS FREE
7c206659-12a,plr_a1746f2e,2020_2021,2020-07-01,UNKNOWN,UNKNOWN,FREE,0.0,,0.0,FALSE,FEE IS FREE
d71e6668-579,plr_36ad044e,2020_2021,2020-07-01,UNKNOWN,UNKNOWN,FREE,0.0,,0.0,FALSE,FEE IS FREE
c48d75e2-591,plr_8b4df567,2020_2021,2020-07-01,UNKNOWN,UNKNOWN,LOAN,0.0,,0.0,FALSE,FEE IS LOAN
e6debf52-852,plr_7b6d5f4a,2020_2021,2020-07-01,UNKNOWN,UNKNOWN,LOAN,0.0,,0.0,FALSE,FEE IS LOAN
2e03d40f-b46,plr_16fdc200,2020_2021,2020-07-01,UNKNOWN,UNKNOWN,UNKNOWN,,,,FALSE,FEE IS UNKNOWN
ac3d9d97-659,plr_23cec891,2020_2021,2020-07-01,UNKNOWN,UNKNOWN,UNKNOWN,,,,FALSE,FEE IS UNKNOWN
0e09029b-ea4,plr_3fb2c357,2020_2021,2020-07-01,UNKNOWN,UNKNOWN,LOAN,0.0,,0.0,FALSE,FEE IS LOAN
80b0ee84-4af,plr_25d062dc,2020_2021,2020-07-01,UNKNOWN,UNKNOWN,LOAN,0.0,,0.0,FALSE,FEE IS LOAN
cea0b1ff-b87,plr_a28be6a4,2020_2021,2020-07-01,UNKNOWN,UNKNOWN,LOAN,0.0,,0.0,FALSE,FEE IS LOAN
7d15c258-b29,plr_2b72cd2e,2020_2021,2020-07-01,UNKNOWN,UNKNOWN,LOAN,0.0,,0.0,FALSE,FEE IS LOAN
9a7c8d03-0cc,plr_7d0d0002,2020_2021,2020-07-01,UNKNOWN,UNKNOWN,DISCLOSED,26000000.0,EUR,22334000.0,TRUE,
8966e07f-9f7,plr_658f15f6,2020_2021,2020-07-01,UNKNOWN,UNKNOWN,DISCLOSED,20500000.0,EUR,17609500.0,TRUE,
e9ab00c3-dec,plr_178fcfa8,2020_2021,2020-07-01,UNKNOWN,UNKNOWN,DISCLOSED,6500000.0,EUR,5583500.0,TRUE,
ac58b724-743,plr_346e4a7e,2020_2021,2020-07-01,UNKNOWN,UNKNOWN,DISCLOSED,3850000.0,EUR,3307150.0,TRUE,
41c9a5b1-8c8,plr_a566a2db,2020_2021,2020-07-01,UNKNOWN,UNKNOWN,DISCLOSED,3850000.0,EUR,3307150.0,TRUE,
a8780044-9eb,plr_1142fb5a,2020_2021,2020-07-01,UNKNOWN,UNKNOWN,DISCLOSED,2000000.0,EUR,1718000.0,TRUE,
5a0f21a7-56f,plr_e7297fc1,2020_2021,2020-07-01,UNKNOWN,UNKNOWN,FREE,0.0,,0.0,FALSE,FEE IS FREE
cf65dc84-214,plr_6705854b,2020_2021,2020-07-01,UNKNOWN,UNKNOWN,LOAN,0.0,,0.0,FALSE,FEE IS LOAN
9f696a42-94b,plr_fabcb2ef,2020_2021,2020-07-01,UNKNOWN,UNKNOWN,LOAN,0.0,,0.0,FALSE,FEE IS LOAN
f679cb27-1cd,plr_89db9673,2020_2021,2020-07-01,UNKNOWN,UNKNOWN,LOAN,0.0,,0.0,FALSE,FEE IS LOAN
6e062185-3fe,plr_f1b62d41,2020_2021,2020-07-01,UNKNOWN,UNKNOWN,LOAN,0.0,,0.0,FALSE,FEE IS LOAN
ec2e2eca-454,plr_b2043a25,2020_2021,2020-07-01,UNKNOWN,UNKNOWN,LOAN,0.0,,0.0,FALSE,FEE IS LOAN
0d943d22-391,plr_e8b1efa4,2020_2021,2020-07-01,UNKNOWN,UNKNOWN,LOAN,0.0,,0.0,FALSE,FEE IS LOAN
557b4500-ec9,plr_f5668199,2020_2021,2020-07-01,UNKNOWN,UNKNOWN,FREE,0.0,,0.0,FALSE,FEE IS FREE
41b34393-c31,plr_e8b1efa4,2020_2021,2020-07-01,UNKNOWN,UNKNOWN,UNDISCLOSED,,,,FALSE,FEE IS UNDISCLOSED
c95316c4-159,plr_85c68943,2020_2021,2020-07-01,UNKNOWN,UNKNOWN,LOAN,0.0,,0.0,FALSE,FEE IS LOAN
58ec7265-625,plr_f806f3fc,2020_2021,2020-07-01,UNKNOWN,UNKNOWN,UNKNOWN,,,,FALSE,FEE IS UNKNOWN
825ce6c5-627,plr_925df729,2020_2021,2020-07-01,UNKNOWN,UNKNOWN,UNKNOWN,,,,FALSE,FEE IS UNKNOWN
651802d1-bda,plr_23345541,2020_2021,2020-07-01,UNKNOWN,UNKNOWN,UNKNOWN,,,,FALSE,FEE IS UNKNOWN
4c2d01ea-8c8,plr_79453014,2020_2021,2020-07-01,UNKNOWN,UNKNOWN,UNKNOWN,,,,FALSE,FEE IS UNKNOWN
afa0016b-cbe,plr_fe12bd8c,2020_2021,2020-07-01,UNKNOWN,UNKNOWN,LOAN,0.0,,0.0,FALSE,FEE IS LOAN
cdfea45e-9d5,plr_d6cfb269,2020_2021,2020-07-01,UNKNOWN,UNKNOWN,LOAN,0.0,,0.0,FALSE,FEE IS LOAN
3e6521fc-ce8,plr_100c6f03,2020_2021,2020-07-01,UNKNOWN,UNKNOWN,DISCLOSED,13300000.0,EUR,11424700.0,TRUE,
3d67532a-e0a,plr_974e4a64,2020_2021,2020-07-01,UNKNOWN,UNKNOWN,DISCLOSED,12000000.0,EUR,10308000.0,TRUE,
7572a486-858,plr_fb6890b8,2020_2021,2020-07-01,UNKNOWN,UNKNOWN,DISCLOSED,12000000.0,EUR,10308000.0,TRUE,
470fe0e0-8b8,plr_dfa2c127,2020_2021,2020-07-01,UNKNOWN,UNKNOWN,UNKNOWN,,,,FALSE,FEE IS UNKNOWN
b12f1015-b99,plr_2e77994b,2020_2021,2020-07-01,UNKNOWN,UNKNOWN,UNKNOWN,,,,FALSE,FEE IS UNKNOWN
5c393350-398,plr_a93bd6e1,2020_2021,2020-07-01,UNKNOWN,UNKNOWN,UNKNOWN,,,,FALSE,FEE IS UNKNOWN
7d2e0110-e02,plr_a146657c,2020_2021,2020-07-01,UNKNOWN,UNKNOWN,LOAN,0.0,,0.0,FALSE,FEE IS LOAN
8bf7cf5c-e78,plr_6e664c42,2020_2021,2020-07-01,UNKNOWN,UNKNOWN,LOAN,0.0,,0.0,FALSE,FEE IS LOAN
e27304cf-dd4,plr_c7f28865,2020_2021,2020-07-01,UNKNOWN,UNKNOWN,LOAN,0.0,,0.0,FALSE,FEE IS LOAN
2e813b0b-f4d,plr_6ca9fe9b,2020_2021,2020-07-01,UNKNOWN,UNKNOWN,LOAN,0.0,,0.0,FALSE,FEE IS LOAN
760b52cf-967,plr_d9109e60,2020_2021,2020-07-01,UNKNOWN,UNKNOWN,LOAN,0.0,,0.0,FALSE,FEE IS LOAN
1ea9b173-23d,plr_bbd4e8dc,2020_2021,2020-07-01,UNKNOWN,UNKNOWN,LOAN,0.0,,0.0,FALSE,FEE IS LOAN
b1f980b0-a5b,plr_278a8bc8,2020_2021,2020-07-01,UNKNOWN,UNKNOWN,LOAN,0.0,,0.0,FALSE,FEE IS LOAN
2143dc6a-17c,plr_96cfbd37,2020_2021,2020-07-01,UNKNOWN,UNKNOWN,LOAN,0.0,,0.0,FALSE,FEE IS LOAN
ab309c11-c8e,plr_5d586ba2,2020_2021,2020-07-01,UNKNOWN,UNKNOWN,LOAN,0.0,,0.0,FALSE,FEE IS LOAN
4b31094d-caa,plr_ac7aacf2,2020_2021,2020-07-01,UNKNOWN,UNKNOWN,DISCLOSED,16600000.000000002,EUR,14259400.0,TRUE,
e82dbb7b-cd9,plr_d9109e60,2020_2021,2020-07-01,UNKNOWN,UNKNOWN,LOAN,0.0,,0.0,FALSE,FEE IS LOAN
508f1845-023,plr_a025e6c4,2020_2021,2020-07-01,UNKNOWN,UNKNOWN,FREE,0.0,,0.0,FALSE,FEE IS FREE
bd429120-f36,plr_bb017e15,2020_2021,2020-07-01,UNKNOWN,UNKNOWN,FREE,0.0,,0.0,FALSE,FEE IS FREE
fde8d458-b43,plr_ee9308c2,2020_2021,2020-07-01,UNKNOWN,UNKNOWN,LOAN,0.0,,0.0,FALSE,FEE IS LOAN
09e99d65-787,plr_edc2579b,2020_2021,2020-07-01,UNKNOWN,UNKNOWN,DISCLOSED,32000000.0,EUR,27488000.0,TRUE,
4458594f-2f1,plr_87cb672f,2020_2021,2020-07-01,UNKNOWN,UNKNOWN,DISCLOSED,30000000.0,EUR,25770000.0,TRUE,
157988e7-83f,plr_f4bc4b00,2020_2021,2020-07-01,UNKNOWN,UNKNOWN,DISCLOSED,16800000.0,EUR,14431200.0,TRUE,
e3444708-d91,plr_c1e41eae,2020_2021,2020-07-01,UNKNOWN,UNKNOWN,DISCLOSED,12100000.0,EUR,10393900.0,TRUE,
87f552d9-802,plr_e6199efc,2020_2021,2020-07-01,UNKNOWN,UNKNOWN,LOAN,0.0,,0.0,FALSE,FEE IS LOAN
bb0c907c-2ef,plr_6d5a662a,2020_2021,2020-07-01,UNKNOWN,UNKNOWN,LOAN,0.0,,0.0,FALSE,FEE IS LOAN
0f18b37a-3f4,plr_6da0ec3c,2020_2021,2020-07-01,UNKNOWN,UNKNOWN,LOAN,0.0,,0.0,FALSE,FEE IS LOAN
534f1396-5b0,plr_e81737e0,2020_2021,2020-07-01,UNKNOWN,UNKNOWN,LOAN,0.0,,0.0,FALSE,FEE IS LOAN
89c7ef35-a34,plr_1b991171,2020_2021,2020-07-01,UNKNOWN,UNKNOWN,LOAN,0.0,,0.0,FALSE,FEE IS LOAN
652facb0-860,plr_e3701816,2020_2021,2020-07-01,UNKNOWN,UNKNOWN,FREE,0.0,,0.0,FALSE,FEE IS FREE
5453c4b5-dfd,plr_f069d9c1,2020_2021,2020-07-01,UNKNOWN,UNKNOWN,LOAN,0.0,,0.0,FALSE,FEE IS LOAN
6330ed06-5a2,plr_1b8f4c67,2020_2021,2020-07-01,UNKNOWN,UNKNOWN,LOAN,0.0,,0.0,FALSE,FEE IS LOAN
1f3d8bbc-260,plr_df041bea,2020_2021,2020-07-01,UNKNOWN,UNKNOWN,LOAN,0.0,,0.0,FALSE,FEE IS LOAN
fe11e028-0e8,plr_1e34a9f7,2020_2021,2020-07-01,UNKNOWN,UNKNOWN,UNKNOWN,,,,FALSE,FEE IS UNKNOWN
892f3946-0a2,plr_1a9fe208,2020_2021,2020-07-01,UNKNOWN,UNKNOWN,LOAN,0.0,,0.0,FALSE,FEE IS LOAN
03081fff-c26,plr_49df5af6,2020_2021,2020-07-01,UNKNOWN,UNKNOWN,DISCLOSED,16500000.0,EUR,14173500.0,TRUE,
aaf1b4ad-1e5,plr_d1c27c2b,2020_2021,2020-07-01,UNKNOWN,UNKNOWN,DISCLOSED,13500000.0,EUR,11596500.0,TRUE,
6df6af2c-2ec,plr_332d2522,2020_2021,2020-07-01,UNKNOWN,UNKNOWN,DISCLOSED,8250000.0,EUR,7086750.0,TRUE,
69705d6e-341,plr_259bf79e,2020_2021,2020-07-01,UNKNOWN,UNKNOWN,LOAN,0.0,,0.0,FALSE,FEE IS LOAN
78bf4725-991,plr_3d7362d3,2020_2021,2020-07-01,UNKNOWN,UNKNOWN,DISCLOSED,1100000.0,EUR,944900.0,TRUE,
ad1e8881-e37,plr_9ce1d040,2020_2021,2020-07-01,UNKNOWN,UNKNOWN,DISCLOSED,110000.0,EUR,94490.0,TRUE,
aee764bb-45e,plr_e6b22a37,2020_2021,2020-07-01,UNKNOWN,UNKNOWN,FREE,0.0,,0.0,FALSE,FEE IS FREE
f1a3e0f1-e68,plr_3598de66,2020_2021,2020-07-01,UNKNOWN,UNKNOWN,LOAN,0.0,,0.0,FALSE,FEE IS LOAN
11052f62-7da,plr_44fdc421,2020_2021,2020-07-01,UNKNOWN,UNKNOWN,LOAN,0.0,,0.0,FALSE,FEE IS LOAN
2887c15e-71e,plr_20e210b9,2020_2021,2020-07-01,UNKNOWN,UNKNOWN,LOAN,0.0,,0.0,FALSE,FEE IS LOAN
c2e0187a-10a,plr_8d7b48e7,2020_2021,2020-07-01,UNKNOWN,UNKNOWN,UNKNOWN,,,,FALSE,FEE IS UNKNOWN
9eafde85-40a,plr_cf980af5,2020_2021,2020-07-01,UNKNOWN,UNKNOWN,LOAN,0.0,,0.0,FALSE,FEE IS LOAN
aee34f30-65b,plr_60eb7df2,2020_2021,2020-07-01,UNKNOWN,UNKNOWN,LOAN,0.0,,0.0,FALSE,FEE IS LOAN
4fb49b1f-46f,plr_ef8221c4,2020_2021,2020-07-01,UNKNOWN,UNKNOWN,LOAN,0.0,,0.0,FALSE,FEE IS LOAN
6efdae0c-697,plr_82ad0811,2020_2021,2020-07-01,UNKNOWN,UNKNOWN,LOAN,0.0,,0.0,FALSE,FEE IS LOAN
d35fa9d9-3a5,plr_92807238,2020_2021,2020-07-01,UNKNOWN,UNKNOWN,LOAN,0.0,,0.0,FALSE,FEE IS LOAN
6ae5e20d-866,plr_b250ca28,2020_2021,2020-07-01,UNKNOWN,UNKNOWN,DISCLOSED,1100000.0,EUR,944900.0,TRUE,
07241220-142,plr_8dffb301,2020_2021,2020-07-01,UNKNOWN,UNKNOWN,LOAN,0.0,,0.0,FALSE,FEE IS LOAN
2979aaa9-923,plr_6dc9bddb,2020_2021,2020-07-01,UNKNOWN,UNKNOWN,FREE,0.0,,0.0,FALSE,FEE IS FREE
4cab8865-40e,plr_caa4a082,2020_2021,2020-07-01,UNKNOWN,UNKNOWN,FREE,0.0,,0.0,FALSE,FEE IS FREE
b85df2eb-8ea,plr_ee8785b7,2020_2021,2020-07-01,UNKNOWN,UNKNOWN,UNKNOWN,,,,FALSE,FEE IS UNKNOWN
f74ca2c9-e6a,plr_46037431,2020_2021,2020-07-01,UNKNOWN,UNKNOWN,UNKNOWN,,,,FALSE,FEE IS UNKNOWN
f598ded8-e6b,plr_853b998e,2020_2021,2020-07-01,UNKNOWN,UNKNOWN,DISCLOSED,23100000.0,EUR,19842900.0,TRUE,
1c3cc996-175,plr_93c6e5ef,2020_2021,2020-07-01,UNKNOWN,UNKNOWN,DISCLOSED,16200000.0,EUR,13915800.0,TRUE,
d685fc59-5b7,plr_dd74e364,2020_2021,2020-07-01,UNKNOWN,UNKNOWN,DISCLOSED,6000000.0,EUR,5154000.0,TRUE,
b77dbe93-813,plr_853b998e,2020_2021,2020-07-01,UNKNOWN,UNKNOWN,LOAN,0.0,,0.0,FALSE,FEE IS LOAN
7c82fe68-1ec,plr_a27799ef,2020_2021,2020-07-01,UNKNOWN,UNKNOWN,DISCLOSED,1600000.0,EUR,1374400.0,TRUE,
e5418a9b-077,plr_ea5eb2ac,2020_2021,2020-07-01,UNKNOWN,UNKNOWN,LOAN,0.0,,0.0,FALSE,FEE IS LOAN
61e0e304-dc3,plr_75c2eaf5,2020_2021,2020-07-01,UNKNOWN,UNKNOWN,UNKNOWN,,,,FALSE,FEE IS UNKNOWN
26a97cb0-300,plr_c87bcddb,2020_2021,2020-07-01,UNKNOWN,UNKNOWN,UNKNOWN,,,,FALSE,FEE IS UNKNOWN
58376b3a-c55,plr_4ecad3b8,2020_2021,2020-07-01,UNKNOWN,UNKNOWN,LOAN,0.0,,0.0,FALSE,FEE IS LOAN
d2b38a87-102,plr_89eefe04,2020_2021,2020-07-01,UNKNOWN,UNKNOWN,LOAN,0.0,,0.0,FALSE,FEE IS LOAN
3746775e-edc,plr_1748102c,2020_2021,2020-07-01,UNKNOWN,UNKNOWN,LOAN,0.0,,0.0,FALSE,FEE IS LOAN
c501a8c8-755,plr_c12c754f,2020_2021,2020-07-01,UNKNOWN,UNKNOWN,LOAN,0.0,,0.0,FALSE,FEE IS LOAN
38ebeafc-990,plr_e0738d31,2020_2021,2020-07-01,UNKNOWN,UNKNOWN,LOAN,0.0,,0.0,FALSE,FEE IS LOAN
47c4907b-28e,plr_78297c9c,2020_2021,2020-07-01,UNKNOWN,UNKNOWN,DISCLOSED,22500000.0,EUR,19327500.0,TRUE,
e71507e3-674,plr_65eeafd8,2020_2021,2020-07-01,UNKNOWN,UNKNOWN,DISCLOSED,5500000.0,EUR,4724500.0,TRUE,
6888bea8-884,plr_b7f75198,2020_2021,2020-07-01,UNKNOWN,UNKNOWN,LOAN,0.0,,0.0,FALSE,FEE IS LOAN
96c99e9a-531,plr_139846fd,2020_2021,2020-07-01,UNKNOWN,UNKNOWN,LOAN,0.0,,0.0,FALSE,FEE IS LOAN
cd80c34a-b98,plr_9bb0f358,2020_2021,2020-07-01,UNKNOWN,UNKNOWN,UNKNOWN,,,,FALSE,FEE IS UNKNOWN
c4543b64-1b5,plr_71a2d1c9,2020_2021,2020-07-01,UNKNOWN,UNKNOWN,UNKNOWN,,,,FALSE,FEE IS UNKNOWN
03b0ee1b-f4d,plr_f1040d7b,2020_2021,2020-07-01,UNKNOWN,UNKNOWN,UNKNOWN,,,,FALSE,FEE IS UNKNOWN
979eed15-0c7,plr_ea5eb2ac,2020_2021,2020-07-01,UNKNOWN,UNKNOWN,LOAN,0.0,,0.0,FALSE,FEE IS LOAN
38f06169-008,plr_1a3c095a,2020_2021,2020-07-01,UNKNOWN,UNKNOWN,DISCLOSED,40000000.0,EUR,34360000.0,TRUE,
66b9beea-d59,plr_2af711bb,2020_2021,2020-07-01,UNKNOWN,UNKNOWN,DISCLOSED,32000000.0,EUR,27488000.0,TRUE,
b468bd64-b38,plr_e58a4908,2020_2021,2020-07-01,UNKNOWN,UNKNOWN,DISCLOSED,9800000.0,EUR,8418200.0,TRUE,
f561beda-51b,plr_f30a1c1d,2020_2021,2020-07-01,UNKNOWN,UNKNOWN,LOAN,0.0,,0.0,FALSE,FEE IS LOAN
282bd856-c09,plr_ac70b76b,2020_2021,2020-07-01,UNKNOWN,UNKNOWN,DISCLOSED,2000000.0,EUR,1718000.0,TRUE,
65d399f4-987,plr_3d2230ff,2020_2021,2020-07-01,UNKNOWN,UNKNOWN,DISCLOSED,789000.0,EUR,677751.0,TRUE,
d51d070e-cfe,plr_ba32ab70,2020_2021,2020-07-01,UNKNOWN,UNKNOWN,FREE,0.0,,0.0,FALSE,FEE IS FREE
4219a074-9f0,plr_3b7e27a2,2020_2021,2020-07-01,UNKNOWN,UNKNOWN,LOAN,0.0,,0.0,FALSE,FEE IS LOAN
9c18f111-905,plr_727608be,2020_2021,2020-07-01,UNKNOWN,UNKNOWN,LOAN,0.0,,0.0,FALSE,FEE IS LOAN
757b52f3-8ab,plr_7f6671fd,2020_2021,2020-07-01,UNKNOWN,UNKNOWN,UNKNOWN,,,,FALSE,FEE IS UNKNOWN
ff292ba4-e94,plr_12791f67,2020_2021,2020-07-01,UNKNOWN,UNKNOWN,LOAN,0.0,,0.0,FALSE,FEE IS LOAN
78eca63a-022,plr_6bcbb576,2020_2021,2020-07-01,UNKNOWN,UNKNOWN,LOAN,0.0,,0.0,FALSE,FEE IS LOAN
5fb6721c-701,plr_58a7dc5c,2020_2021,2020-07-01,UNKNOWN,UNKNOWN,LOAN,0.0,,0.0,FALSE,FEE IS LOAN
fdee40de-26f,plr_7068a1e1,2020_2021,2020-07-01,UNKNOWN,UNKNOWN,LOAN,0.0,,0.0,FALSE,FEE IS LOAN
657e8f78-df1,plr_f923be04,2020_2021,2020-07-01,UNKNOWN,UNKNOWN,LOAN,0.0,,0.0,FALSE,FEE IS LOAN
eb058028-639,plr_d9bddd7f,2020_2021,2020-07-01,UNKNOWN,UNKNOWN,LOAN,0.0,,0.0,FALSE,FEE IS LOAN
f232a33e-900,plr_81bd3dec,2020_2021,2020-07-01,UNKNOWN,UNKNOWN,LOAN,0.0,,0.0,FALSE,FEE IS LOAN
f3de0f19-8bd,plr_0fdd50bf,2020_2021,2020-07-01,UNKNOWN,UNKNOWN,FREE,0.0,,0.0,FALSE,FEE IS FREE
7ce1ee37-1f0,plr_5384e59f,2020_2021,2020-07-01,UNKNOWN,UNKNOWN,UNDISCLOSED,,,,FALSE,FEE IS UNDISCLOSED
22cd14a7-1ce,plr_396ccfa2,2020_2021,2020-07-01,UNKNOWN,UNKNOWN,LOAN,0.0,,0.0,FALSE,FEE IS LOAN
5758ff5d-8e4,plr_e818e68a,2020_2021,2020-07-01,UNKNOWN,UNKNOWN,LOAN,0.0,,0.0,FALSE,FEE IS LOAN
065eef0d-1b6,plr_de9368b1,2020_2021,2020-07-01,UNKNOWN,UNKNOWN,LOAN,0.0,,0.0,FALSE,FEE IS LOAN
1bfc718d-ddc,plr_e535da10,2020_2021,2020-07-01,UNKNOWN,UNKNOWN,LOAN,0.0,,0.0,FALSE,FEE IS LOAN
94cf4867-9e1,plr_b0573e64,2020_2021,2020-07-01,UNKNOWN,UNKNOWN,UNKNOWN,,,,FALSE,FEE IS UNKNOWN
d3888673-a37,plr_1435248e,2021_2022,2021-07-01,UNKNOWN,UNKNOWN,DISCLOSED,58500000.0,EUR,50193000.0,TRUE,
8330842d-3a4,plr_c80cc009,2021_2022,2021-07-01,UNKNOWN,UNKNOWN,DISCLOSED,35000000.0,EUR,30030000.0,TRUE,
efa4ce71-df1,plr_658f15f6,2021_2022,2021-07-01,UNKNOWN,UNKNOWN,DISCLOSED,28000000.0,EUR,24024000.0,TRUE,
24de4eeb-fc2,plr_ffbab246,2021_2022,2021-07-01,UNKNOWN,UNKNOWN,DISCLOSED,18600000.0,EUR,15958800.0,TRUE,
598585a6-7fe,plr_4f7ebeaa,2021_2022,2021-07-01,UNKNOWN,UNKNOWN,DISCLOSED,17500000.0,EUR,15015000.0,TRUE,
01203dad-b1d,plr_1f333686,2021_2022,2021-07-01,UNKNOWN,UNKNOWN,DISCLOSED,8000000.0,EUR,6864000.0,TRUE,
228f5c8f-bf0,plr_8ba079eb,2021_2022,2021-07-01,UNKNOWN,UNKNOWN,DISCLOSED,1800000.0,EUR,1544400.0,TRUE,
1bc710da-805,plr_1e2387d0,2021_2022,2021-07-01,UNKNOWN,UNKNOWN,UNKNOWN,,,,FALSE,FEE IS UNKNOWN
1b82bbd6-a82,plr_d7cc1439,2021_2022,2021-07-01,UNKNOWN,UNKNOWN,LOAN,0.0,,0.0,FALSE,FEE IS LOAN
c4c44a03-8b7,plr_f331e355,2021_2022,2021-07-01,UNKNOWN,UNKNOWN,LOAN,0.0,,0.0,FALSE,FEE IS LOAN
d39f84b0-6b6,plr_9d68e285,2021_2022,2021-07-01,UNKNOWN,UNKNOWN,LOAN,0.0,,0.0,FALSE,FEE IS LOAN
a34ed581-ed5,plr_0002ce69,2021_2022,2021-07-01,UNKNOWN,UNKNOWN,LOAN,0.0,,0.0,FALSE,FEE IS LOAN
5ec4daf4-f4c,plr_17759ef5,2021_2022,2021-07-01,UNKNOWN,UNKNOWN,LOAN,0.0,,0.0,FALSE,FEE IS LOAN
609c0ab3-fa5,plr_fa7d65cb,2021_2022,2021-07-01,UNKNOWN,UNKNOWN,DISCLOSED,29400000.0,EUR,25225200.0,TRUE,
3dd8c23a-684,plr_0002ce69,2021_2022,2021-07-01,UNKNOWN,UNKNOWN,LOAN,0.0,,0.0,FALSE,FEE IS LOAN
6bc82836-ef7,plr_e9bad5d1,2021_2022,2021-07-01,UNKNOWN,UNKNOWN,LOAN,0.0,,0.0,FALSE,FEE IS LOAN
ec315035-dcf,plr_4215bfc0,2021_2022,2021-07-01,UNKNOWN,UNKNOWN,FREE,0.0,,0.0,FALSE,FEE IS FREE
1d3a13d5-9df,plr_dd751c60,2021_2022,2021-07-01,UNKNOWN,UNKNOWN,FREE,0.0,,0.0,FALSE,FEE IS FREE
a1e57145-3a3,plr_fc4996be,2021_2022,2021-07-01,UNKNOWN,UNKNOWN,FREE,0.0,,0.0,FALSE,FEE IS FREE
608b4180-577,plr_1f98732c,2021_2022,2021-07-01,UNKNOWN,UNKNOWN,FREE,0.0,,0.0,FALSE,FEE IS FREE
4d647e26-fa0,plr_e7a66a7c,2021_2022,2021-07-01,UNKNOWN,UNKNOWN,LOAN,0.0,,0.0,FALSE,FEE IS LOAN
665f8850-a8d,plr_7124259f,2021_2022,2021-07-01,UNKNOWN,UNKNOWN,LOAN,0.0,,0.0,FALSE,FEE IS LOAN
f739f4e8-c64,plr_eaa0237c,2021_2022,2021-07-01,UNKNOWN,UNKNOWN,LOAN,0.0,,0.0,FALSE,FEE IS LOAN
23c8170e-98c,plr_c28d089b,2021_2022,2021-07-01,UNKNOWN,UNKNOWN,LOAN,0.0,,0.0,FALSE,FEE IS LOAN
7e5065eb-251,plr_60fd42bd,2021_2022,2021-07-01,UNKNOWN,UNKNOWN,LOAN,0.0,,0.0,FALSE,FEE IS LOAN
a63390ea-329,plr_1b7734a9,2021_2022,2021-07-01,UNKNOWN,UNKNOWN,LOAN,0.0,,0.0,FALSE,FEE IS LOAN
1c67968c-f5e,plr_8ed1b0e5,2021_2022,2021-07-01,UNKNOWN,UNKNOWN,DISCLOSED,38400000.0,EUR,32947200.0,TRUE,
6ad1efb7-4c9,plr_4f6c54ae,2021_2022,2021-07-01,UNKNOWN,UNKNOWN,DISCLOSED,32000000.0,EUR,27456000.0,TRUE,
07111dde-ee6,plr_6face4a9,2021_2022,2021-07-01,UNKNOWN,UNKNOWN,DISCLOSED,30000000.0,EUR,25740000.0,TRUE,
5354ca7f-29d,plr_eee31c87,2021_2022,2021-07-01,UNKNOWN,UNKNOWN,DISCLOSED,29400000.0,EUR,25225200.0,TRUE,
ae973ebe-06e,plr_68c4c447,2021_2022,2021-07-01,UNKNOWN,UNKNOWN,FREE,0.0,,0.0,FALSE,FEE IS FREE
8203817f-9d9,plr_12d4e613,2021_2022,2021-07-01,UNKNOWN,UNKNOWN,LOAN,0.0,,0.0,FALSE,FEE IS LOAN
d197f3d9-e10,plr_f14d5a14,2021_2022,2021-07-01,UNKNOWN,UNKNOWN,LOAN,0.0,,0.0,FALSE,FEE IS LOAN
5f05bdda-c5a,plr_4826d903,2021_2022,2021-07-01,UNKNOWN,UNKNOWN,LOAN,0.0,,0.0,FALSE,FEE IS LOAN
b65f422c-230,plr_dd72e42f,2021_2022,2021-07-01,UNKNOWN,UNKNOWN,UNKNOWN,,,,FALSE,FEE IS UNKNOWN
b96c5445-eae,plr_f4399801,2021_2022,2021-07-01,UNKNOWN,UNKNOWN,UNKNOWN,,,,FALSE,FEE IS UNKNOWN
3882578e-243,plr_8c04f363,2021_2022,2021-07-01,UNKNOWN,UNKNOWN,UNKNOWN,,,,FALSE,FEE IS UNKNOWN
297b41ae-bb9,plr_05780f76,2021_2022,2021-07-01,UNKNOWN,UNKNOWN,UNKNOWN,,,,FALSE,FEE IS UNKNOWN
de4af121-590,plr_8fbffa8e,2021_2022,2021-07-01,UNKNOWN,UNKNOWN,LOAN,0.0,,0.0,FALSE,FEE IS LOAN
4b984dca-531,plr_dd59d8da,2021_2022,2021-07-01,UNKNOWN,UNKNOWN,LOAN,0.0,,0.0,FALSE,FEE IS LOAN
dd52045d-9c7,plr_96d13ae1,2021_2022,2021-07-01,UNKNOWN,UNKNOWN,LOAN,0.0,,0.0,FALSE,FEE IS LOAN
e9986b71-351,plr_198d4b01,2021_2022,2021-07-01,UNKNOWN,UNKNOWN,LOAN,0.0,,0.0,FALSE,FEE IS LOAN
558d002b-47d,plr_6f31cabe,2021_2022,2021-07-01,UNKNOWN,UNKNOWN,LOAN,0.0,,0.0,FALSE,FEE IS LOAN
a43b0d25-5ae,plr_195825f2,2021_2022,2021-07-01,UNKNOWN,UNKNOWN,LOAN,0.0,,0.0,FALSE,FEE IS LOAN
16c7bf25-49d,plr_7a6c7e15,2021_2022,2021-07-01,UNKNOWN,UNKNOWN,LOAN,0.0,,0.0,FALSE,FEE IS LOAN
e3edd9d9-a58,plr_ee98921e,2021_2022,2021-07-01,UNKNOWN,UNKNOWN,DISCLOSED,117500000.0,EUR,100815000.0,TRUE,
ada8f489-945,plr_2c61a1c6,2021_2022,2021-07-01,UNKNOWN,UNKNOWN,DISCLOSED,3500000.0,EUR,3003000.0,TRUE,
fd0259b8-640,plr_f4a0a6d3,2021_2022,2021-07-01,UNKNOWN,UNKNOWN,FREE,0.0,,0.0,FALSE,FEE IS FREE
5b5e3b7f-d22,plr_a82de73a,2021_2022,2021-07-01,UNKNOWN,UNKNOWN,LOAN,0.0,,0.0,FALSE,FEE IS LOAN
86c6dcd3-cbf,plr_99ec0645,2021_2022,2021-07-01,UNKNOWN,UNKNOWN,LOAN,0.0,,0.0,FALSE,FEE IS LOAN
b4fad3ee-124,plr_19863cde,2021_2022,2021-07-01,UNKNOWN,UNKNOWN,UNKNOWN,,,,FALSE,FEE IS UNKNOWN
b46a7d84-731,plr_6e8a3fb6,2021_2022,2021-07-01,UNKNOWN,UNKNOWN,UNKNOWN,,,,FALSE,FEE IS UNKNOWN
105e60f9-ebf,plr_422824a3,2021_2022,2021-07-01,UNKNOWN,UNKNOWN,DISCLOSED,15700000.0,EUR,13470600.0,TRUE,
19c145ae-80c,plr_4de1884b,2021_2022,2021-07-01,UNKNOWN,UNKNOWN,DISCLOSED,10000000.0,EUR,8580000.0,TRUE,
abc20830-b89,plr_258a34e6,2021_2022,2021-07-01,UNKNOWN,UNKNOWN,DISCLOSED,10000000.0,EUR,8580000.0,TRUE,
e59109ec-1fd,plr_a7bb9b95,2021_2022,2021-07-01,UNKNOWN,UNKNOWN,DISCLOSED,1500000.0,EUR,1287000.0,TRUE,
652b1fd2-9b4,plr_88751e7b,2021_2022,2021-07-01,UNKNOWN,UNKNOWN,LOAN,0.0,,0.0,FALSE,FEE IS LOAN
641653e5-940,plr_b239a267,2021_2022,2021-07-01,UNKNOWN,UNKNOWN,FREE,0.0,,0.0,FALSE,FEE IS FREE
d5f13aaa-77a,plr_51a2507f,2021_2022,2021-07-01,UNKNOWN,UNKNOWN,LOAN,0.0,,0.0,FALSE,FEE IS LOAN
fbd393e9-44d,plr_e49151a3,2021_2022,2021-07-01,UNKNOWN,UNKNOWN,UNKNOWN,,,,FALSE,FEE IS UNKNOWN
173c787b-95c,plr_f529b524,2021_2022,2021-07-01,UNKNOWN,UNKNOWN,UNKNOWN,,,,FALSE,FEE IS UNKNOWN
fa146007-088,plr_e6cabd43,2021_2022,2021-07-01,UNKNOWN,UNKNOWN,LOAN,0.0,,0.0,FALSE,FEE IS LOAN
a3321237-c79,plr_d9698762,2021_2022,2021-07-01,UNKNOWN,UNKNOWN,LOAN,0.0,,0.0,FALSE,FEE IS LOAN
102807a2-90f,plr_feb09c35,2021_2022,2021-07-01,UNKNOWN,UNKNOWN,LOAN,0.0,,0.0,FALSE,FEE IS LOAN
5595c50a-b83,plr_c67e84b0,2021_2022,2021-07-01,UNKNOWN,UNKNOWN,LOAN,0.0,,0.0,FALSE,FEE IS LOAN
136a5938-da3,plr_1bd0d717,2021_2022,2021-07-01,UNKNOWN,UNKNOWN,LOAN,0.0,,0.0,FALSE,FEE IS LOAN
80229309-3d9,plr_5fdfefdf,2021_2022,2021-07-01,UNKNOWN,UNKNOWN,LOAN,0.0,,0.0,FALSE,FEE IS LOAN
5f0b7ebb-2c0,plr_484684f5,2021_2022,2021-07-01,UNKNOWN,UNKNOWN,LOAN,0.0,,0.0,FALSE,FEE IS LOAN
c141b440-a77,plr_04b0da4c,2021_2022,2021-07-01,UNKNOWN,UNKNOWN,LOAN,0.0,,0.0,FALSE,FEE IS LOAN
2dc9de67-4db,plr_484684f5,2021_2022,2021-07-01,UNKNOWN,UNKNOWN,LOAN,0.0,,0.0,FALSE,FEE IS LOAN
7f592271-cb3,plr_9441251c,2021_2022,2021-07-01,UNKNOWN,UNKNOWN,FREE,0.0,,0.0,FALSE,FEE IS FREE
6cc96c2e-1ec,plr_5c5abfaf,2021_2022,2021-07-01,UNKNOWN,UNKNOWN,FREE,0.0,,0.0,FALSE,FEE IS FREE
6d387dbe-61b,plr_3ba0a020,2021_2022,2021-07-01,UNKNOWN,UNKNOWN,FREE,0.0,,0.0,FALSE,FEE IS FREE
51a2d795-970,plr_a8d23214,2021_2022,2021-07-01,UNKNOWN,UNKNOWN,LOAN,0.0,,0.0,FALSE,FEE IS LOAN
1237c1b4-4f9,plr_5fdfefdf,2021_2022,2021-07-01,UNKNOWN,UNKNOWN,UNDISCLOSED,,,,FALSE,FEE IS UNDISCLOSED
fb156d19-dc1,plr_0187e258,2021_2022,2021-07-01,UNKNOWN,UNKNOWN,UNDISCLOSED,,,,FALSE,FEE IS UNDISCLOSED
46b2f21d-e3c,plr_e10bd51a,2021_2022,2021-07-01,UNKNOWN,UNKNOWN,DISCLOSED,23000000.0,EUR,19734000.0,TRUE,
ef221509-0b0,plr_80d468fa,2021_2022,2021-07-01,UNKNOWN,UNKNOWN,DISCLOSED,18000000.0,EUR,15444000.0,TRUE,
467295a2-86d,plr_0ad14bd4,2021_2022,2021-07-01,UNKNOWN,UNKNOWN,DISCLOSED,11000000.0,EUR,9438000.0,TRUE,
8bc19ec6-ac0,plr_b494af93,2021_2022,2021-07-01,UNKNOWN,UNKNOWN,DISCLOSED,8000000.0,EUR,6864000.0,TRUE,
93f71f56-980,plr_52047160,2021_2022,2021-07-01,UNKNOWN,UNKNOWN,DISCLOSED,7000000.0,EUR,6006000.0,TRUE,
22dee879-297,plr_0a6b8ac7,2021_2022,2021-07-01,UNKNOWN,UNKNOWN,DISCLOSED,5000000.0,EUR,4290000.0,TRUE,
d3ef6420-79e,plr_82f41541,2021_2022,2021-07-01,UNKNOWN,UNKNOWN,DISCLOSED,3000000.0,EUR,2574000.0,TRUE,
098677ad-2e1,plr_a15797bf,2021_2022,2021-07-01,UNKNOWN,UNKNOWN,DISCLOSED,580000.0,EUR,497640.0,TRUE,
a71a3d46-4ea,plr_88ee70da,2021_2022,2021-07-01,UNKNOWN,UNKNOWN,UNKNOWN,,,,FALSE,FEE IS UNKNOWN
694add7c-762,plr_55d795b7,2021_2022,2021-07-01,UNKNOWN,UNKNOWN,UNKNOWN,,,,FALSE,FEE IS UNKNOWN
03e5025e-a1b,plr_13d6ceb8,2021_2022,2021-07-01,UNKNOWN,UNKNOWN,LOAN,0.0,,0.0,FALSE,FEE IS LOAN
c1accea4-520,plr_095db400,2021_2022,2021-07-01,UNKNOWN,UNKNOWN,LOAN,0.0,,0.0,FALSE,FEE IS LOAN
cb1e7888-d90,plr_c795f503,2021_2022,2021-07-01,UNKNOWN,UNKNOWN,LOAN,0.0,,0.0,FALSE,FEE IS LOAN
b1fd906c-ee8,plr_79d29f46,2021_2022,2021-07-01,UNKNOWN,UNKNOWN,LOAN,0.0,,0.0,FALSE,FEE IS LOAN
18b1afd9-929,plr_0fb22b71,2021_2022,2021-07-01,UNKNOWN,UNKNOWN,LOAN,0.0,,0.0,FALSE,FEE IS LOAN
a408da87-3ff,plr_70850120,2021_2022,2021-07-01,UNKNOWN,UNKNOWN,LOAN,0.0,,0.0,FALSE,FEE IS LOAN
1a9534c1-329,plr_e5040e88,2021_2022,2021-07-01,UNKNOWN,UNKNOWN,LOAN,0.0,,0.0,FALSE,FEE IS LOAN
23829433-601,plr_928f982d,2021_2022,2021-07-01,UNKNOWN,UNKNOWN,LOAN,0.0,,0.0,FALSE,FEE IS LOAN
43e3d300-ab6,plr_7bd3aa74,2021_2022,2021-07-01,UNKNOWN,UNKNOWN,LOAN,0.0,,0.0,FALSE,FEE IS LOAN
e674e566-0a6,plr_96298588,2021_2022,2021-07-01,UNKNOWN,UNKNOWN,LOAN,0.0,,0.0,FALSE,FEE IS LOAN
970c1d32-d78,plr_aa7bc1d5,2021_2022,2021-07-01,UNKNOWN,UNKNOWN,LOAN,0.0,,0.0,FALSE,FEE IS LOAN
ffc6fd70-6f2,plr_8e85c7c2,2021_2022,2021-07-01,UNKNOWN,UNKNOWN,DISCLOSED,15000000.0,EUR,12870000.0,TRUE,
60775938-351,plr_0c703dfb,2021_2022,2021-07-01,UNKNOWN,UNKNOWN,DISCLOSED,1800000.0,EUR,1544400.0,TRUE,
5ba201b4-932,plr_220e297b,2021_2022,2021-07-01,UNKNOWN,UNKNOWN,DISCLOSED,1200000.0,EUR,1029600.0,TRUE,
3ef02ef6-623,plr_508aa546,2021_2022,2021-07-01,UNKNOWN,UNKNOWN,DISCLOSED,1000000.0,EUR,858000.0,TRUE,
6f26cf41-ea2,plr_a5598aab,2021_2022,2021-07-01,UNKNOWN,UNKNOWN,LOAN,0.0,,0.0,FALSE,FEE IS LOAN
c6b069a7-db6,plr_df8ad3d8,2021_2022,2021-07-01,UNKNOWN,UNKNOWN,FREE,0.0,,0.0,FALSE,FEE IS FREE
c8ae04e1-a53,plr_2198492a,2021_2022,2021-07-01,UNKNOWN,UNKNOWN,FREE,0.0,,0.0,FALSE,FEE IS FREE
44662e2d-e86,plr_928f982d,2021_2022,2021-07-01,UNKNOWN,UNKNOWN,UNDISCLOSED,,,,FALSE,FEE IS UNDISCLOSED
01aa237e-2ad,plr_79d29f46,2021_2022,2021-07-01,UNKNOWN,UNKNOWN,UNDISCLOSED,,,,FALSE,FEE IS UNDISCLOSED
4a3cfe96-9e1,plr_29b3267f,2021_2022,2021-07-01,UNKNOWN,UNKNOWN,LOAN,0.0,,0.0,FALSE,FEE IS LOAN
d58e91e7-86d,plr_9a987637,2021_2022,2021-07-01,UNKNOWN,UNKNOWN,LOAN,0.0,,0.0,FALSE,FEE IS LOAN
52c5517a-1fc,plr_779bd682,2021_2022,2021-07-01,UNKNOWN,UNKNOWN,DISCLOSED,17500000.0,EUR,15015000.0,TRUE,
e7c38afb-ae3,plr_dc2e718e,2021_2022,2021-07-01,UNKNOWN,UNKNOWN,DISCLOSED,15000000.0,EUR,12870000.0,TRUE,
165ff125-d80,plr_a7a8e27e,2021_2022,2021-07-01,UNKNOWN,UNKNOWN,DISCLOSED,14000000.0,EUR,12012000.0,TRUE,
fa69744d-26c,plr_2f62c95e,2021_2022,2021-07-01,UNKNOWN,UNKNOWN,DISCLOSED,2900000.0,EUR,2488200.0,TRUE,
73ec7983-01f,plr_1cdbf075,2021_2022,2021-07-01,UNKNOWN,UNKNOWN,FREE,0.0,,0.0,FALSE,FEE IS FREE
4bf03bbd-754,plr_de07a986,2021_2022,2021-07-01,UNKNOWN,UNKNOWN,FREE,0.0,,0.0,FALSE,FEE IS FREE
1215d04d-c3c,plr_676b11d7,2021_2022,2021-07-01,UNKNOWN,UNKNOWN,UNKNOWN,,,,FALSE,FEE IS UNKNOWN
db25007d-e94,plr_4cbcaf14,2021_2022,2021-07-01,UNKNOWN,UNKNOWN,LOAN,0.0,,0.0,FALSE,FEE IS LOAN
0e455989-f25,plr_f64a195f,2021_2022,2021-07-01,UNKNOWN,UNKNOWN,DISCLOSED,30000000.0,EUR,25740000.0,TRUE,
ae51da7a-70b,plr_e0fb6674,2021_2022,2021-07-01,UNKNOWN,UNKNOWN,DISCLOSED,9300000.0,EUR,7979400.0,TRUE,
e681c97e-650,plr_4f2f77b8,2021_2022,2021-07-01,UNKNOWN,UNKNOWN,DISCLOSED,1200000.0,EUR,1029600.0,TRUE,
0462e929-52b,plr_a09ff2c7,2021_2022,2021-07-01,UNKNOWN,UNKNOWN,FREE,0.0,,0.0,FALSE,FEE IS FREE
b4cb024f-d72,plr_425399ad,2021_2022,2021-07-01,UNKNOWN,UNKNOWN,UNKNOWN,,,,FALSE,FEE IS UNKNOWN
80f936d6-08a,plr_818e59dd,2021_2022,2021-07-01,UNKNOWN,UNKNOWN,DISCLOSED,113000000.0,EUR,96954000.0,TRUE,
7dff3942-a84,plr_55f01b67,2021_2022,2021-07-01,UNKNOWN,UNKNOWN,LOAN,0.0,,0.0,FALSE,FEE IS LOAN
13f6fa2a-73d,plr_a14d2b61,2021_2022,2021-07-01,UNKNOWN,UNKNOWN,FREE,0.0,,0.0,FALSE,FEE IS FREE
61eaf40f-7ef,plr_82fd23e2,2021_2022,2021-07-01,UNKNOWN,UNKNOWN,UNKNOWN,,,,FALSE,FEE IS UNKNOWN
e16da113-0e8,plr_cdd267e0,2021_2022,2021-07-01,UNKNOWN,UNKNOWN,LOAN,0.0,,0.0,FALSE,FEE IS LOAN
cf7b1203-def,plr_8760c28d,2021_2022,2021-07-01,UNKNOWN,UNKNOWN,LOAN,0.0,,0.0,FALSE,FEE IS LOAN
0787dbc5-128,plr_3e594bdb,2021_2022,2021-07-01,UNKNOWN,UNKNOWN,LOAN,0.0,,0.0,FALSE,FEE IS LOAN
aa66fb35-2a2,plr_1fa07280,2021_2022,2021-07-01,UNKNOWN,UNKNOWN,LOAN,0.0,,0.0,FALSE,FEE IS LOAN
c53bf302-b6d,plr_0d16fc04,2021_2022,2021-07-01,UNKNOWN,UNKNOWN,LOAN,0.0,,0.0,FALSE,FEE IS LOAN
cbe13be4-5ac,plr_ad140362,2021_2022,2021-07-01,UNKNOWN,UNKNOWN,LOAN,0.0,,0.0,FALSE,FEE IS LOAN
2951ad49-7b4,plr_e2b837a7,2021_2022,2021-07-01,UNKNOWN,UNKNOWN,LOAN,0.0,,0.0,FALSE,FEE IS LOAN
3dc73d9b-b88,plr_9bb42042,2021_2022,2021-07-01,UNKNOWN,UNKNOWN,LOAN,0.0,,0.0,FALSE,FEE IS LOAN
09a6c1a5-93a,plr_253bd4b8,2021_2022,2021-07-01,UNKNOWN,UNKNOWN,LOAN,0.0,,0.0,FALSE,FEE IS LOAN
d21b611b-6a8,plr_6f1af571,2021_2022,2021-07-01,UNKNOWN,UNKNOWN,LOAN,0.0,,0.0,FALSE,FEE IS LOAN
9a9ca027-730,plr_f14726b3,2021_2022,2021-07-01,UNKNOWN,UNKNOWN,LOAN,0.0,,0.0,FALSE,FEE IS LOAN
e01b16c2-f37,plr_2657cf82,2021_2022,2021-07-01,UNKNOWN,UNKNOWN,LOAN,0.0,,0.0,FALSE,FEE IS LOAN
ffdd1d73-ca6,plr_34925e68,2021_2022,2021-07-01,UNKNOWN,UNKNOWN,LOAN,0.0,,0.0,FALSE,FEE IS LOAN
17d6dd13-4b3,plr_7e350dc4,2021_2022,2021-07-01,UNKNOWN,UNKNOWN,LOAN,0.0,,0.0,FALSE,FEE IS LOAN
0c216cb0-392,plr_e19d612b,2021_2022,2021-07-01,UNKNOWN,UNKNOWN,DISCLOSED,41000000.0,EUR,35178000.0,TRUE,
045c2607-14b,plr_d63a49be,2021_2022,2021-07-01,UNKNOWN,UNKNOWN,DISCLOSED,35000000.0,EUR,30030000.0,TRUE,
9726a834-78a,plr_b6854220,2021_2022,2021-07-01,UNKNOWN,UNKNOWN,DISCLOSED,23340000.0,EUR,20025720.0,TRUE,
29848a20-f89,plr_10bbb0d8,2021_2022,2021-07-01,UNKNOWN,UNKNOWN,DISCLOSED,4800000.0,EUR,4118400.0,TRUE,
41d1c2ed-12c,plr_e2b837a7,2021_2022,2021-07-01,UNKNOWN,UNKNOWN,LOAN,0.0,,0.0,FALSE,FEE IS LOAN
8eb9249b-d65,plr_91be9265,2021_2022,2021-07-01,UNKNOWN,UNKNOWN,LOAN,0.0,,0.0,FALSE,FEE IS LOAN
117089d5-11d,plr_8760c28d,2021_2022,2021-07-01,UNKNOWN,UNKNOWN,LOAN,0.0,,0.0,FALSE,FEE IS LOAN
f545baf2-977,plr_153f715d,2021_2022,2021-07-01,UNKNOWN,UNKNOWN,LOAN,0.0,,0.0,FALSE,FEE IS LOAN
68ee7aa0-c7b,plr_e1b7c9cb,2021_2022,2021-07-01,UNKNOWN,UNKNOWN,FREE,0.0,,0.0,FALSE,FEE IS FREE
40bf9e8a-c04,plr_c8c2df65,2021_2022,2021-07-01,UNKNOWN,UNKNOWN,LOAN,0.0,,0.0,FALSE,FEE IS LOAN
3c06d339-646,plr_133754fc,2021_2022,2021-07-01,UNKNOWN,UNKNOWN,UNKNOWN,,,,FALSE,FEE IS UNKNOWN
3ebe79f1-7bf,plr_ef0bbc5a,2021_2022,2021-07-01,UNKNOWN,UNKNOWN,UNKNOWN,,,,FALSE,FEE IS UNKNOWN
4409f487-fcf,plr_502e4810,2021_2022,2021-07-01,UNKNOWN,UNKNOWN,DISCLOSED,17500000.0,EUR,15015000.0,TRUE,
8785e3f4-ffd,plr_80bff014,2021_2022,2021-07-01,UNKNOWN,UNKNOWN,DISCLOSED,16300000.0,EUR,13985400.0,TRUE,
31601f76-de8,plr_fafbfb91,2021_2022,2021-07-01,UNKNOWN,UNKNOWN,DISCLOSED,11000000.0,EUR,9438000.0,TRUE,
fa2d7f6d-324,plr_f92c2078,2021_2022,2021-07-01,UNKNOWN,UNKNOWN,DISCLOSED,9300000.0,EUR,7979400.0,TRUE,
4b394a5c-86b,plr_40c995f5,2021_2022,2021-07-01,UNKNOWN,UNKNOWN,DISCLOSED,7000000.0,EUR,6006000.0,TRUE,
8e0e9bf8-670,plr_410c3ed6,2021_2022,2021-07-01,UNKNOWN,UNKNOWN,DISCLOSED,1180000.0,EUR,1012440.0,TRUE,
3b510013-d3a,plr_7882a48a,2021_2022,2021-07-01,UNKNOWN,UNKNOWN,FREE,0.0,,0.0,FALSE,FEE IS FREE
ced63898-2f1,plr_5a9d85f1,2021_2022,2021-07-01,UNKNOWN,UNKNOWN,FREE,0.0,,0.0,FALSE,FEE IS FREE
8715bef5-21f,plr_3598de66,2021_2022,2021-07-01,UNKNOWN,UNKNOWN,LOAN,0.0,,0.0,FALSE,FEE IS LOAN
e523a57f-56e,plr_e0254cba,2021_2022,2021-07-01,UNKNOWN,UNKNOWN,LOAN,0.0,,0.0,FALSE,FEE IS LOAN
27c660d4-017,plr_c3b48477,2021_2022,2021-07-01,UNKNOWN,UNKNOWN,FREE,0.0,,0.0,FALSE,FEE IS FREE
8f6fb46e-1c1,plr_0061283a,2021_2022,2021-07-01,UNKNOWN,UNKNOWN,FREE,0.0,,0.0,FALSE,FEE IS FREE
f9c398a1-2cf,plr_fdf37817,2021_2022,2021-07-01,UNKNOWN,UNKNOWN,FREE,0.0,,0.0,FALSE,FEE IS FREE
326cbdd8-910,plr_1183b95e,2021_2022,2021-07-01,UNKNOWN,UNKNOWN,FREE,0.0,,0.0,FALSE,FEE IS FREE
ee6fa8bb-31a,plr_b1716ce8,2021_2022,2021-07-01,UNKNOWN,UNKNOWN,FREE,0.0,,0.0,FALSE,FEE IS FREE
13dd5297-981,plr_ea397c75,2021_2022,2021-07-01,UNKNOWN,UNKNOWN,FREE,0.0,,0.0,FALSE,FEE IS FREE
e7d36f08-d05,plr_44a6b76d,2021_2022,2021-07-01,UNKNOWN,UNKNOWN,UNKNOWN,,,,FALSE,FEE IS UNKNOWN
66ca7508-850,plr_81f31007,2021_2022,2021-07-01,UNKNOWN,UNKNOWN,UNKNOWN,,,,FALSE,FEE IS UNKNOWN
ebad0988-1d9,plr_a57b4f27,2021_2022,2021-07-01,UNKNOWN,UNKNOWN,UNKNOWN,,,,FALSE,FEE IS UNKNOWN
6965c240-990,plr_a7d60257,2021_2022,2021-07-01,UNKNOWN,UNKNOWN,DISCLOSED,23500000.0,EUR,20163000.0,TRUE,
489fc010-6ae,plr_fe4f9a98,2021_2022,2021-07-01,UNKNOWN,UNKNOWN,DISCLOSED,14000000.0,EUR,12012000.0,TRUE,
d82b1950-47a,plr_fd24b1dc,2021_2022,2021-07-01,UNKNOWN,UNKNOWN,DISCLOSED,2000000.0,EUR,1716000.0,TRUE,
55b7f67a-4b1,plr_d1bd9bdb,2021_2022,2021-07-01,UNKNOWN,UNKNOWN,FREE,0.0,,0.0,FALSE,FEE IS FREE
eeb481ef-b0e,plr_26dc52a9,2021_2022,2021-07-01,UNKNOWN,UNKNOWN,FREE,0.0,,0.0,FALSE,FEE IS FREE
09516b02-76e,plr_cc558d8e,2021_2022,2021-07-01,UNKNOWN,UNKNOWN,FREE,0.0,,0.0,FALSE,FEE IS FREE
a0837cdb-afe,plr_7d660ce9,2021_2022,2021-07-01,UNKNOWN,UNKNOWN,FREE,0.0,,0.0,FALSE,FEE IS FREE
f192f864-5ac,plr_8b8cf281,2021_2022,2021-07-01,UNKNOWN,UNKNOWN,LOAN,0.0,,0.0,FALSE,FEE IS LOAN
56a0e9bc-374,plr_6c8f13a9,2021_2022,2021-07-01,UNKNOWN,UNKNOWN,LOAN,0.0,,0.0,FALSE,FEE IS LOAN
7c01633f-843,plr_ff9ef66a,2021_2022,2021-07-01,UNKNOWN,UNKNOWN,LOAN,0.0,,0.0,FALSE,FEE IS LOAN
a9f061b5-7e9,plr_9dd1ee31,2021_2022,2021-07-01,UNKNOWN,UNKNOWN,LOAN,0.0,,0.0,FALSE,FEE IS LOAN
6aafe572-0c6,plr_a0cf6c54,2021_2022,2021-07-01,UNKNOWN,UNKNOWN,DISCLOSED,8000000.0,EUR,6864000.0,TRUE,
5f358c1e-ee5,plr_9dd1ee31,2021_2022,2021-07-01,UNKNOWN,UNKNOWN,LOAN,0.0,,0.0,FALSE,FEE IS LOAN
64cd6fe6-921,plr_928f982d,2021_2022,2021-07-01,UNKNOWN,UNKNOWN,DISCLOSED,1000000.0,EUR,858000.0,TRUE,
deaadf00-066,plr_83d6d5c3,2021_2022,2021-07-01,UNKNOWN,UNKNOWN,FREE,0.0,,0.0,FALSE,FEE IS FREE
ffcc300d-a53,plr_df31ebae,2021_2022,2021-07-01,UNKNOWN,UNKNOWN,FREE,0.0,,0.0,FALSE,FEE IS FREE
5603f1f6-4ac,plr_49d3013b,2021_2022,2021-07-01,UNKNOWN,UNKNOWN,FREE,0.0,,0.0,FALSE,FEE IS FREE
ad7a4e8e-31e,plr_3f0f724c,2021_2022,2021-07-01,UNKNOWN,UNKNOWN,FREE,0.0,,0.0,FALSE,FEE IS FREE
22bd2586-8a9,plr_ad0785ee,2021_2022,2021-07-01,UNKNOWN,UNKNOWN,UNDISCLOSED,,,,FALSE,FEE IS UNDISCLOSED
f1c858dd-396,plr_e475a388,2021_2022,2021-07-01,UNKNOWN,UNKNOWN,LOAN,0.0,,0.0,FALSE,FEE IS LOAN
ba7616eb-c5e,plr_a5932c18,2021_2022,2021-07-01,UNKNOWN,UNKNOWN,LOAN,0.0,,0.0,FALSE,FEE IS LOAN
81ef2f52-215,plr_e708fa9e,2021_2022,2021-07-01,UNKNOWN,UNKNOWN,LOAN,0.0,,0.0,FALSE,FEE IS LOAN
1af22676-ad1,plr_30efeb64,2021_2022,2021-07-01,UNKNOWN,UNKNOWN,UNKNOWN,,,,FALSE,FEE IS UNKNOWN
8ffff09c-f4b,plr_06a46691,2021_2022,2021-07-01,UNKNOWN,UNKNOWN,DISCLOSED,29100000.0,EUR,24967800.0,TRUE,
07a11aef-692,plr_2be29b6c,2021_2022,2021-07-01,UNKNOWN,UNKNOWN,DISCLOSED,15000000.0,EUR,12870000.0,TRUE,
609db557-721,plr_0d34d177,2021_2022,2021-07-01,UNKNOWN,UNKNOWN,DISCLOSED,12800000.0,EUR,10982400.0,TRUE,
44ab6386-ae8,plr_cbdb48b4,2021_2022,2021-07-01,UNKNOWN,UNKNOWN,DISCLOSED,2400000.0,EUR,2059200.0,TRUE,
fe540fec-688,plr_f61c0fce,2021_2022,2021-07-01,UNKNOWN,UNKNOWN,UNDISCLOSED,,,,FALSE,FEE IS UNDISCLOSED
34d846aa-efd,plr_852fc8c3,2021_2022,2021-07-01,UNKNOWN,UNKNOWN,UNKNOWN,,,,FALSE,FEE IS UNKNOWN
2b65ddb8-b02,plr_fe42270b,2021_2022,2021-07-01,UNKNOWN,UNKNOWN,UNKNOWN,,,,FALSE,FEE IS UNKNOWN
28ccf8e1-067,plr_66a07cf8,2021_2022,2021-07-01,UNKNOWN,UNKNOWN,UNKNOWN,,,,FALSE,FEE IS UNKNOWN
b18bb948-faf,plr_213d25dc,2021_2022,2021-07-01,UNKNOWN,UNKNOWN,UNKNOWN,,,,FALSE,FEE IS UNKNOWN
a8ebbca0-259,plr_b2ac23a2,2021_2022,2021-07-01,UNKNOWN,UNKNOWN,LOAN,0.0,,0.0,FALSE,FEE IS LOAN
52cde3c7-f7d,plr_9155d2f9,2021_2022,2021-07-01,UNKNOWN,UNKNOWN,LOAN,0.0,,0.0,FALSE,FEE IS LOAN
916f4744-f91,plr_8ef46b22,2021_2022,2021-07-01,UNKNOWN,UNKNOWN,LOAN,0.0,,0.0,FALSE,FEE IS LOAN
26ec20a2-0cd,plr_7cb791a8,2021_2022,2021-07-01,UNKNOWN,UNKNOWN,FREE,0.0,,0.0,FALSE,FEE IS FREE
6161c98c-0a9,plr_c9c7a858,2021_2022,2021-07-01,UNKNOWN,UNKNOWN,FREE,0.0,,0.0,FALSE,FEE IS FREE
96858eef-50b,plr_3c55134e,2021_2022,2021-07-01,UNKNOWN,UNKNOWN,FREE,0.0,,0.0,FALSE,FEE IS FREE
783e944e-793,plr_7a09de5b,2021_2022,2021-07-01,UNKNOWN,UNKNOWN,FREE,0.0,,0.0,FALSE,FEE IS FREE
08ed4462-6a4,plr_e8e1b6a4,2021_2022,2021-07-01,UNKNOWN,UNKNOWN,FREE,0.0,,0.0,FALSE,FEE IS FREE
a16a491c-8f2,plr_90825278,2021_2022,2021-07-01,UNKNOWN,UNKNOWN,FREE,0.0,,0.0,FALSE,FEE IS FREE
f74798a7-8f4,plr_17bce08f,2021_2022,2021-07-01,UNKNOWN,UNKNOWN,LOAN,0.0,,0.0,FALSE,FEE IS LOAN
23329c33-4db,plr_912ef289,2021_2022,2021-07-01,UNKNOWN,UNKNOWN,LOAN,0.0,,0.0,FALSE,FEE IS LOAN
276edf68-0a7,plr_ce61449f,2021_2022,2021-07-01,UNKNOWN,UNKNOWN,UNKNOWN,,,,FALSE,FEE IS UNKNOWN
147cb30a-fd0,plr_7f028f04,2021_2022,2021-07-01,UNKNOWN,UNKNOWN,UNKNOWN,,,,FALSE,FEE IS UNKNOWN
1ee91c39-b7b,plr_0102bc6e,2021_2022,2021-07-01,UNKNOWN,UNKNOWN,DISCLOSED,30000000.0,EUR,25740000.0,TRUE,
bfb3cf63-a80,plr_1e590ab9,2021_2022,2021-07-01,UNKNOWN,UNKNOWN,DISCLOSED,20000000.0,EUR,17160000.0,TRUE,
610332b5-e15,plr_219ef86c,2021_2022,2021-07-01,UNKNOWN,UNKNOWN,DISCLOSED,17600000.0,EUR,15100800.0,TRUE,
34ae9634-27b,plr_57310b47,2021_2022,2021-07-01,UNKNOWN,UNKNOWN,FREE,0.0,,0.0,FALSE,FEE IS FREE
ff16d08b-0c0,plr_4e1069b9,2021_2022,2021-07-01,UNKNOWN,UNKNOWN,LOAN,0.0,,0.0,FALSE,FEE IS LOAN
ea19d1cf-f08,plr_ec309acd,2021_2022,2021-07-01,UNKNOWN,UNKNOWN,UNKNOWN,,,,FALSE,FEE IS UNKNOWN
5b8c39d2-5e3,plr_2d1bac50,2021_2022,2021-07-01,UNKNOWN,UNKNOWN,LOAN,0.0,,0.0,FALSE,FEE IS LOAN
9ed613cd-78c,plr_c52e2e16,2021_2022,2021-07-01,UNKNOWN,UNKNOWN,LOAN,0.0,,0.0,FALSE,FEE IS LOAN
e3aadedb-da3,plr_f77e6dcb,2021_2022,2021-07-01,UNKNOWN,UNKNOWN,LOAN,0.0,,0.0,FALSE,FEE IS LOAN
1f7870d9-7e7,plr_865cc583,2021_2022,2021-07-01,UNKNOWN,UNKNOWN,LOAN,0.0,,0.0,FALSE,FEE IS LOAN
117d0b62-063,plr_805640dc,2021_2022,2021-07-01,UNKNOWN,UNKNOWN,LOAN,0.0,,0.0,FALSE,FEE IS LOAN
50b75d5a-69b,plr_ea1bf1b1,2021_2022,2021-07-01,UNKNOWN,UNKNOWN,LOAN,0.0,,0.0,FALSE,FEE IS LOAN
1458809b-135,plr_79e7bfb0,2021_2022,2021-07-01,UNKNOWN,UNKNOWN,FREE,0.0,,0.0,FALSE,FEE IS FREE
88c112da-4c0,plr_5ad43ecc,2021_2022,2021-07-01,UNKNOWN,UNKNOWN,FREE,0.0,,0.0,FALSE,FEE IS FREE
8cc9be7e-fc7,plr_865cc583,2021_2022,2021-07-01,UNKNOWN,UNKNOWN,UNDISCLOSED,,,,FALSE,FEE IS UNDISCLOSED
f3836a74-e59,plr_b0f6e271,2021_2022,2021-07-01,UNKNOWN,UNKNOWN,UNKNOWN,,,,FALSE,FEE IS UNKNOWN
b60aa168-df7,plr_2397c42e,2021_2022,2021-07-01,UNKNOWN,UNKNOWN,LOAN,0.0,,0.0,FALSE,FEE IS LOAN
9dfce3db-cd3,plr_84d480d9,2021_2022,2021-07-01,UNKNOWN,UNKNOWN,DISCLOSED,49000000.0,EUR,42042000.0,TRUE,
7335cf7f-8c9,plr_2322c1a4,2021_2022,2021-07-01,UNKNOWN,UNKNOWN,DISCLOSED,40000000.0,EUR,34320000.0,TRUE,
2486a388-711,plr_b077ffa5,2021_2022,2021-07-01,UNKNOWN,UNKNOWN,UNKNOWN,,,,FALSE,FEE IS UNKNOWN
460a317d-37d,plr_82ba1ffc,2021_2022,2021-07-01,UNKNOWN,UNKNOWN,LOAN,0.0,,0.0,FALSE,FEE IS LOAN
00b13683-564,plr_be05ec04,2021_2022,2021-07-01,UNKNOWN,UNKNOWN,LOAN,0.0,,0.0,FALSE,FEE IS LOAN
5b53e1cf-fd1,plr_7cdbe839,2021_2022,2021-07-01,UNKNOWN,UNKNOWN,LOAN,0.0,,0.0,FALSE,FEE IS LOAN
62af80d0-056,plr_8928fbe8,2021_2022,2021-07-01,UNKNOWN,UNKNOWN,LOAN,0.0,,0.0,FALSE,FEE IS LOAN
05257221-4cf,plr_bfd1eb63,2021_2022,2021-07-01,UNKNOWN,UNKNOWN,LOAN,0.0,,0.0,FALSE,FEE IS LOAN
bf4efc47-314,plr_7f1b66a0,2021_2022,2021-07-01,UNKNOWN,UNKNOWN,LOAN,0.0,,0.0,FALSE,FEE IS LOAN
33cd2b48-a8e,plr_258eb7b1,2021_2022,2021-07-01,UNKNOWN,UNKNOWN,LOAN,0.0,,0.0,FALSE,FEE IS LOAN
b753e9a1-f0d,plr_15e42035,2021_2022,2021-07-01,UNKNOWN,UNKNOWN,LOAN,0.0,,0.0,FALSE,FEE IS LOAN
a96ee841-4ba,plr_904e9ca0,2021_2022,2021-07-01,UNKNOWN,UNKNOWN,LOAN,0.0,,0.0,FALSE,FEE IS LOAN
e6e20b80-0bf,plr_0747d5b6,2021_2022,2021-07-01,UNKNOWN,UNKNOWN,LOAN,0.0,,0.0,FALSE,FEE IS LOAN
dda981ba-d40,plr_daf77a07,2021_2022,2021-07-01,UNKNOWN,UNKNOWN,LOAN,0.0,,0.0,FALSE,FEE IS LOAN
2016be26-086,plr_04283c23,2021_2022,2021-07-01,UNKNOWN,UNKNOWN,DISCLOSED,14000000.0,EUR,12012000.0,TRUE,
ace9e838-470,plr_db541176,2021_2022,2021-07-01,UNKNOWN,UNKNOWN,DISCLOSED,6000000.0,EUR,5148000.0,TRUE,
3425ab96-1bf,plr_82ba1ffc,2021_2022,2021-07-01,UNKNOWN,UNKNOWN,LOAN,0.0,,0.0,FALSE,FEE IS LOAN
13812a48-30e,plr_0747d5b6,2021_2022,2021-07-01,UNKNOWN,UNKNOWN,LOAN,0.0,,0.0,FALSE,FEE IS LOAN
13d5443b-c9d,plr_4d61ae05,2021_2022,2021-07-01,UNKNOWN,UNKNOWN,FREE,0.0,,0.0,FALSE,FEE IS FREE
22783ada-b3d,plr_c2b64cfd,2021_2022,2021-07-01,UNKNOWN,UNKNOWN,LOAN,0.0,,0.0,FALSE,FEE IS LOAN
54bde75c-15d,plr_b59072f7,2021_2022,2021-07-01,UNKNOWN,UNKNOWN,DISCLOSED,21400000.0,EUR,18361200.0,TRUE,
42c9b654-f60,plr_520ab15b,2021_2022,2021-07-01,UNKNOWN,UNKNOWN,FREE,0.0,,0.0,FALSE,FEE IS FREE
76ce8160-e2c,plr_92807238,2021_2022,2021-07-01,UNKNOWN,UNKNOWN,UNKNOWN,,,,FALSE,FEE IS UNKNOWN
091a41d8-db1,plr_79c376af,2021_2022,2021-07-01,UNKNOWN,UNKNOWN,LOAN,0.0,,0.0,FALSE,FEE IS LOAN
f7384966-96e,plr_e90d8ba9,2021_2022,2021-07-01,UNKNOWN,UNKNOWN,LOAN,0.0,,0.0,FALSE,FEE IS LOAN
4dabcd22-280,plr_4618484c,2021_2022,2021-07-01,UNKNOWN,UNKNOWN,LOAN,0.0,,0.0,FALSE,FEE IS LOAN
e5d78bd9-f3f,plr_91ffa211,2021_2022,2021-07-01,UNKNOWN,UNKNOWN,LOAN,0.0,,0.0,FALSE,FEE IS LOAN
c803f669-d13,plr_00a03259,2021_2022,2021-07-01,UNKNOWN,UNKNOWN,LOAN,0.0,,0.0,FALSE,FEE IS LOAN
86887835-a4d,plr_d19559f2,2021_2022,2021-07-01,UNKNOWN,UNKNOWN,LOAN,0.0,,0.0,FALSE,FEE IS LOAN
017d3b2d-1e5,plr_662fdea6,2021_2022,2021-07-01,UNKNOWN,UNKNOWN,LOAN,0.0,,0.0,FALSE,FEE IS LOAN
feab453f-6a4,plr_03e9bed5,2021_2022,2021-07-01,UNKNOWN,UNKNOWN,LOAN,0.0,,0.0,FALSE,FEE IS LOAN
112f2b02-1fe,plr_89989652,2021_2022,2021-07-01,UNKNOWN,UNKNOWN,LOAN,0.0,,0.0,FALSE,FEE IS LOAN
0ceedee1-b82,plr_dc6c0e74,2021_2022,2021-07-01,UNKNOWN,UNKNOWN,LOAN,0.0,,0.0,FALSE,FEE IS LOAN
c8526364-530,plr_bc5db7b4,2021_2022,2021-07-01,UNKNOWN,UNKNOWN,LOAN,0.0,,0.0,FALSE,FEE IS LOAN
86807031-233,plr_27a97d88,2021_2022,2021-07-01,UNKNOWN,UNKNOWN,LOAN,0.0,,0.0,FALSE,FEE IS LOAN
ad3816d4-0d2,plr_c4ed62e7,2021_2022,2021-07-01,UNKNOWN,UNKNOWN,LOAN,0.0,,0.0,FALSE,FEE IS LOAN
d392ef97-a5b,plr_6eda969f,2021_2022,2021-07-01,UNKNOWN,UNKNOWN,LOAN,0.0,,0.0,FALSE,FEE IS LOAN
c025306f-e6d,plr_da872fd3,2021_2022,2021-07-01,UNKNOWN,UNKNOWN,LOAN,0.0,,0.0,FALSE,FEE IS LOAN
883f714f-175,plr_de402e8b,2021_2022,2021-07-01,UNKNOWN,UNKNOWN,DISCLOSED,55000000.0,EUR,47190000.0,TRUE,
c3ac12c7-e9c,plr_3bcccd90,2021_2022,2021-07-01,UNKNOWN,UNKNOWN,FREE,0.0,,0.0,FALSE,FEE IS FREE
72ef5b13-4ea,plr_3e0fc5e5,2021_2022,2021-07-01,UNKNOWN,UNKNOWN,FREE,0.0,,0.0,FALSE,FEE IS FREE
0508cac9-9f9,plr_c4ed62e7,2021_2022,2021-07-01,UNKNOWN,UNKNOWN,UNDISCLOSED,,,,FALSE,FEE IS UNDISCLOSED
63605e29-338,plr_00992bc2,2021_2022,2021-07-01,UNKNOWN,UNKNOWN,DISCLOSED,85000000.0,EUR,72930000.0,TRUE,
e247184b-811,plr_770b636f,2021_2022,2021-07-01,UNKNOWN,UNKNOWN,DISCLOSED,40000000.0,EUR,34320000.0,TRUE,
0f89dd6d-394,plr_04891e2c,2021_2022,2021-07-01,UNKNOWN,UNKNOWN,DISCLOSED,17000000.0,EUR,14586000.0,TRUE,
b38bb7fb-da7,plr_075e2c29,2021_2022,2021-07-01,UNKNOWN,UNKNOWN,UNKNOWN,,,,FALSE,FEE IS UNKNOWN
adbd5886-34f,plr_74b94270,2021_2022,2021-07-01,UNKNOWN,UNKNOWN,LOAN,0.0,,0.0,FALSE,FEE IS LOAN
dd7461b1-be2,plr_3bebb6c9,2021_2022,2021-07-01,UNKNOWN,UNKNOWN,LOAN,0.0,,0.0,FALSE,FEE IS LOAN
6f3bd00c-6fc,plr_700131f8,2021_2022,2021-07-01,UNKNOWN,UNKNOWN,LOAN,0.0,,0.0,FALSE,FEE IS LOAN
bf6a2036-d65,plr_6a112562,2021_2022,2021-07-01,UNKNOWN,UNKNOWN,LOAN,0.0,,0.0,FALSE,FEE IS LOAN
b51d6b9a-07c,plr_0e1e2bc8,2021_2022,2021-07-01,UNKNOWN,UNKNOWN,LOAN,0.0,,0.0,FALSE,FEE IS LOAN
cdced66d-ae7,plr_34c056af,2021_2022,2021-07-01,UNKNOWN,UNKNOWN,LOAN,0.0,,0.0,FALSE,FEE IS LOAN
e89dedd5-aff,plr_b7c7c881,2021_2022,2021-07-01,UNKNOWN,UNKNOWN,LOAN,0.0,,0.0,FALSE,FEE IS LOAN
a3347429-8c6,plr_134a3525,2021_2022,2021-07-01,UNKNOWN,UNKNOWN,LOAN,0.0,,0.0,FALSE,FEE IS LOAN
1b386736-c65,plr_4826d903,2021_2022,2021-07-01,UNKNOWN,UNKNOWN,LOAN,0.0,,0.0,FALSE,FEE IS LOAN
c3b1e20c-34c,plr_3bebb6c9,2021_2022,2021-07-01,UNKNOWN,UNKNOWN,LOAN,0.0,,0.0,FALSE,FEE IS LOAN
4ab30a3e-64e,plr_f349c2d6,2021_2022,2021-07-01,UNKNOWN,UNKNOWN,FREE,0.0,,0.0,FALSE,FEE IS FREE
863d4586-bcd,plr_356a3fe0,2021_2022,2021-07-01,UNKNOWN,UNKNOWN,LOAN,0.0,,0.0,FALSE,FEE IS LOAN
91fbbd15-b7e,plr_ad26d9b8,2021_2022,2021-07-01,UNKNOWN,UNKNOWN,UNKNOWN,,,,FALSE,FEE IS UNKNOWN
79554187-592,plr_f4f87396,2021_2022,2021-07-01,UNKNOWN,UNKNOWN,DISCLOSED,50100000.0,EUR,42985800.0,TRUE,
43b36245-a0e,plr_f85d25e1,2021_2022,2021-07-01,UNKNOWN,UNKNOWN,DISCLOSED,14000000.0,EUR,12012000.0,TRUE,
178d7e09-4c1,plr_a8c20f50,2021_2022,2021-07-01,UNKNOWN,UNKNOWN,LOAN,0.0,,0.0,FALSE,FEE IS LOAN
7963ecf8-34b,plr_eb5688d3,2021_2022,2021-07-01,UNKNOWN,UNKNOWN,LOAN,0.0,,0.0,FALSE,FEE IS LOAN
a6da7b00-fa5,plr_7b6d5f4a,2021_2022,2021-07-01,UNKNOWN,UNKNOWN,LOAN,0.0,,0.0,FALSE,FEE IS LOAN
306588c5-f11,plr_1b8b2897,2021_2022,2021-07-01,UNKNOWN,UNKNOWN,LOAN,0.0,,0.0,FALSE,FEE IS LOAN
54e0b71b-2f8,plr_8b4df567,2021_2022,2021-07-01,UNKNOWN,UNKNOWN,LOAN,0.0,,0.0,FALSE,FEE IS LOAN
f6d4b944-f02,plr_fbc3b89c,2021_2022,2021-07-01,UNKNOWN,UNKNOWN,FREE,0.0,,0.0,FALSE,FEE IS FREE
49e6dc11-208,plr_7b6d5f4a,2021_2022,2021-07-01,UNKNOWN,UNKNOWN,UNDISCLOSED,,,,FALSE,FEE IS UNDISCLOSED
6ecbc0e3-dde,plr_5697f2a1,2021_2022,2021-07-01,UNKNOWN,UNKNOWN,UNKNOWN,,,,FALSE,FEE IS UNKNOWN
ad3d19a2-431,plr_92b7ec11,2021_2022,2021-07-01,UNKNOWN,UNKNOWN,UNKNOWN,,,,FALSE,FEE IS UNKNOWN
42344825-69d,plr_1cacd0d5,2021_2022,2021-07-01,UNKNOWN,UNKNOWN,DISCLOSED,11000000.0,EUR,9438000.0,TRUE,
88dc694e-d89,plr_e8471035,2021_2022,2021-07-01,UNKNOWN,UNKNOWN,DISCLOSED,11000000.0,EUR,9438000.0,TRUE,
8e1f814d-6b8,plr_dfd32001,2021_2022,2021-07-01,UNKNOWN,UNKNOWN,DISCLOSED,9500000.0,EUR,8151000.0,TRUE,
a3e069c6-2a5,plr_a0f47c45,2021_2022,2021-07-01,UNKNOWN,UNKNOWN,DISCLOSED,7500000.0,EUR,6435000.0,TRUE,
27d6c920-a0e,plr_bbd4e8dc,2021_2022,2021-07-01,UNKNOWN,UNKNOWN,DISCLOSED,5850000.0,EUR,5019300.0,TRUE,
a042cc09-bc8,plr_238a53bf,2021_2022,2021-07-01,UNKNOWN,UNKNOWN,DISCLOSED,3900000.0,EUR,3346200.0,TRUE,
84f0c765-b2d,plr_c2b64cfd,2021_2022,2021-07-01,UNKNOWN,UNKNOWN,LOAN,0.0,,0.0,FALSE,FEE IS LOAN
b8b757aa-42a,plr_b91fcd95,2021_2022,2021-07-01,UNKNOWN,UNKNOWN,LOAN,0.0,,0.0,FALSE,FEE IS LOAN
0138810d-445,plr_23c75005,2021_2022,2021-07-01,UNKNOWN,UNKNOWN,UNKNOWN,,,,FALSE,FEE IS UNKNOWN
e074d944-35f,plr_f025b709,2021_2022,2021-07-01,UNKNOWN,UNKNOWN,LOAN,0.0,,0.0,FALSE,FEE IS LOAN
af9075bb-a79,plr_5578b651,2021_2022,2021-07-01,UNKNOWN,UNKNOWN,LOAN,0.0,,0.0,FALSE,FEE IS LOAN
eebf8628-f6a,plr_ee21492a,2021_2022,2021-07-01,UNKNOWN,UNKNOWN,LOAN,0.0,,0.0,FALSE,FEE IS LOAN
3616314e-70c,plr_c12c754f,2021_2022,2021-07-01,UNKNOWN,UNKNOWN,LOAN,0.0,,0.0,FALSE,FEE IS LOAN
06c322ba-2d4,plr_4e211b25,2021_2022,2021-07-01,UNKNOWN,UNKNOWN,LOAN,0.0,,0.0,FALSE,FEE IS LOAN
e9453ef5-90a,plr_ad5d48fd,2021_2022,2021-07-01,UNKNOWN,UNKNOWN,LOAN,0.0,,0.0,FALSE,FEE IS LOAN
b9278b93-4ec,plr_27c89c9b,2021_2022,2021-07-01,UNKNOWN,UNKNOWN,LOAN,0.0,,0.0,FALSE,FEE IS LOAN
475af951-157,plr_7c3ea9b6,2021_2022,2021-07-01,UNKNOWN,UNKNOWN,LOAN,0.0,,0.0,FALSE,FEE IS LOAN
f6678336-819,plr_770cbb42,2021_2022,2021-07-01,UNKNOWN,UNKNOWN,LOAN,0.0,,0.0,FALSE,FEE IS LOAN
3f9da5a2-fd7,plr_7823db2c,2021_2022,2021-07-01,UNKNOWN,UNKNOWN,LOAN,0.0,,0.0,FALSE,FEE IS LOAN
f6349ea4-b25,plr_00ea0244,2021_2022,2021-07-01,UNKNOWN,UNKNOWN,LOAN,0.0,,0.0,FALSE,FEE IS LOAN
5b615b7d-4b0,plr_19c35db9,2021_2022,2021-07-01,UNKNOWN,UNKNOWN,LOAN,0.0,,0.0,FALSE,FEE IS LOAN
e22d888c-b1a,plr_14724cd7,2021_2022,2021-07-01,UNKNOWN,UNKNOWN,LOAN,0.0,,0.0,FALSE,FEE IS LOAN
ee49b0b6-289,plr_3321f892,2021_2022,2021-07-01,UNKNOWN,UNKNOWN,LOAN,0.0,,0.0,FALSE,FEE IS LOAN
d68c178c-6bb,plr_6b2426c9,2021_2022,2021-07-01,UNKNOWN,UNKNOWN,LOAN,0.0,,0.0,FALSE,FEE IS LOAN
051d8e3a-88e,plr_a339cc3b,2021_2022,2021-07-01,UNKNOWN,UNKNOWN,FREE,0.0,,0.0,FALSE,FEE IS FREE
2a47429d-23a,plr_b981232a,2021_2022,2021-07-01,UNKNOWN,UNKNOWN,FREE,0.0,,0.0,FALSE,FEE IS FREE
8bd35ff0-0e9,plr_730530c1,2021_2022,2021-07-01,UNKNOWN,UNKNOWN,FREE,0.0,,0.0,FALSE,FEE IS FREE
fa0fa585-2b1,plr_dbfa47d3,2021_2022,2021-07-01,UNKNOWN,UNKNOWN,FREE,0.0,,0.0,FALSE,FEE IS FREE
d7b9503e-9a5,plr_1e5dff58,2021_2022,2021-07-01,UNKNOWN,UNKNOWN,FREE,0.0,,0.0,FALSE,FEE IS FREE
ec5fdaf8-d14,plr_9a0bcd68,2021_2022,2021-07-01,UNKNOWN,UNKNOWN,FREE,0.0,,0.0,FALSE,FEE IS FREE
b7beb41e-8d1,plr_1cbba262,2021_2022,2021-07-01,UNKNOWN,UNKNOWN,LOAN,0.0,,0.0,FALSE,FEE IS LOAN
9f8a9ec5-e50,plr_80976ef1,2021_2022,2021-07-01,UNKNOWN,UNKNOWN,DISCLOSED,26200000.0,EUR,22479600.0,TRUE,
a3053a5c-ff1,plr_d563759e,2021_2022,2021-07-01,UNKNOWN,UNKNOWN,DISCLOSED,17700000.0,EUR,15186600.0,TRUE,
c82c4121-741,plr_b79ce40b,2021_2022,2021-07-01,UNKNOWN,UNKNOWN,DISCLOSED,12000000.0,EUR,10296000.0,TRUE,
366e0e1c-2d4,plr_1b33b1bc,2021_2022,2021-07-01,UNKNOWN,UNKNOWN,DISCLOSED,7500000.0,EUR,6435000.0,TRUE,
ec793c98-0ef,plr_a1727b64,2021_2022,2021-07-01,UNKNOWN,UNKNOWN,LOAN,0.0,,0.0,FALSE,FEE IS LOAN
bdf268b3-741,plr_dfa2c127,2021_2022,2021-07-01,UNKNOWN,UNKNOWN,LOAN,0.0,,0.0,FALSE,FEE IS LOAN
5c629fc2-0b1,plr_d9109e60,2021_2022,2021-07-01,UNKNOWN,UNKNOWN,LOAN,0.0,,0.0,FALSE,FEE IS LOAN
d75aadfa-9fd,plr_68885946,2021_2022,2021-07-01,UNKNOWN,UNKNOWN,DISCLOSED,5500000.0,EUR,4719000.0,TRUE,
bff05486-28f,plr_cd2c67e2,2021_2022,2021-07-01,UNKNOWN,UNKNOWN,DISCLOSED,2000000.0,EUR,1716000.0,TRUE,
256da8e6-7ef,plr_278a8bc8,2021_2022,2021-07-01,UNKNOWN,UNKNOWN,FREE,0.0,,0.0,FALSE,FEE IS FREE
6155a807-9a4,plr_a146657c,2021_2022,2021-07-01,UNKNOWN,UNKNOWN,UNKNOWN,,,,FALSE,FEE IS UNKNOWN
73228c5d-40d,plr_9e73b010,2021_2022,2021-07-01,UNKNOWN,UNKNOWN,UNKNOWN,,,,FALSE,FEE IS UNKNOWN
5282e701-56b,plr_4ce04a1e,2021_2022,2021-07-01,UNKNOWN,UNKNOWN,DISCLOSED,25000000.0,EUR,21450000.0,TRUE,
ae97f314-cce,plr_8841fbfa,2021_2022,2021-07-01,UNKNOWN,UNKNOWN,DISCLOSED,25000000.0,EUR,21450000.0,TRUE,
0674276a-ea4,plr_1bbf72d3,2021_2022,2021-07-01,UNKNOWN,UNKNOWN,DISCLOSED,19000000.0,EUR,16302000.0,TRUE,
7e941382-e55,plr_b0f4dfe0,2021_2022,2021-07-01,UNKNOWN,UNKNOWN,DISCLOSED,16900000.0,EUR,14500200.0,TRUE,
731b4384-ae3,plr_fd8827a0,2021_2022,2021-07-01,UNKNOWN,UNKNOWN,LOAN,0.0,,0.0,FALSE,FEE IS LOAN
be94356f-881,plr_2bf05d91,2021_2022,2021-07-01,UNKNOWN,UNKNOWN,LOAN,0.0,,0.0,FALSE,FEE IS LOAN
0cc71f88-f6f,plr_e8db260f,2021_2022,2021-07-01,UNKNOWN,UNKNOWN,LOAN,0.0,,0.0,FALSE,FEE IS LOAN
26ea5d6a-fc6,plr_e81737e0,2021_2022,2021-07-01,UNKNOWN,UNKNOWN,LOAN,0.0,,0.0,FALSE,FEE IS LOAN
e3087844-081,plr_c248e0da,2021_2022,2021-07-01,UNKNOWN,UNKNOWN,UNKNOWN,,,,FALSE,FEE IS UNKNOWN
d4e168b7-6ce,plr_1b991171,2021_2022,2021-07-01,UNKNOWN,UNKNOWN,LOAN,0.0,,0.0,FALSE,FEE IS LOAN
fcc669ef-a19,plr_5564ab09,2021_2022,2021-07-01,UNKNOWN,UNKNOWN,LOAN,0.0,,0.0,FALSE,FEE IS LOAN
d2d4a407-f3e,plr_f069d9c1,2021_2022,2021-07-01,UNKNOWN,UNKNOWN,LOAN,0.0,,0.0,FALSE,FEE IS LOAN
8c9e2d40-0b2,plr_1b8f4c67,2021_2022,2021-07-01,UNKNOWN,UNKNOWN,LOAN,0.0,,0.0,FALSE,FEE IS LOAN
14098bfd-1c6,plr_df041bea,2021_2022,2021-07-01,UNKNOWN,UNKNOWN,LOAN,0.0,,0.0,FALSE,FEE IS LOAN
5141b087-aab,plr_144ced4d,2021_2022,2021-07-01,UNKNOWN,UNKNOWN,DISCLOSED,13000000.0,EUR,11154000.0,TRUE,
f3a17515-0f8,plr_fdbc88df,2021_2022,2021-07-01,UNKNOWN,UNKNOWN,DISCLOSED,3500000.0,EUR,3003000.0,TRUE,
57e5ea77-499,plr_8050d42e,2021_2022,2021-07-01,UNKNOWN,UNKNOWN,LOAN,0.0,,0.0,FALSE,FEE IS LOAN
37220a0d-58b,plr_06341f32,2021_2022,2021-07-01,UNKNOWN,UNKNOWN,DISCLOSED,1200000.0,EUR,1029600.0,TRUE,
44dc11f4-1ca,plr_8841fbfa,2021_2022,2021-07-01,UNKNOWN,UNKNOWN,LOAN,0.0,,0.0,FALSE,FEE IS LOAN
52311286-076,plr_a06d98ce,2021_2022,2021-07-01,UNKNOWN,UNKNOWN,FREE,0.0,,0.0,FALSE,FEE IS FREE
27dbbe2c-dd0,plr_3fb2c357,2021_2022,2021-07-01,UNKNOWN,UNKNOWN,FREE,0.0,,0.0,FALSE,FEE IS FREE
127cea21-008,plr_edc2579b,2021_2022,2021-07-01,UNKNOWN,UNKNOWN,LOAN,0.0,,0.0,FALSE,FEE IS LOAN
a8e8d700-b17,plr_ccef0fa9,2021_2022,2021-07-01,UNKNOWN,UNKNOWN,UNKNOWN,,,,FALSE,FEE IS UNKNOWN
3a998189-943,plr_e6199efc,2021_2022,2021-07-01,UNKNOWN,UNKNOWN,LOAN,0.0,,0.0,FALSE,FEE IS LOAN
ed5cdbde-27d,plr_6d5a662a,2021_2022,2021-07-01,UNKNOWN,UNKNOWN,LOAN,0.0,,0.0,FALSE,FEE IS LOAN
441ba487-03c,plr_ee1f9465,2021_2022,2021-07-01,UNKNOWN,UNKNOWN,DISCLOSED,10000000.0,EUR,8580000.0,TRUE,
f4e2b27a-8c8,plr_72017f1a,2021_2022,2021-07-01,UNKNOWN,UNKNOWN,DISCLOSED,5000000.0,EUR,4290000.0,TRUE,
a2cd8aba-bd9,plr_aefd4a66,2021_2022,2021-07-01,UNKNOWN,UNKNOWN,DISCLOSED,5000000.0,EUR,4290000.0,TRUE,
f240e77d-fd7,plr_66c32bef,2021_2022,2021-07-01,UNKNOWN,UNKNOWN,DISCLOSED,4700000.0,EUR,4032600.0,TRUE,
6fe11ee7-03d,plr_f2484e59,2021_2022,2021-07-01,UNKNOWN,UNKNOWN,DISCLOSED,4000000.0,EUR,3432000.0,TRUE,
29252825-bf0,plr_65b7b9e0,2021_2022,2021-07-01,UNKNOWN,UNKNOWN,DISCLOSED,4000000.0,EUR,3432000.0,TRUE,
64ec51d6-78b,plr_0e9f8adb,2021_2022,2021-07-01,UNKNOWN,UNKNOWN,DISCLOSED,3000000.0,EUR,2574000.0,TRUE,
6ff292ff-032,plr_0f9fdd5c,2021_2022,2021-07-01,UNKNOWN,UNKNOWN,DISCLOSED,3000000.0,EUR,2574000.0,TRUE,
532743b4-1f4,plr_68d8f9cb,2021_2022,2021-07-01,UNKNOWN,UNKNOWN,LOAN,0.0,,0.0,FALSE,FEE IS LOAN
457af567-7d7,plr_147f7a96,2021_2022,2021-07-01,UNKNOWN,UNKNOWN,DISCLOSED,300000.0,EUR,257400.0,TRUE,
60245324-ccf,plr_ea3fe70a,2021_2022,2021-07-01,UNKNOWN,UNKNOWN,FREE,0.0,,0.0,FALSE,FEE IS FREE
66017498-f21,plr_6ce4be14,2021_2022,2021-07-01,UNKNOWN,UNKNOWN,FREE,0.0,,0.0,FALSE,FEE IS FREE
286c63da-a62,plr_5f4190fc,2021_2022,2021-07-01,UNKNOWN,UNKNOWN,LOAN,0.0,,0.0,FALSE,FEE IS LOAN
f0c623e8-e5b,plr_a33970ff,2021_2022,2021-07-01,UNKNOWN,UNKNOWN,LOAN,0.0,,0.0,FALSE,FEE IS LOAN
d9bc1269-e07,plr_cb89a4e7,2021_2022,2021-07-01,UNKNOWN,UNKNOWN,UNKNOWN,,,,FALSE,FEE IS UNKNOWN
c5f75f89-ff7,plr_cd9bd9d3,2021_2022,2021-07-01,UNKNOWN,UNKNOWN,LOAN,0.0,,0.0,FALSE,FEE IS LOAN
f95c37cc-d49,plr_00c94cee,2021_2022,2021-07-01,UNKNOWN,UNKNOWN,LOAN,0.0,,0.0,FALSE,FEE IS LOAN
44c9d9b3-6d2,plr_5c99aad1,2021_2022,2021-07-01,UNKNOWN,UNKNOWN,LOAN,0.0,,0.0,FALSE,FEE IS LOAN
21afff34-9cb,plr_6d436e10,2021_2022,2021-07-01,UNKNOWN,UNKNOWN,LOAN,0.0,,0.0,FALSE,FEE IS LOAN
2a6d9315-c82,plr_3cad7265,2021_2022,2021-07-01,UNKNOWN,UNKNOWN,LOAN,0.0,,0.0,FALSE,FEE IS LOAN
e2ac6fea-64a,plr_28cb5a1c,2021_2022,2021-07-01,UNKNOWN,UNKNOWN,LOAN,0.0,,0.0,FALSE,FEE IS LOAN
5e7c7c0c-f9e,plr_2072d1cb,2021_2022,2021-07-01,UNKNOWN,UNKNOWN,LOAN,0.0,,0.0,FALSE,FEE IS LOAN
a01dae5c-e49,plr_53da3266,2021_2022,2021-07-01,UNKNOWN,UNKNOWN,LOAN,0.0,,0.0,FALSE,FEE IS LOAN
cc923fb6-21e,plr_7fbb42a0,2021_2022,2021-07-01,UNKNOWN,UNKNOWN,LOAN,0.0,,0.0,FALSE,FEE IS LOAN
87f69d48-3a9,plr_ea5eb2ac,2021_2022,2021-07-01,UNKNOWN,UNKNOWN,DISCLOSED,2300000.0,EUR,1973400.0,TRUE,
c594277f-920,plr_d7bc5ce8,2021_2022,2021-07-01,UNKNOWN,UNKNOWN,DISCLOSED,1800000.0,EUR,1544400.0,TRUE,
29e6305b-d58,plr_05351ccb,2021_2022,2021-07-01,UNKNOWN,UNKNOWN,DISCLOSED,1750000.0,EUR,1501500.0,TRUE,
6a25da06-160,plr_0877a8b8,2021_2022,2021-07-01,UNKNOWN,UNKNOWN,FREE,0.0,,0.0,FALSE,FEE IS FREE
93588414-814,plr_9c8c671e,2021_2022,2021-07-01,UNKNOWN,UNKNOWN,FREE,0.0,,0.0,FALSE,FEE IS FREE
5589e034-c5c,plr_eef2b8a1,2021_2022,2021-07-01,UNKNOWN,UNKNOWN,FREE,0.0,,0.0,FALSE,FEE IS FREE
f59f171c-871,plr_d61c767a,2021_2022,2021-07-01,UNKNOWN,UNKNOWN,FREE,0.0,,0.0,FALSE,FEE IS FREE
031b7962-622,plr_904aedd3,2021_2022,2021-07-01,UNKNOWN,UNKNOWN,FREE,0.0,,0.0,FALSE,FEE IS FREE
452ec229-58a,plr_ad5e87e9,2021_2022,2021-07-01,UNKNOWN,UNKNOWN,UNDISCLOSED,,,,FALSE,FEE IS UNDISCLOSED
849ddbed-6cd,plr_dc60b2a4,2021_2022,2021-07-01,UNKNOWN,UNKNOWN,LOAN,0.0,,0.0,FALSE,FEE IS LOAN
9cc1debc-d6d,plr_29d5fb1b,2021_2022,2021-07-01,UNKNOWN,UNKNOWN,UNKNOWN,,,,FALSE,FEE IS UNKNOWN
f3a1a057-dec,plr_f1040d7b,2021_2022,2021-07-01,UNKNOWN,UNKNOWN,UNKNOWN,,,,FALSE,FEE IS UNKNOWN
eaa2f5b4-498,plr_68d8f9cb,2021_2022,2021-07-01,UNKNOWN,UNKNOWN,LOAN,0.0,,0.0,FALSE,FEE IS LOAN
62c025fb-e75,plr_97dce035,2021_2022,2021-07-01,UNKNOWN,UNKNOWN,DISCLOSED,30000000.0,EUR,25740000.0,TRUE,
3961f188-088,plr_ba5aa623,2021_2022,2021-07-01,UNKNOWN,UNKNOWN,LOAN,0.0,,0.0,FALSE,FEE IS LOAN
d6448057-6ad,plr_a3e2aa57,2021_2022,2021-07-01,UNKNOWN,UNKNOWN,LOAN,0.0,,0.0,FALSE,FEE IS LOAN
532d0a95-73b,plr_a27799ef,2021_2022,2021-07-01,UNKNOWN,UNKNOWN,LOAN,0.0,,0.0,FALSE,FEE IS LOAN
aa42efe4-0be,plr_b7f75198,2021_2022,2021-07-01,UNKNOWN,UNKNOWN,LOAN,0.0,,0.0,FALSE,FEE IS LOAN
6b79c664-d04,plr_75c2eaf5,2021_2022,2021-07-01,UNKNOWN,UNKNOWN,LOAN,0.0,,0.0,FALSE,FEE IS LOAN
c6974c4e-f0e,plr_139846fd,2021_2022,2021-07-01,UNKNOWN,UNKNOWN,LOAN,0.0,,0.0,FALSE,FEE IS LOAN
e840f62a-cef,plr_cfbc0628,2021_2022,2021-07-01,UNKNOWN,UNKNOWN,FREE,0.0,,0.0,FALSE,FEE IS FREE
2b7e5977-7ff,plr_4ecad3b8,2021_2022,2021-07-01,UNKNOWN,UNKNOWN,UNKNOWN,,,,FALSE,FEE IS UNKNOWN
8b9ef9c3-249,plr_727608be,2021_2022,2021-07-01,UNKNOWN,UNKNOWN,DISCLOSED,11100000.0,EUR,9523800.0,TRUE,
78427ce2-eb9,plr_8b29e8ed,2021_2022,2021-07-01,UNKNOWN,UNKNOWN,DISCLOSED,8000000.0,EUR,6864000.0,TRUE,
7914c2b9-f54,plr_faed29bc,2021_2022,2021-07-01,UNKNOWN,UNKNOWN,LOAN,0.0,,0.0,FALSE,FEE IS LOAN
bbe16a73-0c5,plr_eec2f23c,2021_2022,2021-07-01,UNKNOWN,UNKNOWN,DISCLOSED,5200000.0,EUR,4461600.0,TRUE,
aa44a4cb-1c2,plr_7502fb24,2021_2022,2021-07-01,UNKNOWN,UNKNOWN,DISCLOSED,3500000.0,EUR,3003000.0,TRUE,
76f85f7d-38b,plr_2ef6a74e,2021_2022,2021-07-01,UNKNOWN,UNKNOWN,DISCLOSED,2000000.0,EUR,1716000.0,TRUE,
5007b36b-cf3,plr_4cc16317,2021_2022,2021-07-01,UNKNOWN,UNKNOWN,DISCLOSED,1200000.0,EUR,1029600.0,TRUE,
78bf8612-a5d,plr_10674eb3,2021_2022,2021-07-01,UNKNOWN,UNKNOWN,DISCLOSED,600000.0,EUR,514800.0,TRUE,
47364071-4c2,plr_33bad45f,2021_2022,2021-07-01,UNKNOWN,UNKNOWN,LOAN,0.0,,0.0,FALSE,FEE IS LOAN
5a0574cb-250,plr_33ad1500,2021_2022,2021-07-01,UNKNOWN,UNKNOWN,UNKNOWN,,,,FALSE,FEE IS UNKNOWN
5f9da871-18d,plr_ba32ab70,2021_2022,2021-07-01,UNKNOWN,UNKNOWN,LOAN,0.0,,0.0,FALSE,FEE IS LOAN
cb9c9b31-eff,plr_a60fe08b,2021_2022,2021-07-01,UNKNOWN,UNKNOWN,LOAN,0.0,,0.0,FALSE,FEE IS LOAN
50e4cd38-9fc,plr_81bd3dec,2021_2022,2021-07-01,UNKNOWN,UNKNOWN,LOAN,0.0,,0.0,FALSE,FEE IS LOAN
28dedbf6-980,plr_e535da10,2021_2022,2021-07-01,UNKNOWN,UNKNOWN,LOAN,0.0,,0.0,FALSE,FEE IS LOAN
0ac71336-13b,plr_3d2230ff,2021_2022,2021-07-01,UNKNOWN,UNKNOWN,LOAN,0.0,,0.0,FALSE,FEE IS LOAN
a5d8df2c-504,plr_e818e68a,2021_2022,2021-07-01,UNKNOWN,UNKNOWN,LOAN,0.0,,0.0,FALSE,FEE IS LOAN
aa0a080d-dbf,plr_396ccfa2,2021_2022,2021-07-01,UNKNOWN,UNKNOWN,LOAN,0.0,,0.0,FALSE,FEE IS LOAN
36334374-1d3,plr_12791f67,2021_2022,2021-07-01,UNKNOWN,UNKNOWN,LOAN,0.0,,0.0,FALSE,FEE IS LOAN
c2688dd7-2c5,plr_de9368b1,2021_2022,2021-07-01,UNKNOWN,UNKNOWN,LOAN,0.0,,0.0,FALSE,FEE IS LOAN
ffdc3683-11a,plr_7068a1e1,2021_2022,2021-07-01,UNKNOWN,UNKNOWN,LOAN,0.0,,0.0,FALSE,FEE IS LOAN
7fc849f9-be5,plr_f923be04,2021_2022,2021-07-01,UNKNOWN,UNKNOWN,LOAN,0.0,,0.0,FALSE,FEE IS LOAN
e243b739-bfd,plr_52f212ca,2021_2022,2021-07-01,UNKNOWN,UNKNOWN,DISCLOSED,11800000.0,EUR,10124400.0,TRUE,
4134790f-f36,plr_7f6671fd,2021_2022,2021-07-01,UNKNOWN,UNKNOWN,DISCLOSED,4000000.0,EUR,3432000.0,TRUE,
c634ba2e-2ec,plr_d9bddd7f,2021_2022,2021-07-01,UNKNOWN,UNKNOWN,LOAN,0.0,,0.0,FALSE,FEE IS LOAN
d4d99761-3f8,plr_a3aa127d,2021_2022,2021-07-01,UNKNOWN,UNKNOWN,LOAN,0.0,,0.0,FALSE,FEE IS LOAN
3ce5866e-392,plr_3b7e27a2,2021_2022,2021-07-01,UNKNOWN,UNKNOWN,LOAN,0.0,,0.0,FALSE,FEE IS LOAN
290438d7-f2c,plr_f30a1c1d,2021_2022,2021-07-01,UNKNOWN,UNKNOWN,LOAN,0.0,,0.0,FALSE,FEE IS LOAN
24b11dd6-765,plr_e8c25a88,2022_2023,2022-07-01,UNKNOWN,UNKNOWN,DISCLOSED,52000000.0,EUR,44668000.0,TRUE,
26e9dc27-a03,plr_05aeb8e0,2022_2023,2022-07-01,UNKNOWN,UNKNOWN,DISCLOSED,35000000.0,EUR,30065000.0,TRUE,
b16fb33d-063,plr_c007fcea,2022_2023,2022-07-01,UNKNOWN,UNKNOWN,DISCLOSED,35000000.0,EUR,30065000.0,TRUE,
d4967922-812,plr_9c7fd488,2022_2023,2022-07-01,UNKNOWN,UNKNOWN,DISCLOSED,24000000.0,EUR,20616000.0,TRUE,
81f3eefd-b6c,plr_ac8a4052,2022_2023,2022-07-01,UNKNOWN,UNKNOWN,DISCLOSED,19500000.0,EUR,16750500.0,TRUE,
c265feb3-098,plr_ab6ae9f4,2022_2023,2022-07-01,UNKNOWN,UNKNOWN,DISCLOSED,11300000.0,EUR,9706700.0,TRUE,
836adabd-fc5,plr_92735ac1,2022_2023,2022-07-01,UNKNOWN,UNKNOWN,DISCLOSED,5900000.0,EUR,5068100.0,TRUE,
e5b85102-e43,plr_2d1196d6,2022_2023,2022-07-01,UNKNOWN,UNKNOWN,DISCLOSED,3500000.0,EUR,3006500.0,TRUE,
22174be9-291,plr_05b88612,2022_2023,2022-07-01,UNKNOWN,UNKNOWN,UNKNOWN,,,,FALSE,FEE IS UNKNOWN
9b7b03a9-8ff,plr_946b687f,2022_2023,2022-07-01,UNKNOWN,UNKNOWN,UNKNOWN,,,,FALSE,FEE IS UNKNOWN
ee28d6aa-3cc,plr_4f7ebeaa,2022_2023,2022-07-01,UNKNOWN,UNKNOWN,LOAN,0.0,,0.0,FALSE,FEE IS LOAN
1ab934bd-100,plr_1e2387d0,2022_2023,2022-07-01,UNKNOWN,UNKNOWN,LOAN,0.0,,0.0,FALSE,FEE IS LOAN
f4e7a61b-50d,plr_e9bad5d1,2022_2023,2022-07-01,UNKNOWN,UNKNOWN,LOAN,0.0,,0.0,FALSE,FEE IS LOAN
a8171f47-df0,plr_208ff36c,2022_2023,2022-07-01,UNKNOWN,UNKNOWN,LOAN,0.0,,0.0,FALSE,FEE IS LOAN
73f7ac39-9ed,plr_8ba079eb,2022_2023,2022-07-01,UNKNOWN,UNKNOWN,LOAN,0.0,,0.0,FALSE,FEE IS LOAN
8e94dc83-9f6,plr_e7a66a7c,2022_2023,2022-07-01,UNKNOWN,UNKNOWN,LOAN,0.0,,0.0,FALSE,FEE IS LOAN
8d8d7f40-4a3,plr_c28d089b,2022_2023,2022-07-01,UNKNOWN,UNKNOWN,LOAN,0.0,,0.0,FALSE,FEE IS LOAN
c44da6e0-fd9,plr_eaa0237c,2022_2023,2022-07-01,UNKNOWN,UNKNOWN,LOAN,0.0,,0.0,FALSE,FEE IS LOAN
821d9fe4-cfd,plr_7124259f,2022_2023,2022-07-01,UNKNOWN,UNKNOWN,LOAN,0.0,,0.0,FALSE,FEE IS LOAN
1bcafbd3-f7d,plr_0002ce69,2022_2023,2022-07-01,UNKNOWN,UNKNOWN,LOAN,0.0,,0.0,FALSE,FEE IS LOAN
441cbd95-f2e,plr_f331e355,2022_2023,2022-07-01,UNKNOWN,UNKNOWN,LOAN,0.0,,0.0,FALSE,FEE IS LOAN
d8047741-515,plr_17759ef5,2022_2023,2022-07-01,UNKNOWN,UNKNOWN,LOAN,0.0,,0.0,FALSE,FEE IS LOAN
ca9eca46-1d6,plr_1428fd3e,2022_2023,2022-07-01,UNKNOWN,UNKNOWN,DISCLOSED,3600000.0,EUR,3092400.0,TRUE,
6f1bcd88-99c,plr_8bba88d8,2022_2023,2022-07-01,UNKNOWN,UNKNOWN,FREE,0.0,,0.0,FALSE,FEE IS FREE
228b10eb-fe4,plr_10471fa2,2022_2023,2022-07-01,UNKNOWN,UNKNOWN,LOAN,0.0,,0.0,FALSE,FEE IS LOAN
d3d09ad2-f8a,plr_1f333686,2022_2023,2022-07-01,UNKNOWN,UNKNOWN,LOAN,0.0,,0.0,FALSE,FEE IS LOAN
57b0afae-5ce,plr_3d7157e4,2022_2023,2022-07-01,UNKNOWN,UNKNOWN,LOAN,0.0,,0.0,FALSE,FEE IS LOAN
ab0bb941-bda,plr_dc0b3a47,2022_2023,2022-07-01,UNKNOWN,UNKNOWN,DISCLOSED,31000000.0,EUR,26629000.0,TRUE,
36752228-044,plr_5c2535bc,2022_2023,2022-07-01,UNKNOWN,UNKNOWN,DISCLOSED,29500000.0,EUR,25340500.0,TRUE,
350f991e-602,plr_12d4e613,2022_2023,2022-07-01,UNKNOWN,UNKNOWN,DISCLOSED,20000000.0,EUR,17180000.0,TRUE,
4f6cf34e-1ee,plr_2411b26a,2022_2023,2022-07-01,UNKNOWN,UNKNOWN,DISCLOSED,15000000.0,EUR,12885000.0,TRUE,
f5ff19f7-6fb,plr_5c03f19f,2022_2023,2022-07-01,UNKNOWN,UNKNOWN,DISCLOSED,13500000.0,EUR,11596500.0,TRUE,
dbd8a644-dee,plr_f14d5a14,2022_2023,2022-07-01,UNKNOWN,UNKNOWN,DISCLOSED,3500000.0,EUR,3006500.0,TRUE,
67e8120a-673,plr_d24e6153,2022_2023,2022-07-01,UNKNOWN,UNKNOWN,LOAN,0.0,,0.0,FALSE,FEE IS LOAN
d985b5f5-e8a,plr_c73f60dc,2022_2023,2022-07-01,UNKNOWN,UNKNOWN,FREE,0.0,,0.0,FALSE,FEE IS FREE
6498d1e1-244,plr_c2a46a3f,2022_2023,2022-07-01,UNKNOWN,UNKNOWN,LOAN,0.0,,0.0,FALSE,FEE IS LOAN
3713dfcb-42e,plr_cae338cb,2022_2023,2022-07-01,UNKNOWN,UNKNOWN,UNKNOWN,,,,FALSE,FEE IS UNKNOWN
fbb5d884-d05,plr_f4399801,2022_2023,2022-07-01,UNKNOWN,UNKNOWN,LOAN,0.0,,0.0,FALSE,FEE IS LOAN
9e1a229c-240,plr_a2e4f905,2022_2023,2022-07-01,UNKNOWN,UNKNOWN,LOAN,0.0,,0.0,FALSE,FEE IS LOAN
677e1bed-d31,plr_73c60311,2022_2023,2022-07-01,UNKNOWN,UNKNOWN,LOAN,0.0,,0.0,FALSE,FEE IS LOAN
f48d8f73-b7d,plr_195825f2,2022_2023,2022-07-01,UNKNOWN,UNKNOWN,LOAN,0.0,,0.0,FALSE,FEE IS LOAN
2d666789-57e,plr_96d13ae1,2022_2023,2022-07-01,UNKNOWN,UNKNOWN,LOAN,0.0,,0.0,FALSE,FEE IS LOAN
5b5b66cd-542,plr_a82de73a,2022_2023,2022-07-01,UNKNOWN,UNKNOWN,LOAN,0.0,,0.0,FALSE,FEE IS LOAN
237eb39f-08d,plr_99ec0645,2022_2023,2022-07-01,UNKNOWN,UNKNOWN,LOAN,0.0,,0.0,FALSE,FEE IS LOAN
86a114d1-09a,plr_c68d6c16,2022_2023,2022-07-01,UNKNOWN,UNKNOWN,LOAN,0.0,,0.0,FALSE,FEE IS LOAN
2cc0a5c8-519,plr_dd72e42f,2022_2023,2022-07-01,UNKNOWN,UNKNOWN,LOAN,0.0,,0.0,FALSE,FEE IS LOAN
3c468b9d-737,plr_8c04f363,2022_2023,2022-07-01,UNKNOWN,UNKNOWN,LOAN,0.0,,0.0,FALSE,FEE IS LOAN
698fc4c9-1bb,plr_8fbffa8e,2022_2023,2022-07-01,UNKNOWN,UNKNOWN,LOAN,0.0,,0.0,FALSE,FEE IS LOAN
e91ab08e-696,plr_cc2722c3,2022_2023,2022-07-01,UNKNOWN,UNKNOWN,LOAN,0.0,,0.0,FALSE,FEE IS LOAN
0be7c00c-bcd,plr_05780f76,2022_2023,2022-07-01,UNKNOWN,UNKNOWN,DISCLOSED,18000000.0,EUR,15462000.0,TRUE,
0c618c2d-eb5,plr_198d4b01,2022_2023,2022-07-01,UNKNOWN,UNKNOWN,DISCLOSED,17500000.0,EUR,15032500.0,TRUE,
5510fed8-97a,plr_eee31c87,2022_2023,2022-07-01,UNKNOWN,UNKNOWN,DISCLOSED,12000000.0,EUR,10308000.0,TRUE,
bc1166b5-a9e,plr_dd59d8da,2022_2023,2022-07-01,UNKNOWN,UNKNOWN,FREE,0.0,,0.0,FALSE,FEE IS FREE
c50aa210-e2e,plr_fcc0754e,2022_2023,2022-07-01,UNKNOWN,UNKNOWN,LOAN,0.0,,0.0,FALSE,FEE IS LOAN
62ecea63-8b1,plr_d24e6153,2022_2023,2022-07-01,UNKNOWN,UNKNOWN,LOAN,0.0,,0.0,FALSE,FEE IS LOAN
839f547a-f9f,plr_343d8308,2022_2023,2022-07-01,UNKNOWN,UNKNOWN,DISCLOSED,33000000.0,EUR,28347000.0,TRUE,
7ca34836-30f,plr_f157540e,2022_2023,2022-07-01,UNKNOWN,UNKNOWN,DISCLOSED,22500000.0,EUR,19327500.0,TRUE,
4436e00c-da7,plr_82682055,2022_2023,2022-07-01,UNKNOWN,UNKNOWN,DISCLOSED,15000000.0,EUR,12885000.0,TRUE,
fa61816e-cf4,plr_25dc5606,2022_2023,2022-07-01,UNKNOWN,UNKNOWN,DISCLOSED,11900000.0,EUR,10222100.0,TRUE,
9a292cb5-56b,plr_be360f0c,2022_2023,2022-07-01,UNKNOWN,UNKNOWN,DISCLOSED,10250000.0,EUR,8804750.0,TRUE,
8edab5e3-238,plr_01563834,2022_2023,2022-07-01,UNKNOWN,UNKNOWN,LOAN,0.0,,0.0,FALSE,FEE IS LOAN
484cf204-f75,plr_3487425b,2022_2023,2022-07-01,UNKNOWN,UNKNOWN,FREE,0.0,,0.0,FALSE,FEE IS FREE
957fc008-52c,plr_79dfa87a,2022_2023,2022-07-01,UNKNOWN,UNKNOWN,FREE,0.0,,0.0,FALSE,FEE IS FREE
bb01c80a-091,plr_73e56627,2022_2023,2022-07-01,UNKNOWN,UNKNOWN,FREE,0.0,,0.0,FALSE,FEE IS FREE
fd167c7e-55e,plr_64a65720,2022_2023,2022-07-01,UNKNOWN,UNKNOWN,FREE,0.0,,0.0,FALSE,FEE IS FREE
e2a365b4-12d,plr_16bb55cb,2022_2023,2022-07-01,UNKNOWN,UNKNOWN,LOAN,0.0,,0.0,FALSE,FEE IS LOAN
641df4ec-798,plr_a2470ca3,2022_2023,2022-07-01,UNKNOWN,UNKNOWN,LOAN,0.0,,0.0,FALSE,FEE IS LOAN
c2b1d335-b76,plr_a9eaff24,2022_2023,2022-07-01,UNKNOWN,UNKNOWN,LOAN,0.0,,0.0,FALSE,FEE IS LOAN
ba7c4865-72f,plr_7265b6ab,2022_2023,2022-07-01,UNKNOWN,UNKNOWN,LOAN,0.0,,0.0,FALSE,FEE IS LOAN
dd40f81f-8e4,plr_405bfb99,2022_2023,2022-07-01,UNKNOWN,UNKNOWN,LOAN,0.0,,0.0,FALSE,FEE IS LOAN
24324c62-a4c,plr_0505158f,2022_2023,2022-07-01,UNKNOWN,UNKNOWN,LOAN,0.0,,0.0,FALSE,FEE IS LOAN
187241a4-f71,plr_425399ad,2022_2023,2022-07-01,UNKNOWN,UNKNOWN,FREE,0.0,,0.0,FALSE,FEE IS FREE
23335d22-99c,plr_5a784af1,2022_2023,2022-07-01,UNKNOWN,UNKNOWN,UNDISCLOSED,,,,FALSE,FEE IS UNDISCLOSED
68259bea-7b7,plr_839110fe,2022_2023,2022-07-01,UNKNOWN,UNKNOWN,LOAN,0.0,,0.0,FALSE,FEE IS LOAN
ee87b989-6d8,plr_9441251c,2022_2023,2022-07-01,UNKNOWN,UNKNOWN,LOAN,0.0,,0.0,FALSE,FEE IS LOAN
97da98c4-249,plr_f9e9d397,2022_2023,2022-07-01,UNKNOWN,UNKNOWN,LOAN,0.0,,0.0,FALSE,FEE IS LOAN
b895bdca-03f,plr_d5b1cc05,2022_2023,2022-07-01,UNKNOWN,UNKNOWN,LOAN,0.0,,0.0,FALSE,FEE IS LOAN
41b4eb0b-635,plr_ea397c75,2022_2023,2022-07-01,UNKNOWN,UNKNOWN,UNKNOWN,,,,FALSE,FEE IS UNKNOWN
5585f40f-cd2,plr_fea88e89,2022_2023,2022-07-01,UNKNOWN,UNKNOWN,DISCLOSED,19000000.0,EUR,16321000.0,TRUE,
1413dd62-928,plr_ecb6a357,2022_2023,2022-07-01,UNKNOWN,UNKNOWN,DISCLOSED,15000000.0,EUR,12885000.0,TRUE,
b9aa9021-3cf,plr_0635713a,2022_2023,2022-07-01,UNKNOWN,UNKNOWN,DISCLOSED,14250000.0,EUR,12240750.0,TRUE,
2918d036-601,plr_75544f5c,2022_2023,2022-07-01,UNKNOWN,UNKNOWN,LOAN,0.0,,0.0,FALSE,FEE IS LOAN
0a78f9ef-b31,plr_362e7a22,2022_2023,2022-07-01,UNKNOWN,UNKNOWN,FREE,0.0,,0.0,FALSE,FEE IS FREE
6c01c38c-af7,plr_5413ac2c,2022_2023,2022-07-01,UNKNOWN,UNKNOWN,FREE,0.0,,0.0,FALSE,FEE IS FREE
b4e6fd48-f73,plr_d4221244,2022_2023,2022-07-01,UNKNOWN,UNKNOWN,UNKNOWN,,,,FALSE,FEE IS UNKNOWN
a3d858c4-432,plr_aa057502,2022_2023,2022-07-01,UNKNOWN,UNKNOWN,UNKNOWN,,,,FALSE,FEE IS UNKNOWN
5f9c92ea-a7f,plr_140e036d,2022_2023,2022-07-01,UNKNOWN,UNKNOWN,UNKNOWN,,,,FALSE,FEE IS UNKNOWN
e3624b8c-57d,plr_0eff10a4,2022_2023,2022-07-01,UNKNOWN,UNKNOWN,LOAN,0.0,,0.0,FALSE,FEE IS LOAN
f750a43c-7a9,plr_484684f5,2022_2023,2022-07-01,UNKNOWN,UNKNOWN,LOAN,0.0,,0.0,FALSE,FEE IS LOAN
4dcb81e9-422,plr_c67e84b0,2022_2023,2022-07-01,UNKNOWN,UNKNOWN,LOAN,0.0,,0.0,FALSE,FEE IS LOAN
6ec73a00-ccc,plr_a7bb9b95,2022_2023,2022-07-01,UNKNOWN,UNKNOWN,LOAN,0.0,,0.0,FALSE,FEE IS LOAN
9b4aef2c-0cf,plr_e72a0f8d,2022_2023,2022-07-01,UNKNOWN,UNKNOWN,LOAN,0.0,,0.0,FALSE,FEE IS LOAN
744be4a9-a93,plr_a8d23214,2022_2023,2022-07-01,UNKNOWN,UNKNOWN,LOAN,0.0,,0.0,FALSE,FEE IS LOAN
3b02ef2d-a8d,plr_04b0da4c,2022_2023,2022-07-01,UNKNOWN,UNKNOWN,LOAN,0.0,,0.0,FALSE,FEE IS LOAN
dcfb1943-54e,plr_d9698762,2022_2023,2022-07-01,UNKNOWN,UNKNOWN,LOAN,0.0,,0.0,FALSE,FEE IS LOAN
6957c931-ecf,plr_e6cabd43,2022_2023,2022-07-01,UNKNOWN,UNKNOWN,DISCLOSED,3600000.0,EUR,3092400.0,TRUE,
b49b1d65-2a2,plr_feb09c35,2022_2023,2022-07-01,UNKNOWN,UNKNOWN,FREE,0.0,,0.0,FALSE,FEE IS FREE
fd83f481-afa,plr_f529b524,2022_2023,2022-07-01,UNKNOWN,UNKNOWN,FREE,0.0,,0.0,FALSE,FEE IS FREE
5fde235f-927,plr_a8d23214,2022_2023,2022-07-01,UNKNOWN,UNKNOWN,UNDISCLOSED,,,,FALSE,FEE IS UNDISCLOSED
6ca0cd94-8ec,plr_1bd0d717,2022_2023,2022-07-01,UNKNOWN,UNKNOWN,UNDISCLOSED,,,,FALSE,FEE IS UNDISCLOSED
3932ecb3-798,plr_549001fa,2022_2023,2022-07-01,UNKNOWN,UNKNOWN,LOAN,0.0,,0.0,FALSE,FEE IS LOAN
55aec9fb-674,plr_51a2507f,2022_2023,2022-07-01,UNKNOWN,UNKNOWN,LOAN,0.0,,0.0,FALSE,FEE IS LOAN
ca27ae6c-037,plr_88751e7b,2022_2023,2022-07-01,UNKNOWN,UNKNOWN,LOAN,0.0,,0.0,FALSE,FEE IS LOAN
24c52738-bc2,plr_809868c9,2022_2023,2022-07-01,UNKNOWN,UNKNOWN,DISCLOSED,17800000.0,EUR,15290200.0,TRUE,
c9a2bf2a-9d1,plr_d9ecd9de,2022_2023,2022-07-01,UNKNOWN,UNKNOWN,DISCLOSED,11600000.0,EUR,9964400.0,TRUE,
7233b254-be0,plr_7e350dc4,2022_2023,2022-07-01,UNKNOWN,UNKNOWN,DISCLOSED,8300000.000000001,EUR,7129700.0,TRUE,
93b18501-ba9,plr_35962220,2022_2023,2022-07-01,UNKNOWN,UNKNOWN,DISCLOSED,8000000.0,EUR,6872000.0,TRUE,
7ea290b2-bd6,plr_6ad8b559,2022_2023,2022-07-01,UNKNOWN,UNKNOWN,DISCLOSED,6000000.0,EUR,5154000.0,TRUE,
7e613591-870,plr_a1d9dc7e,2022_2023,2022-07-01,UNKNOWN,UNKNOWN,DISCLOSED,4000000.0,EUR,3436000.0,TRUE,
73f28eb0-30b,plr_dbdc688a,2022_2023,2022-07-01,UNKNOWN,UNKNOWN,LOAN,0.0,,0.0,FALSE,FEE IS LOAN
2fff937b-4b1,plr_7f47ad56,2022_2023,2022-07-01,UNKNOWN,UNKNOWN,UNKNOWN,,,,FALSE,FEE IS UNKNOWN
b9b0102d-b5c,plr_dbc2c5f3,2022_2023,2022-07-01,UNKNOWN,UNKNOWN,UNKNOWN,,,,FALSE,FEE IS UNKNOWN
503ff5ae-106,plr_bc1efc9a,2022_2023,2022-07-01,UNKNOWN,UNKNOWN,LOAN,0.0,,0.0,FALSE,FEE IS LOAN
76346b09-671,plr_55d795b7,2022_2023,2022-07-01,UNKNOWN,UNKNOWN,LOAN,0.0,,0.0,FALSE,FEE IS LOAN
d176db73-280,plr_13d6ceb8,2022_2023,2022-07-01,UNKNOWN,UNKNOWN,LOAN,0.0,,0.0,FALSE,FEE IS LOAN
4fd61656-456,plr_88ee70da,2022_2023,2022-07-01,UNKNOWN,UNKNOWN,LOAN,0.0,,0.0,FALSE,FEE IS LOAN
e9194d9d-f77,plr_0a6b8ac7,2022_2023,2022-07-01,UNKNOWN,UNKNOWN,LOAN,0.0,,0.0,FALSE,FEE IS LOAN
8e24fe50-9f2,plr_52047160,2022_2023,2022-07-01,UNKNOWN,UNKNOWN,LOAN,0.0,,0.0,FALSE,FEE IS LOAN
0ceaa788-e71,plr_70850120,2022_2023,2022-07-01,UNKNOWN,UNKNOWN,LOAN,0.0,,0.0,FALSE,FEE IS LOAN
aff6d947-7a8,plr_0ad14bd4,2022_2023,2022-07-01,UNKNOWN,UNKNOWN,LOAN,0.0,,0.0,FALSE,FEE IS LOAN
a62ab903-b54,plr_29b3267f,2022_2023,2022-07-01,UNKNOWN,UNKNOWN,LOAN,0.0,,0.0,FALSE,FEE IS LOAN
ba9c5e3c-d2b,plr_a5598aab,2022_2023,2022-07-01,UNKNOWN,UNKNOWN,LOAN,0.0,,0.0,FALSE,FEE IS LOAN
159d95da-599,plr_9a987637,2022_2023,2022-07-01,UNKNOWN,UNKNOWN,LOAN,0.0,,0.0,FALSE,FEE IS LOAN
b971a359-067,plr_80d468fa,2022_2023,2022-07-01,UNKNOWN,UNKNOWN,DISCLOSED,65300000.0,EUR,56092700.0,TRUE,
85142864-db9,plr_42047687,2022_2023,2022-07-01,UNKNOWN,UNKNOWN,DISCLOSED,29200000.0,EUR,25082800.0,TRUE,
497109c0-5b8,plr_a2085edd,2022_2023,2022-07-01,UNKNOWN,UNKNOWN,DISCLOSED,11800000.0,EUR,10136200.0,TRUE,
080a496b-8ef,plr_e5040e88,2022_2023,2022-07-01,UNKNOWN,UNKNOWN,DISCLOSED,2600000.0,EUR,2233400.0,TRUE,
e95ceb6a-276,plr_7bd3aa74,2022_2023,2022-07-01,UNKNOWN,UNKNOWN,FREE,0.0,,0.0,FALSE,FEE IS FREE
fdbe914d-948,plr_bc1efc9a,2022_2023,2022-07-01,UNKNOWN,UNKNOWN,UNDISCLOSED,,,,FALSE,FEE IS UNDISCLOSED
565b52b6-c67,plr_2ae468a9,2022_2023,2022-07-01,UNKNOWN,UNKNOWN,LOAN,0.0,,0.0,FALSE,FEE IS LOAN
4c671c87-4d5,plr_b494af93,2022_2023,2022-07-01,UNKNOWN,UNKNOWN,LOAN,0.0,,0.0,FALSE,FEE IS LOAN
650ced4a-b00,plr_e10bd51a,2022_2023,2022-07-01,UNKNOWN,UNKNOWN,UNKNOWN,,,,FALSE,FEE IS UNKNOWN
4849af33-fa5,plr_e2ec4fd4,2022_2023,2022-07-01,UNKNOWN,UNKNOWN,DISCLOSED,121000000.0,EUR,103939000.0,TRUE,
79690847-e49,plr_4dc1fd65,2022_2023,2022-07-01,UNKNOWN,UNKNOWN,DISCLOSED,80400000.0,EUR,69063600.0,TRUE,
7b88f0a0-fbd,plr_24a26523,2022_2023,2022-07-01,UNKNOWN,UNKNOWN,DISCLOSED,70000000.0,EUR,60130000.0,TRUE,
ca390395-de4,plr_105aa3d9,2022_2023,2022-07-01,UNKNOWN,UNKNOWN,DISCLOSED,56200000.0,EUR,48275800.0,TRUE,
534ce60f-a10,plr_b44b069c,2022_2023,2022-07-01,UNKNOWN,UNKNOWN,DISCLOSED,41900000.0,EUR,35992100.0,TRUE,
695b068c-34b,plr_8ceb6854,2022_2023,2022-07-01,UNKNOWN,UNKNOWN,DISCLOSED,38000000.0,EUR,32642000.0,TRUE,
68e8571a-7f1,plr_3d0202b7,2022_2023,2022-07-01,UNKNOWN,UNKNOWN,DISCLOSED,35000000.0,EUR,30065000.0,TRUE,
67990a39-db2,plr_45c6fe45,2022_2023,2022-07-01,UNKNOWN,UNKNOWN,DISCLOSED,30000000.0,EUR,25770000.0,TRUE,
3f23eee8-09e,plr_d940c44e,2022_2023,2022-07-01,UNKNOWN,UNKNOWN,DISCLOSED,14860000.0,EUR,12764740.0,TRUE,
5500a786-d4c,plr_bb322fdf,2022_2023,2022-07-01,UNKNOWN,UNKNOWN,DISCLOSED,12500000.0,EUR,10737500.0,TRUE,
d913af40-0af,plr_1f98732c,2022_2023,2022-07-01,UNKNOWN,UNKNOWN,DISCLOSED,12000000.0,EUR,10308000.0,TRUE,
29b7245a-57e,plr_986140fa,2022_2023,2022-07-01,UNKNOWN,UNKNOWN,DISCLOSED,12000000.0,EUR,10308000.0,TRUE,
4dc81c45-7ea,plr_beb29d14,2022_2023,2022-07-01,UNKNOWN,UNKNOWN,LOAN,0.0,,0.0,FALSE,FEE IS LOAN
3274024e-bb0,plr_090886b0,2022_2023,2022-07-01,UNKNOWN,UNKNOWN,DISCLOSED,9090000.0,EUR,7808310.0,TRUE,
1ecc8d53-469,plr_4fd0f29e,2022_2023,2022-07-01,UNKNOWN,UNKNOWN,LOAN,0.0,,0.0,FALSE,FEE IS LOAN
95a824dc-74c,plr_3598de66,2022_2023,2022-07-01,UNKNOWN,UNKNOWN,UNKNOWN,,,,FALSE,FEE IS UNKNOWN
58092394-f33,plr_a1727b64,2022_2023,2022-07-01,UNKNOWN,UNKNOWN,UNKNOWN,,,,FALSE,FEE IS UNKNOWN
5ce0c586-561,plr_ad140362,2022_2023,2022-07-01,UNKNOWN,UNKNOWN,LOAN,0.0,,0.0,FALSE,FEE IS LOAN
fc57a44e-dbe,plr_c8c2df65,2022_2023,2022-07-01,UNKNOWN,UNKNOWN,LOAN,0.0,,0.0,FALSE,FEE IS LOAN
21f405b4-c63,plr_0d16fc04,2022_2023,2022-07-01,UNKNOWN,UNKNOWN,LOAN,0.0,,0.0,FALSE,FEE IS LOAN
2a6fc1d6-f39,plr_91be9265,2022_2023,2022-07-01,UNKNOWN,UNKNOWN,LOAN,0.0,,0.0,FALSE,FEE IS LOAN
8128988e-dbe,plr_153f715d,2022_2023,2022-07-01,UNKNOWN,UNKNOWN,LOAN,0.0,,0.0,FALSE,FEE IS LOAN
14d34aed-fbd,plr_be50c2b9,2022_2023,2022-07-01,UNKNOWN,UNKNOWN,DISCLOSED,20000000.0,EUR,17180000.0,TRUE,
8daf71e6-340,plr_818e59dd,2022_2023,2022-07-01,UNKNOWN,UNKNOWN,LOAN,0.0,,0.0,FALSE,FEE IS LOAN
5998498d-cc8,plr_9bb42042,2022_2023,2022-07-01,UNKNOWN,UNKNOWN,LOAN,0.0,,0.0,FALSE,FEE IS LOAN
f963c19c-2c4,plr_8760c28d,2022_2023,2022-07-01,UNKNOWN,UNKNOWN,DISCLOSED,500000.0,EUR,429500.0,TRUE,
3787aace-46d,plr_5cef7892,2022_2023,2022-07-01,UNKNOWN,UNKNOWN,FREE,0.0,,0.0,FALSE,FEE IS FREE
86bfff2e-4e2,plr_b6ba3793,2022_2023,2022-07-01,UNKNOWN,UNKNOWN,FREE,0.0,,0.0,FALSE,FEE IS FREE
b5addba6-54a,plr_f14726b3,2022_2023,2022-07-01,UNKNOWN,UNKNOWN,FREE,0.0,,0.0,FALSE,FEE IS FREE
6db54fc0-67e,plr_6868e991,2022_2023,2022-07-01,UNKNOWN,UNKNOWN,FREE,0.0,,0.0,FALSE,FEE IS FREE
c9a17c66-72d,plr_2826cb21,2022_2023,2022-07-01,UNKNOWN,UNKNOWN,FREE,0.0,,0.0,FALSE,FEE IS FREE
9be413bc-fa7,plr_52ee411b,2022_2023,2022-07-01,UNKNOWN,UNKNOWN,LOAN,0.0,,0.0,FALSE,FEE IS LOAN
237b3079-99f,plr_673cfab3,2022_2023,2022-07-01,UNKNOWN,UNKNOWN,UNKNOWN,,,,FALSE,FEE IS UNKNOWN
4710ed4a-19c,plr_3e594bdb,2022_2023,2022-07-01,UNKNOWN,UNKNOWN,UNKNOWN,,,,FALSE,FEE IS UNKNOWN
a3e1257d-c03,plr_55f01b67,2022_2023,2022-07-01,UNKNOWN,UNKNOWN,LOAN,0.0,,0.0,FALSE,FEE IS LOAN
e739a37e-1e6,plr_edb90011,2022_2023,2022-07-01,UNKNOWN,UNKNOWN,DISCLOSED,22600000.0,EUR,19413400.0,TRUE,
abb5104b-b3b,plr_a73c449d,2022_2023,2022-07-01,UNKNOWN,UNKNOWN,DISCLOSED,12000000.0,EUR,10308000.0,TRUE,
e2a6013f-c26,plr_efa4c0fd,2022_2023,2022-07-01,UNKNOWN,UNKNOWN,DISCLOSED,12000000.0,EUR,10308000.0,TRUE,
7dd3a629-a4c,plr_3575396b,2022_2023,2022-07-01,UNKNOWN,UNKNOWN,FREE,0.0,,0.0,FALSE,FEE IS FREE
6734e256-c8e,plr_89b7cf23,2022_2023,2022-07-01,UNKNOWN,UNKNOWN,FREE,0.0,,0.0,FALSE,FEE IS FREE
cc339d09-83c,plr_0294885f,2022_2023,2022-07-01,UNKNOWN,UNKNOWN,UNKNOWN,,,,FALSE,FEE IS UNKNOWN
badb9ded-23e,plr_887f749b,2022_2023,2022-07-01,UNKNOWN,UNKNOWN,UNKNOWN,,,,FALSE,FEE IS UNKNOWN
5bf2e6ac-e2c,plr_410c3ed6,2022_2023,2022-07-01,UNKNOWN,UNKNOWN,LOAN,0.0,,0.0,FALSE,FEE IS LOAN
53d04581-388,plr_7882a48a,2022_2023,2022-07-01,UNKNOWN,UNKNOWN,LOAN,0.0,,0.0,FALSE,FEE IS LOAN
c5a288b8-2b2,plr_5a9d85f1,2022_2023,2022-07-01,UNKNOWN,UNKNOWN,LOAN,0.0,,0.0,FALSE,FEE IS LOAN
6cf68cc4-20a,plr_11054601,2022_2023,2022-07-01,UNKNOWN,UNKNOWN,DISCLOSED,5460000.0,EUR,4690140.0,TRUE,
f48a5729-d45,plr_48cc406b,2022_2023,2022-07-01,UNKNOWN,UNKNOWN,FREE,0.0,,0.0,FALSE,FEE IS FREE
b689f244-8eb,plr_0f6ce7b1,2022_2023,2022-07-01,UNKNOWN,UNKNOWN,FREE,0.0,,0.0,FALSE,FEE IS FREE
7730aad9-e54,plr_e0254cba,2022_2023,2022-07-01,UNKNOWN,UNKNOWN,FREE,0.0,,0.0,FALSE,FEE IS FREE
d2d32a22-447,plr_47e9f14f,2022_2023,2022-07-01,UNKNOWN,UNKNOWN,LOAN,0.0,,0.0,FALSE,FEE IS LOAN
958a569b-884,plr_7fdad36c,2022_2023,2022-07-01,UNKNOWN,UNKNOWN,DISCLOSED,39870000.0,EUR,34248330.0,TRUE,
2c3a37cd-bba,plr_208df530,2022_2023,2022-07-01,UNKNOWN,UNKNOWN,DISCLOSED,17000000.0,EUR,14603000.0,TRUE,
482963f2-e90,plr_0e1e2bc8,2022_2023,2022-07-01,UNKNOWN,UNKNOWN,DISCLOSED,10400000.0,EUR,8933600.0,TRUE,
e720cdb1-356,plr_0d71f785,2022_2023,2022-07-01,UNKNOWN,UNKNOWN,DISCLOSED,4000000.0,EUR,3436000.0,TRUE,
eb2c3f2d-d21,plr_a566c68e,2022_2023,2022-07-01,UNKNOWN,UNKNOWN,FREE,0.0,,0.0,FALSE,FEE IS FREE
8fa08ef4-ed5,plr_0c41a4ce,2022_2023,2022-07-01,UNKNOWN,UNKNOWN,LOAN,0.0,,0.0,FALSE,FEE IS LOAN
e7fe7971-f0e,plr_12791f67,2022_2023,2022-07-01,UNKNOWN,UNKNOWN,LOAN,0.0,,0.0,FALSE,FEE IS LOAN
91097a3b-540,plr_c232b6bb,2022_2023,2022-07-01,UNKNOWN,UNKNOWN,UNKNOWN,,,,FALSE,FEE IS UNKNOWN
9624f1e6-f0b,plr_872c17e5,2022_2023,2022-07-01,UNKNOWN,UNKNOWN,UNKNOWN,,,,FALSE,FEE IS UNKNOWN
61612f97-69c,plr_c2cb7679,2022_2023,2022-07-01,UNKNOWN,UNKNOWN,UNKNOWN,,,,FALSE,FEE IS UNKNOWN
fed259d6-805,plr_95c6f486,2022_2023,2022-07-01,UNKNOWN,UNKNOWN,UNKNOWN,,,,FALSE,FEE IS UNKNOWN
3ca8c59f-448,plr_a5932c18,2022_2023,2022-07-01,UNKNOWN,UNKNOWN,LOAN,0.0,,0.0,FALSE,FEE IS LOAN
274790de-0a5,plr_e475a388,2022_2023,2022-07-01,UNKNOWN,UNKNOWN,LOAN,0.0,,0.0,FALSE,FEE IS LOAN
c383f4f3-c3a,plr_e708fa9e,2022_2023,2022-07-01,UNKNOWN,UNKNOWN,LOAN,0.0,,0.0,FALSE,FEE IS LOAN
0b6e362e-06f,plr_07b4be08,2022_2023,2022-07-01,UNKNOWN,UNKNOWN,DISCLOSED,58000000.0,EUR,49822000.0,TRUE,
990cc88a-dac,plr_84b9ba63,2022_2023,2022-07-01,UNKNOWN,UNKNOWN,DISCLOSED,45600000.0,EUR,39170400.0,TRUE,
8f10b5e5-513,plr_d1bd9bdb,2022_2023,2022-07-01,UNKNOWN,UNKNOWN,FREE,0.0,,0.0,FALSE,FEE IS FREE
ba83be0c-b0a,plr_6c8f13a9,2022_2023,2022-07-01,UNKNOWN,UNKNOWN,FREE,0.0,,0.0,FALSE,FEE IS FREE
3d340814-1a7,plr_ff9ef66a,2022_2023,2022-07-01,UNKNOWN,UNKNOWN,FREE,0.0,,0.0,FALSE,FEE IS FREE
2dfcad00-fab,plr_c3c993f9,2022_2023,2022-07-01,UNKNOWN,UNKNOWN,FREE,0.0,,0.0,FALSE,FEE IS FREE
401da82e-1bb,plr_7d660ce9,2022_2023,2022-07-01,UNKNOWN,UNKNOWN,LOAN,0.0,,0.0,FALSE,FEE IS LOAN
6abd7a03-284,plr_c232b6bb,2022_2023,2022-07-01,UNKNOWN,UNKNOWN,UNDISCLOSED,,,,FALSE,FEE IS UNDISCLOSED
26517b94-6ea,plr_da0877f6,2022_2023,2022-07-01,UNKNOWN,UNKNOWN,LOAN,0.0,,0.0,FALSE,FEE IS LOAN
55bf3887-41a,plr_b65a8734,2022_2023,2022-07-01,UNKNOWN,UNKNOWN,LOAN,0.0,,0.0,FALSE,FEE IS LOAN
ccfb55b3-31a,plr_625fce0f,2022_2023,2022-07-01,UNKNOWN,UNKNOWN,UNKNOWN,,,,FALSE,FEE IS UNKNOWN
d1955bd4-4ea,plr_d2e9662b,2022_2023,2022-07-01,UNKNOWN,UNKNOWN,UNKNOWN,,,,FALSE,FEE IS UNKNOWN
f53e32e2-15c,plr_18bb857c,2022_2023,2022-07-01,UNKNOWN,UNKNOWN,DISCLOSED,24900000.0,EUR,21389100.0,TRUE,
0ac91384-c6a,plr_90c0a9f1,2022_2023,2022-07-01,UNKNOWN,UNKNOWN,DISCLOSED,17800000.0,EUR,15290200.0,TRUE,
58fae245-302,plr_92a45302,2022_2023,2022-07-01,UNKNOWN,UNKNOWN,DISCLOSED,9800000.0,EUR,8418200.0,TRUE,
92cccd04-d4e,plr_3bebb6c9,2022_2023,2022-07-01,UNKNOWN,UNKNOWN,DISCLOSED,9500000.0,EUR,8160500.0,TRUE,
1140d63f-0d8,plr_a3140fcc,2022_2023,2022-07-01,UNKNOWN,UNKNOWN,DISCLOSED,5500000.0,EUR,4724500.0,TRUE,
76d0ef65-751,plr_e6199efc,2022_2023,2022-07-01,UNKNOWN,UNKNOWN,DISCLOSED,5000000.0,EUR,4295000.0,TRUE,
512d54f5-81e,plr_dd751c60,2022_2023,2022-07-01,UNKNOWN,UNKNOWN,FREE,0.0,,0.0,FALSE,FEE IS FREE
96563883-271,plr_06a46691,2022_2023,2022-07-01,UNKNOWN,UNKNOWN,LOAN,0.0,,0.0,FALSE,FEE IS LOAN
cefb107b-1d5,plr_20a3c2d6,2022_2023,2022-07-01,UNKNOWN,UNKNOWN,LOAN,0.0,,0.0,FALSE,FEE IS LOAN
a0861d48-d37,plr_9087de33,2022_2023,2022-07-01,UNKNOWN,UNKNOWN,LOAN,0.0,,0.0,FALSE,FEE IS LOAN
8575c5df-577,plr_03815c0c,2022_2023,2022-07-01,UNKNOWN,UNKNOWN,LOAN,0.0,,0.0,FALSE,FEE IS LOAN
7b05212c-aff,plr_da4b8e30,2022_2023,2022-07-01,UNKNOWN,UNKNOWN,LOAN,0.0,,0.0,FALSE,FEE IS LOAN
eff440c2-011,plr_76748ba6,2022_2023,2022-07-01,UNKNOWN,UNKNOWN,LOAN,0.0,,0.0,FALSE,FEE IS LOAN
07ef2927-a04,plr_449bab99,2022_2023,2022-07-01,UNKNOWN,UNKNOWN,LOAN,0.0,,0.0,FALSE,FEE IS LOAN
e9eba8a5-850,plr_ea724ef7,2022_2023,2022-07-01,UNKNOWN,UNKNOWN,LOAN,0.0,,0.0,FALSE,FEE IS LOAN
419db4e2-e2f,plr_3523be83,2022_2023,2022-07-01,UNKNOWN,UNKNOWN,DISCLOSED,9400000.0,EUR,8074600.0,TRUE,
6fdc4a5c-39f,plr_d9b94916,2022_2023,2022-07-01,UNKNOWN,UNKNOWN,FREE,0.0,,0.0,FALSE,FEE IS FREE
a05eddf9-c69,plr_0b2d53f9,2022_2023,2022-07-01,UNKNOWN,UNKNOWN,FREE,0.0,,0.0,FALSE,FEE IS FREE
6bd3e54f-a6d,plr_3426b144,2022_2023,2022-07-01,UNKNOWN,UNKNOWN,FREE,0.0,,0.0,FALSE,FEE IS FREE
69d9ec4c-048,plr_9911a387,2022_2023,2022-07-01,UNKNOWN,UNKNOWN,FREE,0.0,,0.0,FALSE,FEE IS FREE
5adb4dce-fd5,plr_d61c767a,2022_2023,2022-07-01,UNKNOWN,UNKNOWN,UNDISCLOSED,,,,FALSE,FEE IS UNDISCLOSED
b5a61b60-6b0,plr_1438731a,2022_2023,2022-07-01,UNKNOWN,UNKNOWN,LOAN,0.0,,0.0,FALSE,FEE IS LOAN
b1923680-0b9,plr_21ee61ef,2022_2023,2022-07-01,UNKNOWN,UNKNOWN,LOAN,0.0,,0.0,FALSE,FEE IS LOAN
34ddb91b-42f,plr_c609ab88,2022_2023,2022-07-01,UNKNOWN,UNKNOWN,LOAN,0.0,,0.0,FALSE,FEE IS LOAN
0750c505-c87,plr_f069d9c1,2022_2023,2022-07-01,UNKNOWN,UNKNOWN,LOAN,0.0,,0.0,FALSE,FEE IS LOAN
2180b2be-1a0,plr_e359d2cb,2022_2023,2022-07-01,UNKNOWN,UNKNOWN,UNKNOWN,,,,FALSE,FEE IS UNKNOWN
a0b8bd53-845,plr_41af90b5,2022_2023,2022-07-01,UNKNOWN,UNKNOWN,UNKNOWN,,,,FALSE,FEE IS UNKNOWN
e42e95ac-24b,plr_8b4dee2e,2022_2023,2022-07-01,UNKNOWN,UNKNOWN,DISCLOSED,40500000.0,EUR,34789500.0,TRUE,
ced7d67a-dd2,plr_1338fe0b,2022_2023,2022-07-01,UNKNOWN,UNKNOWN,DISCLOSED,32840000.000000004,EUR,28209560.0,TRUE,
584503d9-235,plr_88a5e71d,2022_2023,2022-07-01,UNKNOWN,UNKNOWN,DISCLOSED,25000000.0,EUR,21475000.0,TRUE,
ba1de6db-d9f,plr_57cee665,2022_2023,2022-07-01,UNKNOWN,UNKNOWN,DISCLOSED,17000000.0,EUR,14603000.0,TRUE,
2d58dc69-036,plr_9835c4df,2022_2023,2022-07-01,UNKNOWN,UNKNOWN,DISCLOSED,13000000.0,EUR,11167000.0,TRUE,
da9a4084-dd9,plr_679aa140,2022_2023,2022-07-01,UNKNOWN,UNKNOWN,DISCLOSED,12000000.0,EUR,10308000.0,TRUE,
ec813762-744,plr_3895829c,2022_2023,2022-07-01,UNKNOWN,UNKNOWN,DISCLOSED,12000000.0,EUR,10308000.0,TRUE,
9a5534a6-8db,plr_49da3a88,2022_2023,2022-07-01,UNKNOWN,UNKNOWN,DISCLOSED,5800000.0,EUR,4982200.0,TRUE,
070ee97e-88f,plr_f454835c,2022_2023,2022-07-01,UNKNOWN,UNKNOWN,DISCLOSED,4500000.0,EUR,3865500.0,TRUE,
95b99e65-0cf,plr_20803290,2022_2023,2022-07-01,UNKNOWN,UNKNOWN,LOAN,0.0,,0.0,FALSE,FEE IS LOAN
8e8f6531-138,plr_f599c5ab,2022_2023,2022-07-01,UNKNOWN,UNKNOWN,FREE,0.0,,0.0,FALSE,FEE IS FREE
f382a6f5-ba3,plr_3d6a882e,2022_2023,2022-07-01,UNKNOWN,UNKNOWN,LOAN,0.0,,0.0,FALSE,FEE IS LOAN
524e35fd-50b,plr_912ef289,2022_2023,2022-07-01,UNKNOWN,UNKNOWN,LOAN,0.0,,0.0,FALSE,FEE IS LOAN
abb25cee-7a6,plr_852fc8c3,2022_2023,2022-07-01,UNKNOWN,UNKNOWN,LOAN,0.0,,0.0,FALSE,FEE IS LOAN
33bd3673-ed0,plr_a616e695,2022_2023,2022-07-01,UNKNOWN,UNKNOWN,LOAN,0.0,,0.0,FALSE,FEE IS LOAN
04e31fd0-8ac,plr_8ef46b22,2022_2023,2022-07-01,UNKNOWN,UNKNOWN,LOAN,0.0,,0.0,FALSE,FEE IS LOAN
5175eedb-838,plr_17bce08f,2022_2023,2022-07-01,UNKNOWN,UNKNOWN,LOAN,0.0,,0.0,FALSE,FEE IS LOAN
e0f186fb-fc1,plr_f61c0fce,2022_2023,2022-07-01,UNKNOWN,UNKNOWN,LOAN,0.0,,0.0,FALSE,FEE IS LOAN
aace3b86-50f,plr_0fce65ec,2022_2023,2022-07-01,UNKNOWN,UNKNOWN,LOAN,0.0,,0.0,FALSE,FEE IS LOAN
c0a05539-585,plr_b2ac23a2,2022_2023,2022-07-01,UNKNOWN,UNKNOWN,LOAN,0.0,,0.0,FALSE,FEE IS LOAN
3cc5934c-add,plr_3f1820b4,2022_2023,2022-07-01,UNKNOWN,UNKNOWN,LOAN,0.0,,0.0,FALSE,FEE IS LOAN
c4a1c473-8c1,plr_fe42270b,2022_2023,2022-07-01,UNKNOWN,UNKNOWN,LOAN,0.0,,0.0,FALSE,FEE IS LOAN
33d202ad-5e1,plr_7d3ab2c5,2022_2023,2022-07-01,UNKNOWN,UNKNOWN,DISCLOSED,58000000.0,EUR,49822000.0,TRUE,
7a026086-b67,plr_a721eda9,2022_2023,2022-07-01,UNKNOWN,UNKNOWN,DISCLOSED,49000000.0,EUR,42091000.0,TRUE,
42b176db-cb6,plr_17bce08f,2022_2023,2022-07-01,UNKNOWN,UNKNOWN,LOAN,0.0,,0.0,FALSE,FEE IS LOAN
d3f1c7a0-de6,plr_9155d2f9,2022_2023,2022-07-01,UNKNOWN,UNKNOWN,DISCLOSED,1200000.0,EUR,1030800.0,TRUE,
add8c16e-248,plr_daed29cf,2022_2023,2022-07-01,UNKNOWN,UNKNOWN,LOAN,0.0,,0.0,FALSE,FEE IS LOAN
c8edbe0b-ac2,plr_d2e0ef41,2022_2023,2022-07-01,UNKNOWN,UNKNOWN,FREE,0.0,,0.0,FALSE,FEE IS FREE
d989c5a1-d93,plr_77e2d7fa,2022_2023,2022-07-01,UNKNOWN,UNKNOWN,UNDISCLOSED,,,,FALSE,FEE IS UNDISCLOSED
b430923c-fde,plr_f2656ff8,2022_2023,2022-07-01,UNKNOWN,UNKNOWN,DISCLOSED,17000000.0,EUR,14603000.0,TRUE,
d4a6141e-ada,plr_fd9d3388,2022_2023,2022-07-01,UNKNOWN,UNKNOWN,DISCLOSED,17000000.0,EUR,14603000.0,TRUE,
41a4c4dc-264,plr_8c9c153b,2022_2023,2022-07-01,UNKNOWN,UNKNOWN,DISCLOSED,14000000.0,EUR,12026000.0,TRUE,
a40758ca-ef6,plr_2740e1ff,2022_2023,2022-07-01,UNKNOWN,UNKNOWN,LOAN,0.0,,0.0,FALSE,FEE IS LOAN
98565eff-b0c,plr_f5c50b75,2022_2023,2022-07-01,UNKNOWN,UNKNOWN,FREE,0.0,,0.0,FALSE,FEE IS FREE
517fc8d9-b7f,plr_593a4614,2022_2023,2022-07-01,UNKNOWN,UNKNOWN,UNDISCLOSED,,,,FALSE,FEE IS UNDISCLOSED
927c329e-755,plr_f0d61714,2022_2023,2022-07-01,UNKNOWN,UNKNOWN,LOAN,0.0,,0.0,FALSE,FEE IS LOAN
64ac923f-448,plr_ea1bf1b1,2022_2023,2022-07-01,UNKNOWN,UNKNOWN,LOAN,0.0,,0.0,FALSE,FEE IS LOAN
506d51c4-553,plr_2d1bac50,2022_2023,2022-07-01,UNKNOWN,UNKNOWN,LOAN,0.0,,0.0,FALSE,FEE IS LOAN
2e8236d7-59e,plr_600cc0b0,2022_2023,2022-07-01,UNKNOWN,UNKNOWN,LOAN,0.0,,0.0,FALSE,FEE IS LOAN
5e20c94d-7fa,plr_43e9fe5e,2022_2023,2022-07-01,UNKNOWN,UNKNOWN,DISCLOSED,1000000.0,EUR,859000.0,TRUE,
dd13029f-cbb,plr_593a4614,2022_2023,2022-07-01,UNKNOWN,UNKNOWN,LOAN,0.0,,0.0,FALSE,FEE IS LOAN
b74de30b-e38,plr_3a68ab01,2022_2023,2022-07-01,UNKNOWN,UNKNOWN,LOAN,0.0,,0.0,FALSE,FEE IS LOAN
e4a73a06-b5c,plr_4e1069b9,2022_2023,2022-07-01,UNKNOWN,UNKNOWN,LOAN,0.0,,0.0,FALSE,FEE IS LOAN
de90c820-e57,plr_b4e4af94,2022_2023,2022-07-01,UNKNOWN,UNKNOWN,DISCLOSED,85000000.0,EUR,73015000.0,TRUE,
675e1599-c45,plr_083e8f8c,2022_2023,2022-07-01,UNKNOWN,UNKNOWN,DISCLOSED,42000000.0,EUR,36078000.0,TRUE,
86f7dc50-7ae,plr_10899561,2022_2023,2022-07-01,UNKNOWN,UNKNOWN,LOAN,0.0,,0.0,FALSE,FEE IS LOAN
055611e5-1e1,plr_3202060d,2022_2023,2022-07-01,UNKNOWN,UNKNOWN,UNKNOWN,,,,FALSE,FEE IS UNKNOWN
994c2ed3-7d1,plr_2da50af8,2022_2023,2022-07-01,UNKNOWN,UNKNOWN,UNKNOWN,,,,FALSE,FEE IS UNKNOWN
f73dc9da-820,plr_0747d5b6,2022_2023,2022-07-01,UNKNOWN,UNKNOWN,LOAN,0.0,,0.0,FALSE,FEE IS LOAN
a32f5bcf-176,plr_61832da5,2022_2023,2022-07-01,UNKNOWN,UNKNOWN,LOAN,0.0,,0.0,FALSE,FEE IS LOAN
27b11768-25f,plr_bfd1eb63,2022_2023,2022-07-01,UNKNOWN,UNKNOWN,LOAN,0.0,,0.0,FALSE,FEE IS LOAN
4e4560aa-4e0,plr_369f7aa4,2022_2023,2022-07-01,UNKNOWN,UNKNOWN,DISCLOSED,32000000.0,EUR,27488000.0,TRUE,
a2de6620-d33,plr_7cdbe839,2022_2023,2022-07-01,UNKNOWN,UNKNOWN,DISCLOSED,20000000.0,EUR,17180000.0,TRUE,
3873b8e5-7ca,plr_15e42035,2022_2023,2022-07-01,UNKNOWN,UNKNOWN,DISCLOSED,15000000.0,EUR,12885000.0,TRUE,
9e64cdc6-baa,plr_8928fbe8,2022_2023,2022-07-01,UNKNOWN,UNKNOWN,DISCLOSED,4099999.9999999995,EUR,3521900.0,TRUE,
3832eecb-6c5,plr_be05ec04,2022_2023,2022-07-01,UNKNOWN,UNKNOWN,FREE,0.0,,0.0,FALSE,FEE IS FREE
59c39a2d-b59,plr_7f1b66a0,2022_2023,2022-07-01,UNKNOWN,UNKNOWN,FREE,0.0,,0.0,FALSE,FEE IS FREE
e8942886-a8b,plr_1d40f1b0,2022_2023,2022-07-01,UNKNOWN,UNKNOWN,FREE,0.0,,0.0,FALSE,FEE IS FREE
a5fcd209-02a,plr_904e9ca0,2022_2023,2022-07-01,UNKNOWN,UNKNOWN,LOAN,0.0,,0.0,FALSE,FEE IS LOAN
c630ba49-b39,plr_daf77a07,2022_2023,2022-07-01,UNKNOWN,UNKNOWN,UNKNOWN,,,,FALSE,FEE IS UNKNOWN
3590e033-6c1,plr_743f11e3,2022_2023,2022-07-01,UNKNOWN,UNKNOWN,DISCLOSED,60000000.0,EUR,51540000.0,TRUE,
5cb9e7a9-e07,plr_5f74ad5e,2022_2023,2022-07-01,UNKNOWN,UNKNOWN,DISCLOSED,20000000.0,EUR,17180000.0,TRUE,
86e25179-44b,plr_f488807b,2022_2023,2022-07-01,UNKNOWN,UNKNOWN,DISCLOSED,15000000.0,EUR,12885000.0,TRUE,
e1e0dd4e-bb1,plr_27a942ce,2022_2023,2022-07-01,UNKNOWN,UNKNOWN,DISCLOSED,11000000.0,EUR,9449000.0,TRUE,
b75bd6c9-7e3,plr_aa405560,2022_2023,2022-07-01,UNKNOWN,UNKNOWN,FREE,0.0,,0.0,FALSE,FEE IS FREE
0f45e65b-7dc,plr_01e7d077,2022_2023,2022-07-01,UNKNOWN,UNKNOWN,UNKNOWN,,,,FALSE,FEE IS UNKNOWN
b42dfbe9-8b4,plr_3970ab02,2022_2023,2022-07-01,UNKNOWN,UNKNOWN,UNKNOWN,,,,FALSE,FEE IS UNKNOWN
1a4d873e-caf,plr_d19559f2,2022_2023,2022-07-01,UNKNOWN,UNKNOWN,LOAN,0.0,,0.0,FALSE,FEE IS LOAN
321884bb-e7c,plr_50624195,2022_2023,2022-07-01,UNKNOWN,UNKNOWN,LOAN,0.0,,0.0,FALSE,FEE IS LOAN
edb2bc72-8df,plr_3687db84,2022_2023,2022-07-01,UNKNOWN,UNKNOWN,LOAN,0.0,,0.0,FALSE,FEE IS LOAN
cb28c1fa-77a,plr_7379ed21,2022_2023,2022-07-01,UNKNOWN,UNKNOWN,LOAN,0.0,,0.0,FALSE,FEE IS LOAN
668530c1-3e6,plr_02f3353d,2022_2023,2022-07-01,UNKNOWN,UNKNOWN,LOAN,0.0,,0.0,FALSE,FEE IS LOAN
05de3c1a-993,plr_7b63aa7a,2022_2023,2022-07-01,UNKNOWN,UNKNOWN,LOAN,0.0,,0.0,FALSE,FEE IS LOAN
a13a1457-1d9,plr_dc0b3a47,2022_2023,2022-07-01,UNKNOWN,UNKNOWN,LOAN,0.0,,0.0,FALSE,FEE IS LOAN
0bbd5f93-13a,plr_4618484c,2022_2023,2022-07-01,UNKNOWN,UNKNOWN,LOAN,0.0,,0.0,FALSE,FEE IS LOAN
602b3adb-590,plr_bc5db7b4,2022_2023,2022-07-01,UNKNOWN,UNKNOWN,LOAN,0.0,,0.0,FALSE,FEE IS LOAN
51ab2159-abd,plr_5a549c34,2022_2023,2022-07-01,UNKNOWN,UNKNOWN,LOAN,0.0,,0.0,FALSE,FEE IS LOAN
8578cd9c-e1e,plr_da872fd3,2022_2023,2022-07-01,UNKNOWN,UNKNOWN,LOAN,0.0,,0.0,FALSE,FEE IS LOAN
a70742b8-a4a,plr_6eda969f,2022_2023,2022-07-01,UNKNOWN,UNKNOWN,LOAN,0.0,,0.0,FALSE,FEE IS LOAN
9c693e89-5be,plr_79c376af,2022_2023,2022-07-01,UNKNOWN,UNKNOWN,LOAN,0.0,,0.0,FALSE,FEE IS LOAN
aff36769-cb1,plr_89989652,2022_2023,2022-07-01,UNKNOWN,UNKNOWN,LOAN,0.0,,0.0,FALSE,FEE IS LOAN
a98debc6-8e4,plr_00a03259,2022_2023,2022-07-01,UNKNOWN,UNKNOWN,LOAN,0.0,,0.0,FALSE,FEE IS LOAN
b5c6b039-e79,plr_b59072f7,2022_2023,2022-07-01,UNKNOWN,UNKNOWN,LOAN,0.0,,0.0,FALSE,FEE IS LOAN
2ac796a7-f73,plr_662fdea6,2022_2023,2022-07-01,UNKNOWN,UNKNOWN,LOAN,0.0,,0.0,FALSE,FEE IS LOAN
c0b68cae-4ab,plr_7dc8eb43,2022_2023,2022-07-01,UNKNOWN,UNKNOWN,FREE,0.0,,0.0,FALSE,FEE IS FREE
82893762-3b9,plr_50ba33e6,2022_2023,2022-07-01,UNKNOWN,UNKNOWN,LOAN,0.0,,0.0,FALSE,FEE IS LOAN
f494663b-ce7,plr_bc5db7b4,2022_2023,2022-07-01,UNKNOWN,UNKNOWN,UNDISCLOSED,,,,FALSE,FEE IS UNDISCLOSED
71ae99ae-dad,plr_7b63aa7a,2022_2023,2022-07-01,UNKNOWN,UNKNOWN,UNDISCLOSED,,,,FALSE,FEE IS UNDISCLOSED
28def603-6d4,plr_b0b7935f,2022_2023,2022-07-01,UNKNOWN,UNKNOWN,DISCLOSED,95000000.0,EUR,81605000.0,TRUE,
d3df952e-dde,plr_31e55f4f,2022_2023,2022-07-01,UNKNOWN,UNKNOWN,DISCLOSED,70000000.0,EUR,60130000.0,TRUE,
36303f0a-90a,plr_ddfb14f4,2022_2023,2022-07-01,UNKNOWN,UNKNOWN,DISCLOSED,57370000.0,EUR,49280830.0,TRUE,
863016da-945,plr_eb961dc8,2022_2023,2022-07-01,UNKNOWN,UNKNOWN,DISCLOSED,15000000.0,EUR,12885000.0,TRUE,
80f070fe-b89,plr_779bd682,2022_2023,2022-07-01,UNKNOWN,UNKNOWN,LOAN,0.0,,0.0,FALSE,FEE IS LOAN
63ac3b10-626,plr_9749115d,2022_2023,2022-07-01,UNKNOWN,UNKNOWN,LOAN,0.0,,0.0,FALSE,FEE IS LOAN
85f3cb24-859,plr_96db9a13,2022_2023,2022-07-01,UNKNOWN,UNKNOWN,LOAN,0.0,,0.0,FALSE,FEE IS LOAN
e06ff8ce-c9a,plr_b7c7c881,2022_2023,2022-07-01,UNKNOWN,UNKNOWN,LOAN,0.0,,0.0,FALSE,FEE IS LOAN
8007e68c-33e,plr_09debe02,2022_2023,2022-07-01,UNKNOWN,UNKNOWN,UNKNOWN,,,,FALSE,FEE IS UNKNOWN
1c28c1d8-fe2,plr_04350f91,2022_2023,2022-07-01,UNKNOWN,UNKNOWN,UNKNOWN,,,,FALSE,FEE IS UNKNOWN
b0c7ffac-a7b,plr_c3df3771,2022_2023,2022-07-01,UNKNOWN,UNKNOWN,UNKNOWN,,,,FALSE,FEE IS UNKNOWN
b8ad048d-ff4,plr_f15ffe09,2022_2023,2022-07-01,UNKNOWN,UNKNOWN,UNKNOWN,,,,FALSE,FEE IS UNKNOWN
dcab3d4b-8b6,plr_c703bf11,2022_2023,2022-07-01,UNKNOWN,UNKNOWN,UNKNOWN,,,,FALSE,FEE IS UNKNOWN
1da1d8fe-be7,plr_74b94270,2022_2023,2022-07-01,UNKNOWN,UNKNOWN,LOAN,0.0,,0.0,FALSE,FEE IS LOAN
bf05bcd8-333,plr_7bf6790c,2022_2023,2022-07-01,UNKNOWN,UNKNOWN,LOAN,0.0,,0.0,FALSE,FEE IS LOAN
e79286a0-ad4,plr_4826d903,2022_2023,2022-07-01,UNKNOWN,UNKNOWN,LOAN,0.0,,0.0,FALSE,FEE IS LOAN
3d19dcca-ce5,plr_356a3fe0,2022_2023,2022-07-01,UNKNOWN,UNKNOWN,LOAN,0.0,,0.0,FALSE,FEE IS LOAN
d4123724-ce0,plr_54d64445,2022_2023,2022-07-01,UNKNOWN,UNKNOWN,LOAN,0.0,,0.0,FALSE,FEE IS LOAN
40b033c1-89b,plr_34c056af,2022_2023,2022-07-01,UNKNOWN,UNKNOWN,DISCLOSED,1750000.0,EUR,1503250.0,TRUE,
1b07b49f-354,plr_e1a145d8,2022_2023,2022-07-01,UNKNOWN,UNKNOWN,FREE,0.0,,0.0,FALSE,FEE IS FREE
66d8e7c4-23c,plr_a916a9a3,2022_2023,2022-07-01,UNKNOWN,UNKNOWN,FREE,0.0,,0.0,FALSE,FEE IS FREE
440cc99d-43c,plr_3578df9b,2022_2023,2022-07-01,UNKNOWN,UNKNOWN,FREE,0.0,,0.0,FALSE,FEE IS FREE
50ed05e5-3f9,plr_6251b786,2022_2023,2022-07-01,UNKNOWN,UNKNOWN,FREE,0.0,,0.0,FALSE,FEE IS FREE
cf42c112-275,plr_30bd7b8d,2022_2023,2022-07-01,UNKNOWN,UNKNOWN,FREE,0.0,,0.0,FALSE,FEE IS FREE
ec01ea99-a79,plr_67c6158c,2022_2023,2022-07-01,UNKNOWN,UNKNOWN,LOAN,0.0,,0.0,FALSE,FEE IS LOAN
f3a5656b-db9,plr_04891e2c,2022_2023,2022-07-01,UNKNOWN,UNKNOWN,UNKNOWN,,,,FALSE,FEE IS UNKNOWN
4db115dd-57e,plr_6cb18e9a,2022_2023,2022-07-01,UNKNOWN,UNKNOWN,UNKNOWN,,,,FALSE,FEE IS UNKNOWN
56b0f2cf-a8d,plr_9749115d,2022_2023,2022-07-01,UNKNOWN,UNKNOWN,LOAN,0.0,,0.0,FALSE,FEE IS LOAN
6de97bf6-13d,plr_c36031eb,2022_2023,2022-07-01,UNKNOWN,UNKNOWN,DISCLOSED,77500000.0,EUR,66572500.0,TRUE,
95d7cb54-80a,plr_5d79e2b1,2022_2023,2022-07-01,UNKNOWN,UNKNOWN,DISCLOSED,37000000.0,EUR,31783000.0,TRUE,
e6e431e0-6c5,plr_ef5d2fde,2022_2023,2022-07-01,UNKNOWN,UNKNOWN,DISCLOSED,11500000.0,EUR,9878500.0,TRUE,
9d7a1f36-7ff,plr_cf66e3de,2022_2023,2022-07-01,UNKNOWN,UNKNOWN,UNKNOWN,,,,FALSE,FEE IS UNKNOWN
ae9bb011-ca0,plr_f9e1465e,2022_2023,2022-07-01,UNKNOWN,UNKNOWN,UNKNOWN,,,,FALSE,FEE IS UNKNOWN
36840240-de9,plr_eb5688d3,2022_2023,2022-07-01,UNKNOWN,UNKNOWN,LOAN,0.0,,0.0,FALSE,FEE IS LOAN
3f9e4867-0be,plr_7f9b2945,2022_2023,2022-07-01,UNKNOWN,UNKNOWN,LOAN,0.0,,0.0,FALSE,FEE IS LOAN
70c107e7-64f,plr_a8c20f50,2022_2023,2022-07-01,UNKNOWN,UNKNOWN,LOAN,0.0,,0.0,FALSE,FEE IS LOAN
4b9de0a8-a41,plr_d11e0488,2022_2023,2022-07-01,UNKNOWN,UNKNOWN,LOAN,0.0,,0.0,FALSE,FEE IS LOAN
e84fd0ba-be2,plr_abe4ca77,2022_2023,2022-07-01,UNKNOWN,UNKNOWN,DISCLOSED,6500000.0,EUR,5583500.0,TRUE,
365a103e-313,plr_f64a195f,2022_2023,2022-07-01,UNKNOWN,UNKNOWN,LOAN,0.0,,0.0,FALSE,FEE IS LOAN
5b49cf8c-92c,plr_12ba7080,2022_2023,2022-07-01,UNKNOWN,UNKNOWN,LOAN,0.0,,0.0,FALSE,FEE IS LOAN
e92ad6e8-910,plr_d11e0488,2022_2023,2022-07-01,UNKNOWN,UNKNOWN,LOAN,0.0,,0.0,FALSE,FEE IS LOAN
6f7a5235-de0,plr_3654f1a3,2022_2023,2022-07-01,UNKNOWN,UNKNOWN,FREE,0.0,,0.0,FALSE,FEE IS FREE
1e0d76be-b6e,plr_b91e90c0,2022_2023,2022-07-01,UNKNOWN,UNKNOWN,FREE,0.0,,0.0,FALSE,FEE IS FREE
da306597-7b8,plr_1b8b2897,2022_2023,2022-07-01,UNKNOWN,UNKNOWN,UNDISCLOSED,,,,FALSE,FEE IS UNDISCLOSED
5ddbbebf-333,plr_f923be04,2022_2023,2022-07-01,UNKNOWN,UNKNOWN,DISCLOSED,29500000.0,EUR,25340500.0,TRUE,
9cab31b4-ee4,plr_258eb7b1,2022_2023,2022-07-01,UNKNOWN,UNKNOWN,DISCLOSED,20500000.0,EUR,17609500.0,TRUE,
0422eec4-69d,plr_86bfa973,2022_2023,2022-07-01,UNKNOWN,UNKNOWN,DISCLOSED,20000000.0,EUR,17180000.0,TRUE,
3e5d55b6-ccb,plr_f2484e59,2022_2023,2022-07-01,UNKNOWN,UNKNOWN,DISCLOSED,14800000.0,EUR,12713200.0,TRUE,
b383fda9-b7f,plr_c38c3812,2022_2023,2022-07-01,UNKNOWN,UNKNOWN,DISCLOSED,13800000.0,EUR,11854200.0,TRUE,
bcaf079f-1e9,plr_c9ffeb47,2022_2023,2022-07-01,UNKNOWN,UNKNOWN,DISCLOSED,13000000.0,EUR,11167000.0,TRUE,
e7daecc5-01a,plr_839c3a69,2022_2023,2022-07-01,UNKNOWN,UNKNOWN,DISCLOSED,10000000.0,EUR,8590000.0,TRUE,
9bea1f1f-3b5,plr_81c3b0e0,2022_2023,2022-07-01,UNKNOWN,UNKNOWN,DISCLOSED,9400000.0,EUR,8074600.0,TRUE,
fb9aa658-af2,plr_fee57bcd,2022_2023,2022-07-01,UNKNOWN,UNKNOWN,DISCLOSED,8500000.0,EUR,7301500.0,TRUE,
6e61787f-c3c,plr_19f13fa1,2022_2023,2022-07-01,UNKNOWN,UNKNOWN,DISCLOSED,8300000.000000001,EUR,7129700.0,TRUE,
ebaefd13-7c7,plr_4ec4b908,2022_2023,2022-07-01,UNKNOWN,UNKNOWN,LOAN,0.0,,0.0,FALSE,FEE IS LOAN
77315422-539,plr_976373c5,2022_2023,2022-07-01,UNKNOWN,UNKNOWN,DISCLOSED,4000000.0,EUR,3436000.0,TRUE,
a11c7099-3e2,plr_ccd9271d,2022_2023,2022-07-01,UNKNOWN,UNKNOWN,DISCLOSED,2600000.0,EUR,2233400.0,TRUE,
22c33bf4-b3b,plr_6364d1c0,2022_2023,2022-07-01,UNKNOWN,UNKNOWN,DISCLOSED,2400000.0,EUR,2061600.0,TRUE,
d4b02890-29b,plr_90b9a28f,2022_2023,2022-07-01,UNKNOWN,UNKNOWN,DISCLOSED,2300000.0,EUR,1975700.0,TRUE,
c32468d4-7e5,plr_146bf8db,2022_2023,2022-07-01,UNKNOWN,UNKNOWN,DISCLOSED,2300000.0,EUR,1975700.0,TRUE,
240e090b-54e,plr_92208eb3,2022_2023,2022-07-01,UNKNOWN,UNKNOWN,DISCLOSED,950000.0,EUR,816050.0,TRUE,
7be6a5a2-2d5,plr_b180d455,2022_2023,2022-07-01,UNKNOWN,UNKNOWN,FREE,0.0,,0.0,FALSE,FEE IS FREE
42661848-21c,plr_e11a4f00,2022_2023,2022-07-01,UNKNOWN,UNKNOWN,FREE,0.0,,0.0,FALSE,FEE IS FREE
11b531f2-ea0,plr_de07a986,2022_2023,2022-07-01,UNKNOWN,UNKNOWN,FREE,0.0,,0.0,FALSE,FEE IS FREE
233ac1d2-f85,plr_24fcfbd3,2022_2023,2022-07-01,UNKNOWN,UNKNOWN,FREE,0.0,,0.0,FALSE,FEE IS FREE
c6b42bcc-18b,plr_3d428826,2022_2023,2022-07-01,UNKNOWN,UNKNOWN,LOAN,0.0,,0.0,FALSE,FEE IS LOAN
ef579f59-e02,plr_fe4d44b9,2022_2023,2022-07-01,UNKNOWN,UNKNOWN,LOAN,0.0,,0.0,FALSE,FEE IS LOAN
af69e747-f02,plr_ccef0fa9,2022_2023,2022-07-01,UNKNOWN,UNKNOWN,UNKNOWN,,,,FALSE,FEE IS UNKNOWN
524eb2d3-d17,plr_717a0aeb,2022_2023,2022-07-01,UNKNOWN,UNKNOWN,LOAN,0.0,,0.0,FALSE,FEE IS LOAN
23c357d3-4a5,plr_21a12e2e,2022_2023,2022-07-01,UNKNOWN,UNKNOWN,LOAN,0.0,,0.0,FALSE,FEE IS LOAN
73e8c0af-7b1,plr_ad0d0bc8,2022_2023,2022-07-01,UNKNOWN,UNKNOWN,LOAN,0.0,,0.0,FALSE,FEE IS LOAN
0ff84ed7-1e8,plr_e2c60ee5,2022_2023,2022-07-01,UNKNOWN,UNKNOWN,LOAN,0.0,,0.0,FALSE,FEE IS LOAN
99cb449c-88a,plr_693a0702,2022_2023,2022-07-01,UNKNOWN,UNKNOWN,LOAN,0.0,,0.0,FALSE,FEE IS LOAN
c67f6270-d09,plr_74160ace,2022_2023,2022-07-01,UNKNOWN,UNKNOWN,LOAN,0.0,,0.0,FALSE,FEE IS LOAN
569e70b1-0d0,plr_f8c45e74,2022_2023,2022-07-01,UNKNOWN,UNKNOWN,LOAN,0.0,,0.0,FALSE,FEE IS LOAN
9cb10191-2ab,plr_fff873a6,2022_2023,2022-07-01,UNKNOWN,UNKNOWN,DISCLOSED,5000000.0,EUR,4295000.0,TRUE,
09524301-e96,plr_9b947f7d,2022_2023,2022-07-01,UNKNOWN,UNKNOWN,FREE,0.0,,0.0,FALSE,FEE IS FREE
b190cf4d-6d1,plr_0a1bf194,2022_2023,2022-07-01,UNKNOWN,UNKNOWN,FREE,0.0,,0.0,FALSE,FEE IS FREE
f6007d72-24f,plr_139846fd,2022_2023,2022-07-01,UNKNOWN,UNKNOWN,FREE,0.0,,0.0,FALSE,FEE IS FREE
26e667fc-fb3,plr_dd3313a6,2022_2023,2022-07-01,UNKNOWN,UNKNOWN,FREE,0.0,,0.0,FALSE,FEE IS FREE
90a989f8-939,plr_b171630c,2022_2023,2022-07-01,UNKNOWN,UNKNOWN,LOAN,0.0,,0.0,FALSE,FEE IS LOAN
5b6d521a-d2d,plr_3c3f3e76,2022_2023,2022-07-01,UNKNOWN,UNKNOWN,LOAN,0.0,,0.0,FALSE,FEE IS LOAN
d5aaa242-bf9,plr_847db346,2022_2023,2022-07-01,UNKNOWN,UNKNOWN,LOAN,0.0,,0.0,FALSE,FEE IS LOAN
d2799574-d7e,plr_973e4a3b,2022_2023,2022-07-01,UNKNOWN,UNKNOWN,UNKNOWN,,,,FALSE,FEE IS UNKNOWN
fde8a017-8de,plr_49361735,2022_2023,2022-07-01,UNKNOWN,UNKNOWN,DISCLOSED,25000000.0,EUR,21475000.0,TRUE,
66fbf265-2d7,plr_c164bf16,2022_2023,2022-07-01,UNKNOWN,UNKNOWN,DISCLOSED,22260000.0,EUR,19121340.0,TRUE,
00809ca8-46a,plr_c8338009,2022_2023,2022-07-01,UNKNOWN,UNKNOWN,DISCLOSED,18000000.0,EUR,15462000.0,TRUE,
4fb31e7d-ee4,plr_4594390e,2022_2023,2022-07-01,UNKNOWN,UNKNOWN,DISCLOSED,14000000.0,EUR,12026000.0,TRUE,
9e9e17de-177,plr_1c626aa9,2022_2023,2022-07-01,UNKNOWN,UNKNOWN,DISCLOSED,13650000.0,EUR,11725350.0,TRUE,
cdb699ff-8c6,plr_ca91e899,2022_2023,2022-07-01,UNKNOWN,UNKNOWN,DISCLOSED,12000000.0,EUR,10308000.0,TRUE,
d33a7269-36d,plr_a752b37f,2022_2023,2022-07-01,UNKNOWN,UNKNOWN,DISCLOSED,11500000.0,EUR,9878500.0,TRUE,
bddae300-891,plr_187bdc22,2022_2023,2022-07-01,UNKNOWN,UNKNOWN,DISCLOSED,8199999.999999999,EUR,7043800.0,TRUE,
2af470d1-892,plr_8a50a8b2,2022_2023,2022-07-01,UNKNOWN,UNKNOWN,DISCLOSED,8000000.0,EUR,6872000.0,TRUE,
fe151bd9-c29,plr_cc7031e4,2022_2023,2022-07-01,UNKNOWN,UNKNOWN,DISCLOSED,8000000.0,EUR,6872000.0,TRUE,
d91d706a-cf2,plr_64b43756,2022_2023,2022-07-01,UNKNOWN,UNKNOWN,DISCLOSED,7000000.0,EUR,6013000.0,TRUE,
538583b8-7d9,plr_15767602,2022_2023,2022-07-01,UNKNOWN,UNKNOWN,DISCLOSED,5750000.0,EUR,4939250.0,TRUE,
bf994641-1b5,plr_0e0549a0,2022_2023,2022-07-01,UNKNOWN,UNKNOWN,DISCLOSED,850000.0,EUR,730150.0,TRUE,
9ce1eb74-72a,plr_b81177dd,2022_2023,2022-07-01,UNKNOWN,UNKNOWN,FREE,0.0,,0.0,FALSE,FEE IS FREE
f5497208-501,plr_08892396,2022_2023,2022-07-01,UNKNOWN,UNKNOWN,LOAN,0.0,,0.0,FALSE,FEE IS LOAN
dcb6e2f6-92f,plr_dfa2c127,2022_2023,2022-07-01,UNKNOWN,UNKNOWN,LOAN,0.0,,0.0,FALSE,FEE IS LOAN
9f3dfcbb-a57,plr_2e77994b,2022_2023,2022-07-01,UNKNOWN,UNKNOWN,LOAN,0.0,,0.0,FALSE,FEE IS LOAN
66c31e00-40d,plr_aba740bb,2022_2023,2022-07-01,UNKNOWN,UNKNOWN,DISCLOSED,5500000.0,EUR,4724500.0,TRUE,
9e182591-800,plr_97e401ea,2022_2023,2022-07-01,UNKNOWN,UNKNOWN,FREE,0.0,,0.0,FALSE,FEE IS FREE
8292a851-1ad,plr_2f306129,2022_2023,2022-07-01,UNKNOWN,UNKNOWN,FREE,0.0,,0.0,FALSE,FEE IS FREE
effc0757-657,plr_a93bd6e1,2022_2023,2022-07-01,UNKNOWN,UNKNOWN,FREE,0.0,,0.0,FALSE,FEE IS FREE
d995db7c-91b,plr_c7f28865,2022_2023,2022-07-01,UNKNOWN,UNKNOWN,FREE,0.0,,0.0,FALSE,FEE IS FREE
9db5fd4e-7e0,plr_6e664c42,2022_2023,2022-07-01,UNKNOWN,UNKNOWN,UNDISCLOSED,,,,FALSE,FEE IS UNDISCLOSED
3b937c34-bb8,plr_2bf05d91,2022_2023,2022-07-01,UNKNOWN,UNKNOWN,DISCLOSED,53800000.0,EUR,46214200.0,TRUE,
df22706a-929,plr_7394369c,2022_2023,2022-07-01,UNKNOWN,UNKNOWN,DISCLOSED,18000000.0,EUR,15462000.0,TRUE,
a966c0e6-362,plr_daa9173b,2022_2023,2022-07-01,UNKNOWN,UNKNOWN,DISCLOSED,14700000.0,EUR,12627300.0,TRUE,
5b18eb23-6cb,plr_50624195,2022_2023,2022-07-01,UNKNOWN,UNKNOWN,LOAN,0.0,,0.0,FALSE,FEE IS LOAN
4fb72935-c43,plr_aaa63c5d,2022_2023,2022-07-01,UNKNOWN,UNKNOWN,LOAN,0.0,,0.0,FALSE,FEE IS LOAN
c24af731-904,plr_274ad00e,2022_2023,2022-07-01,UNKNOWN,UNKNOWN,FREE,0.0,,0.0,FALSE,FEE IS FREE
a55ab0e4-f9f,plr_94486351,2022_2023,2022-07-01,UNKNOWN,UNKNOWN,LOAN,0.0,,0.0,FALSE,FEE IS LOAN
5a648b4f-274,plr_b0f4dfe0,2022_2023,2022-07-01,UNKNOWN,UNKNOWN,LOAN,0.0,,0.0,FALSE,FEE IS LOAN
dd295df1-9c9,plr_8050d42e,2022_2023,2022-07-01,UNKNOWN,UNKNOWN,LOAN,0.0,,0.0,FALSE,FEE IS LOAN
7c782d6c-dda,plr_8841fbfa,2022_2023,2022-07-01,UNKNOWN,UNKNOWN,LOAN,0.0,,0.0,FALSE,FEE IS LOAN
5e1ba4c9-4f8,plr_edc2579b,2022_2023,2022-07-01,UNKNOWN,UNKNOWN,LOAN,0.0,,0.0,FALSE,FEE IS LOAN
8f4f9d42-157,plr_5564ab09,2022_2023,2022-07-01,UNKNOWN,UNKNOWN,LOAN,0.0,,0.0,FALSE,FEE IS LOAN
b1872de7-5b3,plr_2ccc3a8c,2022_2023,2022-07-01,UNKNOWN,UNKNOWN,DISCLOSED,31250000.0,EUR,26843750.0,TRUE,
870fe68c-713,plr_e81737e0,2022_2023,2022-07-01,UNKNOWN,UNKNOWN,DISCLOSED,7000000.0,EUR,6013000.0,TRUE,
aeea0843-075,plr_8050d42e,2022_2023,2022-07-01,UNKNOWN,UNKNOWN,LOAN,0.0,,0.0,FALSE,FEE IS LOAN
d10ccbb7-167,plr_f4bc4b00,2022_2023,2022-07-01,UNKNOWN,UNKNOWN,FREE,0.0,,0.0,FALSE,FEE IS FREE
1186a87c-f6c,plr_1b991171,2022_2023,2022-07-01,UNKNOWN,UNKNOWN,UNDISCLOSED,,,,FALSE,FEE IS UNDISCLOSED
5d8bdaec-b4e,plr_e0a2290c,2022_2023,2022-07-01,UNKNOWN,UNKNOWN,LOAN,0.0,,0.0,FALSE,FEE IS LOAN
817d4576-8a6,plr_87cb672f,2022_2023,2022-07-01,UNKNOWN,UNKNOWN,LOAN,0.0,,0.0,FALSE,FEE IS LOAN
f6bbc3dc-3d0,plr_c1e41eae,2022_2023,2022-07-01,UNKNOWN,UNKNOWN,LOAN,0.0,,0.0,FALSE,FEE IS LOAN
61e5d064-343,plr_e8db260f,2022_2023,2022-07-01,UNKNOWN,UNKNOWN,LOAN,0.0,,0.0,FALSE,FEE IS LOAN
e531b51c-e16,plr_6f8873f6,2022_2023,2022-07-01,UNKNOWN,UNKNOWN,DISCLOSED,42950000.0,EUR,36894050.0,TRUE,
94e10ca9-d26,plr_5763865f,2022_2023,2022-07-01,UNKNOWN,UNKNOWN,DISCLOSED,38600000.0,EUR,33157400.0,TRUE,
57dbbdea-4d9,plr_0ac41e19,2022_2023,2022-07-01,UNKNOWN,UNKNOWN,DISCLOSED,35000000.0,EUR,30065000.0,TRUE,
bfbcf9e8-780,plr_dc2e718e,2022_2023,2022-07-01,UNKNOWN,UNKNOWN,DISCLOSED,20700000.0,EUR,17781300.0,TRUE,
58e54745-b89,plr_ab7b82ee,2022_2023,2022-07-01,UNKNOWN,UNKNOWN,DISCLOSED,12000000.0,EUR,10308000.0,TRUE,
56f2361e-b0a,plr_bc4bf056,2022_2023,2022-07-01,UNKNOWN,UNKNOWN,DISCLOSED,10650000.0,EUR,9148350.0,TRUE,
8d2f8877-076,plr_a3e2aa57,2022_2023,2022-07-01,UNKNOWN,UNKNOWN,DISCLOSED,9300000.0,EUR,7988700.0,TRUE,
c1a20e00-023,plr_3bc00dfd,2022_2023,2022-07-01,UNKNOWN,UNKNOWN,UNKNOWN,,,,FALSE,FEE IS UNKNOWN
5ffa0671-d2f,plr_cf1f0b81,2022_2023,2022-07-01,UNKNOWN,UNKNOWN,UNKNOWN,,,,FALSE,FEE IS UNKNOWN
e9a9567b-595,plr_75c2eaf5,2022_2023,2022-07-01,UNKNOWN,UNKNOWN,LOAN,0.0,,0.0,FALSE,FEE IS LOAN
62ca93cb-81a,plr_ea5eb2ac,2022_2023,2022-07-01,UNKNOWN,UNKNOWN,DISCLOSED,3750000.0,EUR,3221250.0,TRUE,
27ea7fe6-443,plr_a2c9564b,2022_2023,2022-07-01,UNKNOWN,UNKNOWN,FREE,0.0,,0.0,FALSE,FEE IS FREE
76019a39-9e0,plr_d7ec6d2c,2022_2023,2022-07-01,UNKNOWN,UNKNOWN,LOAN,0.0,,0.0,FALSE,FEE IS LOAN
8b872b65-112,plr_312147dd,2022_2023,2022-07-01,UNKNOWN,UNKNOWN,UNKNOWN,,,,FALSE,FEE IS UNKNOWN
46b61c0b-456,plr_b33184dc,2022_2023,2022-07-01,UNKNOWN,UNKNOWN,UNKNOWN,,,,FALSE,FEE IS UNKNOWN
dda178c3-2f9,plr_97dce035,2022_2023,2022-07-01,UNKNOWN,UNKNOWN,LOAN,0.0,,0.0,FALSE,FEE IS LOAN
98f976ed-2c9,plr_ba5aa623,2022_2023,2022-07-01,UNKNOWN,UNKNOWN,LOAN,0.0,,0.0,FALSE,FEE IS LOAN
92acb1fd-00d,plr_4585a1bc,2022_2023,2022-07-01,UNKNOWN,UNKNOWN,DISCLOSED,47400000.0,EUR,40716600.0,TRUE,
d90faad1-bb7,plr_e6a7122f,2022_2023,2022-07-01,UNKNOWN,UNKNOWN,DISCLOSED,32600000.0,EUR,28003400.0,TRUE,
22815b86-708,plr_a7a8e27e,2022_2023,2022-07-01,UNKNOWN,UNKNOWN,DISCLOSED,24300000.0,EUR,20873700.0,TRUE,
4bb36993-d44,plr_a3cc3263,2022_2023,2022-07-01,UNKNOWN,UNKNOWN,DISCLOSED,18700000.0,EUR,16063300.0,TRUE,
985729de-680,plr_165f55cf,2022_2023,2022-07-01,UNKNOWN,UNKNOWN,DISCLOSED,18000000.0,EUR,15462000.0,TRUE,
42d44673-d4a,plr_33bad45f,2022_2023,2022-07-01,UNKNOWN,UNKNOWN,DISCLOSED,16700000.0,EUR,14345300.0,TRUE,
2742cade-8b1,plr_68885946,2022_2023,2022-07-01,UNKNOWN,UNKNOWN,DISCLOSED,11000000.0,EUR,9449000.0,TRUE,
72e172a6-d81,plr_4a00294e,2022_2023,2022-07-01,UNKNOWN,UNKNOWN,DISCLOSED,5000000.0,EUR,4295000.0,TRUE,
32b516d0-c64,plr_dd07a55c,2022_2023,2022-07-01,UNKNOWN,UNKNOWN,LOAN,0.0,,0.0,FALSE,FEE IS LOAN
f30ffbb0-fde,plr_ad4b306b,2022_2023,2022-07-01,UNKNOWN,UNKNOWN,DISCLOSED,55000.0,EUR,47245.0,TRUE,
dbfb4816-bd1,plr_7a0db8a2,2022_2023,2022-07-01,UNKNOWN,UNKNOWN,LOAN,0.0,,0.0,FALSE,FEE IS LOAN
18c094e0-43a,plr_4369e4d7,2022_2023,2022-07-01,UNKNOWN,UNKNOWN,UNKNOWN,,,,FALSE,FEE IS UNKNOWN
856c4297-8d1,plr_1285370b,2022_2023,2022-07-01,UNKNOWN,UNKNOWN,UNKNOWN,,,,FALSE,FEE IS UNKNOWN
8f468244-581,plr_dc0b3a47,2022_2023,2022-07-01,UNKNOWN,UNKNOWN,UNKNOWN,,,,FALSE,FEE IS UNKNOWN
03c7d68e-a26,plr_b4a6b43d,2022_2023,2022-07-01,UNKNOWN,UNKNOWN,UNKNOWN,,,,FALSE,FEE IS UNKNOWN
d7e70614-c29,plr_ba32ab70,2022_2023,2022-07-01,UNKNOWN,UNKNOWN,LOAN,0.0,,0.0,FALSE,FEE IS LOAN
bb46cc3b-dda,plr_6bcbb576,2022_2023,2022-07-01,UNKNOWN,UNKNOWN,LOAN,0.0,,0.0,FALSE,FEE IS LOAN
dc279938-564,plr_d9bddd7f,2022_2023,2022-07-01,UNKNOWN,UNKNOWN,LOAN,0.0,,0.0,FALSE,FEE IS LOAN
874f01ae-222,plr_7068a1e1,2022_2023,2022-07-01,UNKNOWN,UNKNOWN,LOAN,0.0,,0.0,FALSE,FEE IS LOAN
13606570-fee,plr_e58a4908,2022_2023,2022-07-01,UNKNOWN,UNKNOWN,LOAN,0.0,,0.0,FALSE,FEE IS LOAN
a0ce791f-3d5,plr_81bd3dec,2022_2023,2022-07-01,UNKNOWN,UNKNOWN,LOAN,0.0,,0.0,FALSE,FEE IS LOAN
2c389808-551,plr_33ad1500,2022_2023,2022-07-01,UNKNOWN,UNKNOWN,LOAN,0.0,,0.0,FALSE,FEE IS LOAN
a1b40db9-966,plr_396ccfa2,2022_2023,2022-07-01,UNKNOWN,UNKNOWN,LOAN,0.0,,0.0,FALSE,FEE IS LOAN
bf303fd3-c8b,plr_1a3c095a,2022_2023,2022-07-01,UNKNOWN,UNKNOWN,LOAN,0.0,,0.0,FALSE,FEE IS LOAN
61da7584-f18,plr_4cc16317,2022_2023,2022-07-01,UNKNOWN,UNKNOWN,LOAN,0.0,,0.0,FALSE,FEE IS LOAN
d979beca-b95,plr_a3aa127d,2022_2023,2022-07-01,UNKNOWN,UNKNOWN,LOAN,0.0,,0.0,FALSE,FEE IS LOAN
998354f1-049,plr_e818e68a,2022_2023,2022-07-01,UNKNOWN,UNKNOWN,LOAN,0.0,,0.0,FALSE,FEE IS LOAN
de1f722f-1e8,plr_e535da10,2022_2023,2022-07-01,UNKNOWN,UNKNOWN,DISCLOSED,570000.0,EUR,489630.0,TRUE,
98bb534e-ea9,plr_ac70b76b,2022_2023,2022-07-01,UNKNOWN,UNKNOWN,FREE,0.0,,0.0,FALSE,FEE IS FREE
5c51d74a-659,plr_d277726e,2022_2023,2022-07-01,UNKNOWN,UNKNOWN,FREE,0.0,,0.0,FALSE,FEE IS FREE
0112adee-604,plr_b5e114d5,2022_2023,2022-07-01,UNKNOWN,UNKNOWN,FREE,0.0,,0.0,FALSE,FEE IS FREE
f6844e05-2b7,plr_d9bddd7f,2022_2023,2022-07-01,UNKNOWN,UNKNOWN,UNDISCLOSED,,,,FALSE,FEE IS UNDISCLOSED
476e8a69-aed,plr_eec2f23c,2022_2023,2022-07-01,UNKNOWN,UNKNOWN,LOAN,0.0,,0.0,FALSE,FEE IS LOAN
b086f412-5ee,plr_faed29bc,2022_2023,2022-07-01,UNKNOWN,UNKNOWN,LOAN,0.0,,0.0,FALSE,FEE IS LOAN
c1a7dd08-e58,plr_c58a7cc8,2023_2024,2023-07-01,UNKNOWN,UNKNOWN,DISCLOSED,116600000.0,EUR,100159400.0,TRUE,
54d45369-044,plr_2252608f,2023_2024,2023-07-01,UNKNOWN,UNKNOWN,DISCLOSED,75000000.0,EUR,64425000.0,TRUE,
88201ceb-dfe,plr_0f516e73,2023_2024,2023-07-01,UNKNOWN,UNKNOWN,DISCLOSED,40000000.0,EUR,34360000.0,TRUE,
e16e62bd-1ae,plr_ee719726,2023_2024,2023-07-01,UNKNOWN,UNKNOWN,LOAN,0.0,,0.0,FALSE,FEE IS LOAN
644291c3-ffd,plr_eaa0237c,2023_2024,2023-07-01,UNKNOWN,UNKNOWN,LOAN,0.0,,0.0,FALSE,FEE IS LOAN
054c5f3b-afd,plr_2d1196d6,2023_2024,2023-07-01,UNKNOWN,UNKNOWN,LOAN,0.0,,0.0,FALSE,FEE IS LOAN
03ccffee-837,plr_3d7157e4,2023_2024,2023-07-01,UNKNOWN,UNKNOWN,LOAN,0.0,,0.0,FALSE,FEE IS LOAN
9b9840bf-23e,plr_1e2387d0,2023_2024,2023-07-01,UNKNOWN,UNKNOWN,LOAN,0.0,,0.0,FALSE,FEE IS LOAN
6f1dc1a1-2f9,plr_10471fa2,2023_2024,2023-07-01,UNKNOWN,UNKNOWN,LOAN,0.0,,0.0,FALSE,FEE IS LOAN
71d78b59-86b,plr_4f7ebeaa,2023_2024,2023-07-01,UNKNOWN,UNKNOWN,LOAN,0.0,,0.0,FALSE,FEE IS LOAN
b5791a5a-d26,plr_e7a66a7c,2023_2024,2023-07-01,UNKNOWN,UNKNOWN,LOAN,0.0,,0.0,FALSE,FEE IS LOAN
c455bffa-a41,plr_05b88612,2023_2024,2023-07-01,UNKNOWN,UNKNOWN,LOAN,0.0,,0.0,FALSE,FEE IS LOAN
b23198a1-b37,plr_1f333686,2023_2024,2023-07-01,UNKNOWN,UNKNOWN,LOAN,0.0,,0.0,FALSE,FEE IS LOAN
dac86c95-f54,plr_092d4d51,2023_2024,2023-07-01,UNKNOWN,UNKNOWN,DISCLOSED,15000000.0,EUR,12885000.0,TRUE,
9e95e3b7-1fc,plr_92735ac1,2023_2024,2023-07-01,UNKNOWN,UNKNOWN,DISCLOSED,8150000.0,EUR,7000850.0,TRUE,
a48bf9eb-2c0,plr_8ba079eb,2023_2024,2023-07-01,UNKNOWN,UNKNOWN,DISCLOSED,5800000.0,EUR,4982200.0,TRUE,
3a556dd1-125,plr_732bbb2c,2023_2024,2023-07-01,UNKNOWN,UNKNOWN,LOAN,0.0,,0.0,FALSE,FEE IS LOAN
4583de3d-da9,plr_5d6c7016,2023_2024,2023-07-01,UNKNOWN,UNKNOWN,DISCLOSED,1200000.0,EUR,1030800.0,TRUE,
0c11499a-76c,plr_1f333686,2023_2024,2023-07-01,UNKNOWN,UNKNOWN,LOAN,0.0,,0.0,FALSE,FEE IS LOAN
a9ea7512-b32,plr_2d1196d6,2023_2024,2023-07-01,UNKNOWN,UNKNOWN,LOAN,0.0,,0.0,FALSE,FEE IS LOAN
1b71ea58-a42,plr_e9bad5d1,2023_2024,2023-07-01,UNKNOWN,UNKNOWN,FREE,0.0,,0.0,FALSE,FEE IS FREE
c8a18ddb-8e1,plr_a3eb9585,2023_2024,2023-07-01,UNKNOWN,UNKNOWN,DISCLOSED,55000000.0,EUR,47245000.0,TRUE,
0e3a0ef8-4c3,plr_37e7e6b0,2023_2024,2023-07-01,UNKNOWN,UNKNOWN,DISCLOSED,33000000.0,EUR,28347000.0,TRUE,
f8777772-41f,plr_54dd31eb,2023_2024,2023-07-01,UNKNOWN,UNKNOWN,DISCLOSED,33000000.0,EUR,28347000.0,TRUE,
b3d42ec8-865,plr_96f63892,2023_2024,2023-07-01,UNKNOWN,UNKNOWN,DISCLOSED,7600000.0,EUR,6528400.0,TRUE,
fcd571fa-3ca,plr_91d5d4c5,2023_2024,2023-07-01,UNKNOWN,UNKNOWN,LOAN,0.0,,0.0,FALSE,FEE IS LOAN
a29e5b73-0cb,plr_c1a55ea2,2023_2024,2023-07-01,UNKNOWN,UNKNOWN,DISCLOSED,1500000.0,EUR,1288500.0,TRUE,
c7af765e-3ad,plr_97d99afb,2023_2024,2023-07-01,UNKNOWN,UNKNOWN,FREE,0.0,,0.0,FALSE,FEE IS FREE
dd81565e-b1d,plr_7f42ad4d,2023_2024,2023-07-01,UNKNOWN,UNKNOWN,UNKNOWN,,,,FALSE,FEE IS UNKNOWN
3f0eee6b-739,plr_04e9e122,2023_2024,2023-07-01,UNKNOWN,UNKNOWN,UNKNOWN,,,,FALSE,FEE IS UNKNOWN
ed77d7d6-b15,plr_94486351,2023_2024,2023-07-01,UNKNOWN,UNKNOWN,LOAN,0.0,,0.0,FALSE,FEE IS LOAN
f4a58183-d10,plr_96d13ae1,2023_2024,2023-07-01,UNKNOWN,UNKNOWN,LOAN,0.0,,0.0,FALSE,FEE IS LOAN
66876318-b69,plr_cae338cb,2023_2024,2023-07-01,UNKNOWN,UNKNOWN,LOAN,0.0,,0.0,FALSE,FEE IS LOAN
2f3ebeb8-1b3,plr_fcc0754e,2023_2024,2023-07-01,UNKNOWN,UNKNOWN,LOAN,0.0,,0.0,FALSE,FEE IS LOAN
78b4abec-93e,plr_f4399801,2023_2024,2023-07-01,UNKNOWN,UNKNOWN,DISCLOSED,21550000.0,EUR,18511450.0,TRUE,
00e671e3-17e,plr_8c04f363,2023_2024,2023-07-01,UNKNOWN,UNKNOWN,DISCLOSED,5800000.0,EUR,4982200.0,TRUE,
1051ce12-c8f,plr_73c60311,2023_2024,2023-07-01,UNKNOWN,UNKNOWN,DISCLOSED,2900000.0,EUR,2491100.0,TRUE,
fe100021-3a6,plr_8fbffa8e,2023_2024,2023-07-01,UNKNOWN,UNKNOWN,DISCLOSED,2300000.0,EUR,1975700.0,TRUE,
6c974351-3f0,plr_2411b26a,2023_2024,2023-07-01,UNKNOWN,UNKNOWN,LOAN,0.0,,0.0,FALSE,FEE IS LOAN
46fa3355-ef7,plr_c68d6c16,2023_2024,2023-07-01,UNKNOWN,UNKNOWN,FREE,0.0,,0.0,FALSE,FEE IS FREE
4adab3df-b3d,plr_68c4c447,2023_2024,2023-07-01,UNKNOWN,UNKNOWN,FREE,0.0,,0.0,FALSE,FEE IS FREE
8286a74f-93a,plr_12d4e613,2023_2024,2023-07-01,UNKNOWN,UNKNOWN,LOAN,0.0,,0.0,FALSE,FEE IS LOAN
ae33399e-427,plr_6f31cabe,2023_2024,2023-07-01,UNKNOWN,UNKNOWN,UNKNOWN,,,,FALSE,FEE IS UNKNOWN
149e24ad-a8d,plr_57cee665,2023_2024,2023-07-01,UNKNOWN,UNKNOWN,DISCLOSED,26900000.0,EUR,23107100.0,TRUE,
a8ffc014-817,plr_16bb55cb,2023_2024,2023-07-01,UNKNOWN,UNKNOWN,DISCLOSED,25620000.0,EUR,22007580.0,TRUE,
a2477645-d2f,plr_ddf1826b,2023_2024,2023-07-01,UNKNOWN,UNKNOWN,DISCLOSED,23000000.0,EUR,19757000.0,TRUE,
ef1e72e6-f58,plr_ba448454,2023_2024,2023-07-01,UNKNOWN,UNKNOWN,DISCLOSED,20470000.0,EUR,17583730.0,TRUE,
dc64d863-a7a,plr_7e8f4b6a,2023_2024,2023-07-01,UNKNOWN,UNKNOWN,DISCLOSED,15000000.0,EUR,12885000.0,TRUE,
6347e4a2-fc8,plr_99db3db7,2023_2024,2023-07-01,UNKNOWN,UNKNOWN,DISCLOSED,10800000.0,EUR,9277200.0,TRUE,
94fcbc7b-314,plr_641cfebf,2023_2024,2023-07-01,UNKNOWN,UNKNOWN,DISCLOSED,8100000.0,EUR,6957900.0,TRUE,
f6423e9c-adb,plr_88a5e71d,2023_2024,2023-07-01,UNKNOWN,UNKNOWN,LOAN,0.0,,0.0,FALSE,FEE IS LOAN
585d272b-4c5,plr_59d7b4a5,2023_2024,2023-07-01,UNKNOWN,UNKNOWN,LOAN,0.0,,0.0,FALSE,FEE IS LOAN
3b0cd3ea-db0,plr_3b549fff,2023_2024,2023-07-01,UNKNOWN,UNKNOWN,LOAN,0.0,,0.0,FALSE,FEE IS LOAN
caf4ec81-a79,plr_d5b1cc05,2023_2024,2023-07-01,UNKNOWN,UNKNOWN,LOAN,0.0,,0.0,FALSE,FEE IS LOAN
6dcc3c6c-9ff,plr_9441251c,2023_2024,2023-07-01,UNKNOWN,UNKNOWN,LOAN,0.0,,0.0,FALSE,FEE IS LOAN
04a2eafc-52a,plr_a9eaff24,2023_2024,2023-07-01,UNKNOWN,UNKNOWN,LOAN,0.0,,0.0,FALSE,FEE IS LOAN
89dcf84a-5b3,plr_839110fe,2023_2024,2023-07-01,UNKNOWN,UNKNOWN,LOAN,0.0,,0.0,FALSE,FEE IS LOAN
690321df-c84,plr_e6a21ac0,2023_2024,2023-07-01,UNKNOWN,UNKNOWN,LOAN,0.0,,0.0,FALSE,FEE IS LOAN
c9fc080e-aa0,plr_3d5d63c5,2023_2024,2023-07-01,UNKNOWN,UNKNOWN,LOAN,0.0,,0.0,FALSE,FEE IS LOAN
7f36d743-5ca,plr_f9e9d397,2023_2024,2023-07-01,UNKNOWN,UNKNOWN,LOAN,0.0,,0.0,FALSE,FEE IS LOAN
567fc5fb-f29,plr_7265b6ab,2023_2024,2023-07-01,UNKNOWN,UNKNOWN,LOAN,0.0,,0.0,FALSE,FEE IS LOAN
61d0a050-93b,plr_8ec939c3,2023_2024,2023-07-01,UNKNOWN,UNKNOWN,LOAN,0.0,,0.0,FALSE,FEE IS LOAN
509a457d-baa,plr_0505158f,2023_2024,2023-07-01,UNKNOWN,UNKNOWN,DISCLOSED,1500000.0,EUR,1288500.0,TRUE,
871d55bd-598,plr_f96d7e85,2023_2024,2023-07-01,UNKNOWN,UNKNOWN,FREE,0.0,,0.0,FALSE,FEE IS FREE
6304f326-8dc,plr_b14c054d,2023_2024,2023-07-01,UNKNOWN,UNKNOWN,FREE,0.0,,0.0,FALSE,FEE IS FREE
96c76876-d66,plr_ec727651,2023_2024,2023-07-01,UNKNOWN,UNKNOWN,FREE,0.0,,0.0,FALSE,FEE IS FREE
255cdc91-bc6,plr_405bfb99,2023_2024,2023-07-01,UNKNOWN,UNKNOWN,UNDISCLOSED,,,,FALSE,FEE IS UNDISCLOSED
200a6b66-f4b,plr_d5b1cc05,2023_2024,2023-07-01,UNKNOWN,UNKNOWN,UNDISCLOSED,,,,FALSE,FEE IS UNDISCLOSED
4bf06ab9-dbf,plr_3487425b,2023_2024,2023-07-01,UNKNOWN,UNKNOWN,LOAN,0.0,,0.0,FALSE,FEE IS LOAN
8b7b29c5-8a7,plr_77290ee1,2023_2024,2023-07-01,UNKNOWN,UNKNOWN,LOAN,0.0,,0.0,FALSE,FEE IS LOAN
ba89a803-2a5,plr_c63673bf,2023_2024,2023-07-01,UNKNOWN,UNKNOWN,UNKNOWN,,,,FALSE,FEE IS UNKNOWN
dacecfff-8fc,plr_01563834,2023_2024,2023-07-01,UNKNOWN,UNKNOWN,LOAN,0.0,,0.0,FALSE,FEE IS LOAN
c190c494-247,plr_a7a8e27e,2023_2024,2023-07-01,UNKNOWN,UNKNOWN,DISCLOSED,26850000.0,EUR,23064150.0,TRUE,
35c262bf-5e3,plr_75544f5c,2023_2024,2023-07-01,UNKNOWN,UNKNOWN,DISCLOSED,25000000.0,EUR,21475000.0,TRUE,
a497fb5a-9c2,plr_3141a054,2023_2024,2023-07-01,UNKNOWN,UNKNOWN,DISCLOSED,13000000.0,EUR,11167000.0,TRUE,
541ada00-87e,plr_ab1de22b,2023_2024,2023-07-01,UNKNOWN,UNKNOWN,DISCLOSED,4500000.0,EUR,3865500.0,TRUE,
e1d3b799-e43,plr_98abebb1,2023_2024,2023-07-01,UNKNOWN,UNKNOWN,DISCLOSED,3000000.0,EUR,2577000.0,TRUE,
a40cd44a-246,plr_87cb672f,2023_2024,2023-07-01,UNKNOWN,UNKNOWN,LOAN,0.0,,0.0,FALSE,FEE IS LOAN
894ca1d2-2b1,plr_a2085edd,2023_2024,2023-07-01,UNKNOWN,UNKNOWN,LOAN,0.0,,0.0,FALSE,FEE IS LOAN
180ff062-6be,plr_88e94c74,2023_2024,2023-07-01,UNKNOWN,UNKNOWN,UNKNOWN,,,,FALSE,FEE IS UNKNOWN
f7d55c29-58d,plr_5863d09f,2023_2024,2023-07-01,UNKNOWN,UNKNOWN,UNKNOWN,,,,FALSE,FEE IS UNKNOWN
31a7951a-d03,plr_140e036d,2023_2024,2023-07-01,UNKNOWN,UNKNOWN,LOAN,0.0,,0.0,FALSE,FEE IS LOAN
a3b1bb0f-1ee,plr_d4221244,2023_2024,2023-07-01,UNKNOWN,UNKNOWN,LOAN,0.0,,0.0,FALSE,FEE IS LOAN
5598e7ed-b88,plr_0eff10a4,2023_2024,2023-07-01,UNKNOWN,UNKNOWN,LOAN,0.0,,0.0,FALSE,FEE IS LOAN
f06b8fbd-254,plr_549001fa,2023_2024,2023-07-01,UNKNOWN,UNKNOWN,LOAN,0.0,,0.0,FALSE,FEE IS LOAN
e0c0494c-023,plr_e49151a3,2023_2024,2023-07-01,UNKNOWN,UNKNOWN,LOAN,0.0,,0.0,FALSE,FEE IS LOAN
c1b2e9e4-f06,plr_aa057502,2023_2024,2023-07-01,UNKNOWN,UNKNOWN,LOAN,0.0,,0.0,FALSE,FEE IS LOAN
c091783c-a2b,plr_a7bb9b95,2023_2024,2023-07-01,UNKNOWN,UNKNOWN,LOAN,0.0,,0.0,FALSE,FEE IS LOAN
e7d2bc0b-6e3,plr_d9698762,2023_2024,2023-07-01,UNKNOWN,UNKNOWN,LOAN,0.0,,0.0,FALSE,FEE IS LOAN
57e69a3b-a34,plr_04b0da4c,2023_2024,2023-07-01,UNKNOWN,UNKNOWN,LOAN,0.0,,0.0,FALSE,FEE IS LOAN
e2d71403-851,plr_484684f5,2023_2024,2023-07-01,UNKNOWN,UNKNOWN,DISCLOSED,500000.0,EUR,429500.0,TRUE,
97119920-8ea,plr_8a88b301,2023_2024,2023-07-01,UNKNOWN,UNKNOWN,FREE,0.0,,0.0,FALSE,FEE IS FREE
15d39d0d-b78,plr_e72a0f8d,2023_2024,2023-07-01,UNKNOWN,UNKNOWN,UNKNOWN,,,,FALSE,FEE IS UNKNOWN
0ebd5d0d-2e0,plr_90719632,2023_2024,2023-07-01,UNKNOWN,UNKNOWN,DISCLOSED,34200000.0,EUR,29377800.0,TRUE,
17bc8516-81d,plr_eb4affae,2023_2024,2023-07-01,UNKNOWN,UNKNOWN,DISCLOSED,27000000.0,EUR,23193000.0,TRUE,
9d2f0e80-c85,plr_e531d698,2023_2024,2023-07-01,UNKNOWN,UNKNOWN,DISCLOSED,20000000.0,EUR,17180000.0,TRUE,
69183272-1b8,plr_b40721dd,2023_2024,2023-07-01,UNKNOWN,UNKNOWN,DISCLOSED,16500000.0,EUR,14173500.0,TRUE,
483c60a8-cbb,plr_b07ff5f6,2023_2024,2023-07-01,UNKNOWN,UNKNOWN,DISCLOSED,9150000.0,EUR,7859850.0,TRUE,
c496f3a1-562,plr_774421a9,2023_2024,2023-07-01,UNKNOWN,UNKNOWN,FREE,0.0,,0.0,FALSE,FEE IS FREE
f52b577b-281,plr_833cc749,2023_2024,2023-07-01,UNKNOWN,UNKNOWN,FREE,0.0,,0.0,FALSE,FEE IS FREE
462f6e07-be8,plr_5d7df2ef,2023_2024,2023-07-01,UNKNOWN,UNKNOWN,LOAN,0.0,,0.0,FALSE,FEE IS LOAN
fbaaaf6e-dcd,plr_7f724bf8,2023_2024,2023-07-01,UNKNOWN,UNKNOWN,UNKNOWN,,,,FALSE,FEE IS UNKNOWN
425601d6-265,plr_9740b5c6,2023_2024,2023-07-01,UNKNOWN,UNKNOWN,UNKNOWN,,,,FALSE,FEE IS UNKNOWN
a8a05293-91b,plr_0992d61c,2023_2024,2023-07-01,UNKNOWN,UNKNOWN,UNKNOWN,,,,FALSE,FEE IS UNKNOWN
18a008a3-d76,plr_d1298b19,2023_2024,2023-07-01,UNKNOWN,UNKNOWN,UNKNOWN,,,,FALSE,FEE IS UNKNOWN
d8da5b7f-b45,plr_ff2c01a3,2023_2024,2023-07-01,UNKNOWN,UNKNOWN,UNKNOWN,,,,FALSE,FEE IS UNKNOWN
83dec5c0-a7c,plr_29b3267f,2023_2024,2023-07-01,UNKNOWN,UNKNOWN,LOAN,0.0,,0.0,FALSE,FEE IS LOAN
540fc5f5-ffe,plr_a5598aab,2023_2024,2023-07-01,UNKNOWN,UNKNOWN,LOAN,0.0,,0.0,FALSE,FEE IS LOAN
7359b7e4-73b,plr_b494af93,2023_2024,2023-07-01,UNKNOWN,UNKNOWN,LOAN,0.0,,0.0,FALSE,FEE IS LOAN
1b80b717-9d3,plr_a1d9dc7e,2023_2024,2023-07-01,UNKNOWN,UNKNOWN,LOAN,0.0,,0.0,FALSE,FEE IS LOAN
e0dda6f0-677,plr_0a6b8ac7,2023_2024,2023-07-01,UNKNOWN,UNKNOWN,LOAN,0.0,,0.0,FALSE,FEE IS LOAN
d316a0ae-8e4,plr_a15797bf,2023_2024,2023-07-01,UNKNOWN,UNKNOWN,LOAN,0.0,,0.0,FALSE,FEE IS LOAN
f9ecf9f3-ae9,plr_2ae468a9,2023_2024,2023-07-01,UNKNOWN,UNKNOWN,LOAN,0.0,,0.0,FALSE,FEE IS LOAN
4aa06e56-78b,plr_35962220,2023_2024,2023-07-01,UNKNOWN,UNKNOWN,LOAN,0.0,,0.0,FALSE,FEE IS LOAN
0a43fd85-e79,plr_c795f503,2023_2024,2023-07-01,UNKNOWN,UNKNOWN,DISCLOSED,116000000.0,EUR,99644000.0,TRUE,
f6f4f29e-f60,plr_fac1aa20,2023_2024,2023-07-01,UNKNOWN,UNKNOWN,DISCLOSED,42000000.0,EUR,36078000.0,TRUE,
a0ab3e18-023,plr_9a1ef932,2023_2024,2023-07-01,UNKNOWN,UNKNOWN,DISCLOSED,23000000.0,EUR,19757000.0,TRUE,
896898a3-710,plr_13d6ceb8,2023_2024,2023-07-01,UNKNOWN,UNKNOWN,DISCLOSED,1350000.0,EUR,1159650.0,TRUE,
348dec88-f75,plr_52047160,2023_2024,2023-07-01,UNKNOWN,UNKNOWN,LOAN,0.0,,0.0,FALSE,FEE IS LOAN
07d5e617-1a2,plr_88ee70da,2023_2024,2023-07-01,UNKNOWN,UNKNOWN,FREE,0.0,,0.0,FALSE,FEE IS FREE
4c3b780c-91e,plr_55d795b7,2023_2024,2023-07-01,UNKNOWN,UNKNOWN,UNDISCLOSED,,,,FALSE,FEE IS UNDISCLOSED
37127a1a-9df,plr_f131bb57,2023_2024,2023-07-01,UNKNOWN,UNKNOWN,DISCLOSED,18600000.0,EUR,15977400.0,TRUE,
3bb372b0-b9c,plr_e6fd72e4,2023_2024,2023-07-01,UNKNOWN,UNKNOWN,DISCLOSED,17300000.0,EUR,14860700.0,TRUE,
f34335b9-be4,plr_50585d71,2023_2024,2023-07-01,UNKNOWN,UNKNOWN,DISCLOSED,16450000.0,EUR,14130550.0,TRUE,
52634dec-2b9,plr_79fba9f2,2023_2024,2023-07-01,UNKNOWN,UNKNOWN,DISCLOSED,15000000.0,EUR,12885000.0,TRUE,
26785b01-d8c,plr_f0b96748,2023_2024,2023-07-01,UNKNOWN,UNKNOWN,DISCLOSED,13900000.0,EUR,11940100.0,TRUE,
518464b2-459,plr_5d684fab,2023_2024,2023-07-01,UNKNOWN,UNKNOWN,DISCLOSED,12000000.0,EUR,10308000.0,TRUE,
d9ca42ca-44d,plr_c828877d,2023_2024,2023-07-01,UNKNOWN,UNKNOWN,DISCLOSED,7800000.0,EUR,6700200.0,TRUE,
99156671-3f7,plr_cd2c67e2,2023_2024,2023-07-01,UNKNOWN,UNKNOWN,DISCLOSED,4000000.0,EUR,3436000.0,TRUE,
6c78d2dd-766,plr_4c1ff445,2023_2024,2023-07-01,UNKNOWN,UNKNOWN,DISCLOSED,3000000.0,EUR,2577000.0,TRUE,
e8492213-f08,plr_1da0af35,2023_2024,2023-07-01,UNKNOWN,UNKNOWN,DISCLOSED,3000000.0,EUR,2577000.0,TRUE,
b5008552-032,plr_dffe8c53,2023_2024,2023-07-01,UNKNOWN,UNKNOWN,FREE,0.0,,0.0,FALSE,FEE IS FREE
51134d27-a0e,plr_2f306129,2023_2024,2023-07-01,UNKNOWN,UNKNOWN,FREE,0.0,,0.0,FALSE,FEE IS FREE
45cde8be-460,plr_048768f4,2023_2024,2023-07-01,UNKNOWN,UNKNOWN,FREE,0.0,,0.0,FALSE,FEE IS FREE
76457b67-85c,plr_13b5c9bd,2023_2024,2023-07-01,UNKNOWN,UNKNOWN,LOAN,0.0,,0.0,FALSE,FEE IS LOAN
fd1e8b88-f5d,plr_986140fa,2023_2024,2023-07-01,UNKNOWN,UNKNOWN,LOAN,0.0,,0.0,FALSE,FEE IS LOAN
37416f44-7e8,plr_75365851,2023_2024,2023-07-01,UNKNOWN,UNKNOWN,LOAN,0.0,,0.0,FALSE,FEE IS LOAN
3ef37a80-0c9,plr_e73c9485,2023_2024,2023-07-01,UNKNOWN,UNKNOWN,LOAN,0.0,,0.0,FALSE,FEE IS LOAN
20d7ab9f-457,plr_54d0a7e2,2023_2024,2023-07-01,UNKNOWN,UNKNOWN,LOAN,0.0,,0.0,FALSE,FEE IS LOAN
89ec9100-c29,plr_a1b17c5a,2023_2024,2023-07-01,UNKNOWN,UNKNOWN,UNKNOWN,,,,FALSE,FEE IS UNKNOWN
b636928d-e2d,plr_34764d5c,2023_2024,2023-07-01,UNKNOWN,UNKNOWN,LOAN,0.0,,0.0,FALSE,FEE IS LOAN
4f338743-4fe,plr_2f62c95e,2023_2024,2023-07-01,UNKNOWN,UNKNOWN,LOAN,0.0,,0.0,FALSE,FEE IS LOAN
07016b31-5fd,plr_779bd682,2023_2024,2023-07-01,UNKNOWN,UNKNOWN,LOAN,0.0,,0.0,FALSE,FEE IS LOAN
fed3e6d8-baa,plr_a735a5d1,2023_2024,2023-07-01,UNKNOWN,UNKNOWN,LOAN,0.0,,0.0,FALSE,FEE IS LOAN
406f18c2-7f1,plr_345299fa,2023_2024,2023-07-01,UNKNOWN,UNKNOWN,LOAN,0.0,,0.0,FALSE,FEE IS LOAN
2f473916-bd5,plr_8701023f,2023_2024,2023-07-01,UNKNOWN,UNKNOWN,LOAN,0.0,,0.0,FALSE,FEE IS LOAN
80017bdb-71f,plr_93a07ab5,2023_2024,2023-07-01,UNKNOWN,UNKNOWN,LOAN,0.0,,0.0,FALSE,FEE IS LOAN
dd18e047-15c,plr_676b11d7,2023_2024,2023-07-01,UNKNOWN,UNKNOWN,DISCLOSED,2300000.0,EUR,1975700.0,TRUE,
1cc884bc-fe4,plr_779bd682,2023_2024,2023-07-01,UNKNOWN,UNKNOWN,LOAN,0.0,,0.0,FALSE,FEE IS LOAN
8c19e7e3-a13,plr_d6c51cd6,2023_2024,2023-07-01,UNKNOWN,UNKNOWN,FREE,0.0,,0.0,FALSE,FEE IS FREE
f45db204-468,plr_d7833c4c,2023_2024,2023-07-01,UNKNOWN,UNKNOWN,FREE,0.0,,0.0,FALSE,FEE IS FREE
e1acd838-2a5,plr_f1e80354,2023_2024,2023-07-01,UNKNOWN,UNKNOWN,FREE,0.0,,0.0,FALSE,FEE IS FREE
93c21ff4-9ca,plr_c19f084e,2023_2024,2023-07-01,UNKNOWN,UNKNOWN,LOAN,0.0,,0.0,FALSE,FEE IS LOAN
8c13c29a-fee,plr_ca297528,2023_2024,2023-07-01,UNKNOWN,UNKNOWN,LOAN,0.0,,0.0,FALSE,FEE IS LOAN
09d3a4b2-02a,plr_4cbcaf14,2023_2024,2023-07-01,UNKNOWN,UNKNOWN,LOAN,0.0,,0.0,FALSE,FEE IS LOAN
81823ea6-afb,plr_68a23045,2023_2024,2023-07-01,UNKNOWN,UNKNOWN,UNKNOWN,,,,FALSE,FEE IS UNKNOWN
3a256fc2-211,plr_c164bf16,2023_2024,2023-07-01,UNKNOWN,UNKNOWN,DISCLOSED,62100000.0,EUR,53343900.0,TRUE,
ab79133e-8bd,plr_beb30cf4,2023_2024,2023-07-01,UNKNOWN,UNKNOWN,DISCLOSED,60000000.0,EUR,51540000.0,TRUE,
4d87fc6f-7cc,plr_92807238,2023_2024,2023-07-01,UNKNOWN,UNKNOWN,DISCLOSED,47000000.0,EUR,40373000.0,TRUE,
f07c058e-6f4,plr_0aa2751b,2023_2024,2023-07-01,UNKNOWN,UNKNOWN,DISCLOSED,45000000.0,EUR,38655000.0,TRUE,
871ddf95-99e,plr_9b9c9277,2023_2024,2023-07-01,UNKNOWN,UNKNOWN,DISCLOSED,37000000.0,EUR,31783000.0,TRUE,
a83bc9b7-a13,plr_3a536250,2023_2024,2023-07-01,UNKNOWN,UNKNOWN,DISCLOSED,27000000.0,EUR,23193000.0,TRUE,
4b575ca4-647,plr_e342963b,2023_2024,2023-07-01,UNKNOWN,UNKNOWN,DISCLOSED,16000000.0,EUR,13744000.0,TRUE,
4e292529-63f,plr_af7510cc,2023_2024,2023-07-01,UNKNOWN,UNKNOWN,DISCLOSED,15000000.0,EUR,12885000.0,TRUE,
4e69814b-66f,plr_e140f0de,2023_2024,2023-07-01,UNKNOWN,UNKNOWN,FREE,0.0,,0.0,FALSE,FEE IS FREE
3eb2b439-65d,plr_ef9c1fbd,2023_2024,2023-07-01,UNKNOWN,UNKNOWN,UNKNOWN,,,,FALSE,FEE IS UNKNOWN
ff56ba2a-f2b,plr_bc991cb2,2023_2024,2023-07-01,UNKNOWN,UNKNOWN,UNKNOWN,,,,FALSE,FEE IS UNKNOWN
e6290a03-b4d,plr_efeba1c1,2023_2024,2023-07-01,UNKNOWN,UNKNOWN,UNKNOWN,,,,FALSE,FEE IS UNKNOWN
714c1434-a9b,plr_b28c6133,2023_2024,2023-07-01,UNKNOWN,UNKNOWN,UNKNOWN,,,,FALSE,FEE IS UNKNOWN
80d0f502-ed4,plr_686214d5,2023_2024,2023-07-01,UNKNOWN,UNKNOWN,UNKNOWN,,,,FALSE,FEE IS UNKNOWN
b64af1b3-e55,plr_45c6fe45,2023_2024,2023-07-01,UNKNOWN,UNKNOWN,LOAN,0.0,,0.0,FALSE,FEE IS LOAN
6f765bcc-c88,plr_818e59dd,2023_2024,2023-07-01,UNKNOWN,UNKNOWN,LOAN,0.0,,0.0,FALSE,FEE IS LOAN
00b7b357-432,plr_9bb42042,2023_2024,2023-07-01,UNKNOWN,UNKNOWN,LOAN,0.0,,0.0,FALSE,FEE IS LOAN
0d94639d-3d5,plr_52ee411b,2023_2024,2023-07-01,UNKNOWN,UNKNOWN,LOAN,0.0,,0.0,FALSE,FEE IS LOAN
a423fb7a-5d9,plr_c8c2df65,2023_2024,2023-07-01,UNKNOWN,UNKNOWN,LOAN,0.0,,0.0,FALSE,FEE IS LOAN
3da2cc3c-566,plr_bb322fdf,2023_2024,2023-07-01,UNKNOWN,UNKNOWN,LOAN,0.0,,0.0,FALSE,FEE IS LOAN
f1dc73f7-8b4,plr_e2b837a7,2023_2024,2023-07-01,UNKNOWN,UNKNOWN,LOAN,0.0,,0.0,FALSE,FEE IS LOAN
9b6e6a47-737,plr_d940c44e,2023_2024,2023-07-01,UNKNOWN,UNKNOWN,LOAN,0.0,,0.0,FALSE,FEE IS LOAN
757fefc7-363,plr_22960927,2023_2024,2023-07-01,UNKNOWN,UNKNOWN,DISCLOSED,67700000.0,EUR,58154300.0,TRUE,
ccc720a4-df5,plr_99a11ace,2023_2024,2023-07-01,UNKNOWN,UNKNOWN,DISCLOSED,29100000.0,EUR,24996900.0,TRUE,
1398d45f-0c2,plr_b44b069c,2023_2024,2023-07-01,UNKNOWN,UNKNOWN,DISCLOSED,23000000.0,EUR,19757000.0,TRUE,
25b29d50-7ca,plr_5fb12128,2023_2024,2023-07-01,UNKNOWN,UNKNOWN,DISCLOSED,20800000.0,EUR,17867200.0,TRUE,
3b8739b0-dac,plr_6b8810ff,2023_2024,2023-07-01,UNKNOWN,UNKNOWN,DISCLOSED,18900000.0,EUR,16235100.0,TRUE,
cf10daeb-01a,plr_c361f5d5,2023_2024,2023-07-01,UNKNOWN,UNKNOWN,DISCLOSED,18500000.0,EUR,15891500.0,TRUE,
94661caa-598,plr_818e59dd,2023_2024,2023-07-01,UNKNOWN,UNKNOWN,LOAN,0.0,,0.0,FALSE,FEE IS LOAN
9ad87474-afa,plr_a1727b64,2023_2024,2023-07-01,UNKNOWN,UNKNOWN,LOAN,0.0,,0.0,FALSE,FEE IS LOAN
1c4259e5-bda,plr_e140f0de,2023_2024,2023-07-01,UNKNOWN,UNKNOWN,LOAN,0.0,,0.0,FALSE,FEE IS LOAN
335cf361-a11,plr_ef9c1fbd,2023_2024,2023-07-01,UNKNOWN,UNKNOWN,LOAN,0.0,,0.0,FALSE,FEE IS LOAN
38fd6547-786,plr_b28c6133,2023_2024,2023-07-01,UNKNOWN,UNKNOWN,LOAN,0.0,,0.0,FALSE,FEE IS LOAN
12548d30-db1,plr_f367ce9f,2023_2024,2023-07-01,UNKNOWN,UNKNOWN,LOAN,0.0,,0.0,FALSE,FEE IS LOAN
c4cac461-c0d,plr_1f98732c,2023_2024,2023-07-01,UNKNOWN,UNKNOWN,FREE,0.0,,0.0,FALSE,FEE IS FREE
a7404801-1c9,plr_ad140362,2023_2024,2023-07-01,UNKNOWN,UNKNOWN,FREE,0.0,,0.0,FALSE,FEE IS FREE
87252258-c1e,plr_71c220ab,2023_2024,2023-07-01,UNKNOWN,UNKNOWN,FREE,0.0,,0.0,FALSE,FEE IS FREE
14f66c80-61d,plr_6c46dc4c,2023_2024,2023-07-01,UNKNOWN,UNKNOWN,FREE,0.0,,0.0,FALSE,FEE IS FREE
4cb7f5f2-6b6,plr_3c46f015,2023_2024,2023-07-01,UNKNOWN,UNKNOWN,LOAN,0.0,,0.0,FALSE,FEE IS LOAN
f48281b8-6bf,plr_090886b0,2023_2024,2023-07-01,UNKNOWN,UNKNOWN,LOAN,0.0,,0.0,FALSE,FEE IS LOAN
4c502fd9-13d,plr_4fd0f29e,2023_2024,2023-07-01,UNKNOWN,UNKNOWN,LOAN,0.0,,0.0,FALSE,FEE IS LOAN
dc20f08e-74f,plr_beb29d14,2023_2024,2023-07-01,UNKNOWN,UNKNOWN,LOAN,0.0,,0.0,FALSE,FEE IS LOAN
54303dfe-bf2,plr_d713726c,2023_2024,2023-07-01,UNKNOWN,UNKNOWN,DISCLOSED,21100000.0,EUR,18124900.0,TRUE,
6c68620a-e1e,plr_5598270c,2023_2024,2023-07-01,UNKNOWN,UNKNOWN,DISCLOSED,20000000.0,EUR,17180000.0,TRUE,
a768ded3-e56,plr_7bf6790c,2023_2024,2023-07-01,UNKNOWN,UNKNOWN,DISCLOSED,17500000.0,EUR,15032500.0,TRUE,
ba32148b-3e6,plr_b960d849,2023_2024,2023-07-01,UNKNOWN,UNKNOWN,DISCLOSED,8000000.0,EUR,6872000.0,TRUE,
547b72cb-ba5,plr_df9b3d1d,2023_2024,2023-07-01,UNKNOWN,UNKNOWN,UNKNOWN,,,,FALSE,FEE IS UNKNOWN
def562b9-62d,plr_47e9f14f,2023_2024,2023-07-01,UNKNOWN,UNKNOWN,LOAN,0.0,,0.0,FALSE,FEE IS LOAN
cc1f0526-f71,plr_410c3ed6,2023_2024,2023-07-01,UNKNOWN,UNKNOWN,LOAN,0.0,,0.0,FALSE,FEE IS LOAN
63eaefb2-1d2,plr_c1fd5ee1,2023_2024,2023-07-01,UNKNOWN,UNKNOWN,FREE,0.0,,0.0,FALSE,FEE IS FREE
c8a8846b-223,plr_b61af771,2023_2024,2023-07-01,UNKNOWN,UNKNOWN,FREE,0.0,,0.0,FALSE,FEE IS FREE
89b2cd9a-30f,plr_8d8ea1ff,2023_2024,2023-07-01,UNKNOWN,UNKNOWN,FREE,0.0,,0.0,FALSE,FEE IS FREE
ea74c708-fea,plr_0294885f,2023_2024,2023-07-01,UNKNOWN,UNKNOWN,LOAN,0.0,,0.0,FALSE,FEE IS LOAN
602b5797-095,plr_89b7cf23,2023_2024,2023-07-01,UNKNOWN,UNKNOWN,LOAN,0.0,,0.0,FALSE,FEE IS LOAN
a6da60ed-2dd,plr_c0c536dd,2023_2024,2023-07-01,UNKNOWN,UNKNOWN,UNKNOWN,,,,FALSE,FEE IS UNKNOWN
464c2457-cf4,plr_403591be,2023_2024,2023-07-01,UNKNOWN,UNKNOWN,DISCLOSED,25000000.0,EUR,21475000.0,TRUE,
edc76c96-c3d,plr_cf6cbffb,2023_2024,2023-07-01,UNKNOWN,UNKNOWN,DISCLOSED,12500000.0,EUR,10737500.0,TRUE,
7a6929e9-879,plr_aaa63c5d,2023_2024,2023-07-01,UNKNOWN,UNKNOWN,LOAN,0.0,,0.0,FALSE,FEE IS LOAN
319a012a-765,plr_0d34d177,2023_2024,2023-07-01,UNKNOWN,UNKNOWN,LOAN,0.0,,0.0,FALSE,FEE IS LOAN
6766ab28-05e,plr_79deebd9,2023_2024,2023-07-01,UNKNOWN,UNKNOWN,UNKNOWN,,,,FALSE,FEE IS UNKNOWN
fff3b719-fbf,plr_bfd414ae,2023_2024,2023-07-01,UNKNOWN,UNKNOWN,UNKNOWN,,,,FALSE,FEE IS UNKNOWN
02fcb8c2-bde,plr_a5932c18,2023_2024,2023-07-01,UNKNOWN,UNKNOWN,LOAN,0.0,,0.0,FALSE,FEE IS LOAN
1e2c4785-c6c,plr_ffa99396,2023_2024,2023-07-01,UNKNOWN,UNKNOWN,LOAN,0.0,,0.0,FALSE,FEE IS LOAN
e68affd7-0b4,plr_da0877f6,2023_2024,2023-07-01,UNKNOWN,UNKNOWN,LOAN,0.0,,0.0,FALSE,FEE IS LOAN
ee484957-23f,plr_e475a388,2023_2024,2023-07-01,UNKNOWN,UNKNOWN,LOAN,0.0,,0.0,FALSE,FEE IS LOAN
1cd2a4c2-8e3,plr_7d660ce9,2023_2024,2023-07-01,UNKNOWN,UNKNOWN,LOAN,0.0,,0.0,FALSE,FEE IS LOAN
00d2c858-47e,plr_b65a8734,2023_2024,2023-07-01,UNKNOWN,UNKNOWN,LOAN,0.0,,0.0,FALSE,FEE IS LOAN
7f02fdf3-d8c,plr_e708fa9e,2023_2024,2023-07-01,UNKNOWN,UNKNOWN,LOAN,0.0,,0.0,FALSE,FEE IS LOAN
cbc6f2b6-7c7,plr_9dd1ee31,2023_2024,2023-07-01,UNKNOWN,UNKNOWN,LOAN,0.0,,0.0,FALSE,FEE IS LOAN
6ab92dd8-ab6,plr_0f6c67f6,2023_2024,2023-07-01,UNKNOWN,UNKNOWN,DISCLOSED,25700000.0,EUR,22076300.0,TRUE,
1e9bbf8d-59f,plr_fd24b1dc,2023_2024,2023-07-01,UNKNOWN,UNKNOWN,DISCLOSED,9300000.0,EUR,7988700.0,TRUE,
773db062-c86,plr_c2cb7679,2023_2024,2023-07-01,UNKNOWN,UNKNOWN,DISCLOSED,8800000.0,EUR,7559200.0,TRUE,
07311857-295,plr_872c17e5,2023_2024,2023-07-01,UNKNOWN,UNKNOWN,DISCLOSED,7000000.0,EUR,6013000.0,TRUE,
53269025-d07,plr_d30e5489,2023_2024,2023-07-01,UNKNOWN,UNKNOWN,FREE,0.0,,0.0,FALSE,FEE IS FREE
f7db4377-2ea,plr_19e6c3ba,2023_2024,2023-07-01,UNKNOWN,UNKNOWN,FREE,0.0,,0.0,FALSE,FEE IS FREE
a548fe2f-46c,plr_26dc52a9,2023_2024,2023-07-01,UNKNOWN,UNKNOWN,FREE,0.0,,0.0,FALSE,FEE IS FREE
b94bab93-28f,plr_b1716ce8,2023_2024,2023-07-01,UNKNOWN,UNKNOWN,UNKNOWN,,,,FALSE,FEE IS UNKNOWN
70cab0fa-6d6,plr_0c41a4ce,2023_2024,2023-07-01,UNKNOWN,UNKNOWN,LOAN,0.0,,0.0,FALSE,FEE IS LOAN
e941349f-61c,plr_12791f67,2023_2024,2023-07-01,UNKNOWN,UNKNOWN,LOAN,0.0,,0.0,FALSE,FEE IS LOAN
09ea30e8-7d1,plr_de2041af,2023_2024,2023-07-01,UNKNOWN,UNKNOWN,DISCLOSED,22500000.0,EUR,19327500.0,TRUE,
74b04fa1-962,plr_062aad17,2023_2024,2023-07-01,UNKNOWN,UNKNOWN,DISCLOSED,13000000.0,EUR,11167000.0,TRUE,
72bef236-ca4,plr_b552a30b,2023_2024,2023-07-01,UNKNOWN,UNKNOWN,DISCLOSED,6400000.0,EUR,5497600.0,TRUE,
4a4e6b16-591,plr_0dcfd3d8,2023_2024,2023-07-01,UNKNOWN,UNKNOWN,DISCLOSED,870000.0,EUR,747330.0,TRUE,
8d362854-e6e,plr_a3aa127d,2023_2024,2023-07-01,UNKNOWN,UNKNOWN,FREE,0.0,,0.0,FALSE,FEE IS FREE
c76349c4-1e1,plr_351650ef,2023_2024,2023-07-01,UNKNOWN,UNKNOWN,LOAN,0.0,,0.0,FALSE,FEE IS LOAN
3ffbdde0-18b,plr_45259996,2023_2024,2023-07-01,UNKNOWN,UNKNOWN,UNKNOWN,,,,FALSE,FEE IS UNKNOWN
113b1258-353,plr_c609ab88,2023_2024,2023-07-01,UNKNOWN,UNKNOWN,LOAN,0.0,,0.0,FALSE,FEE IS LOAN
e805366f-7fb,plr_f069d9c1,2023_2024,2023-07-01,UNKNOWN,UNKNOWN,LOAN,0.0,,0.0,FALSE,FEE IS LOAN
00cfdd80-896,plr_21ee61ef,2023_2024,2023-07-01,UNKNOWN,UNKNOWN,LOAN,0.0,,0.0,FALSE,FEE IS LOAN
9f177b46-4ca,plr_1438731a,2023_2024,2023-07-01,UNKNOWN,UNKNOWN,LOAN,0.0,,0.0,FALSE,FEE IS LOAN
9608b872-8ed,plr_a3140fcc,2023_2024,2023-07-01,UNKNOWN,UNKNOWN,LOAN,0.0,,0.0,FALSE,FEE IS LOAN
6e3dfb53-1ae,plr_d84f0880,2023_2024,2023-07-01,UNKNOWN,UNKNOWN,DISCLOSED,52600000.0,EUR,45183400.0,TRUE,
b88e419e-2bd,plr_e6199efc,2023_2024,2023-07-01,UNKNOWN,UNKNOWN,LOAN,0.0,,0.0,FALSE,FEE IS LOAN
0b0875ab-dfa,plr_76748ba6,2023_2024,2023-07-01,UNKNOWN,UNKNOWN,FREE,0.0,,0.0,FALSE,FEE IS FREE
bb6d5c09-911,plr_da4b8e30,2023_2024,2023-07-01,UNKNOWN,UNKNOWN,FREE,0.0,,0.0,FALSE,FEE IS FREE
5e3531e9-260,plr_cdf0e3cd,2023_2024,2023-07-01,UNKNOWN,UNKNOWN,FREE,0.0,,0.0,FALSE,FEE IS FREE
2b28f1e7-25d,plr_bc1efc9a,2023_2024,2023-07-01,UNKNOWN,UNKNOWN,FREE,0.0,,0.0,FALSE,FEE IS FREE
9efe0e63-3b6,plr_449bab99,2023_2024,2023-07-01,UNKNOWN,UNKNOWN,LOAN,0.0,,0.0,FALSE,FEE IS LOAN
04eca82b-c26,plr_20a3c2d6,2023_2024,2023-07-01,UNKNOWN,UNKNOWN,LOAN,0.0,,0.0,FALSE,FEE IS LOAN
ca8301df-ebd,plr_9087de33,2023_2024,2023-07-01,UNKNOWN,UNKNOWN,LOAN,0.0,,0.0,FALSE,FEE IS LOAN
50d0dc1a-b44,plr_23598da1,2023_2024,2023-07-01,UNKNOWN,UNKNOWN,DISCLOSED,70000000.0,EUR,60130000.0,TRUE,
7e13a033-88d,plr_04cb4d7a,2023_2024,2023-07-01,UNKNOWN,UNKNOWN,DISCLOSED,40000000.0,EUR,34360000.0,TRUE,
2b026b09-943,plr_3265d6f8,2023_2024,2023-07-01,UNKNOWN,UNKNOWN,DISCLOSED,20000000.0,EUR,17180000.0,TRUE,
297185ea-3fa,plr_d0cc68d9,2023_2024,2023-07-01,UNKNOWN,UNKNOWN,UNKNOWN,,,,FALSE,FEE IS UNKNOWN
81be9838-956,plr_571a29d9,2023_2024,2023-07-01,UNKNOWN,UNKNOWN,UNKNOWN,,,,FALSE,FEE IS UNKNOWN
b98e358b-588,plr_d0a4245c,2023_2024,2023-07-01,UNKNOWN,UNKNOWN,UNKNOWN,,,,FALSE,FEE IS UNKNOWN
5e4c8f09-4fd,plr_82ba1ffc,2023_2024,2023-07-01,UNKNOWN,UNKNOWN,LOAN,0.0,,0.0,FALSE,FEE IS LOAN
0646392b-533,plr_3523be83,2023_2024,2023-07-01,UNKNOWN,UNKNOWN,LOAN,0.0,,0.0,FALSE,FEE IS LOAN
0b5f5878-dc7,plr_bfd1eb63,2023_2024,2023-07-01,UNKNOWN,UNKNOWN,LOAN,0.0,,0.0,FALSE,FEE IS LOAN
9bf242a6-ba5,plr_904e9ca0,2023_2024,2023-07-01,UNKNOWN,UNKNOWN,LOAN,0.0,,0.0,FALSE,FEE IS LOAN
6962df7c-381,plr_635487b3,2023_2024,2023-07-01,UNKNOWN,UNKNOWN,DISCLOSED,46700000.0,EUR,40115300.0,TRUE,
073a0ba3-5c9,plr_538f7a82,2023_2024,2023-07-01,UNKNOWN,UNKNOWN,DISCLOSED,14000000.0,EUR,12026000.0,TRUE,
c58734b9-e6d,plr_ed2775ac,2023_2024,2023-07-01,UNKNOWN,UNKNOWN,FREE,0.0,,0.0,FALSE,FEE IS FREE
939993c5-d0d,plr_3f002143,2023_2024,2023-07-01,UNKNOWN,UNKNOWN,FREE,0.0,,0.0,FALSE,FEE IS FREE
c3a077c9-edf,plr_7289db35,2023_2024,2023-07-01,UNKNOWN,UNKNOWN,FREE,0.0,,0.0,FALSE,FEE IS FREE
ac9f5611-82b,plr_2da50af8,2023_2024,2023-07-01,UNKNOWN,UNKNOWN,LOAN,0.0,,0.0,FALSE,FEE IS LOAN
112be294-f0c,plr_61832da5,2023_2024,2023-07-01,UNKNOWN,UNKNOWN,LOAN,0.0,,0.0,FALSE,FEE IS LOAN
d96cfe27-5d4,plr_10899561,2023_2024,2023-07-01,UNKNOWN,UNKNOWN,LOAN,0.0,,0.0,FALSE,FEE IS LOAN
bf1db271-70f,plr_81bd3dec,2023_2024,2023-07-01,UNKNOWN,UNKNOWN,DISCLOSED,5850000.0,EUR,5025150.0,TRUE,
fbbf1467-5fc,plr_34c056af,2023_2024,2023-07-01,UNKNOWN,UNKNOWN,DISCLOSED,4700000.0,EUR,4037300.0,TRUE,
f361a6a7-825,plr_c9efd2e5,2023_2024,2023-07-01,UNKNOWN,UNKNOWN,DISCLOSED,3500000.0,EUR,3006500.0,TRUE,
ec9f8db1-38a,plr_f7afba62,2023_2024,2023-07-01,UNKNOWN,UNKNOWN,DISCLOSED,2900000.0,EUR,2491100.0,TRUE,
169df465-7ca,plr_49f86cd2,2023_2024,2023-07-01,UNKNOWN,UNKNOWN,DISCLOSED,2900000.0,EUR,2491100.0,TRUE,
82142c44-d86,plr_2ec535be,2023_2024,2023-07-01,UNKNOWN,UNKNOWN,DISCLOSED,2000000.0,EUR,1718000.0,TRUE,
c8e642f5-519,plr_aef36d8c,2023_2024,2023-07-01,UNKNOWN,UNKNOWN,DISCLOSED,1150000.0,EUR,987850.0,TRUE,
bc606d65-108,plr_673cfab3,2023_2024,2023-07-01,UNKNOWN,UNKNOWN,FREE,0.0,,0.0,FALSE,FEE IS FREE
e3d0131f-67f,plr_810cfff7,2023_2024,2023-07-01,UNKNOWN,UNKNOWN,FREE,0.0,,0.0,FALSE,FEE IS FREE
c0ac43e2-999,plr_700131f8,2023_2024,2023-07-01,UNKNOWN,UNKNOWN,UNDISCLOSED,,,,FALSE,FEE IS UNDISCLOSED
59b8a4f8-31a,plr_80d879f8,2023_2024,2023-07-01,UNKNOWN,UNKNOWN,UNDISCLOSED,,,,FALSE,FEE IS UNDISCLOSED
85fe889c-ff4,plr_4618484c,2023_2024,2023-07-01,UNKNOWN,UNKNOWN,LOAN,0.0,,0.0,FALSE,FEE IS LOAN
9ba13009-862,plr_bef2f1bc,2023_2024,2023-07-01,UNKNOWN,UNKNOWN,LOAN,0.0,,0.0,FALSE,FEE IS LOAN
2bfe147c-eb9,plr_2f824001,2023_2024,2023-07-01,UNKNOWN,UNKNOWN,LOAN,0.0,,0.0,FALSE,FEE IS LOAN
3d45596a-773,plr_17bf10da,2023_2024,2023-07-01,UNKNOWN,UNKNOWN,LOAN,0.0,,0.0,FALSE,FEE IS LOAN
780b8d79-e9c,plr_ad12d80c,2023_2024,2023-07-01,UNKNOWN,UNKNOWN,LOAN,0.0,,0.0,FALSE,FEE IS LOAN
dd669969-99f,plr_a7cfa065,2023_2024,2023-07-01,UNKNOWN,UNKNOWN,LOAN,0.0,,0.0,FALSE,FEE IS LOAN
5c910b10-a29,plr_eb099f93,2023_2024,2023-07-01,UNKNOWN,UNKNOWN,LOAN,0.0,,0.0,FALSE,FEE IS LOAN
10adeef5-578,plr_38111403,2023_2024,2023-07-01,UNKNOWN,UNKNOWN,LOAN,0.0,,0.0,FALSE,FEE IS LOAN
6145a028-ff5,plr_9337da7c,2023_2024,2023-07-01,UNKNOWN,UNKNOWN,LOAN,0.0,,0.0,FALSE,FEE IS LOAN
ded892e7-662,plr_b48d4fca,2023_2024,2023-07-01,UNKNOWN,UNKNOWN,LOAN,0.0,,0.0,FALSE,FEE IS LOAN
100c25f5-857,plr_4db9538a,2023_2024,2023-07-01,UNKNOWN,UNKNOWN,LOAN,0.0,,0.0,FALSE,FEE IS LOAN
68ecbe05-a7d,plr_e371e0b1,2023_2024,2023-07-01,UNKNOWN,UNKNOWN,DISCLOSED,300000.0,EUR,257700.0,TRUE,
02ae4c66-57c,plr_a8cd7c58,2023_2024,2023-07-01,UNKNOWN,UNKNOWN,FREE,0.0,,0.0,FALSE,FEE IS FREE
4761e712-855,plr_fe6516ef,2023_2024,2023-07-01,UNKNOWN,UNKNOWN,FREE,0.0,,0.0,FALSE,FEE IS FREE
22f557e4-8b7,plr_2eccc2ea,2023_2024,2023-07-01,UNKNOWN,UNKNOWN,FREE,0.0,,0.0,FALSE,FEE IS FREE
ccc8d981-e1a,plr_6705854b,2023_2024,2023-07-01,UNKNOWN,UNKNOWN,UNKNOWN,,,,FALSE,FEE IS UNKNOWN
0c4cd2ea-74a,plr_fdbad79e,2023_2024,2023-07-01,UNKNOWN,UNKNOWN,UNKNOWN,,,,FALSE,FEE IS UNKNOWN
8b99683a-40b,plr_9995e0df,2023_2024,2023-07-01,UNKNOWN,UNKNOWN,UNKNOWN,,,,FALSE,FEE IS UNKNOWN
1e427f72-958,plr_2e0e770b,2023_2024,2023-07-01,UNKNOWN,UNKNOWN,UNKNOWN,,,,FALSE,FEE IS UNKNOWN
61788fde-55b,plr_847db346,2023_2024,2023-07-01,UNKNOWN,UNKNOWN,LOAN,0.0,,0.0,FALSE,FEE IS LOAN
a052ab50-560,plr_7389369a,2023_2024,2023-07-01,UNKNOWN,UNKNOWN,DISCLOSED,90000000.0,EUR,77310000.0,TRUE,
8f93dd81-dd9,plr_4585a1bc,2023_2024,2023-07-01,UNKNOWN,UNKNOWN,DISCLOSED,62000000.0,EUR,53258000.0,TRUE,
bacb1d89-3e4,plr_65d1cc40,2023_2024,2023-07-01,UNKNOWN,UNKNOWN,DISCLOSED,60000000.0,EUR,51540000.0,TRUE,
a1456446-587,plr_f9e1792c,2023_2024,2023-07-01,UNKNOWN,UNKNOWN,DISCLOSED,18500000.0,EUR,15891500.0,TRUE,
d4321210-148,plr_819754ee,2023_2024,2023-07-01,UNKNOWN,UNKNOWN,UNKNOWN,,,,FALSE,FEE IS UNKNOWN
eb9a3e61-fce,plr_c1c8a64e,2023_2024,2023-07-01,UNKNOWN,UNKNOWN,UNKNOWN,,,,FALSE,FEE IS UNKNOWN
7dce1331-7b2,plr_87340b35,2023_2024,2023-07-01,UNKNOWN,UNKNOWN,UNKNOWN,,,,FALSE,FEE IS UNKNOWN
dd72dc1b-285,plr_662fdea6,2023_2024,2023-07-01,UNKNOWN,UNKNOWN,LOAN,0.0,,0.0,FALSE,FEE IS LOAN
e1c532de-436,plr_3687db84,2023_2024,2023-07-01,UNKNOWN,UNKNOWN,LOAN,0.0,,0.0,FALSE,FEE IS LOAN
c2e55522-11e,plr_3970ab02,2023_2024,2023-07-01,UNKNOWN,UNKNOWN,LOAN,0.0,,0.0,FALSE,FEE IS LOAN
c515ffaf-6a9,plr_50ba33e6,2023_2024,2023-07-01,UNKNOWN,UNKNOWN,LOAN,0.0,,0.0,FALSE,FEE IS LOAN
9596ce01-44c,plr_7379ed21,2023_2024,2023-07-01,UNKNOWN,UNKNOWN,LOAN,0.0,,0.0,FALSE,FEE IS LOAN
1e997c0b-dd0,plr_00a03259,2023_2024,2023-07-01,UNKNOWN,UNKNOWN,LOAN,0.0,,0.0,FALSE,FEE IS LOAN
97b617ee-df7,plr_8aea0b2c,2023_2024,2023-07-01,UNKNOWN,UNKNOWN,DISCLOSED,35000000.0,EUR,30065000.0,TRUE,
efb66352-d0b,plr_e05b1e07,2023_2024,2023-07-01,UNKNOWN,UNKNOWN,DISCLOSED,27500000.0,EUR,23622500.0,TRUE,
24d6ddf9-533,plr_a721eda9,2023_2024,2023-07-01,UNKNOWN,UNKNOWN,LOAN,0.0,,0.0,FALSE,FEE IS LOAN
cfe6589f-e18,plr_5a549c34,2023_2024,2023-07-01,UNKNOWN,UNKNOWN,FREE,0.0,,0.0,FALSE,FEE IS FREE
09b76f8c-c27,plr_f6e6a505,2023_2024,2023-07-01,UNKNOWN,UNKNOWN,FREE,0.0,,0.0,FALSE,FEE IS FREE
0d7de8f4-eae,plr_2d7a71a3,2023_2024,2023-07-01,UNKNOWN,UNKNOWN,FREE,0.0,,0.0,FALSE,FEE IS FREE
02840cd1-816,plr_27a942ce,2023_2024,2023-07-01,UNKNOWN,UNKNOWN,LOAN,0.0,,0.0,FALSE,FEE IS LOAN
d0c943b3-3ef,plr_4f9047c3,2023_2024,2023-07-01,UNKNOWN,UNKNOWN,DISCLOSED,79800000.0,EUR,68548200.0,TRUE,
5c101d25-6ca,plr_abaddb2c,2023_2024,2023-07-01,UNKNOWN,UNKNOWN,DISCLOSED,50200000.0,EUR,43121800.0,TRUE,
ab814714-5c2,plr_1156a98f,2023_2024,2023-07-01,UNKNOWN,UNKNOWN,LOAN,0.0,,0.0,FALSE,FEE IS LOAN
c53108c2-c98,plr_380a5e84,2023_2024,2023-07-01,UNKNOWN,UNKNOWN,DISCLOSED,5000000.0,EUR,4295000.0,TRUE,
b3ab0ee1-651,plr_59225587,2023_2024,2023-07-01,UNKNOWN,UNKNOWN,FREE,0.0,,0.0,FALSE,FEE IS FREE
3ad44637-623,plr_1eb600b3,2023_2024,2023-07-01,UNKNOWN,UNKNOWN,UNKNOWN,,,,FALSE,FEE IS UNKNOWN
f367cb76-2b6,plr_ebe5a85e,2023_2024,2023-07-01,UNKNOWN,UNKNOWN,UNKNOWN,,,,FALSE,FEE IS UNKNOWN
76207a1c-e71,plr_c05c17e4,2023_2024,2023-07-01,UNKNOWN,UNKNOWN,UNKNOWN,,,,FALSE,FEE IS UNKNOWN
ae262894-f71,plr_6a112562,2023_2024,2023-07-01,UNKNOWN,UNKNOWN,LOAN,0.0,,0.0,FALSE,FEE IS LOAN
f18ce12c-5a6,plr_04350f91,2023_2024,2023-07-01,UNKNOWN,UNKNOWN,LOAN,0.0,,0.0,FALSE,FEE IS LOAN
92b8dfcd-470,plr_f15ffe09,2023_2024,2023-07-01,UNKNOWN,UNKNOWN,LOAN,0.0,,0.0,FALSE,FEE IS LOAN
a34f5936-9eb,plr_54d64445,2023_2024,2023-07-01,UNKNOWN,UNKNOWN,LOAN,0.0,,0.0,FALSE,FEE IS LOAN
44bcd273-092,plr_67c6158c,2023_2024,2023-07-01,UNKNOWN,UNKNOWN,LOAN,0.0,,0.0,FALSE,FEE IS LOAN
7f55d193-f89,plr_075e2c29,2023_2024,2023-07-01,UNKNOWN,UNKNOWN,DISCLOSED,22930000.0,EUR,19696870.0,TRUE,
31b7876c-abf,plr_1cfad78b,2023_2024,2023-07-01,UNKNOWN,UNKNOWN,DISCLOSED,9740000.0,EUR,8366660.0,TRUE,
3d71bd4e-744,plr_8b8cf281,2023_2024,2023-07-01,UNKNOWN,UNKNOWN,LOAN,0.0,,0.0,FALSE,FEE IS LOAN
db115620-4e6,plr_09debe02,2023_2024,2023-07-01,UNKNOWN,UNKNOWN,DISCLOSED,1000000.0,EUR,859000.0,TRUE,
f66302ef-a60,plr_736964ec,2023_2024,2023-07-01,UNKNOWN,UNKNOWN,LOAN,0.0,,0.0,FALSE,FEE IS LOAN
b4015e4a-7c2,plr_00992bc2,2023_2024,2023-07-01,UNKNOWN,UNKNOWN,LOAN,0.0,,0.0,FALSE,FEE IS LOAN
0d945e88-f63,plr_c3df3771,2023_2024,2023-07-01,UNKNOWN,UNKNOWN,LOAN,0.0,,0.0,FALSE,FEE IS LOAN
80c52d54-d07,plr_b7c7c881,2023_2024,2023-07-01,UNKNOWN,UNKNOWN,LOAN,0.0,,0.0,FALSE,FEE IS LOAN
72299d74-ea5,plr_e0a054f0,2023_2024,2023-07-01,UNKNOWN,UNKNOWN,UNKNOWN,,,,FALSE,FEE IS UNKNOWN
9b5f37fa-985,plr_4826d903,2023_2024,2023-07-01,UNKNOWN,UNKNOWN,UNKNOWN,,,,FALSE,FEE IS UNKNOWN
46306586-5dd,plr_472e5429,2023_2024,2023-07-01,UNKNOWN,UNKNOWN,UNKNOWN,,,,FALSE,FEE IS UNKNOWN
4056af61-f0e,plr_96db9a13,2023_2024,2023-07-01,UNKNOWN,UNKNOWN,LOAN,0.0,,0.0,FALSE,FEE IS LOAN
56425748-d61,plr_7585e319,2023_2024,2023-07-01,UNKNOWN,UNKNOWN,DISCLOSED,67099999.99999999,EUR,57638900.0,TRUE,
58aba544-e1b,plr_0d90b276,2023_2024,2023-07-01,UNKNOWN,UNKNOWN,DISCLOSED,44000000.0,EUR,37796000.0,TRUE,
ce3323a8-f08,plr_80976ef1,2023_2024,2023-07-01,UNKNOWN,UNKNOWN,DISCLOSED,37200000.0,EUR,31954800.0,TRUE,
4a02c501-b89,plr_0daa5684,2023_2024,2023-07-01,UNKNOWN,UNKNOWN,DISCLOSED,8000000.0,EUR,6872000.0,TRUE,
e2f68e17-af4,plr_22323164,2023_2024,2023-07-01,UNKNOWN,UNKNOWN,UNKNOWN,,,,FALSE,FEE IS UNKNOWN
0f580ae7-6ce,plr_bd6a893b,2023_2024,2023-07-01,UNKNOWN,UNKNOWN,UNKNOWN,,,,FALSE,FEE IS UNKNOWN
be1178d0-a36,plr_473481e9,2023_2024,2023-07-01,UNKNOWN,UNKNOWN,LOAN,0.0,,0.0,FALSE,FEE IS LOAN
09b1071c-9d1,plr_cf66e3de,2023_2024,2023-07-01,UNKNOWN,UNKNOWN,LOAN,0.0,,0.0,FALSE,FEE IS LOAN
27476843-38b,plr_12aa06be,2023_2024,2023-07-01,UNKNOWN,UNKNOWN,LOAN,0.0,,0.0,FALSE,FEE IS LOAN
81454435-856,plr_a8c20f50,2023_2024,2023-07-01,UNKNOWN,UNKNOWN,LOAN,0.0,,0.0,FALSE,FEE IS LOAN
43016166-f88,plr_12ba7080,2023_2024,2023-07-01,UNKNOWN,UNKNOWN,LOAN,0.0,,0.0,FALSE,FEE IS LOAN
05bd51a3-7d0,plr_f64a195f,2023_2024,2023-07-01,UNKNOWN,UNKNOWN,LOAN,0.0,,0.0,FALSE,FEE IS LOAN
74ca4185-f1a,plr_40f7b308,2023_2024,2023-07-01,UNKNOWN,UNKNOWN,DISCLOSED,27200000.0,EUR,23364800.0,TRUE,
ccb018bf-1a5,plr_d11e0488,2023_2024,2023-07-01,UNKNOWN,UNKNOWN,DISCLOSED,400000.0,EUR,343600.0,TRUE,
b6017e81-196,plr_09f33d47,2023_2024,2023-07-01,UNKNOWN,UNKNOWN,FREE,0.0,,0.0,FALSE,FEE IS FREE
81435d59-990,plr_eb5688d3,2023_2024,2023-07-01,UNKNOWN,UNKNOWN,UNKNOWN,,,,FALSE,FEE IS UNKNOWN
b4b77c68-9ad,plr_7f9b2945,2023_2024,2023-07-01,UNKNOWN,UNKNOWN,UNKNOWN,,,,FALSE,FEE IS UNKNOWN
396f0f67-5b0,plr_2f0b8d54,2023_2024,2023-07-01,UNKNOWN,UNKNOWN,DISCLOSED,35000000.0,EUR,30065000.0,TRUE,
5b2ac98a-f23,plr_4e219dd4,2023_2024,2023-07-01,UNKNOWN,UNKNOWN,DISCLOSED,12850000.0,EUR,11038150.0,TRUE,
595d9283-c38,plr_9671e413,2023_2024,2023-07-01,UNKNOWN,UNKNOWN,DISCLOSED,12000000.0,EUR,10308000.0,TRUE,
019aa3fb-1af,plr_0eed48d8,2023_2024,2023-07-01,UNKNOWN,UNKNOWN,DISCLOSED,6650000.0,EUR,5712350.0,TRUE,
6aefa8f8-a44,plr_232a423a,2023_2024,2023-07-01,UNKNOWN,UNKNOWN,DISCLOSED,6500000.0,EUR,5583500.0,TRUE,
b926979b-67a,plr_01d46179,2023_2024,2023-07-01,UNKNOWN,UNKNOWN,DISCLOSED,4900000.0,EUR,4209100.0,TRUE,
20fce076-2db,plr_ed08d5e0,2023_2024,2023-07-01,UNKNOWN,UNKNOWN,LOAN,0.0,,0.0,FALSE,FEE IS LOAN
8d74e57c-19e,plr_f7016931,2023_2024,2023-07-01,UNKNOWN,UNKNOWN,FREE,0.0,,0.0,FALSE,FEE IS FREE
4bea86a7-f21,plr_1d40f1b0,2023_2024,2023-07-01,UNKNOWN,UNKNOWN,LOAN,0.0,,0.0,FALSE,FEE IS LOAN
9801b8db-7de,plr_40cdb855,2023_2024,2023-07-01,UNKNOWN,UNKNOWN,LOAN,0.0,,0.0,FALSE,FEE IS LOAN
4e75501f-b71,plr_fd8468a0,2023_2024,2023-07-01,UNKNOWN,UNKNOWN,LOAN,0.0,,0.0,FALSE,FEE IS LOAN
fc0c0725-234,plr_b171630c,2023_2024,2023-07-01,UNKNOWN,UNKNOWN,LOAN,0.0,,0.0,FALSE,FEE IS LOAN
9bfb5d57-5c4,plr_92208eb3,2023_2024,2023-07-01,UNKNOWN,UNKNOWN,LOAN,0.0,,0.0,FALSE,FEE IS LOAN
6ed3253f-c13,plr_976373c5,2023_2024,2023-07-01,UNKNOWN,UNKNOWN,LOAN,0.0,,0.0,FALSE,FEE IS LOAN
c4d83d94-8a6,plr_74160ace,2023_2024,2023-07-01,UNKNOWN,UNKNOWN,LOAN,0.0,,0.0,FALSE,FEE IS LOAN
f4f40ddb-fe2,plr_81c3b0e0,2023_2024,2023-07-01,UNKNOWN,UNKNOWN,LOAN,0.0,,0.0,FALSE,FEE IS LOAN
212317f2-cb7,plr_3c3f3e76,2023_2024,2023-07-01,UNKNOWN,UNKNOWN,LOAN,0.0,,0.0,FALSE,FEE IS LOAN
0d4c548b-0fd,plr_f2484e59,2023_2024,2023-07-01,UNKNOWN,UNKNOWN,LOAN,0.0,,0.0,FALSE,FEE IS LOAN
d0f3e415-843,plr_693a0702,2023_2024,2023-07-01,UNKNOWN,UNKNOWN,LOAN,0.0,,0.0,FALSE,FEE IS LOAN
32efc8d1-3e4,plr_90b9a28f,2023_2024,2023-07-01,UNKNOWN,UNKNOWN,LOAN,0.0,,0.0,FALSE,FEE IS LOAN
79ba5273-076,plr_24fcfbd3,2023_2024,2023-07-01,UNKNOWN,UNKNOWN,LOAN,0.0,,0.0,FALSE,FEE IS LOAN
326693d9-5c0,plr_bc79f7c0,2023_2024,2023-07-01,UNKNOWN,UNKNOWN,LOAN,0.0,,0.0,FALSE,FEE IS LOAN
e5b70e53-5e4,plr_171da95d,2023_2024,2023-07-01,UNKNOWN,UNKNOWN,DISCLOSED,55000000.0,EUR,47245000.0,TRUE,
0a534b1c-fb6,plr_c9ffeb47,2023_2024,2023-07-01,UNKNOWN,UNKNOWN,LOAN,0.0,,0.0,FALSE,FEE IS LOAN
1b2925bc-5f8,plr_a1f4d6e6,2023_2024,2023-07-01,UNKNOWN,UNKNOWN,DISCLOSED,5800000.0,EUR,4982200.0,TRUE,
46ae5564-9d8,plr_f8c45e74,2023_2024,2023-07-01,UNKNOWN,UNKNOWN,DISCLOSED,3600000.0,EUR,3092400.0,TRUE,
17ac9d95-6d7,plr_b7496964,2023_2024,2023-07-01,UNKNOWN,UNKNOWN,LOAN,0.0,,0.0,FALSE,FEE IS LOAN
1b5e0286-0c8,plr_ccef0fa9,2023_2024,2023-07-01,UNKNOWN,UNKNOWN,DISCLOSED,100000.0,EUR,85900.0,TRUE,
bde3fa1c-ab7,plr_e2c60ee5,2023_2024,2023-07-01,UNKNOWN,UNKNOWN,FREE,0.0,,0.0,FALSE,FEE IS FREE
1d13b267-18a,plr_abe4ca77,2023_2024,2023-07-01,UNKNOWN,UNKNOWN,FREE,0.0,,0.0,FALSE,FEE IS FREE
2e6b97cb-a26,plr_36ad044e,2023_2024,2023-07-01,UNKNOWN,UNKNOWN,FREE,0.0,,0.0,FALSE,FEE IS FREE
16b985d5-35a,plr_3f227297,2023_2024,2023-07-01,UNKNOWN,UNKNOWN,FREE,0.0,,0.0,FALSE,FEE IS FREE
7832d7fb-32a,plr_847db346,2023_2024,2023-07-01,UNKNOWN,UNKNOWN,UNDISCLOSED,,,,FALSE,FEE IS UNDISCLOSED
ef6e32c3-ede,plr_9f484448,2023_2024,2023-07-01,UNKNOWN,UNKNOWN,UNDISCLOSED,,,,FALSE,FEE IS UNDISCLOSED
8177dba6-f61,plr_839c3a69,2023_2024,2023-07-01,UNKNOWN,UNKNOWN,UNDISCLOSED,,,,FALSE,FEE IS UNDISCLOSED
f8abcfc5-01e,plr_1c802097,2023_2024,2023-07-01,UNKNOWN,UNKNOWN,LOAN,0.0,,0.0,FALSE,FEE IS LOAN
88c10413-f06,plr_19f13fa1,2023_2024,2023-07-01,UNKNOWN,UNKNOWN,LOAN,0.0,,0.0,FALSE,FEE IS LOAN
8d2c102e-edf,plr_fee57bcd,2023_2024,2023-07-01,UNKNOWN,UNKNOWN,LOAN,0.0,,0.0,FALSE,FEE IS LOAN
37d50de2-d0b,plr_b180d455,2023_2024,2023-07-01,UNKNOWN,UNKNOWN,UNKNOWN,,,,FALSE,FEE IS UNKNOWN
a94b1af3-1d2,plr_e11a4f00,2023_2024,2023-07-01,UNKNOWN,UNKNOWN,UNKNOWN,,,,FALSE,FEE IS UNKNOWN
b72b7364-fd5,plr_6251b786,2023_2024,2023-07-01,UNKNOWN,UNKNOWN,UNKNOWN,,,,FALSE,FEE IS UNKNOWN
f84b98d7-16b,plr_9f065bc7,2023_2024,2023-07-01,UNKNOWN,UNKNOWN,UNKNOWN,,,,FALSE,FEE IS UNKNOWN
5bc3afb6-0a0,plr_3d428826,2023_2024,2023-07-01,UNKNOWN,UNKNOWN,LOAN,0.0,,0.0,FALSE,FEE IS LOAN
2e846765-0eb,plr_4ec4b908,2023_2024,2023-07-01,UNKNOWN,UNKNOWN,LOAN,0.0,,0.0,FALSE,FEE IS LOAN
1cd01e80-531,plr_5b9df6dd,2023_2024,2023-07-01,UNKNOWN,UNKNOWN,DISCLOSED,17300000.0,EUR,14860700.0,TRUE,
eed8876e-c4a,plr_6bcf7a1c,2023_2024,2023-07-01,UNKNOWN,UNKNOWN,DISCLOSED,12500000.0,EUR,10737500.0,TRUE,
6c4749c8-a5d,plr_4226a059,2023_2024,2023-07-01,UNKNOWN,UNKNOWN,DISCLOSED,4600000.0,EUR,3951400.0,TRUE,
39c81c44-b25,plr_6df733ee,2023_2024,2023-07-01,UNKNOWN,UNKNOWN,DISCLOSED,2700000.0,EUR,2319300.0,TRUE,
859aa847-855,plr_63a8cc1d,2023_2024,2023-07-01,UNKNOWN,UNKNOWN,DISCLOSED,2500000.0,EUR,2147500.0,TRUE,
ad4ffa0d-6e7,plr_57c6309f,2023_2024,2023-07-01,UNKNOWN,UNKNOWN,LOAN,0.0,,0.0,FALSE,FEE IS LOAN
3064e416-19e,plr_8f95c172,2023_2024,2023-07-01,UNKNOWN,UNKNOWN,LOAN,0.0,,0.0,FALSE,FEE IS LOAN
3241cb40-bd4,plr_001b4d5a,2023_2024,2023-07-01,UNKNOWN,UNKNOWN,LOAN,0.0,,0.0,FALSE,FEE IS LOAN
287f52b5-b06,plr_8b04cda4,2023_2024,2023-07-01,UNKNOWN,UNKNOWN,UNKNOWN,,,,FALSE,FEE IS UNKNOWN
4cbe467f-ce4,plr_97708ee6,2023_2024,2023-07-01,UNKNOWN,UNKNOWN,UNKNOWN,,,,FALSE,FEE IS UNKNOWN
6b7ca2c2-4a4,plr_0993263e,2023_2024,2023-07-01,UNKNOWN,UNKNOWN,UNKNOWN,,,,FALSE,FEE IS UNKNOWN
c08bb3ad-1b0,plr_912b22d5,2023_2024,2023-07-01,UNKNOWN,UNKNOWN,DISCLOSED,17000000.0,EUR,14603000.0,TRUE,
43d49644-912,plr_e5994e8a,2023_2024,2023-07-01,UNKNOWN,UNKNOWN,FREE,0.0,,0.0,FALSE,FEE IS FREE
b057f86e-930,plr_a48f7e39,2023_2024,2023-07-01,UNKNOWN,UNKNOWN,FREE,0.0,,0.0,FALSE,FEE IS FREE
e1221992-832,plr_4dd90c46,2023_2024,2023-07-01,UNKNOWN,UNKNOWN,FREE,0.0,,0.0,FALSE,FEE IS FREE
c9c1554e-5ca,plr_89db9673,2023_2024,2023-07-01,UNKNOWN,UNKNOWN,UNDISCLOSED,,,,FALSE,FEE IS UNDISCLOSED
93d8663d-3a4,plr_1142fb5a,2023_2024,2023-07-01,UNKNOWN,UNKNOWN,LOAN,0.0,,0.0,FALSE,FEE IS LOAN
efc4191a-064,plr_4dea8812,2023_2024,2023-07-01,UNKNOWN,UNKNOWN,UNKNOWN,,,,FALSE,FEE IS UNKNOWN
fbe546e1-d2c,plr_73c42cdf,2023_2024,2023-07-01,UNKNOWN,UNKNOWN,UNKNOWN,,,,FALSE,FEE IS UNKNOWN
e7f5eb50-f60,plr_eddd947f,2023_2024,2023-07-01,UNKNOWN,UNKNOWN,DISCLOSED,46300000.0,EUR,39771700.0,TRUE,
ab86c77a-6bf,plr_1a505566,2023_2024,2023-07-01,UNKNOWN,UNKNOWN,DISCLOSED,40000000.0,EUR,34360000.0,TRUE,
958f5188-14a,plr_50624195,2023_2024,2023-07-01,UNKNOWN,UNKNOWN,DISCLOSED,40000000.0,EUR,34360000.0,TRUE,
a82ec5c1-fec,plr_fd8827a0,2023_2024,2023-07-01,UNKNOWN,UNKNOWN,DISCLOSED,30000000.0,EUR,25770000.0,TRUE,
9365b7f5-204,plr_7fb7bda3,2023_2024,2023-07-01,UNKNOWN,UNKNOWN,DISCLOSED,28000000.0,EUR,24052000.0,TRUE,
d8f1b517-189,plr_73f1154b,2023_2024,2023-07-01,UNKNOWN,UNKNOWN,DISCLOSED,18500000.0,EUR,15891500.0,TRUE,
abae9b78-87a,plr_36158ad2,2023_2024,2023-07-01,UNKNOWN,UNKNOWN,DISCLOSED,15000000.0,EUR,12885000.0,TRUE,
7208ae95-6c6,plr_72331c95,2023_2024,2023-07-01,UNKNOWN,UNKNOWN,DISCLOSED,2300000.0,EUR,1975700.0,TRUE,
cb0a4db9-169,plr_be50c2b9,2023_2024,2023-07-01,UNKNOWN,UNKNOWN,LOAN,0.0,,0.0,FALSE,FEE IS LOAN
a74d2039-f5f,plr_aba72f00,2023_2024,2023-07-01,UNKNOWN,UNKNOWN,UNKNOWN,,,,FALSE,FEE IS UNKNOWN
257a582e-6ae,plr_e0a2290c,2023_2024,2023-07-01,UNKNOWN,UNKNOWN,LOAN,0.0,,0.0,FALSE,FEE IS LOAN
befe72d5-e10,plr_c1e41eae,2023_2024,2023-07-01,UNKNOWN,UNKNOWN,LOAN,0.0,,0.0,FALSE,FEE IS LOAN
dea14147-3bc,plr_ea3ba6b5,2023_2024,2023-07-01,UNKNOWN,UNKNOWN,LOAN,0.0,,0.0,FALSE,FEE IS LOAN
407842bd-ab4,plr_edc2579b,2023_2024,2023-07-01,UNKNOWN,UNKNOWN,LOAN,0.0,,0.0,FALSE,FEE IS LOAN
7bc6415e-95f,plr_7394369c,2023_2024,2023-07-01,UNKNOWN,UNKNOWN,LOAN,0.0,,0.0,FALSE,FEE IS LOAN
794c0fa6-336,plr_8050d42e,2023_2024,2023-07-01,UNKNOWN,UNKNOWN,LOAN,0.0,,0.0,FALSE,FEE IS LOAN
5dce05ea-ec8,plr_8841fbfa,2023_2024,2023-07-01,UNKNOWN,UNKNOWN,LOAN,0.0,,0.0,FALSE,FEE IS LOAN
7b5d96b5-4fb,plr_daa9173b,2023_2024,2023-07-01,UNKNOWN,UNKNOWN,LOAN,0.0,,0.0,FALSE,FEE IS LOAN
f80b66bb-f4b,plr_e1332ae8,2023_2024,2023-07-01,UNKNOWN,UNKNOWN,DISCLOSED,95000000.0,EUR,81605000.0,TRUE,
df82fb71-ee1,plr_a602574f,2023_2024,2023-07-01,UNKNOWN,UNKNOWN,DISCLOSED,9500000.0,EUR,8160500.0,TRUE,
7e92d1e6-89c,plr_c1330eb0,2023_2024,2023-07-01,UNKNOWN,UNKNOWN,LOAN,0.0,,0.0,FALSE,FEE IS LOAN
275b6f6b-b66,plr_daa9173b,2023_2024,2023-07-01,UNKNOWN,UNKNOWN,LOAN,0.0,,0.0,FALSE,FEE IS LOAN
dea49c14-731,plr_63ae9a52,2023_2024,2023-07-01,UNKNOWN,UNKNOWN,FREE,0.0,,0.0,FALSE,FEE IS FREE
f8b67141-63b,plr_c526d7ec,2023_2024,2023-07-01,UNKNOWN,UNKNOWN,FREE,0.0,,0.0,FALSE,FEE IS FREE
c7112213-1de,plr_274ad00e,2023_2024,2023-07-01,UNKNOWN,UNKNOWN,LOAN,0.0,,0.0,FALSE,FEE IS LOAN
bd83c8a3-bdf,plr_aaa63c5d,2023_2024,2023-07-01,UNKNOWN,UNKNOWN,LOAN,0.0,,0.0,FALSE,FEE IS LOAN
f2fde5fd-12b,plr_4b5b77d4,2023_2024,2023-07-01,UNKNOWN,UNKNOWN,DISCLOSED,43000000.0,EUR,36937000.0,TRUE,
e33527f7-065,plr_fecac8f9,2023_2024,2023-07-01,UNKNOWN,UNKNOWN,DISCLOSED,38000000.0,EUR,32642000.0,TRUE,
0b514391-688,plr_936a5fc7,2023_2024,2023-07-01,UNKNOWN,UNKNOWN,DISCLOSED,34800000.0,EUR,29893200.0,TRUE,
b17a3937-58d,plr_208ff36c,2023_2024,2023-07-01,UNKNOWN,UNKNOWN,DISCLOSED,20000000.0,EUR,17180000.0,TRUE,
2887f0a3-fa7,plr_66247f29,2023_2024,2023-07-01,UNKNOWN,UNKNOWN,DISCLOSED,1750000.0,EUR,1503250.0,TRUE,
7d116c63-4ef,plr_04c824d9,2023_2024,2023-07-01,UNKNOWN,UNKNOWN,UNKNOWN,,,,FALSE,FEE IS UNKNOWN
2f9611bd-849,plr_bc4bf056,2023_2024,2023-07-01,UNKNOWN,UNKNOWN,LOAN,0.0,,0.0,FALSE,FEE IS LOAN
69273ad0-e6d,plr_d7ec6d2c,2023_2024,2023-07-01,UNKNOWN,UNKNOWN,LOAN,0.0,,0.0,FALSE,FEE IS LOAN
d35f313f-b4d,plr_97dce035,2023_2024,2023-07-01,UNKNOWN,UNKNOWN,LOAN,0.0,,0.0,FALSE,FEE IS LOAN
0cbf0008-2d8,plr_5763865f,2023_2024,2023-07-01,UNKNOWN,UNKNOWN,DISCLOSED,28000000.0,EUR,24052000.0,TRUE,
a8762d92-20e,plr_3ed2bd72,2023_2024,2023-07-01,UNKNOWN,UNKNOWN,DISCLOSED,8000000.0,EUR,6872000.0,TRUE,
689cb720-96c,plr_853b998e,2023_2024,2023-07-01,UNKNOWN,UNKNOWN,LOAN,0.0,,0.0,FALSE,FEE IS LOAN
10aca4b0-535,plr_75c2eaf5,2023_2024,2023-07-01,UNKNOWN,UNKNOWN,DISCLOSED,1160000.0,EUR,996440.0,TRUE,
5f5732ba-0d7,plr_ab7b82ee,2023_2024,2023-07-01,UNKNOWN,UNKNOWN,LOAN,0.0,,0.0,FALSE,FEE IS LOAN
2e9391ff-d1d,plr_ed5bcf50,2023_2024,2023-07-01,UNKNOWN,UNKNOWN,FREE,0.0,,0.0,FALSE,FEE IS FREE
3890aacc-5bd,plr_7a0db8a2,2023_2024,2023-07-01,UNKNOWN,UNKNOWN,DISCLOSED,50000000.0,EUR,42950000.0,TRUE,
bed0624d-1b6,plr_3bed0738,2023_2024,2023-07-01,UNKNOWN,UNKNOWN,DISCLOSED,15000000.0,EUR,12885000.0,TRUE,
f017d2a2-683,plr_38bfb522,2023_2024,2023-07-01,UNKNOWN,UNKNOWN,DISCLOSED,12000000.0,EUR,10308000.0,TRUE,
b0c96c32-11c,plr_dd07a55c,2023_2024,2023-07-01,UNKNOWN,UNKNOWN,DISCLOSED,11000000.0,EUR,9449000.0,TRUE,
fa5be034-2df,plr_1fb47dff,2023_2024,2023-07-01,UNKNOWN,UNKNOWN,DISCLOSED,6000000.0,EUR,5154000.0,TRUE,
af4dfd39-c78,plr_c9115291,2023_2024,2023-07-01,UNKNOWN,UNKNOWN,FREE,0.0,,0.0,FALSE,FEE IS FREE
80a96c91-a2f,plr_f4bc4b00,2023_2024,2023-07-01,UNKNOWN,UNKNOWN,FREE,0.0,,0.0,FALSE,FEE IS FREE
ccb58b9c-3a9,plr_032af07b,2023_2024,2023-07-01,UNKNOWN,UNKNOWN,LOAN,0.0,,0.0,FALSE,FEE IS LOAN
bd62b855-0e1,plr_83d0a6ac,2023_2024,2023-07-01,UNKNOWN,UNKNOWN,UNKNOWN,,,,FALSE,FEE IS UNKNOWN
60bacf7a-dfa,plr_2cd2a50b,2023_2024,2023-07-01,UNKNOWN,UNKNOWN,UNKNOWN,,,,FALSE,FEE IS UNKNOWN
2dd05001-f47,plr_1285370b,2023_2024,2023-07-01,UNKNOWN,UNKNOWN,LOAN,0.0,,0.0,FALSE,FEE IS LOAN
8e7c2aa6-5af,plr_2ef6a74e,2023_2024,2023-07-01,UNKNOWN,UNKNOWN,LOAN,0.0,,0.0,FALSE,FEE IS LOAN
79474de3-c89,plr_10674eb3,2023_2024,2023-07-01,UNKNOWN,UNKNOWN,LOAN,0.0,,0.0,FALSE,FEE IS LOAN
e55b3b1b-032,plr_b4a6b43d,2023_2024,2023-07-01,UNKNOWN,UNKNOWN,LOAN,0.0,,0.0,FALSE,FEE IS LOAN
e1aa201c-cf7,plr_e818e68a,2023_2024,2023-07-01,UNKNOWN,UNKNOWN,LOAN,0.0,,0.0,FALSE,FEE IS LOAN
bfddf642-6ab,plr_e6a7122f,2023_2024,2023-07-01,UNKNOWN,UNKNOWN,LOAN,0.0,,0.0,FALSE,FEE IS LOAN
9f6e7019-e18,plr_1a3c095a,2023_2024,2023-07-01,UNKNOWN,UNKNOWN,LOAN,0.0,,0.0,FALSE,FEE IS LOAN
d3611105-6ee,plr_33ad1500,2023_2024,2023-07-01,UNKNOWN,UNKNOWN,LOAN,0.0,,0.0,FALSE,FEE IS LOAN
13b1226f-1ee,plr_eec2f23c,2023_2024,2023-07-01,UNKNOWN,UNKNOWN,LOAN,0.0,,0.0,FALSE,FEE IS LOAN
d55ff161-166,plr_e58a4908,2023_2024,2023-07-01,UNKNOWN,UNKNOWN,LOAN,0.0,,0.0,FALSE,FEE IS LOAN
8dbcb484-47e,plr_7502fb24,2023_2024,2023-07-01,UNKNOWN,UNKNOWN,LOAN,0.0,,0.0,FALSE,FEE IS LOAN
f69ae9bd-e0f,plr_99cbabdb,2023_2024,2023-07-01,UNKNOWN,UNKNOWN,DISCLOSED,55000000.0,EUR,47245000.0,TRUE,
25df9f87-7fa,plr_a9a6a1f7,2023_2024,2023-07-01,UNKNOWN,UNKNOWN,LOAN,0.0,,0.0,FALSE,FEE IS LOAN
6d780a9d-442,plr_ba32ab70,2023_2024,2023-07-01,UNKNOWN,UNKNOWN,DISCLOSED,1400000.0,EUR,1202600.0,TRUE,
40945b4b-25e,plr_381c6142,2023_2024,2023-07-01,UNKNOWN,UNKNOWN,FREE,0.0,,0.0,FALSE,FEE IS FREE
faedafa4-371,plr_dc0b3a47,2023_2024,2023-07-01,UNKNOWN,UNKNOWN,FREE,0.0,,0.0,FALSE,FEE IS FREE
2c0cb84e-6f6,plr_fbb432c5,2023_2024,2023-07-01,UNKNOWN,UNKNOWN,FREE,0.0,,0.0,FALSE,FEE IS FREE
f95c6231-362,plr_165f55cf,2023_2024,2023-07-01,UNKNOWN,UNKNOWN,LOAN,0.0,,0.0,FALSE,FEE IS LOAN
