master_player_id,canonical_name,position,nationality,date_of_birth,photo_url,external_provider,external_player_id,match_status,match_confidence
plr_0002ce69,Lucas Torreira,,,,,transfermarkt,318077,EXACT,HIGH
plr_0004467a,Lewis Orford,,,,,,,EXACT,HIGH
plr_000877f3,Tyrick Mitchell,,,,,,,EXACT,HIGH
plr_001b4d5a,Ben Brereton Díaz,,,,,transfermarkt,426192,EXACT,HIGH
plr_002a338b,Brendan Galloway,,,,,transfermarkt,208244,EXACT,HIGH
plr_002f6651,Indiana Vassilev,,,,,,,EXACT,HIGH
plr_00329bcf,Anthony Gordon,,,,,,,EXACT,HIGH
plr_004dae60,Vini de Souza Costa,,,,,,,EXACT,HIGH
plr_004e26fa,Junior Stanislas,,,,,,,EXACT,HIGH
plr_00536f84,Daniel Castelo Podence,,,,,,,EXACT,HIGH
plr_0061283a,James McCarthy,,,,,transfermarkt,45333,EXACT,HIGH
plr_007313e4,Scott McTominay,,,,,,,EXACT,HIGH
plr_007e5dd8,Davinson Sánchez,,,,,,,EXACT,HIGH
plr_00992bc2,Jadon Sancho,,,,,transfermarkt,401173,EXACT,HIGH
plr_009d331b,Alexandre Lacazette,,,,,,,EXACT,HIGH
plr_00a03259,Yangel Herrera,,,,,transfermarkt,378293,EXACT,HIGH
plr_00c94cee,Domingos Quina,,,,,transfermarkt,391719,EXACT,HIGH
plr_00ea0244,Aston Oxborough,,,,,transfermarkt,288948,EXACT,HIGH
plr_0102bc6e,Patson Daka,,,,,transfermarkt,365172,EXACT,HIGH
plr_0107d1cf,Kevin Mirallas,,,,,transfermarkt,33639,EXACT,HIGH
plr_010e2e52,Hugo Lloris,,,,,,,EXACT,HIGH
plr_011d3b02,Hakim Ziyech,,,,,,,EXACT,HIGH
plr_013abe18,Femi Seriki,,,,,,,EXACT,HIGH
plr_0140639b,Phil Foden,,,,,,,EXACT,HIGH
plr_0142422d,Nathan Redmond,,,,,,,EXACT,HIGH
plr_01563834,Matías Viña,,,,,transfermarkt,439072,EXACT,HIGH
plr_016b7794,Anthony Martial,,,,,,,EXACT,HIGH
plr_01708bfc,Emmanuel Dennis,,,,,,,EXACT,HIGH
plr_01793771,Bobby Decordova-Reid,,,,,,,EXACT,HIGH
plr_01863046,Carlos Henrique Casimiro,,,,,,,EXACT,HIGH
plr_0186915a,Fabian Schär,,,,,,,EXACT,HIGH
plr_0187e258,Jan Zamburek,,,,,transfermarkt,487924,EXACT,HIGH
plr_01b59b92,Jordan Ayew,,,,,,,EXACT,HIGH
plr_01bb6ef3,Joel Ward,,,,,,,EXACT,HIGH
plr_01cd0637,Nicolás Otamendi,,,,,,,EXACT,HIGH
plr_01d46179,Odysseas Vlachodimos,,,,,transfermarkt,124419,EXACT,HIGH
plr_01de86ca,Jairo Riedewald,,,,,,,EXACT,HIGH
plr_01e55b53,Héctor Bellerín,,,,,,,EXACT,HIGH
plr_01e7d077,Rico Lewis,,,,,transfermarkt,701057,EXACT,HIGH
plr_01f9326d,Tyrese Hall,,,,,,,EXACT,HIGH
plr_01fb7267,Toby Alderweireld,,,,,,,EXACT,HIGH
plr_020be452,Hamza Choudhury,,,,,,,EXACT,HIGH
plr_021f0f85,Cheikhou Kouyaté,,,,,,,EXACT,HIGH
plr_0233e914,Adam Masina,,,,,,,EXACT,HIGH
plr_0237fe79,Andriy Yarmolenko,,,,,,,EXACT,HIGH
plr_024990bc,Fabian Mrozek,,,,,,,EXACT,HIGH
plr_025ec52f,Sokratis Papastathopoulos,,,,,,,EXACT,HIGH
plr_0266fa5b,Alex Robertson,,,,,,,EXACT,HIGH
plr_026ce522,Zeze Steven Sessegnon,,,,,,,EXACT,HIGH
plr_026e4eb9,Mohamed Salah,,,,,,,EXACT,HIGH
plr_02792891,Bertrand Traoré,,,,,,,EXACT,HIGH
plr_027ed339,Rob Holding,,,,,,,EXACT,HIGH
plr_02877204,Oliver Norwood,,,,,,,EXACT,HIGH
plr_0293e8c7,Joseph Willock,,,,,,,EXACT,HIGH
plr_0294885f,Scott Banks,,,,,transfermarkt,596821,EXACT,HIGH
plr_029b2ea7,Christian Nørgaard,,,,,,,EXACT,HIGH
plr_02ab709f,Troy Deeney,,,,,,,EXACT,HIGH
plr_02ad1eea,Adam Lallana,,,,,,,EXACT,HIGH
plr_02b5fc3b,Chris Wood,,,,,,,EXACT,HIGH
plr_02d3576d,Dilan Markanday,,,,,,,EXACT,HIGH
plr_02df8058,Albert Sambi Lokonga,,,,,,,EXACT,HIGH
plr_02f3353d,Thomas Agyepong,,,,,transfermarkt,384807,EXACT,HIGH
plr_0311fcd6,Mauro Bandeira,,,,,,,EXACT,HIGH
plr_032af07b,Noha Lemina,,,,,transfermarkt,816124,EXACT,HIGH
plr_033c1004,Chris Mepham,,,,,transfermarkt,480987,EXACT,HIGH
plr_03430439,Cody Gakpo,,,,,,,EXACT,HIGH
plr_034e18f0,Filip Benkovic,,,,,,,EXACT,HIGH
plr_03815c0c,Frank Anguissa,,,,,transfermarkt,354361,EXACT,HIGH
plr_038927b8,Aaron Connolly,,,,,,,EXACT,HIGH
plr_039bde75,Per Mertesacker,,,,,transfermarkt,6710,EXACT,HIGH
plr_03bcd171,Finley Munroe,,,,,,,EXACT,HIGH
plr_03c67561,Yohan Cabaye,,,,,transfermarkt,29434,EXACT,HIGH
plr_03c821bd,Joseph McGlynn,,,,,,,EXACT,HIGH
plr_03d218c5,Takehiro Tomiyasu,,,,,,,EXACT,HIGH
plr_03d5d20f,Seamus Coleman,,,,,,,EXACT,HIGH
plr_03e9bed5,Angeliño,,,,,transfermarkt,277179,EXACT,HIGH
plr_03f431d3,Jesurun Rak-Sakyi,,,,,,,EXACT,HIGH
plr_03f4b6a5,Ben Osborn,,,,,transfermarkt,218087,EXACT,HIGH
plr_04265c21,Ângelo Gabriel Borges Damaceno,,,,,,,EXACT,HIGH
plr_04283c23,Harry Wilson,,,,,transfermarkt,279455,EXACT,HIGH
plr_04350f91,Álvaro Carreras,,,,,transfermarkt,811778,EXACT,HIGH
plr_04400911,Jordan Ayew,,,,,transfermarkt,108354,EXACT,HIGH
plr_04770b01,Matt Doherty,,,,,,,EXACT,HIGH
plr_047f0623,Davy Pröpper,,,,,,,EXACT,HIGH
plr_048768f4,Han-Noah Massengo,,,,,transfermarkt,536508,EXACT,HIGH
plr_04891e2c,Cristiano Ronaldo,,,,,transfermarkt,8198,EXACT,HIGH
plr_048a1491,Stefan Johansen,,,,,transfermarkt,62008,EXACT,HIGH
plr_048baff6,John Egan,,,,,,,EXACT,HIGH
plr_04a5f825,Matija Šarkić,,,,,,,EXACT,HIGH
plr_04b0da4c,Joel Valencia,,,,,transfermarkt,175451,EXACT,HIGH
plr_04c824d9,Divin Mubama,,,,,transfermarkt,670848,EXACT,HIGH
plr_04cb4d7a,Ryan Gravenberch,,,,,transfermarkt,478573,EXACT,HIGH
plr_04e9e122,Kaine Kesler-Hayden,,,,,transfermarkt,626888,EXACT,HIGH
plr_04fcef14,Filip Benkovic,,,,,,,EXACT,HIGH
plr_0505158f,Ben Pearson,,,,,transfermarkt,183302,EXACT,HIGH
plr_051a2cc8,Alex Mighten,,,,,,,EXACT,HIGH
plr_051f2849,Rico Henry,,,,,,,EXACT,HIGH
plr_05351ccb,Ben Wilmot,,,,,transfermarkt,467599,EXACT,HIGH
plr_05386980,Toti António Gomes,,,,,,,EXACT,HIGH
plr_054a489d,Alphonse Areola,,,,,,,EXACT,HIGH
plr_05689c23,Lloyd Kelly,,,,,,,EXACT,HIGH
plr_0574d6a4,Jóhann Berg Gudmundsson,,,,,,,EXACT,HIGH
plr_05759676,Ashley Young,,,,,,,EXACT,HIGH
plr_0577423d,Ahmed El Mohamady,,,,,,,EXACT,HIGH
plr_05780f76,Carney Chukwuemeka,,,,,transfermarkt,659459,EXACT,HIGH
plr_058085fe,Max Meyer,,,,,,,EXACT,HIGH
plr_058366a6,Cody Drameh,,,,,,,EXACT,HIGH
plr_058d4081,Matt Targett,,,,,,,EXACT,HIGH
plr_0599ec12,Ovie Ejaria,,,,,transfermarkt,337284,EXACT,HIGH
plr_059a0c35,Roberto Pereyra,,,,,,,EXACT,HIGH
plr_05a42ba3,Leo Fuhr Hjelde,,,,,,,EXACT,HIGH
plr_05aa6b0c,Marvelous Nakamba,,,,,,,EXACT,HIGH
plr_05aeb8e0,Oleksandr Zinchenko,,,,,transfermarkt,203853,EXACT,HIGH
plr_05b88612,Folarin Balogun,,,,,transfermarkt,503770,EXACT,HIGH
plr_05d3466d,Joel Ward,,,,,,,EXACT,HIGH
plr_05e1946e,Dan Burn,,,,,,,EXACT,HIGH
plr_05f136cc,Mbwana Ally Samatta,,,,,,,EXACT,HIGH
plr_05f2e76d,Ji-Soo Kim,,,,,,,EXACT,HIGH
plr_06208938,Morgan Schneiderlin,,,,,transfermarkt,56818,EXACT,HIGH
plr_06209665,Imari Samuels,,,,,,,EXACT,HIGH
plr_0626fb67,Conor Gallagher,,,,,,,EXACT,HIGH
plr_062aad17,Timothy Castagne,,,,,transfermarkt,262226,EXACT,HIGH
plr_06314795,Jonjo Shelvey,,,,,,,EXACT,HIGH
plr_063238c1,Alphonse Areola,,,,,,,EXACT,HIGH
plr_06340ad7,Maxime Le Marchand,,,,,,,EXACT,HIGH
plr_06341f32,Joe Hart,,,,,transfermarkt,40204,EXACT,HIGH
plr_0635713a,Aaron Hickey,,,,,transfermarkt,591949,EXACT,HIGH
plr_06421d18,Jamie Vardy,,,,,,,EXACT,HIGH
plr_0644df2e,Konstantinos Tsimikas,,,,,,,EXACT,HIGH
plr_064df707,Rúnar Alex Rúnarsson,,,,,,,EXACT,HIGH
plr_0659e36d,Emmanuel Dennis,,,,,,,EXACT,HIGH
plr_067b16b0,Ezri Konsa Ngoyo,,,,,,,EXACT,HIGH
plr_067c4372,Molla Wagué,,,,,transfermarkt,129893,EXACT,HIGH
plr_067fd082,George Wickens,,,,,,,EXACT,HIGH
plr_0692357f,Gabriel Fernando de Jesus,,,,,,,EXACT,HIGH
plr_06a46691,Daniel James,,,,,transfermarkt,319301,EXACT,HIGH
plr_06bcf317,Bukayo Saka,,,,,,,EXACT,HIGH
plr_06ce3d0d,Alex Telles,,,,,,,EXACT,HIGH
plr_06d24ca4,Carl Ikeme,,,,,transfermarkt,26412,EXACT,HIGH
plr_06d80ab2,Luke Brattan,,,,,transfermarkt,114365,EXACT,HIGH
plr_06eefba9,Loris Karius,,,,,,,EXACT,HIGH
plr_07000ebf,Felipe Augusto de Almeida Monteiro,,,,,,,EXACT,HIGH
plr_07013090,Antonio Barreca,,,,,transfermarkt,241889,EXACT,HIGH
plr_07126552,Taylor Harwood-Bellis,,,,,,,EXACT,HIGH
plr_0747d5b6,Marko Grujić,,,,,transfermarkt,222813,EXACT,HIGH
plr_074aaa1f,Kofi Balmer,,,,,,,EXACT,HIGH
plr_074b2d2f,Aymeric Laporte,,,,,,,EXACT,HIGH
plr_07598b9e,Pascal Struijk,,,,,,,EXACT,HIGH
plr_075c844f,Josh Brownhill,,,,,,,EXACT,HIGH
plr_075e2c29,Anthony Elanga,,,,,transfermarkt,583189,EXACT,HIGH
plr_076a422a,Christian Eriksen,,,,,,,EXACT,HIGH
plr_07717003,Michael Obafemi,,,,,,,EXACT,HIGH
plr_0783c96c,James Hill,,,,,,,EXACT,HIGH
plr_0788ba18,Callum Hudson-Odoi,,,,,,,EXACT,HIGH
plr_07936f22,Pablo Marí,,,,,,,EXACT,HIGH
plr_07b4be08,Richarlison,,,,,transfermarkt,378710,EXACT,HIGH
plr_07c4f5f9,Ethan Nwaneri,,,,,,,EXACT,HIGH
plr_07ef1b0f,Georges-Kévin Nkoudou,,,,,,,EXACT,HIGH
plr_0811b2f6,Nathan,,,,,transfermarkt,294798,EXACT,HIGH
plr_081f4003,Kyle Walker-Peters,,,,,,,EXACT,HIGH
plr_08263f80,Rúben Diogo da Silva Neves,,,,,,,EXACT,HIGH
plr_083e8f8c,Cody Gakpo,,,,,transfermarkt,434675,EXACT,HIGH
plr_0849b0ba,Alisson Ramses Becker,,,,,,,EXACT,HIGH
plr_08595b71,Florin Andone,,,,,,,EXACT,HIGH
plr_08619cb4,Pierre-Emile Højbjerg,,,,,,,EXACT,HIGH
plr_0877063a,William Saliba,,,,,,,EXACT,HIGH
plr_0877a8b8,Henry Ochieng,,,,,transfermarkt,461756,EXACT,HIGH
plr_08892396,Will Smallbone,,,,,transfermarkt,444211,EXACT,HIGH
plr_089a0978,Jack Simpson,,,,,,,EXACT,HIGH
plr_089d74df,Patrick Bamford,,,,,,,EXACT,HIGH
plr_08acd630,Youssef Ramalho Chermiti,,,,,,,EXACT,HIGH
plr_08b605f8,Kasey McAteer,,,,,,,EXACT,HIGH
plr_08ba9645,Jack Wilshere,,,,,,,EXACT,HIGH
plr_08c2eb1f,Bernardo Mota Veiga de Carvalho e Silva,,,,,,,EXACT,HIGH
plr_08cdcdbc,Ben Johnson,,,,,,,EXACT,HIGH
plr_08cf3a86,Brennan Johnson,,,,,,,EXACT,HIGH
plr_08d122c7,José Heriberto Izquierdo Mena,,,,,,,EXACT,HIGH
plr_08f4a580,Jean-Philippe Mateta,,,,,,,EXACT,HIGH
plr_08f623ce,Ederson Santana de Moraes,,,,,,,EXACT,HIGH
plr_09011e91,Marcus Rashford,,,,,,,EXACT,HIGH
plr_090886b0,Gabriel Slonina,,,,,transfermarkt,656316,EXACT,HIGH
plr_091dba64,Jeff Hendrick,,,,,,,EXACT,HIGH
plr_09200389,Jake Vokins,,,,,,,EXACT,HIGH
plr_092d4d51,Granit Xhaka,,,,,transfermarkt,111455,EXACT,HIGH
plr_09500794,Paul McKay,,,,,transfermarkt,343302,EXACT,HIGH
plr_095d3e2e,James McArthur,,,,,,,EXACT,HIGH
plr_095db400,Jan Paul van Hecke,,,,,transfermarkt,576314,EXACT,HIGH
plr_0992d61c,Reda Khadra,,,,,transfermarkt,405686,EXACT,HIGH
plr_0993263e,Andre Brooks,,,,,transfermarkt,746739,EXACT,HIGH
plr_09b34bb8,Luke Shaw,,,,,,,EXACT,HIGH
plr_09debe02,Zidane Iqbal,,,,,transfermarkt,686845,EXACT,HIGH
plr_09e9c769,Oumar Niasse,,,,,transfermarkt,209781,EXACT,HIGH
plr_09f33d47,Javier Manquillo,,,,,transfermarkt,162029,EXACT,HIGH
plr_09fa639c,Jean-Philippe Gbamin,,,,,,,EXACT,HIGH
plr_09fe3709,George Baldock,,,,,,,EXACT,HIGH
plr_0a1bf194,Joe Lolley,,,,,transfermarkt,287167,EXACT,HIGH
plr_0a23966c,Jérémy Pied,,,,,transfermarkt,60583,EXACT,HIGH
plr_0a303bd8,Bernardo Veiga de Carvalho e Silva,,,,,,,EXACT,HIGH
plr_0a3793db,Vincent Kompany,,,,,transfermarkt,9594,EXACT,HIGH
plr_0a3959ac,Issa Diop,,,,,,,EXACT,HIGH
plr_0a48edd5,Jack Payne,,,,,transfermarkt,278092,EXACT,HIGH
plr_0a6b8ac7,Kjell Scherpen,,,,,transfermarkt,463527,EXACT,HIGH
plr_0a6d320d,Eldin Jakupovic,,,,,,,EXACT,HIGH
plr_0a7da649,Juan Camilo Hernández Suárez,,,,,,,EXACT,HIGH
plr_0a824e58,Javier Hernández Balcázar,,,,,,,EXACT,HIGH
plr_0a9efe09,Angelo Ogbonna,,,,,,,EXACT,HIGH
plr_0a9f02e0,Daniel Drinkwater,,,,,,,EXACT,HIGH
plr_0aa2751b,Axel Disasi,,,,,transfermarkt,386047,EXACT,HIGH
plr_0ac41e19,Nayef Aguerd,,,,,transfermarkt,361914,EXACT,HIGH
plr_0ac42dca,Rodrigo Hernandez,,,,,,,EXACT,HIGH
plr_0acc101a,Jonny Williams,,,,,transfermarkt,170322,EXACT,HIGH
plr_0acfc2e4,Lino Sousa,,,,,,,EXACT,HIGH
plr_0ad14bd4,Kacper Kozłowski,,,,,transfermarkt,554284,EXACT,HIGH
plr_0ad1a8ed,Damien Delaney,,,,,transfermarkt,36861,EXACT,HIGH
plr_0ae4313b,Gonçalo Bento Soares Cardoso,,,,,,,EXACT,HIGH
plr_0aef8c07,Ross Barkley,,,,,,,EXACT,HIGH
plr_0b069697,Aleksandar Dragovic,,,,,transfermarkt,59032,EXACT,HIGH
plr_0b235c38,Aidan Francis-Clarke,,,,,,,EXACT,HIGH
plr_0b245662,Rui Pedro dos Santos Patrício,,,,,,,EXACT,HIGH
plr_0b2d53f9,Jean Michaël Seri,,,,,transfermarkt,178614,EXACT,HIGH
plr_0b4a9a80,Jarrod Bowen,,,,,,,EXACT,HIGH
plr_0b62db33,Reece James,,,,,,,EXACT,HIGH
plr_0b711bc8,Jason Steele,,,,,,,EXACT,HIGH
plr_0b757ec0,Ben Doak,,,,,,,EXACT,HIGH
plr_0b7c2187,José Ángel Esmorís Tasende,,,,,,,EXACT,HIGH
plr_0ba539ce,Donny van de Beek,,,,,,,EXACT,HIGH
plr_0bb8a855,Daniel James,,,,,,,EXACT,HIGH
plr_0bd8e670,Toby Alderweireld,,,,,,,EXACT,HIGH
plr_0bf26dae,Kepa Arrizabalaga,,,,,,,EXACT,HIGH
plr_0c0ee52a,Craig Dawson,,,,,,,EXACT,HIGH
plr_0c1b86d1,Nick Pope,,,,,,,EXACT,HIGH
plr_0c3913f8,Shola Shoretire,,,,,,,EXACT,HIGH
plr_0c41a4ce,Conor Coady,,,,,transfermarkt,128901,EXACT,HIGH
plr_0c5f9973,Jake O'Brien,,,,,,,EXACT,HIGH
plr_0c703dfb,Percy Tau,,,,,transfermarkt,312239,EXACT,HIGH
plr_0c715f77,Ben Mee,,,,,,,EXACT,HIGH
plr_0c8aabc6,Calum Chambers,,,,,,,EXACT,HIGH
plr_0c9c5d06,Robert Kenedy Nunes do Nascimento,,,,,,,EXACT,HIGH
plr_0cc357db,Son Heung-min,,,,,,,EXACT,HIGH
plr_0cc603b0,Wallace Oliveira,,,,,transfermarkt,181779,EXACT,HIGH
plr_0cd17036,Zeze Steven Sessegnon,,,,,,,EXACT,HIGH
plr_0d0837a4,Bryan Gil Salvatierra,,,,,,,EXACT,HIGH
plr_0d0838ec,Jay Stansfield,,,,,,,EXACT,HIGH
plr_0d08e88b,David Raya Martin,,,,,,,EXACT,HIGH
plr_0d091aa5,James Ward-Prowse,,,,,,,EXACT,HIGH
plr_0d112fcc,Sean Longstaff,,,,,,,EXACT,HIGH
plr_0d16fc04,Matt Miazga,,,,,transfermarkt,245893,EXACT,HIGH
plr_0d312432,Sam Byram,,,,,transfermarkt,236953,EXACT,HIGH
plr_0d33fafe,Kaide Gordon,,,,,,,EXACT,HIGH
plr_0d34d177,Jack Harrison,,,,,transfermarkt,417346,EXACT,HIGH
plr_0d3bf15e,Mason Holgate,,,,,,,EXACT,HIGH
plr_0d6ada8f,Matt Ritchie,,,,,,,EXACT,HIGH
plr_0d71f785,Idrissa Gueye,,,,,transfermarkt,126665,EXACT,HIGH
plr_0d804680,Mark Bunn,,,,,transfermarkt,49319,EXACT,HIGH
plr_0d90b276,Harvey Barnes,,,,,transfermarkt,398065,EXACT,HIGH
plr_0daa5684,Yankuba Minteh,,,,,transfermarkt,1012534,EXACT,HIGH
plr_0dadb209,Odeluga Offiah,,,,,,,EXACT,HIGH
plr_0dc253c2,Matej Vydra,,,,,,,EXACT,HIGH
plr_0dcfd3d8,Steven Benda,,,,,transfermarkt,381469,EXACT,HIGH
plr_0dd9361f,Mason Holgate,,,,,,,EXACT,HIGH
plr_0df85b0c,Diogo Jota,,,,,,,EXACT,HIGH
plr_0df984f6,Wayne Hennessey,,,,,,,EXACT,HIGH
plr_0dfd230a,Georginio Wijnaldum,,,,,,,EXACT,HIGH
plr_0e030f44,Ashley Barnes,,,,,,,EXACT,HIGH
plr_0e0549a0,James Bree,,,,,transfermarkt,324223,EXACT,HIGH
plr_0e071eed,Billy Gilmour,,,,,,,EXACT,HIGH
plr_0e0e4d31,Giulian Biancone,,,,,,,EXACT,HIGH
plr_0e1358dc,Idrissa Gueye,,,,,,,EXACT,HIGH
plr_0e1e2bc8,James Garner,,,,,transfermarkt,505219,EXACT,HIGH
plr_0e1f5448,Marek Rodák,,,,,,,EXACT,HIGH
plr_0e2f01e2,Olu Aina,,,,,,,EXACT,HIGH
plr_0e3f5e2a,Gianluca Scamacca,,,,,,,EXACT,HIGH
plr_0e49f943,Reece Welch,,,,,,,EXACT,HIGH
plr_0e4d9b02,Kiano Dyer,,,,,,,EXACT,HIGH
plr_0e4f804f,Marc Albrighton,,,,,,,EXACT,HIGH
plr_0e63390d,Manuel Lanzini,,,,,,,EXACT,HIGH
plr_0e74ca3f,Cody Drameh,,,,,,,EXACT,HIGH
plr_0e7e0c72,Tino Livramento,,,,,,,EXACT,HIGH
plr_0e7fc8e3,William Smallbone,,,,,,,EXACT,HIGH
plr_0e97e729,Chris Mepham,,,,,,,EXACT,HIGH
plr_0e9cf481,Kenny McLean,,,,,,,EXACT,HIGH
plr_0e9f8adb,Yáser Asprilla,,,,,transfermarkt,857818,EXACT,HIGH
plr_0eaad073,Raphael Dias Belloli,,,,,,,EXACT,HIGH
plr_0eb3f81a,Jaden Philogene-Bidace,,,,,,,EXACT,HIGH
plr_0ec376c7,Paul Dummett,,,,,,,EXACT,HIGH
plr_0ed1d593,Giovani Lo Celso,,,,,,,EXACT,HIGH
plr_0ee97c7d,Abdoulaye Doucouré,,,,,,,EXACT,HIGH
plr_0eea5465,Travis Patterson,,,,,,,EXACT,HIGH
plr_0eed48d8,Nicolás Domínguez,,,,,transfermarkt,497291,EXACT,HIGH
plr_0eff10a4,Mads Bech Sørensen,,,,,transfermarkt,372240,EXACT,HIGH
plr_0f02b4d1,André Filipe Tavares Gomes,,,,,,,EXACT,HIGH
plr_0f0b22ed,Kelland Watts,,,,,,,EXACT,HIGH
plr_0f120fda,Andreas Christensen,,,,,,,EXACT,HIGH
plr_0f25406c,Maxwel Cornet,,,,,,,EXACT,HIGH
plr_0f25767c,Stefan Ortega Moreno,,,,,,,EXACT,HIGH
plr_0f3be970,Jadon Sancho,,,,,,,EXACT,HIGH
plr_0f516e73,Jurriën Timber,,,,,transfermarkt,420243,EXACT,HIGH
plr_0f5e38e9,Eden Hazard,,,,,transfermarkt,50202,EXACT,HIGH
plr_0f64ffc4,Emerson Palmieri dos Santos,,,,,,,EXACT,HIGH
plr_0f6c67f6,Alex Iwobi,,,,,transfermarkt,242631,EXACT,HIGH
plr_0f6ce7b1,Martin Kelly,,,,,transfermarkt,78959,EXACT,HIGH
plr_0f9a022f,Joe Worrall,,,,,,,EXACT,HIGH
plr_0f9a53c4,David de Gea,,,,,,,EXACT,HIGH
plr_0f9a7324,Emiliano Martínez,,,,,,,EXACT,HIGH
plr_0f9fdd5c,Samuel Kalu,,,,,transfermarkt,424051,EXACT,HIGH
plr_0faa05d8,Neco Williams,,,,,,,EXACT,HIGH
plr_0fb22b71,Billy Arce,,,,,transfermarkt,450237,EXACT,HIGH
plr_0fce65ec,Laurens De Bock,,,,,transfermarkt,110668,EXACT,HIGH
plr_0fcfa383,Mads Juel Andersen,,,,,,,EXACT,HIGH
plr_0fdd50bf,Jordan Graham,,,,,transfermarkt,183283,EXACT,HIGH
plr_0fdf4228,Emil Krafth,,,,,transfermarkt,184528,EXACT,HIGH
plr_0fe64002,Mace Goodridge,,,,,,,EXACT,HIGH
plr_10036558,Ayoze Pérez,,,,,,,EXACT,HIGH
plr_100c6f03,Kyle Walker-Peters,,,,,transfermarkt,341051,EXACT,HIGH
plr_1019b00e,Harry Boyes,,,,,,,EXACT,HIGH
plr_1028a9cd,Ben Gibson,,,,,,,EXACT,HIGH
plr_10471fa2,Nicolas Pépé,,,,,transfermarkt,343052,EXACT,HIGH
plr_104d8f9b,Andy Lonergan,,,,,,,EXACT,HIGH
plr_105aa3d9,Raheem Sterling,,,,,transfermarkt,134425,EXACT,HIGH
plr_10674eb3,Hayao Kawabe,,,,,transfermarkt,262489,EXACT,HIGH
plr_10814b57,Joe Rodon,,,,,,,EXACT,HIGH
plr_1088de4b,Craig Dawson,,,,,,,EXACT,HIGH
plr_10899561,Arthur Melo,,,,,transfermarkt,362842,EXACT,HIGH
plr_108b21a7,Alex McCarthy,,,,,,,EXACT,HIGH
plr_108f600f,Claudio Bravo,,,,,,,EXACT,HIGH
plr_109a8623,James Tarkowski,,,,,,,EXACT,HIGH
plr_10bbb0d8,Olivier Giroud,,,,,transfermarkt,82442,EXACT,HIGH
plr_10e63228,Ivan Toney,,,,,,,EXACT,HIGH
plr_10f347b1,Elias Kachunga,,,,,,,EXACT,HIGH
plr_10f67678,Adam Masina,,,,,transfermarkt,286949,EXACT,HIGH
plr_10f8a7fb,James Tomkins,,,,,,,EXACT,HIGH
plr_11054601,Christian Benteke,,,,,transfermarkt,50201,EXACT,HIGH
plr_1108a080,Matt Ritchie,,,,,,,EXACT,HIGH
plr_112ac4e4,Ethan Ampadu,,,,,,,EXACT,HIGH
plr_11367ee7,Jeff Hendrick,,,,,,,EXACT,HIGH
plr_113754d9,Bruno Fernandes,,,,,transfermarkt,240306,EXACT,HIGH
plr_1137b8a3,Mason Holgate,,,,,,,EXACT,HIGH
plr_113ea339,Dara O'Shea,,,,,,,EXACT,HIGH
plr_1142fb5a,Ismaila Coulibaly,,,,,transfermarkt,490224,EXACT,HIGH
plr_1153f6f9,Rasmus Kristensen,,,,,,,EXACT,HIGH
plr_1154234e,Erik Pieters,,,,,,,EXACT,HIGH
plr_1156a98f,Sofyan Amrabat,,,,,transfermarkt,287579,EXACT,HIGH
plr_1168f49d,Kyle Walker,,,,,,,EXACT,HIGH
plr_1169a7e8,Jeremy Sarmiento Morante,,,,,,,EXACT,HIGH
plr_1183b95e,Patrick van Aanholt,,,,,transfermarkt,52119,EXACT,HIGH
plr_118c712c,Julián Speroni,,,,,transfermarkt,12814,EXACT,HIGH
plr_11938605,Stuart Armstrong,,,,,,,EXACT,HIGH
plr_11b628f3,Alfie Gilchrist,,,,,,,EXACT,HIGH
plr_11bf87af,Hamza Choudhury,,,,,,,EXACT,HIGH
plr_11ca8847,Jack Harrison,,,,,,,EXACT,HIGH
plr_11e6718e,Harvey White,,,,,,,EXACT,HIGH
plr_11f04020,Bruno Guimarães Rodriguez Moura,,,,,,,EXACT,HIGH
plr_1205fb53,Kaylen Hinds,,,,,transfermarkt,290788,EXACT,HIGH
plr_120aa65d,Frederico Rodrigues de Paula Santos,,,,,,,EXACT,HIGH
plr_1210d5da,Adam Smith,,,,,,,EXACT,HIGH
plr_1211ee03,José Heriberto Izquierdo Mena,,,,,,,EXACT,HIGH
plr_121884b7,Lukasz Fabianski,,,,,,,EXACT,HIGH
plr_122b7141,Curtis Jones,,,,,,,EXACT,HIGH
plr_1236da38,César Azpilicueta,,,,,,,EXACT,HIGH
plr_124ba265,Solomon March,,,,,,,EXACT,HIGH
plr_125bd257,Kelechi Iheanacho,,,,,,,EXACT,HIGH
plr_126061e3,Omari Hutchinson,,,,,,,EXACT,HIGH
plr_12791f67,Rúben Vinagre,,,,,transfermarkt,357158,EXACT,HIGH
plr_1280992e,Ademola Lookman,,,,,,,EXACT,HIGH
plr_1285370b,Chem Campbell,,,,,transfermarkt,614603,EXACT,HIGH
plr_128c05ae,Max Aarons,,,,,,,EXACT,HIGH
plr_12976342,Shane Long,,,,,,,EXACT,HIGH
plr_12aa06be,Jamal Lewis,,,,,transfermarkt,346018,EXACT,HIGH
plr_12ac0cad,Aaron Wan-Bissaka,,,,,,,EXACT,HIGH
plr_12ba7080,Isaac Hayden,,,,,transfermarkt,206225,EXACT,HIGH
plr_12c2f46f,Reece Hannam,,,,,,,EXACT,HIGH
plr_12c388a1,Simon Moore,,,,,,,EXACT,HIGH
plr_12d19a9d,Ahmed Musa,,,,,transfermarkt,168337,EXACT,HIGH
plr_12d4e613,Philippe Coutinho,,,,,transfermarkt,80444,EXACT,HIGH
plr_12d7ef58,Tom Heaton,,,,,,,EXACT,HIGH
plr_131aac25,Matheus França de Oliveira,,,,,,,EXACT,HIGH
plr_1321d8c7,Jakub Moder,,,,,,,EXACT,HIGH
plr_133754fc,Jamal Blackman,,,,,transfermarkt,128898,EXACT,HIGH
plr_1338fe0b,Brenden Aaronson,,,,,transfermarkt,393323,EXACT,HIGH
plr_133d7606,Louie Marsh,,,,,,,EXACT,HIGH
plr_1349c31a,Kyle Walker-Peters,,,,,,,EXACT,HIGH
plr_134a3525,Diogo Dalot,,,,,transfermarkt,357147,EXACT,HIGH
plr_134c795b,Dominic Thompson,,,,,,,EXACT,HIGH
plr_1350e6c8,Jack Jenkins,,,,,,,EXACT,HIGH
plr_13751bb5,Theo Walcott,,,,,,,EXACT,HIGH
plr_138545df,Andros Townsend,,,,,,,EXACT,HIGH
plr_139769ff,Aaron Wan-Bissaka,,,,,,,EXACT,HIGH
plr_139846fd,Xande Silva,,,,,transfermarkt,258011,EXACT,HIGH
plr_13b03aa0,Pedro Neto,,,,,transfermarkt,487465,EXACT,HIGH
plr_13b5c9bd,Mike Tresor,,,,,transfermarkt,381963,EXACT,HIGH
plr_13c773fc,Joel Matip,,,,,,,EXACT,HIGH
plr_13cb4a01,Dennis Praet,,,,,,,EXACT,HIGH
plr_13cd75c2,James Garner,,,,,,,EXACT,HIGH
plr_13d0ea49,Joseph Willock,,,,,,,EXACT,HIGH
plr_13d6ceb8,Aaron Connolly,,,,,transfermarkt,434207,EXACT,HIGH
plr_140e036d,Matthew Cox,,,,,transfermarkt,741236,EXACT,HIGH
plr_1421d07f,Hélder Costa,,,,,,,EXACT,HIGH
plr_1428f14e,Mihai-Alexandru Dobre,,,,,,,EXACT,HIGH
plr_1428fd3e,Bernd Leno,,,,,transfermarkt,72476,EXACT,HIGH
plr_14349030,Alex Matos,,,,,,,EXACT,HIGH
plr_1435248e,Ben White,,,,,transfermarkt,335721,EXACT,HIGH
plr_1438731a,Ivan Cavaleiro,,,,,transfermarkt,149716,EXACT,HIGH
plr_144ced4d,Toby Alderweireld,,,,,transfermarkt,42710,EXACT,HIGH
plr_144d3a5a,Jake Cain,,,,,,,EXACT,HIGH
plr_1461cfe6,Tosin Adarabioyo,,,,,,,EXACT,HIGH
plr_146bf8db,Felipe,,,,,transfermarkt,156501,EXACT,HIGH
plr_14724cd7,Sebastian Soto,,,,,transfermarkt,605498,EXACT,HIGH
plr_147f7a96,Mattie Pollock,,,,,transfermarkt,624948,EXACT,HIGH
plr_1498efe9,Lewis Brunt,,,,,,,EXACT,HIGH
plr_14b6d4e6,Nathan Patterson,,,,,,,EXACT,HIGH
plr_14b72ddd,Nick Pope,,,,,,,EXACT,HIGH
plr_14bff80e,Ethan Ampadu,,,,,,,EXACT,HIGH
plr_14e2786c,Romain Saïss,,,,,,,EXACT,HIGH
plr_14ef6691,Ben Foster,,,,,transfermarkt,13572,EXACT,HIGH
plr_14ff245f,Hannibal Mejbri,,,,,,,EXACT,HIGH
plr_15106284,Orestis Karnezis,,,,,transfermarkt,16408,EXACT,HIGH
plr_15120ccc,Chancel Mbemba,,,,,transfermarkt,203348,EXACT,HIGH
plr_152804bc,Albert Adomah,,,,,transfermarkt,83430,EXACT,HIGH
plr_153f715d,Michy Batshuayi,,,,,transfermarkt,179184,EXACT,HIGH
plr_15449c58,Matt Targett,,,,,,,EXACT,HIGH
plr_155feac3,Adam Webster,,,,,,,EXACT,HIGH
plr_15641d4e,Mateo Kovacic,,,,,,,EXACT,HIGH
plr_157337d8,Aaron Cresswell,,,,,,,EXACT,HIGH
plr_15759244,Chris Wood,,,,,,,EXACT,HIGH
plr_15767602,Mislav Orsic,,,,,transfermarkt,119150,EXACT,HIGH
plr_1585a066,Tyrique George,,,,,,,EXACT,HIGH
plr_158a661c,Jack Butland,,,,,,,EXACT,HIGH
plr_15d8ad6b,Taylan Harris,,,,,,,EXACT,HIGH
plr_15e42035,Takumi Minamino,,,,,transfermarkt,165793,EXACT,HIGH
plr_15f47109,Ben Stevenson,,,,,transfermarkt,375044,EXACT,HIGH
plr_1603a487,Scott McTominay,,,,,,,EXACT,HIGH
plr_160612ca,Mark Noble,,,,,,,EXACT,HIGH
plr_1613ad30,Andreas Söndergaard,,,,,,,EXACT,HIGH
plr_161dd142,Michael Keane,,,,,,,EXACT,HIGH
plr_16279baf,Bruno Cavaco Jordão,,,,,,,EXACT,HIGH
plr_162961ff,Elliot Anderson,,,,,,,EXACT,HIGH
plr_165e580c,Jack Young,,,,,,,EXACT,HIGH
plr_165f55cf,Sasa Kalajdzic,,,,,transfermarkt,369567,EXACT,HIGH
plr_16631648,Tyler Onyango,,,,,,,EXACT,HIGH
plr_16680dc8,Conor Mitchell,,,,,transfermarkt,248592,EXACT,HIGH
plr_167cafa7,Sam Byram,,,,,,,EXACT,HIGH
plr_16abe460,Wesley Fofana,,,,,,,EXACT,HIGH
plr_16af3634,Marcelo de Araújo Pitaluga Filho,,,,,,,EXACT,HIGH
plr_16bb55cb,Hamed Traoré,,,,,transfermarkt,391065,EXACT,HIGH
plr_16ccd6a3,Boubakary Soumaré,,,,,,,EXACT,HIGH
plr_16d22131,Sebastian Revan,,,,,,,EXACT,HIGH
plr_16df6793,Ben Gibson,,,,,,,EXACT,HIGH
plr_16e3af0b,Franco Umeh-Chibueze,,,,,,,EXACT,HIGH
plr_16eee15f,Kyle Walker,,,,,,,EXACT,HIGH
plr_16f80818,Willian Borges Da Silva,,,,,,,EXACT,HIGH
plr_16fdc200,Rob Elliot,,,,,transfermarkt,39037,EXACT,HIGH
plr_171da95d,Brennan Johnson,,,,,transfermarkt,470607,EXACT,HIGH
plr_1723a916,Andy Lonergan,,,,,,,EXACT,HIGH
plr_172b9567,Ryan Fraser,,,,,,,EXACT,HIGH
plr_172e8741,Tom Cleverley,,,,,,,EXACT,HIGH
plr_1736fbb4,Trent Alexander-Arnold,,,,,,,EXACT,HIGH
plr_173a8392,Jimmy Morgan,,,,,,,EXACT,HIGH
plr_1748102c,Josh Cullen,,,,,transfermarkt,242606,EXACT,HIGH
plr_174b8041,Serge Aurier,,,,,,,EXACT,HIGH
plr_17754e2c,Lukas Rupp,,,,,transfermarkt,82863,EXACT,HIGH
plr_17759ef5,Mattéo Guendouzi,,,,,transfermarkt,465830,EXACT,HIGH
plr_178a3f0f,Yasin Ayari,,,,,,,EXACT,HIGH
plr_178fcfa8,Oliver Burke,,,,,transfermarkt,341317,EXACT,HIGH
plr_17bce08f,Hélder Costa,,,,,transfermarkt,173900,EXACT,HIGH
plr_17bf10da,Jack Walton,,,,,transfermarkt,368629,EXACT,HIGH
plr_17c150d5,Diego Manuel Jadon da Silva Moreira,,,,,,,EXACT,HIGH
plr_17c29f46,Emile Smith-Rowe,,,,,,,EXACT,HIGH
plr_17df4691,Bashir Humphreys,,,,,,,EXACT,HIGH
plr_18074226,Matthew Cox,,,,,,,EXACT,HIGH
plr_18083f1a,Lewis Brunt,,,,,,,EXACT,HIGH
plr_180e06c0,Oleksandr Zinchenko,,,,,,,EXACT,HIGH
plr_1818431c,Adam Idah,,,,,transfermarkt,434223,EXACT,HIGH
plr_184a73d4,Lucas Tolentino Coelho de Lima,,,,,,,EXACT,HIGH
plr_184f319b,Tim Krul,,,,,,,EXACT,HIGH
plr_18529087,Matheus Luiz Nunes,,,,,,,EXACT,HIGH
plr_18594231,Mark Gillespie,,,,,,,EXACT,HIGH
plr_186f2d5c,Danny Ings,,,,,,,EXACT,HIGH
plr_1874da63,Luke Chambers,,,,,,,EXACT,HIGH
plr_187bdc22,Joe Aribo,,,,,transfermarkt,468198,EXACT,HIGH
plr_18aa9ab9,Jamie Shackleton,,,,,,,EXACT,HIGH
plr_18aeb676,William Saliba,,,,,,,EXACT,HIGH
plr_18bb582f,Steve Cook,,,,,,,EXACT,HIGH
plr_18bb857c,João Palhinha,,,,,transfermarkt,257455,EXACT,HIGH
plr_18e7ac7c,Phil Bardsley,,,,,,,EXACT,HIGH
plr_19041649,Jairo Riedewald,,,,,,,EXACT,HIGH
plr_1911f07b,Ben Davies,,,,,,,EXACT,HIGH
plr_19143a51,James Tarkowski,,,,,,,EXACT,HIGH
plr_19169993,Luke Mbete,,,,,,,EXACT,HIGH
plr_1949daa0,Francisco Femenía Far,,,,,,,EXACT,HIGH
plr_195825f2,Frédéric Guilbert,,,,,transfermarkt,354352,EXACT,HIGH
plr_19759780,Kieran Tierney,,,,,,,EXACT,HIGH
plr_19863cde,Neil Taylor,,,,,transfermarkt,67416,EXACT,HIGH
plr_198d4b01,Matt Targett,,,,,transfermarkt,250478,EXACT,HIGH
plr_199625c1,Frédéric Guilbert,,,,,,,EXACT,HIGH
plr_19a9f8d4,Dwight McNeil,,,,,,,EXACT,HIGH
plr_19b2e497,Arijanet Muric,,,,,,,EXACT,HIGH
plr_19c35db9,Daniel Barden,,,,,transfermarkt,504042,EXACT,HIGH
plr_19d1527e,Gabriel,,,,,transfermarkt,435338,EXACT,HIGH
plr_19d73aaa,Phil Jones,,,,,,,EXACT,HIGH
plr_19e057de,Jadan Raymond,,,,,,,EXACT,HIGH
plr_19e6c3ba,Yerry Mina,,,,,transfermarkt,289446,EXACT,HIGH
plr_19f13b01,Cauley Woodrow,,,,,transfermarkt,169801,EXACT,HIGH
plr_19f13fa1,Remo Freuler,,,,,transfermarkt,148252,EXACT,HIGH
plr_1a0ad438,Faustino Anjorin,,,,,,,EXACT,HIGH
plr_1a3b45c6,Javier Manquillo Gaitán,,,,,,,EXACT,HIGH
plr_1a3c095a,Fábio Silva,,,,,transfermarkt,505653,EXACT,HIGH
plr_1a4e29b5,Tammy Abraham,,,,,,,EXACT,HIGH
plr_1a505566,Micky van de Ven,,,,,transfermarkt,557459,EXACT,HIGH
plr_1a5ec321,Adrian Blake,,,,,,,EXACT,HIGH
plr_1a610229,Leighton Baines,,,,,transfermarkt,13507,EXACT,HIGH
plr_1a9fe208,Edimilson Fernandes,,,,,transfermarkt,247555,EXACT,HIGH
plr_1abe75f2,Dominic Solanke,,,,,,,EXACT,HIGH
plr_1abfbb50,Tomas Kalas,,,,,transfermarkt,148657,EXACT,HIGH
plr_1ae1f8bd,Alex Oxlade-Chamberlain,,,,,,,EXACT,HIGH
plr_1afc771f,Dominic Calvert-Lewin,,,,,,,EXACT,HIGH
plr_1b33b1bc,Lyanco,,,,,transfermarkt,379807,EXACT,HIGH
plr_1b3a482d,Maarten Stekelenburg,,,,,,,EXACT,HIGH
plr_1b53db53,Yohan Benalouane,,,,,transfermarkt,50477,EXACT,HIGH
plr_1b54b8ba,Charlie Goode,,,,,,,EXACT,HIGH
plr_1b5eec6f,Andre Gray,,,,,,,EXACT,HIGH
plr_1b75dfa6,Jarrad Branthwaite,,,,,,,EXACT,HIGH
plr_1b7734a9,Dani Ceballos,,,,,transfermarkt,319745,EXACT,HIGH
plr_1b8aa862,Sergio Romero,,,,,,,EXACT,HIGH
plr_1b8b2897,Freddie Woodman,,,,,transfermarkt,226049,EXACT,HIGH
plr_1b8f4c67,Ryan Sessegnon,,,,,transfermarkt,392775,EXACT,HIGH
plr_1b946ded,Francisco Casilla Cortés,,,,,,,EXACT,HIGH
plr_1b991171,Jack Clarke,,,,,transfermarkt,559794,EXACT,HIGH
plr_1bb46c3b,Lewis Hall,,,,,,,EXACT,HIGH
plr_1bbf72d3,Rodrigo Bentancur,,,,,transfermarkt,354362,EXACT,HIGH
plr_1bd0d717,Dominic Thompson,,,,,transfermarkt,503688,EXACT,HIGH
plr_1be8bdba,Greg Halford,,,,,transfermarkt,42062,EXACT,HIGH
plr_1bf0a914,Moise Kean,,,,,,,EXACT,HIGH
plr_1c128283,Edinson Cavani,,,,,,,EXACT,HIGH
plr_1c2f3dc8,Reece Hannam,,,,,,,EXACT,HIGH
plr_1c385151,Richie Towell,,,,,transfermarkt,114116,EXACT,HIGH
plr_1c626aa9,Carlos Alcaraz,,,,,transfermarkt,748319,EXACT,HIGH
plr_1c7040e8,Darwin Núñez Ribeiro,,,,,,,EXACT,HIGH
plr_1c7e9633,Ben Mee,,,,,,,EXACT,HIGH
plr_1c802097,Scott McKenna,,,,,transfermarkt,255906,EXACT,HIGH
plr_1c85cd03,Javier Hernández Balcázar,,,,,,,EXACT,HIGH
plr_1c8a8cf6,Juan Mata,,,,,,,EXACT,HIGH
plr_1ca1924f,Brice Dja Djédjé,,,,,transfermarkt,93690,EXACT,HIGH
plr_1cacd0d5,Milot Rashica,,,,,transfermarkt,291739,EXACT,HIGH
plr_1cb72843,Darwin Núñez Ribeiro,,,,,,,EXACT,HIGH
plr_1cbba262,Xavi Quintillà,,,,,transfermarkt,204102,EXACT,HIGH
plr_1ccb2e9c,Kevin Long,,,,,,,EXACT,HIGH
plr_1cd120c8,Dan Burn,,,,,,,EXACT,HIGH
plr_1cd9942c,Scott McTominay,,,,,,,EXACT,HIGH
plr_1cd9b841,Rúben Nascimento Vinagre,,,,,,,EXACT,HIGH
plr_1cdbf075,Aaron Lennon,,,,,transfermarkt,14221,EXACT,HIGH
plr_1cf99c63,James Garner,,,,,,,EXACT,HIGH
plr_1cfa8e56,Bjorn Engels,,,,,,,EXACT,HIGH
plr_1cfad78b,Fred,,,,,transfermarkt,191614,EXACT,HIGH
plr_1d0743db,Jakub Moder,,,,,transfermarkt,384461,EXACT,HIGH
plr_1d196211,Fabio Silva,,,,,,,EXACT,HIGH
plr_1d21a61d,Joe Bryan,,,,,,,EXACT,HIGH
plr_1d21fce3,Mohamed Naser El Sayed Elneny,,,,,,,EXACT,HIGH
plr_1d330415,Tyreece John-Jules,,,,,,,EXACT,HIGH
plr_1d40f1b0,Divock Origi,,,,,transfermarkt,148368,EXACT,HIGH
plr_1d606a8e,Cameron Plain,,,,,,,EXACT,HIGH
plr_1d6e2281,Cheick Doucouré,,,,,,,EXACT,HIGH
plr_1d708d1c,Sergio Reguilón,,,,,,,EXACT,HIGH
plr_1d80f52a,Anwar El Ghazi,,,,,,,EXACT,HIGH
plr_1da0af35,Luca Koleosho,,,,,transfermarkt,745461,EXACT,HIGH
plr_1db87b1a,Mohamed Elyounoussi,,,,,,,EXACT,HIGH
plr_1dc6572f,Isaac Hayden,,,,,,,EXACT,HIGH
plr_1deed2bd,Divock Origi,,,,,,,EXACT,HIGH
plr_1e0d674b,Kenny McLean,,,,,,,EXACT,HIGH
plr_1e2387d0,Arthur Okonkwo,,,,,transfermarkt,503769,EXACT,HIGH
plr_1e2587c1,Jamaal Lascelles,,,,,,,EXACT,HIGH
plr_1e2ebee6,Marouane Fellaini,,,,,transfermarkt,39679,EXACT,HIGH
plr_1e34a9f7,Michel Vorm,,,,,transfermarkt,26276,EXACT,HIGH
plr_1e590ab9,Boubakary Soumaré,,,,,transfermarkt,344605,EXACT,HIGH
plr_1e5dff58,Louis Thompson,,,,,transfermarkt,207771,EXACT,HIGH
plr_1e69e0e3,Ashley Barnes,,,,,,,EXACT,HIGH
plr_1e6d94c0,Ben Osborn,,,,,,,EXACT,HIGH
plr_1e733afd,Odsonne Edouard,,,,,,,EXACT,HIGH
plr_1e7cad7b,Jordan Ayew,,,,,,,EXACT,HIGH
plr_1e8508af,Rodri,,,,,transfermarkt,357565,EXACT,HIGH
plr_1eaa4eff,Idrissa Gueye,,,,,,,EXACT,HIGH
plr_1eade641,Manolo Gabbiadini,,,,,transfermarkt,112343,EXACT,HIGH
plr_1eb600b3,Willy Kambwala,,,,,transfermarkt,780630,EXACT,HIGH
plr_1ed00b57,Ben Mee,,,,,,,EXACT,HIGH
plr_1ed87323,Domingos Quina,,,,,,,EXACT,HIGH
plr_1ef4e544,Nicolás Otamendi,,,,,transfermarkt,54781,EXACT,HIGH
plr_1ef78a74,Bruno Ecuele Manga,,,,,,,EXACT,HIGH
plr_1f075e9c,Ciaran Clark,,,,,,,EXACT,HIGH
plr_1f0cb8e7,Armstrong Oko-Flex,,,,,,,EXACT,HIGH
plr_1f282a08,Luke Harris,,,,,,,EXACT,HIGH
plr_1f299b91,Kevin De Bruyne,,,,,,,EXACT,HIGH
plr_1f333686,Nuno Tavares,,,,,transfermarkt,535955,EXACT,HIGH
plr_1f43a367,Jean-Philippe Gbamin,,,,,,,EXACT,HIGH
plr_1f496d83,Jordan Henderson,,,,,,,EXACT,HIGH
plr_1f539221,Sead Kolasinac,,,,,,,EXACT,HIGH
plr_1f542b2d,Bakary Sako,,,,,transfermarkt,46791,EXACT,HIGH
plr_1f5ea9c1,Andros Townsend,,,,,,,EXACT,HIGH
plr_1f64e900,Bukayo Saka,,,,,,,EXACT,HIGH
plr_1f8d2077,Ryan Giles,,,,,,,EXACT,HIGH
plr_1f920d21,Anwar El Ghazi,,,,,,,EXACT,HIGH
plr_1f938404,Enzo Fernández,,,,,,,EXACT,HIGH
plr_1f98732c,Pierre-Emerick Aubameyang,,,,,transfermarkt,58864,EXACT,HIGH
plr_1f9b83b6,Jefferson Lerma,,,,,,,EXACT,HIGH
plr_1fa07280,Davide Zappacosta,,,,,transfermarkt,173859,EXACT,HIGH
plr_1fa5ce1b,Micah Hamilton,,,,,,,EXACT,HIGH
plr_1fb47dff,Enso González,,,,,transfermarkt,1060740,EXACT,HIGH
plr_1fcc229d,Tyreke Johnson,,,,,,,EXACT,HIGH
plr_1fd34346,Dele Alli,,,,,,,EXACT,HIGH
plr_1fd76409,Przemyslaw Placheta,,,,,,,EXACT,HIGH
plr_1fdef7eb,Nélson Cabral Semedo,,,,,,,EXACT,HIGH
plr_1ff8f34c,Victor da Silva,,,,,,,EXACT,HIGH
plr_2004ad7a,Harvey Vale,,,,,,,EXACT,HIGH
plr_200b6746,Callum Slattery,,,,,,,EXACT,HIGH
plr_202a0080,Axel Piesold,,,,,,,EXACT,HIGH
plr_205e3019,Tyler Roberts,,,,,,,EXACT,HIGH
plr_2072d1cb,Andre Gray,,,,,transfermarkt,120565,EXACT,HIGH
plr_20803290,Weston McKennie,,,,,transfermarkt,332697,EXACT,HIGH
plr_208df530,Dwight McNeil,,,,,transfermarkt,584769,EXACT,HIGH
plr_208ff36c,Konstantinos Mavropanos,,,,,transfermarkt,415912,EXACT,HIGH
plr_20a3c2d6,Layvin Kurzawa,,,,,transfermarkt,126710,EXACT,HIGH
plr_20ba5851,Matt Ritchie,,,,,,,EXACT,HIGH
plr_20bb915c,Riyad Mahrez,,,,,,,EXACT,HIGH
plr_20d91bd8,Nile John,,,,,,,EXACT,HIGH
plr_20e210b9,Okay Yokuşlu,,,,,transfermarkt,137616,EXACT,HIGH
plr_20e42a97,Lloyd Kelly,,,,,,,EXACT,HIGH
plr_20e74026,Ferran Torres,,,,,,,EXACT,HIGH
plr_21153a8e,Reiss Nelson,,,,,,,EXACT,HIGH
plr_2116dda6,Neal Maupay,,,,,,,EXACT,HIGH
plr_213d25dc,Crysencio Summerville,,,,,transfermarkt,474701,EXACT,HIGH
plr_2144650a,Anthony Martial,,,,,,,EXACT,HIGH
plr_2168d3a4,Harry Wilson,,,,,,,EXACT,HIGH
plr_216c39a6,Jorge Luiz Frello Filho,,,,,,,EXACT,HIGH
plr_21823e84,Pascal Struijk,,,,,,,EXACT,HIGH
plr_2182e302,Sil Swinkels,,,,,,,EXACT,HIGH
plr_2198492a,Davy Pröpper,,,,,transfermarkt,79027,EXACT,HIGH
plr_219ef86c,Jannik Vestergaard,,,,,transfermarkt,99331,EXACT,HIGH
plr_21a12e2e,Nuno da Costa,,,,,transfermarkt,306166,EXACT,HIGH
plr_21d1df9a,Álvaro Fernández Carreras,,,,,,,EXACT,HIGH
plr_21d53b87,Sergio Romero,,,,,,,EXACT,HIGH
plr_21d835c5,Nathan Aké,,,,,,,EXACT,HIGH
plr_21e3459d,Connor Mahoney,,,,,transfermarkt,287528,EXACT,HIGH
plr_21ee61ef,Terence Kongolo,,,,,transfermarkt,152651,EXACT,HIGH
plr_22074864,Nathan Redmond,,,,,,,EXACT,HIGH
plr_220e297b,Viktor Gyökeres,,,,,transfermarkt,325443,EXACT,HIGH
plr_2226bb26,Tayo Adaramola,,,,,,,EXACT,HIGH
plr_2230b4b2,Lucas De Bolle,,,,,,,EXACT,HIGH
plr_22323164,Joe White,,,,,transfermarkt,614811,EXACT,HIGH
plr_2239b360,Ryan Fraser,,,,,,,EXACT,HIGH
plr_2245951f,Phil Jagielka,,,,,,,EXACT,HIGH
plr_22462ca2,Fabio Henrique Tavares,,,,,,,EXACT,HIGH
plr_224cb649,Douglas Luiz Soares de Paulo,,,,,,,EXACT,HIGH
plr_2252608f,Kai Havertz,,,,,transfermarkt,309400,EXACT,HIGH
plr_2262a79a,Yerry Mina,,,,,,,EXACT,HIGH
plr_22960927,Mason Mount,,,,,transfermarkt,346483,EXACT,HIGH
plr_22f092e7,Xande Nascimento da Costa Silva,,,,,,,EXACT,HIGH
plr_22fc351d,Djibril Sidibé,,,,,transfermarkt,161869,EXACT,HIGH
plr_2322c1a4,Ibrahima Konaté,,,,,transfermarkt,357119,EXACT,HIGH
plr_232a423a,Matz Sels,,,,,transfermarkt,127202,EXACT,HIGH
plr_232d2505,Raphael Dias Belloli,,,,,,,EXACT,HIGH
plr_23345541,Ben Heneghan,,,,,transfermarkt,156939,EXACT,HIGH
plr_233aced3,Paul Dummett,,,,,,,EXACT,HIGH
plr_2341241a,Fabian Schär,,,,,,,EXACT,HIGH
plr_23532c14,Pervis Estupiñán,,,,,,,EXACT,HIGH
plr_23598da1,Dominik Szoboszlai,,,,,transfermarkt,451276,EXACT,HIGH
plr_238a53bf,Pierre Lees-Melou,,,,,transfermarkt,377393,EXACT,HIGH
plr_238b663e,Davy Pröpper,,,,,,,EXACT,HIGH
plr_23920959,Caoimhin Kelleher,,,,,,,EXACT,HIGH
plr_2397c42e,Cengiz Ünder,,,,,transfermarkt,341647,EXACT,HIGH
plr_23a96cd3,Christian Pulisic,,,,,,,EXACT,HIGH
plr_23c3bcb3,Bryan Mbeumo,,,,,,,EXACT,HIGH
plr_23c75005,Jonathan Rowe,,,,,transfermarkt,672381,EXACT,HIGH
plr_23cec891,Jamie Sterry,,,,,transfermarkt,250431,EXACT,HIGH
plr_23d99269,Moussa Djenepo,,,,,,,EXACT,HIGH
plr_23dab9a5,Jesús Vallejo,,,,,transfermarkt,251896,EXACT,HIGH
plr_23ed9915,Miguel Almirón Rejala,,,,,,,EXACT,HIGH
plr_23fb89c6,Kyle Walker,,,,,,,EXACT,HIGH
plr_24047240,Nathaniel Phillips,,,,,,,EXACT,HIGH
plr_2407488a,Raúl Jiménez,,,,,,,EXACT,HIGH
plr_24086800,Meritan Shabani,,,,,,,EXACT,HIGH
plr_241173b3,John McGinn,,,,,,,EXACT,HIGH
plr_2411b26a,Leander Dendoncker,,,,,transfermarkt,168157,EXACT,HIGH
plr_241b642a,Youri Tielemans,,,,,,,EXACT,HIGH
plr_243db76c,Raúl Jiménez,,,,,,,EXACT,HIGH
plr_2449d988,James McCarthy,,,,,,,EXACT,HIGH
plr_244b3a0f,Kristian Sekularac,,,,,,,EXACT,HIGH
plr_245218d2,Rúben da Silva Neves,,,,,,,EXACT,HIGH
plr_24600a0a,Harvey Barnes,,,,,,,EXACT,HIGH
plr_24651113,Jarrad Branthwaite,,,,,,,EXACT,HIGH
plr_2496d367,Dwight McNeil,,,,,,,EXACT,HIGH
plr_2498581d,Nathan Fraser,,,,,,,EXACT,HIGH
plr_24a1e062,Alex McCarthy,,,,,,,EXACT,HIGH
plr_24a26523,Mykhaylo Mudryk,,,,,transfermarkt,537860,EXACT,HIGH
plr_24b83676,Tom Lockyer,,,,,,,EXACT,HIGH
plr_24f2e20c,Conrad Egan-Riley,,,,,,,EXACT,HIGH
plr_24fcfbd3,Gustavo Scarpa,,,,,transfermarkt,330085,EXACT,HIGH
plr_251eca56,Jaroslaw Jach,,,,,,,EXACT,HIGH
plr_2528b8e0,Philippe Coutinho Correia,,,,,,,EXACT,HIGH
plr_253bd4b8,Marco van Ginkel,,,,,transfermarkt,147034,EXACT,HIGH
plr_2543826a,Hjalmar Ekdal,,,,,,,EXACT,HIGH
plr_2544c165,Juan Foyth,,,,,,,EXACT,HIGH
plr_256c5a5f,Nick Pope,,,,,,,EXACT,HIGH
plr_2583663a,Ayotomiwa Dele-Bashiru,,,,,,,EXACT,HIGH
plr_25862ce8,Daniel Castelo Podence,,,,,,,EXACT,HIGH
plr_258a34e6,Frank Onyeka,,,,,transfermarkt,421637,EXACT,HIGH
plr_258eb7b1,Taiwo Awoniyi,,,,,transfermarkt,295313,EXACT,HIGH
plr_259bf79e,Mbaye Diagne,,,,,transfermarkt,271966,EXACT,HIGH
plr_25a07455,David Button,,,,,,,EXACT,HIGH
plr_25a96f0e,Will Ferry,,,,,,,EXACT,HIGH
plr_25c1dffc,Filip Marschall,,,,,,,EXACT,HIGH
plr_25d062dc,Valentino Lazaro,,,,,transfermarkt,186368,EXACT,HIGH
plr_25d9f12d,Salomón Rondón,,,,,,,EXACT,HIGH
plr_25dc5606,Marcus Tavernier,,,,,transfermarkt,399434,EXACT,HIGH
plr_25eaca77,Håvard Nordtveit,,,,,transfermarkt,42234,EXACT,HIGH
plr_2603fc25,Sean Longstaff,,,,,,,EXACT,HIGH
plr_26329364,Kieran Gibbs,,,,,,,EXACT,HIGH
plr_2657cf82,Fikayo Tomori,,,,,transfermarkt,303254,EXACT,HIGH
plr_2664ca38,Christian Fuchs,,,,,,,EXACT,HIGH
plr_2669d226,Hamza Choudhury,,,,,,,EXACT,HIGH
plr_267f4aba,Matheus Luiz Nunes,,,,,,,EXACT,HIGH
plr_269fb425,Fernando Llorente,,,,,transfermarkt,35564,EXACT,HIGH
plr_26b49d87,Kevin De Bruyne,,,,,,,EXACT,HIGH
plr_26dc52a9,Asmir Begovic,,,,,transfermarkt,33873,EXACT,HIGH
plr_26deef24,Pape Souaré,,,,,transfermarkt,125868,EXACT,HIGH
plr_26e000f3,Adam Forshaw,,,,,,,EXACT,HIGH
plr_26e175e4,Jarrod Bowen,,,,,,,EXACT,HIGH
plr_26e40c3e,Jack Cork,,,,,,,EXACT,HIGH
plr_26ffd119,Kai Havertz,,,,,,,EXACT,HIGH
plr_2715f9e4,Andrew Robertson,,,,,,,EXACT,HIGH
plr_2720425b,Ross Barkley,,,,,,,EXACT,HIGH
plr_272f2a68,Harvey Griffiths,,,,,,,EXACT,HIGH
plr_2740b3ab,James Tarkowski,,,,,,,EXACT,HIGH
plr_2740e1ff,Tetê,,,,,transfermarkt,371256,EXACT,HIGH
plr_2744271c,Felipe Anderson Pereira Gomes,,,,,,,EXACT,HIGH
plr_27455de3,Adama Traoré Diarra,,,,,,,EXACT,HIGH
plr_27458c3e,Romain Saïss,,,,,,,EXACT,HIGH
plr_274ad00e,Ivan Perisic,,,,,transfermarkt,42460,EXACT,HIGH
plr_2751eec7,Jordan Clark,,,,,,,EXACT,HIGH
plr_2753084e,Jack Robinson,,,,,transfermarkt,128909,EXACT,HIGH
plr_275e541b,Joel Coleman,,,,,transfermarkt,285551,EXACT,HIGH
plr_277a0a34,Ryan Giles,,,,,,,EXACT,HIGH
plr_277a95ed,James Maddison,,,,,,,EXACT,HIGH
plr_278a8bc8,Jake Hesketh,,,,,transfermarkt,315185,EXACT,HIGH
plr_279016fc,Gedson Carvalho Fernandes,,,,,,,EXACT,HIGH
plr_27a942ce,Máximo Perrone,,,,,transfermarkt,668547,EXACT,HIGH
plr_27a97d88,Patrick Roberts,,,,,transfermarkt,225452,EXACT,HIGH
plr_27b7c1a7,Paul Dummett,,,,,,,EXACT,HIGH
plr_27c07b48,César Azpilicueta,,,,,,,EXACT,HIGH
plr_27c89c9b,Josh Martin,,,,,transfermarkt,547534,EXACT,HIGH
plr_27cd1ae2,Theo Walcott,,,,,,,EXACT,HIGH
plr_27dff95c,Calvin Ramsay,,,,,,,EXACT,HIGH
plr_27e4c774,Caoimhin Kelleher,,,,,,,EXACT,HIGH
plr_27e79178,Youri Tielemans,,,,,,,EXACT,HIGH
plr_280548db,Ryan Babel,,,,,transfermarkt,16135,EXACT,HIGH
plr_2808a598,Hugo Bueno López,,,,,,,EXACT,HIGH
plr_280f02b3,Manuel Lanzini,,,,,,,EXACT,HIGH
plr_281d6de7,Caoimhin Kelleher,,,,,,,EXACT,HIGH
plr_28205f8c,Rúben Santos Gato Alves Dias,,,,,,,EXACT,HIGH
plr_2826cb21,Marcos Alonso,,,,,transfermarkt,112515,EXACT,HIGH
plr_282adf2a,Elia Caprile,,,,,,,EXACT,HIGH
plr_282e36c3,Ayotomiwa Dele-Bashiru,,,,,,,EXACT,HIGH
plr_2830091a,Leander Dendoncker,,,,,,,EXACT,HIGH
plr_28421719,Nathan Bishop,,,,,,,EXACT,HIGH
plr_285ab880,Danny Ings,,,,,,,EXACT,HIGH
plr_286be0e0,Amad Diallo,,,,,,,EXACT,HIGH
plr_28a11820,Pontus Jansson,,,,,,,EXACT,HIGH
plr_28b0bd5a,Rayan Ait Nouri,,,,,,,EXACT,HIGH
plr_28b2d462,Wesley Fofana,,,,,,,EXACT,HIGH
plr_28ba2fe0,Lucas Rodrigues Moura da Silva,,,,,,,EXACT,HIGH
plr_28bcd2a6,Martin Ødegaard,,,,,,,EXACT,HIGH
plr_28c0642e,Nathan Patterson,,,,,,,EXACT,HIGH
plr_28cb5a1c,Cucho Hernández,,,,,transfermarkt,459463,EXACT,HIGH
plr_28cb602e,Sadio Mané,,,,,,,EXACT,HIGH
plr_28d84c18,Emiliano Martínez Romero,,,,,,,EXACT,HIGH
plr_28f64b2a,Nathan Redmond,,,,,,,EXACT,HIGH
plr_29277fdc,Luca de la Torre,,,,,transfermarkt,315762,EXACT,HIGH
plr_29525769,Jordan Henderson,,,,,,,EXACT,HIGH
plr_2969786c,Calum Chambers,,,,,,,EXACT,HIGH
plr_297fcbf4,Sam Baldock,,,,,transfermarkt,67211,EXACT,HIGH
plr_29831028,Romelu Lukaku,,,,,,,EXACT,HIGH
plr_2984a598,Kaden Rodney,,,,,,,EXACT,HIGH
plr_298dd03d,Addji Keaninkin Marc-Israel Guehi,,,,,,,EXACT,HIGH
plr_29933ff6,Taylor Perry,,,,,,,EXACT,HIGH
plr_29a14bec,Sander Berge,,,,,,,EXACT,HIGH
plr_29b3267f,Andi Zeqiri,,,,,transfermarkt,345468,EXACT,HIGH
plr_29b3481e,Ashley Westwood,,,,,,,EXACT,HIGH
plr_29ca1515,Jay Rodríguez,,,,,transfermarkt,53360,EXACT,HIGH
plr_29d5fb1b,Marc Navarro,,,,,transfermarkt,335245,EXACT,HIGH
plr_29dc68d1,Glenn Murray,,,,,,,EXACT,HIGH
plr_29dd1dff,Norberto Murara Neto,,,,,,,EXACT,HIGH
plr_29f1076f,Kepa Arrizabalaga,,,,,,,EXACT,HIGH
plr_2a146fbe,Junior Firpo Adames,,,,,,,EXACT,HIGH
plr_2a1c617b,Sergio Agüero,,,,,,,EXACT,HIGH
plr_2a1cceba,Tyrone Mings,,,,,,,EXACT,HIGH
plr_2a6489b3,Rob Holding,,,,,,,EXACT,HIGH
plr_2a69153b,Luke Dreher,,,,,,,EXACT,HIGH
plr_2a6a0d35,Isaac Success Ajayi,,,,,,,EXACT,HIGH
plr_2a905f8e,Darren Randolph,,,,,,,EXACT,HIGH
plr_2aa264a2,Takumi Minamino,,,,,,,EXACT,HIGH
plr_2ae468a9,Steven Alzate,,,,,transfermarkt,476237,EXACT,HIGH
plr_2af711bb,Nélson Semedo,,,,,transfermarkt,231572,EXACT,HIGH
plr_2b163c45,Victor Lindelöf,,,,,,,EXACT,HIGH
plr_2b6145fc,Kjell Scherpen,,,,,,,EXACT,HIGH
plr_2b72cd2e,Jetro Willems,,,,,transfermarkt,146258,EXACT,HIGH
plr_2b831ac0,Dale Stephens,,,,,transfermarkt,49755,EXACT,HIGH
plr_2b8dd2b9,Jacob Ramsey,,,,,transfermarkt,503749,EXACT,HIGH
plr_2ba3b31d,Ché Adams,,,,,transfermarkt,346779,EXACT,HIGH
plr_2bb408e0,Joseph Gomez,,,,,,,EXACT,HIGH
plr_2bcc1d60,Gerard Deulofeu,,,,,transfermarkt,129476,EXACT,HIGH
plr_2be29b6c,Junior Firpo,,,,,transfermarkt,374139,EXACT,HIGH
plr_2bf05d91,Cristian Romero,,,,,transfermarkt,355915,EXACT,HIGH
plr_2c239f32,Nemanja Matic,,,,,,,EXACT,HIGH
plr_2c35db8f,Conor Coventry,,,,,,,EXACT,HIGH
plr_2c61a1c6,Björn Engels,,,,,transfermarkt,193469,EXACT,HIGH
plr_2c73c04b,Robert Kenedy Nunes do Nascimento,,,,,,,EXACT,HIGH
plr_2c95a143,James Justin,,,,,,,EXACT,HIGH
plr_2c9d1626,Cédric Soares,,,,,,,EXACT,HIGH
plr_2cb9f518,Reece James,,,,,,,EXACT,HIGH
plr_2cba783e,Haydon Roberts,,,,,,,EXACT,HIGH
plr_2ccc3a8c,Steven Bergwijn,,,,,transfermarkt,284165,EXACT,HIGH
plr_2cd2a50b,Nathan Fraser,,,,,transfermarkt,863741,EXACT,HIGH
plr_2cd4e9a8,Neil Etheridge,,,,,,,EXACT,HIGH
plr_2ce4dd17,Mohamed Salah,,,,,,,EXACT,HIGH
plr_2ce9abb9,Sam Greenwood,,,,,,,EXACT,HIGH
plr_2cf1a31b,Mathew Ryan,,,,,,,EXACT,HIGH
plr_2cf31e31,Manu García,,,,,transfermarkt,277118,EXACT,HIGH
plr_2d050e97,Jack Robinson,,,,,,,EXACT,HIGH
plr_2d07d510,Pepe Reina,,,,,transfermarkt,7825,EXACT,HIGH
plr_2d1196d6,Marquinhos,,,,,transfermarkt,668268,EXACT,HIGH
plr_2d12bcf1,Oumar Niasse,,,,,,,EXACT,HIGH
plr_2d1a08fa,Adrien Silva,,,,,transfermarkt,56810,EXACT,HIGH
plr_2d1bac50,George Hirst,,,,,transfermarkt,420808,EXACT,HIGH
plr_2d580e00,Kieran Tierney,,,,,,,EXACT,HIGH
plr_2d59b965,John Ruddy,,,,,,,EXACT,HIGH
plr_2d5b2678,Joel Matip,,,,,,,EXACT,HIGH
plr_2d67dca1,Tayo Adaramola,,,,,,,EXACT,HIGH
plr_2d6d26f1,Raúl Jiménez,,,,,,,EXACT,HIGH
plr_2d7a71a3,İlkay Gündoğan,,,,,transfermarkt,53622,EXACT,HIGH
plr_2d88648e,Tim Iroegbunam,,,,,,,EXACT,HIGH
plr_2d949f89,Victor Lindelöf,,,,,,,EXACT,HIGH
plr_2d94ffe3,Pedro Lomba Neto,,,,,,,EXACT,HIGH
plr_2da50af8,Vitezslav Jaros,,,,,transfermarkt,486604,EXACT,HIGH
plr_2db11373,Arthur Henrique Ramos de Oliveira Melo,,,,,,,EXACT,HIGH
plr_2dd03da7,Luke Shaw,,,,,,,EXACT,HIGH
plr_2dd968bd,Mathew Ryan,,,,,,,EXACT,HIGH
plr_2dea94da,Jordan Henderson,,,,,,,EXACT,HIGH
plr_2df0cb13,Mesut Özil,,,,,transfermarkt,35664,EXACT,HIGH
plr_2e0e058d,Benjamin Chrisene,,,,,,,EXACT,HIGH
plr_2e0e770b,Henri Lansbury,,,,,transfermarkt,44794,EXACT,HIGH
plr_2e1f7097,Max Gradel,,,,,transfermarkt,28140,EXACT,HIGH
plr_2e21581e,Martin Dubravka,,,,,,,EXACT,HIGH
plr_2e29c4b3,Harry Kane,,,,,,,EXACT,HIGH
plr_2e475be1,George Earthy,,,,,,,EXACT,HIGH
plr_2e4e887c,Jonathan Castro Otto,,,,,,,EXACT,HIGH
plr_2e52d3f4,Neeskens Kebano,,,,,,,EXACT,HIGH
plr_2e5618ed,Charlie Taylor,,,,,,,EXACT,HIGH
plr_2e5621b7,Artur Boruc,,,,,,,EXACT,HIGH
plr_2e5e7a58,Myles Lewis-Skelly,,,,,,,EXACT,HIGH
plr_2e60dc70,Tim Iroegbunam,,,,,,,EXACT,HIGH
plr_2e655d1d,Nikola Vlasic,,,,,,,EXACT,HIGH
plr_2e690777,Jan Bednarek,,,,,,,EXACT,HIGH
plr_2e6be15c,Alex Iwobi,,,,,,,EXACT,HIGH
plr_2e77994b,Nathan Tella,,,,,transfermarkt,340322,EXACT,HIGH
plr_2e78ddd5,Che Adams,,,,,,,EXACT,HIGH
plr_2e98b98f,John Egan,,,,,,,EXACT,HIGH
plr_2ea74fb2,Mohamed Salah,,,,,,,EXACT,HIGH
plr_2eb35371,Ciaron Brown,,,,,transfermarkt,611845,EXACT,HIGH
plr_2eb6d93e,Luciano Vietto,,,,,transfermarkt,214316,EXACT,HIGH
plr_2ebc9769,Trevoh Chalobah,,,,,,,EXACT,HIGH
plr_2ec3a572,Ivan Toney,,,,,,,EXACT,HIGH
plr_2ec535be,Daiki Hashioka,,,,,transfermarkt,387191,EXACT,HIGH
plr_2eccc2ea,Sonny Bradley,,,,,transfermarkt,127794,EXACT,HIGH
plr_2ef6a74e,Bendegúz Bolla,,,,,transfermarkt,439351,EXACT,HIGH
plr_2f0b8d54,Ibrahim Sangaré,,,,,transfermarkt,375885,EXACT,HIGH
plr_2f100a72,Antonio Rüdiger,,,,,,,EXACT,HIGH
plr_2f295d77,Harvey Elliott,,,,,,,EXACT,HIGH
plr_2f306129,Nathan Redmond,,,,,transfermarkt,129078,EXACT,HIGH
plr_2f338734,Allan Marques Loureiro,,,,,,,EXACT,HIGH
plr_2f57aaa1,Pierre-Emerick Aubameyang,,,,,,,EXACT,HIGH
plr_2f5a2d8c,Joshua Duffus,,,,,,,EXACT,HIGH
plr_2f5fbe19,Mathias Jorgensen,,,,,,,EXACT,HIGH
plr_2f62c95e,Connor Roberts,,,,,transfermarkt,214666,EXACT,HIGH
plr_2f77e161,Phil Jones,,,,,,,EXACT,HIGH
plr_2f7ea2ec,Çaglar Söyüncü,,,,,,,EXACT,HIGH
plr_2f824001,Dion Pereira,,,,,transfermarkt,499604,EXACT,HIGH
plr_2f94a135,Dominic Calvert-Lewin,,,,,,,EXACT,HIGH
plr_2f967ffd,José Malheiro de Sá,,,,,,,EXACT,HIGH
plr_2fa05a4e,Kadan Young,,,,,,,EXACT,HIGH
plr_2faf32da,Christian Chigozie,,,,,,,EXACT,HIGH
plr_2fb192e5,Marcus Oliveira Alencar,,,,,,,EXACT,HIGH
plr_2fbfe1aa,Toby Collyer,,,,,,,EXACT,HIGH
plr_2fd4092e,Aaron Mooy,,,,,transfermarkt,123951,EXACT,HIGH
plr_2fe01518,Aaron Cresswell,,,,,,,EXACT,HIGH
plr_2fed7f1e,Scott Carson,,,,,,,EXACT,HIGH
plr_2ff35d79,Jordon Ibe,,,,,,,EXACT,HIGH
plr_30017acd,Kieran Dowell,,,,,transfermarkt,258916,EXACT,HIGH
plr_300f6d59,Amadou Diallo,,,,,,,EXACT,HIGH
plr_3025d61e,Joel Matip,,,,,,,EXACT,HIGH
plr_3027003a,Joe White,,,,,,,EXACT,HIGH
plr_303051b8,Sergi Canós Tenés,,,,,,,EXACT,HIGH
plr_303daa5e,Luke Cundle,,,,,,,EXACT,HIGH
plr_3053d71b,Christian Marques,,,,,,,EXACT,HIGH
plr_30812b84,Tommy Doyle,,,,,,,EXACT,HIGH
plr_3084f829,Patson Daka,,,,,,,EXACT,HIGH
plr_3085b659,Matt Ritchie,,,,,,,EXACT,HIGH
plr_30b3ff3d,Bernardo Mota Veiga de Carvalho e Silva,,,,,,,EXACT,HIGH
plr_30bd7b8d,Edinson Cavani,,,,,transfermarkt,48280,EXACT,HIGH
plr_30efeb64,Muhamed Besic,,,,,transfermarkt,93905,EXACT,HIGH
plr_312147dd,David Martin,,,,,transfermarkt,15930,EXACT,HIGH
plr_31244ce5,Gary Cahill,,,,,,,EXACT,HIGH
plr_312d4537,Victor Lindelöf,,,,,,,EXACT,HIGH
plr_312e7953,Sam Woods,,,,,,,EXACT,HIGH
plr_313e57f6,Harvey Elliott,,,,,,,EXACT,HIGH
plr_313f12dc,Steven Davis,,,,,transfermarkt,28973,EXACT,HIGH
plr_3141a054,Mark Flekken,,,,,transfermarkt,125714,EXACT,HIGH
plr_315d4171,Alex McCarthy,,,,,,,EXACT,HIGH
plr_31770158,Conor Townsend,,,,,,,EXACT,HIGH
plr_3192e8cf,Fabio Henrique Tavares,,,,,,,EXACT,HIGH
plr_31939bb2,Anthony Mancini,,,,,,,EXACT,HIGH
plr_31be08c4,Víctor Camarasa,,,,,,,EXACT,HIGH
plr_31d2a4a6,Mohammed Salisu,,,,,,,EXACT,HIGH
plr_31e55f4f,Casemiro,,,,,transfermarkt,16306,EXACT,HIGH
plr_31f505c3,Jonny Evans,,,,,,,EXACT,HIGH
plr_3202060d,Stefan Bajcetic,,,,,transfermarkt,864799,EXACT,HIGH
plr_322042bc,Killian Phillips,,,,,,,EXACT,HIGH
plr_3224ae36,Illia Zabarnyi,,,,,,,EXACT,HIGH
plr_3227c75b,James Justin,,,,,transfermarkt,413220,EXACT,HIGH
plr_32384ed3,Lucas Pérez,,,,,transfermarkt,73185,EXACT,HIGH
plr_3246f3a6,Baily Cargill,,,,,transfermarkt,293450,EXACT,HIGH
plr_324c1d80,Rúnar Alex Rúnarsson,,,,,,,EXACT,HIGH
plr_3265d6f8,Wataru Endo,,,,,transfermarkt,146310,EXACT,HIGH
plr_327e2cfc,Tom Anderson,,,,,transfermarkt,128828,EXACT,HIGH
plr_32a20222,Jamie McDonnell,,,,,,,EXACT,HIGH
plr_32a3cf44,Tom McGill,,,,,,,EXACT,HIGH
plr_32b238fb,Nemanja Matic,,,,,,,EXACT,HIGH
plr_32ca7812,Nathan Holland,,,,,,,EXACT,HIGH
plr_32d1563e,Harry Maguire,,,,,,,EXACT,HIGH
plr_32dd3ea1,Martin Kelly,,,,,,,EXACT,HIGH
plr_32f9d054,Matt Doherty,,,,,,,EXACT,HIGH
plr_32fe933e,Maarten Stekelenburg,,,,,transfermarkt,4311,EXACT,HIGH
plr_33056468,Harrison Ashby,,,,,,,EXACT,HIGH
plr_3307b6ff,Archie Gray,,,,,,,EXACT,HIGH
plr_330ffa85,Philippe Coutinho Correia,,,,,,,EXACT,HIGH
plr_3312fe8d,Wes Foderingham,,,,,,,EXACT,HIGH
plr_3313ae3c,Frederico Rodrigues de Paula Santos,,,,,,,EXACT,HIGH
plr_33199892,Gabriel Fernando de Jesus,,,,,,,EXACT,HIGH
plr_331a3fc6,Aaron Ramsey,,,,,,,EXACT,HIGH
plr_3321f892,Akin Famewo,,,,,transfermarkt,425713,EXACT,HIGH
plr_332d2522,Matheus Pereira,,,,,transfermarkt,225984,EXACT,HIGH
plr_33322b82,Odeluga Offiah,,,,,,,EXACT,HIGH
plr_3332936f,Ian Carlo Poveda-Ocampo,,,,,,,EXACT,HIGH
plr_333faa17,Fabian Delph,,,,,,,EXACT,HIGH
plr_3363000e,Konstantinos Mavropanos,,,,,,,EXACT,HIGH
plr_336f3a54,Pierre-Emerick Aubameyang,,,,,,,EXACT,HIGH
plr_3388d184,Vitalii Mykolenko,,,,,,,EXACT,HIGH
plr_33954121,Marcelo de Araújo Pitaluga Filho,,,,,,,EXACT,HIGH
plr_33ad1500,Luke Cundle,,,,,transfermarkt,532541,EXACT,HIGH
plr_33bad45f,Hee-chan Hwang,,,,,transfermarkt,292246,EXACT,HIGH
plr_33c418fc,Michael Keane,,,,,,,EXACT,HIGH
plr_33cdb17e,Sasa Lukic,,,,,,,EXACT,HIGH
plr_33d16a6f,Fernando Luiz Rosa,,,,,,,EXACT,HIGH
plr_33dccccd,William Smallbone,,,,,,,EXACT,HIGH
plr_33e02a3c,Ryan Astley,,,,,,,EXACT,HIGH
plr_33e59122,George Thomas,,,,,transfermarkt,298240,EXACT,HIGH
plr_3426b144,Cyrus Christie,,,,,transfermarkt,158623,EXACT,HIGH
plr_343452ff,Matt Jarvis,,,,,transfermarkt,15921,EXACT,HIGH
plr_343d8308,Ilya Zabarnyi,,,,,transfermarkt,659089,EXACT,HIGH
plr_34410e9e,Oleksandr Zinchenko,,,,,,,EXACT,HIGH
plr_344b033a,Tammy Abraham,,,,,,,EXACT,HIGH
plr_345299fa,CJ Egan-Riley,,,,,transfermarkt,581669,EXACT,HIGH
plr_3462bf1a,Abdoulaye Doucouré,,,,,,,EXACT,HIGH
plr_346b5a6e,Andrey Nascimento dos Santos,,,,,,,EXACT,HIGH
plr_346e4a7e,Jayden Bogle,,,,,transfermarkt,465717,EXACT,HIGH
plr_34764d5c,Scott Twine,,,,,transfermarkt,433818,EXACT,HIGH
plr_34782e93,Demarai Gray,,,,,,,EXACT,HIGH
plr_34852514,Jakub Ojrzynski,,,,,,,EXACT,HIGH
plr_3487425b,Joe Rothwell,,,,,transfermarkt,183293,EXACT,HIGH
plr_34925e68,Danilo Pantic,,,,,transfermarkt,222830,EXACT,HIGH
plr_34a5afbe,Nampalys Mendy,,,,,,,EXACT,HIGH
plr_34a9b1fd,André Filipe Tavares Gomes,,,,,,,EXACT,HIGH
plr_34c056af,Tahith Chong,,,,,transfermarkt,344830,EXACT,HIGH
plr_34c7295a,Garang Kuol,,,,,,,EXACT,HIGH
plr_34d84190,Manuel Benson Hedilazio,,,,,,,EXACT,HIGH
plr_34e99677,Albert Sambi Lokonga,,,,,,,EXACT,HIGH
plr_34f583b1,Florian Lejeune,,,,,,,EXACT,HIGH
plr_34f65f1e,Ryan Christie,,,,,,,EXACT,HIGH
plr_34f6977d,Isaac Success Ajayi,,,,,,,EXACT,HIGH
plr_35113c14,Andreas Pereira,,,,,,,EXACT,HIGH
plr_351486a3,Mahmoud Ahmed Ibrahim Hassan,,,,,,,EXACT,HIGH
plr_351650ef,Fodé Ballo-Touré,,,,,transfermarkt,296422,EXACT,HIGH
plr_3523be83,Fábio Carvalho,,,,,transfermarkt,559263,EXACT,HIGH
plr_353caf99,Thiago Thiago,,,,,,,EXACT,HIGH
plr_353ceb8c,Phil Foden,,,,,,,EXACT,HIGH
plr_3559a363,Dejan Kulusevski,,,,,,,EXACT,HIGH
plr_356080e0,Juninho Bacuna,,,,,transfermarkt,348863,EXACT,HIGH
plr_356a3fe0,Anthony Martial,,,,,transfermarkt,182877,EXACT,HIGH
plr_3571e4d0,Abdoulaye Doucouré,,,,,,,EXACT,HIGH
plr_3575396b,Sam Johnstone,,,,,transfermarkt,110864,EXACT,HIGH
plr_3578df9b,Juan Mata,,,,,transfermarkt,44068,EXACT,HIGH
plr_357b7b24,Pablo Fornals,,,,,,,EXACT,HIGH
plr_35962220,Simon Adingra,,,,,transfermarkt,658536,EXACT,HIGH
plr_3598de66,Conor Gallagher,,,,,transfermarkt,488362,EXACT,HIGH
plr_35ad7087,Lys Mousset,,,,,transfermarkt,291422,EXACT,HIGH
plr_35b30eb7,Raheem Sterling,,,,,,,EXACT,HIGH
plr_35bed7c8,Matthew Craig,,,,,,,EXACT,HIGH
plr_35c38f75,Cuco Martina,,,,,transfermarkt,91251,EXACT,HIGH
plr_35d96fef,James Tomkins,,,,,,,EXACT,HIGH
plr_35e8cc10,Robin Olsen,,,,,,,EXACT,HIGH
plr_35f9d8bc,Bernard Anício Caldeira Duarte,,,,,,,EXACT,HIGH
plr_36158ad2,Alejo Veliz,,,,,transfermarkt,888493,EXACT,HIGH
plr_36183ec6,Joselu,,,,,transfermarkt,81999,EXACT,HIGH
plr_361b864d,Leon Chiwome,,,,,,,EXACT,HIGH
plr_362e7a22,Thomas Strakosha,,,,,transfermarkt,222209,EXACT,HIGH
plr_3630d895,Jed Steer,,,,,,,EXACT,HIGH
plr_3633cf58,Nathan Broadhead,,,,,,,EXACT,HIGH
plr_36505aac,Douglas Luiz Soares de Paulo,,,,,,,EXACT,HIGH
plr_3654f1a3,Dwight Gayle,,,,,transfermarkt,196522,EXACT,HIGH
plr_365bb05e,Miguel Britos,,,,,transfermarkt,76799,EXACT,HIGH
plr_3680092b,Demarai Gray,,,,,,,EXACT,HIGH
plr_36808acf,Christian Atsu,,,,,,,EXACT,HIGH
plr_3687db84,Slobodan Tedic,,,,,transfermarkt,505652,EXACT,HIGH
plr_369f7aa4,Sadio Mané,,,,,transfermarkt,200512,EXACT,HIGH
plr_36a61f50,Liam Cooper,,,,,,,EXACT,HIGH
plr_36ac4f5e,Chris Richards,,,,,,,EXACT,HIGH
plr_36ad044e,Jack Colback,,,,,transfermarkt,61644,EXACT,HIGH
plr_36e9fcc6,Romelu Lukaku,,,,,,,EXACT,HIGH
plr_36f524c4,Karl Darlow,,,,,,,EXACT,HIGH
plr_3705806a,Vincent Angelini,,,,,,,EXACT,HIGH
plr_374c8efc,Andreas Christensen,,,,,,,EXACT,HIGH
plr_375eaa1a,Joel Ward,,,,,,,EXACT,HIGH
plr_376ca02b,Callum Paterson,,,,,,,EXACT,HIGH
plr_3780b0ac,Declan Rice,,,,,,,EXACT,HIGH
plr_378aa74b,Michael Keane,,,,,,,EXACT,HIGH
plr_37a83624,Morgan Gibbs-White,,,,,,,EXACT,HIGH
plr_37b5222f,Danny Simpson,,,,,transfermarkt,37442,EXACT,HIGH
plr_37cef216,Sam Proctor,,,,,,,EXACT,HIGH
plr_37d5e4c9,Rob Holding,,,,,,,EXACT,HIGH
plr_37e7085f,Vicente Guaita,,,,,,,EXACT,HIGH
plr_37e7e6b0,Morgan Rogers,,,,,transfermarkt,503743,EXACT,HIGH
plr_37fb54f2,Leonardo Campana,,,,,,,EXACT,HIGH
plr_380a5e84,Altay Bayındır,,,,,transfermarkt,336077,EXACT,HIGH
plr_38111403,Aribim Pepple,,,,,transfermarkt,696502,EXACT,HIGH
plr_3812121d,Johann Berg Gudmundsson,,,,,,,EXACT,HIGH
plr_381b0764,Rodrigo Duarte Ribeiro,,,,,,,EXACT,HIGH
plr_381c6142,João Moutinho,,,,,transfermarkt,29364,EXACT,HIGH
plr_3824beac,Jeff Hendrick,,,,,,,EXACT,HIGH
plr_3838ae66,Pedro Lomba Neto,,,,,,,EXACT,HIGH
plr_3845f515,Frank Onyeka,,,,,,,EXACT,HIGH
plr_3854e802,Reece Oxford,,,,,transfermarkt,314295,EXACT,HIGH
plr_3874bfb6,Scott McTominay,,,,,,,EXACT,HIGH
plr_38757e4f,César Azpilicueta,,,,,,,EXACT,HIGH
plr_388599db,Dwight Gayle,,,,,,,EXACT,HIGH
plr_3895829c,Marc Roca,,,,,transfermarkt,336869,EXACT,HIGH
plr_38a93121,Neco Williams,,,,,,,EXACT,HIGH
plr_38bfb522,Santiago Bueno,,,,,transfermarkt,438001,EXACT,HIGH
plr_38c7228d,N'Golo Kanté,,,,,,,EXACT,HIGH
plr_38d66193,Riyad Mahrez,,,,,,,EXACT,HIGH
plr_3901e0e2,Pierre-Emerick Aubameyang,,,,,,,EXACT,HIGH
plr_39052713,Diogo Teixeira da Silva,,,,,,,EXACT,HIGH
plr_390ef63e,Timo Werner,,,,,,,EXACT,HIGH
plr_3923e3ab,Euan Pollock,,,,,,,EXACT,HIGH
plr_3929440f,Enda Stevens,,,,,,,EXACT,HIGH
plr_392b789f,Shane Long,,,,,,,EXACT,HIGH
plr_392cba90,Ainsley Maitland-Niles,,,,,,,EXACT,HIGH
plr_39403ffa,Cole Palmer,,,,,,,EXACT,HIGH
plr_394635b3,James Maddison,,,,,,,EXACT,HIGH
plr_394bc491,Ozan Kabak,,,,,,,EXACT,HIGH
plr_394cd477,Joe Gardner,,,,,,,EXACT,HIGH
plr_39603596,Oriol Romeu Vidal,,,,,,,EXACT,HIGH
plr_3961ea94,Jonas Lössl,,,,,,,EXACT,HIGH
plr_396ccfa2,Leonardo Campana,,,,,transfermarkt,606872,EXACT,HIGH
plr_3970ab02,Josh Wilson-Esbrand,,,,,transfermarkt,576121,EXACT,HIGH
plr_3977acea,Asmir Begović,,,,,,,EXACT,HIGH
plr_39796cce,Victor Lindelöf,,,,,,,EXACT,HIGH
plr_399dc18b,Dominic Calvert-Lewin,,,,,,,EXACT,HIGH
plr_39b46333,Trent Alexander-Arnold,,,,,,,EXACT,HIGH
plr_39b97c30,Kelland Watts,,,,,,,EXACT,HIGH
plr_39c360df,Bernardo Fernandes Da Silva Junior,,,,,,,EXACT,HIGH
plr_39d20cf8,Adama Traoré,,,,,,,EXACT,HIGH
plr_39da64c6,Pierre-Emerick Aubameyang,,,,,,,EXACT,HIGH
plr_39e400e8,Charlie Taylor,,,,,,,EXACT,HIGH
plr_39e66697,Nathan Tella,,,,,,,EXACT,HIGH
plr_39f26118,Scott Malone,,,,,transfermarkt,101682,EXACT,HIGH
plr_39f8213c,Steve Cook,,,,,,,EXACT,HIGH
plr_3a066331,Charlie Robinson,,,,,,,EXACT,HIGH
plr_3a14fecb,John-Kymani Gordon,,,,,,,EXACT,HIGH
plr_3a37f5bb,Jordan Pickford,,,,,,,EXACT,HIGH
plr_3a4c3f3a,Jarrad Branthwaite,,,,,,,EXACT,HIGH
plr_3a50e448,Mateusz Klich,,,,,,,EXACT,HIGH
plr_3a536250,Lesley Ugochukwu,,,,,transfermarkt,711999,EXACT,HIGH
plr_3a566c83,Josh Powell,,,,,,,EXACT,HIGH
plr_3a598a13,Paul Pogba,,,,,,,EXACT,HIGH
plr_3a68ab01,Ayoze Pérez,,,,,transfermarkt,246968,EXACT,HIGH
plr_3a71c980,Danny Rose,,,,,,,EXACT,HIGH
plr_3a776316,Stuart Armstrong,,,,,transfermarkt,130765,EXACT,HIGH
plr_3a8cd8c9,Ryan Sessegnon,,,,,,,EXACT,HIGH
plr_3ab5cb57,Matthew Craig,,,,,,,EXACT,HIGH
plr_3ab6aa0a,Aaron Wan-Bissaka,,,,,,,EXACT,HIGH
plr_3acaf742,Joel Ward,,,,,,,EXACT,HIGH
plr_3afd0eee,Kevin De Bruyne,,,,,,,EXACT,HIGH
plr_3afeb7ea,Sam Gallagher,,,,,,,EXACT,HIGH
plr_3aff19d5,Timothy Fosu-Mensah,,,,,transfermarkt,315131,EXACT,HIGH
plr_3b0e0139,Bradley Ibrahim,,,,,,,EXACT,HIGH
plr_3b13a1c8,Karlo Ziger,,,,,,,EXACT,HIGH
plr_3b4405d8,João Pedro Cavaco Cancelo,,,,,,,EXACT,HIGH
plr_3b549fff,Enes Ünal,,,,,transfermarkt,251106,EXACT,HIGH
plr_3b66cede,Jacob Wright,,,,,,,EXACT,HIGH
plr_3b7bfd91,Harry Winks,,,,,,,EXACT,HIGH
plr_3b7e27a2,Vitinha,,,,,transfermarkt,487469,EXACT,HIGH
plr_3b830183,Danny Ward,,,,,,,EXACT,HIGH
plr_3b886ee0,Aleksandar Mitrović,,,,,,,EXACT,HIGH
plr_3b8aa497,Matt Macey,,,,,,,EXACT,HIGH
plr_3b9a6466,Brandon Williams,,,,,,,EXACT,HIGH
plr_3ba0a020,Henrik Dalsgaard,,,,,transfermarkt,93315,EXACT,HIGH
plr_3ba42f3c,Jarell Quansah,,,,,,,EXACT,HIGH
plr_3bc00dfd,Joseph Anang,,,,,transfermarkt,576099,EXACT,HIGH
plr_3bc28b36,Bernardo Fernandes da Silva Junior,,,,,,,EXACT,HIGH
plr_3bc555eb,Loïc Mbe Soh,,,,,,,EXACT,HIGH
plr_3bcccd90,Eric García,,,,,transfermarkt,466794,EXACT,HIGH
plr_3bd9f4ae,James Wright,,,,,,,EXACT,HIGH
plr_3bdf0687,Yerson Mosquera Valdelamar,,,,,,,EXACT,HIGH
plr_3be5a07d,Marcos Alonso,,,,,,,EXACT,HIGH
plr_3bebb6c9,Andreas Pereira,,,,,transfermarkt,203394,EXACT,HIGH
plr_3bed0738,Jean-Ricner Bellegarde,,,,,transfermarkt,450050,EXACT,HIGH
plr_3bf43f02,Stefan Parkes,,,,,,,EXACT,HIGH
plr_3bf9ea94,Adam Legzdins,,,,,transfermarkt,43858,EXACT,HIGH
plr_3c04e26b,Mohamed Naser El Sayed Elneny,,,,,,,EXACT,HIGH
plr_3c06a2c6,Brandon Williams,,,,,,,EXACT,HIGH
plr_3c2e4585,Ben Doak,,,,,,,EXACT,HIGH
plr_3c3f3e76,Richie Laryea,,,,,transfermarkt,417348,EXACT,HIGH
plr_3c46f015,Hakim Ziyech,,,,,transfermarkt,217111,EXACT,HIGH
plr_3c55134e,Barry Douglas,,,,,transfermarkt,91854,EXACT,HIGH
plr_3c7ea824,Alfie Devine,,,,,,,EXACT,HIGH
plr_3c827c1f,Marcel Franke,,,,,transfermarkt,152435,EXACT,HIGH
plr_3c8534f3,Martin Dubravka,,,,,,,EXACT,HIGH
plr_3c924fc5,Jay Rodriguez,,,,,,,EXACT,HIGH
plr_3cad7265,Jorge Segura,,,,,transfermarkt,453575,EXACT,HIGH
plr_3cb08597,Cheikh Diaby,,,,,,,EXACT,HIGH
plr_3cb82f14,David Button,,,,,,,EXACT,HIGH
plr_3cbba7ff,Mario Lemina,,,,,,,EXACT,HIGH
plr_3cbc2fac,Omari Kellyman,,,,,,,EXACT,HIGH
plr_3cbd3013,Roberto Firmino,,,,,,,EXACT,HIGH
plr_3cc9950d,Diego Cavalieri,,,,,transfermarkt,53231,EXACT,HIGH
plr_3cdb554f,Fabian Schär,,,,,,,EXACT,HIGH
plr_3cded3e4,Jack Grealish,,,,,,,EXACT,HIGH
plr_3ce4be91,Noni Madueke,,,,,,,EXACT,HIGH
plr_3d0202b7,Noni Madueke,,,,,transfermarkt,503987,EXACT,HIGH
plr_3d137bca,Miguel Almirón Rejala,,,,,,,EXACT,HIGH
plr_3d2230ff,Toti,,,,,transfermarkt,606718,EXACT,HIGH
plr_3d428826,Keylor Navas,,,,,transfermarkt,79422,EXACT,HIGH
plr_3d4c41e5,Teddy Sharman-Lowe,,,,,,,EXACT,HIGH
plr_3d579a18,Callum Slattery,,,,,,,EXACT,HIGH
plr_3d582616,Bruno Miguel Borges Fernandes,,,,,,,EXACT,HIGH
plr_3d5d63c5,David Brooks,,,,,transfermarkt,277033,EXACT,HIGH
plr_3d60cd55,Thiago Emiliano da Silva,,,,,,,EXACT,HIGH
plr_3d6a882e,Joe Gelhardt,,,,,transfermarkt,503980,EXACT,HIGH
plr_3d7157e4,Cédric Soares,,,,,transfermarkt,112988,EXACT,HIGH
plr_3d7362d3,Cédric Kipré,,,,,transfermarkt,364827,EXACT,HIGH
plr_3d73b838,Ryan Sessegnon,,,,,,,EXACT,HIGH
plr_3d749398,Jordan Henderson,,,,,,,EXACT,HIGH
plr_3d781cdb,Kyle Walker,,,,,,,EXACT,HIGH
plr_3d8d23e1,Conor Hourihane,,,,,,,EXACT,HIGH
plr_3d8f1dde,Matthew Dibley-Dias,,,,,,,EXACT,HIGH
plr_3d9d98de,Fábio Ferreira Vieira,,,,,,,EXACT,HIGH
plr_3da342ba,Jordan Amissah,,,,,,,EXACT,HIGH
plr_3df0d96b,Callum Wilson,,,,,,,EXACT,HIGH
plr_3df0f953,Henry Onyekuru,,,,,transfermarkt,380415,EXACT,HIGH
plr_3df9f4fd,Michael Hefele,,,,,transfermarkt,102382,EXACT,HIGH
plr_3e0fc5e5,Sergio Agüero,,,,,transfermarkt,26399,EXACT,HIGH
plr_3e33e8a9,Divock Origi,,,,,,,EXACT,HIGH
plr_3e3436c1,Kaide Gordon,,,,,,,EXACT,HIGH
plr_3e35016b,Kelechi Iheanacho,,,,,,,EXACT,HIGH
plr_3e3f17cd,Solomon March,,,,,,,EXACT,HIGH
plr_3e40bd50,James Milner,,,,,,,EXACT,HIGH
plr_3e594bdb,Danny Drinkwater,,,,,transfermarkt,73491,EXACT,HIGH
plr_3e59eea8,Dan Burn,,,,,,,EXACT,HIGH
plr_3e63e38c,Oliver McBurnie,,,,,,,EXACT,HIGH
plr_3eb80d31,Harry Maguire,,,,,,,EXACT,HIGH
plr_3eb9b9c1,Ben Knight,,,,,,,EXACT,HIGH
plr_3ecf6780,Billy Gilmour,,,,,,,EXACT,HIGH
plr_3ed2bd72,Pablo Fornals,,,,,transfermarkt,357885,EXACT,HIGH
plr_3ee21610,João Victor Gomes da Silva,,,,,,,EXACT,HIGH
plr_3ef5fa82,Sean Longstaff,,,,,,,EXACT,HIGH
plr_3f002143,Naby Keïta,,,,,transfermarkt,302215,EXACT,HIGH
plr_3f0f724c,Theo Walcott,,,,,transfermarkt,33713,EXACT,HIGH
plr_3f1820b4,Jamie Shackleton,,,,,transfermarkt,534700,EXACT,HIGH
plr_3f227297,Cafú,,,,,transfermarkt,203655,EXACT,HIGH
plr_3f4d724e,Dion Henry,,,,,transfermarkt,345899,EXACT,HIGH
plr_3f52f329,Jamal Lewis,,,,,,,EXACT,HIGH
plr_3f5eedfe,Nathan Aké,,,,,,,EXACT,HIGH
plr_3f810116,Jake Wright,,,,,transfermarkt,104677,EXACT,HIGH
plr_3f8c5fec,Jack Grieves,,,,,,,EXACT,HIGH
plr_3f9df728,Ben Johnson,,,,,,,EXACT,HIGH
plr_3fab3b87,Laurent Koscielny,,,,,transfermarkt,76277,EXACT,HIGH
plr_3fb2c357,Danny Rose,,,,,transfermarkt,50174,EXACT,HIGH
plr_3fb94e09,Jamal Lowe,,,,,,,EXACT,HIGH
plr_3fbe5e4f,Jacob Ramsey,,,,,,,EXACT,HIGH
plr_3fd5584b,Bobby Clark,,,,,,,EXACT,HIGH
plr_3feb1666,Scott Arfield,,,,,transfermarkt,55291,EXACT,HIGH
plr_4000b0b1,Connor Roberts,,,,,,,EXACT,HIGH
plr_4015dcab,Anthony Driscoll-Glennon,,,,,,,EXACT,HIGH
plr_401f6d7f,Reece James,,,,,,,EXACT,HIGH
plr_402c4293,Diogo Jota,,,,,transfermarkt,340950,EXACT,HIGH
plr_403591be,Beto,,,,,transfermarkt,595809,EXACT,HIGH
plr_403e1574,Ryan Sessegnon,,,,,,,EXACT,HIGH
plr_405bfb99,Christian Saydee,,,,,transfermarkt,655835,EXACT,HIGH
plr_40683d18,Jamie Shackleton,,,,,,,EXACT,HIGH
plr_407bd13f,Yanic Wildschut,,,,,transfermarkt,151189,EXACT,HIGH
plr_4089d14b,Nya Kirby,,,,,,,EXACT,HIGH
plr_409cc25c,Jason Denayer,,,,,transfermarkt,277114,EXACT,HIGH
plr_40b0a22d,Bamidele Alli,,,,,,,EXACT,HIGH
plr_40c995f5,Will Hughes,,,,,transfermarkt,207014,EXACT,HIGH
plr_40cab230,Daniel Sturridge,,,,,transfermarkt,47082,EXACT,HIGH
plr_40cd4f4b,Rico Lewis,,,,,,,EXACT,HIGH
plr_40cdb855,Rodrigo Ribeiro,,,,,transfermarkt,726701,EXACT,HIGH
plr_40e12851,Marcos Alonso,,,,,,,EXACT,HIGH
plr_40f7b308,Allan Saint-Maximin,,,,,transfermarkt,272642,EXACT,HIGH
plr_4103ab51,Rodrigo Bentancur,,,,,,,EXACT,HIGH
plr_410c3ed6,Luke Plange,,,,,transfermarkt,586986,EXACT,HIGH
plr_41139455,Tosin Adarabioyo,,,,,,,EXACT,HIGH
plr_41148411,Tommi O'Reilly,,,,,,,EXACT,HIGH
plr_411af5c5,Ben Woodburn,,,,,,,EXACT,HIGH
plr_4123bded,Kris Moore,,,,,,,EXACT,HIGH
plr_41324808,Jordy Clasie,,,,,transfermarkt,104223,EXACT,HIGH
plr_41329e01,Nathaniel Chalobah,,,,,,,EXACT,HIGH
plr_414ee64d,Andriy Yarmolenko,,,,,,,EXACT,HIGH
plr_416ebe5f,Aaron Connolly,,,,,,,EXACT,HIGH
plr_418b6528,Antwoine Hackford,,,,,,,EXACT,HIGH
plr_418d4bb7,Álvaro Fernández,,,,,,,EXACT,HIGH
plr_41a357e6,Shaqai Forde,,,,,,,EXACT,HIGH
plr_41af90b5,Michael Hector,,,,,transfermarkt,157490,EXACT,HIGH
plr_41b18088,Amadou Onana,,,,,,,EXACT,HIGH
plr_41c13082,Emile Smith Rowe,,,,,,,EXACT,HIGH
plr_42044fe5,Luke Dreher,,,,,,,EXACT,HIGH
plr_42047687,Yves Bissouma,,,,,transfermarkt,410425,EXACT,HIGH
plr_420771d9,Matthew Smith,,,,,,,EXACT,HIGH
plr_4208a251,Mohamed Diamé,,,,,transfermarkt,70950,EXACT,HIGH
plr_4208ef24,Beni Baningime,,,,,,,EXACT,HIGH
plr_4215bfc0,David Luiz,,,,,transfermarkt,46741,EXACT,HIGH
plr_42234007,Renan Augusto Lodi dos Santos,,,,,,,EXACT,HIGH
plr_4226a059,Bénie Traoré,,,,,transfermarkt,852024,EXACT,HIGH
plr_422824a3,Kristoffer Ajer,,,,,transfermarkt,328658,EXACT,HIGH
plr_422a59e4,Tariqe Fosu-Henry,,,,,,,EXACT,HIGH
plr_422b5ba6,Tanguy Ndombélé Alvaro,,,,,,,EXACT,HIGH
plr_4245047e,Sidnei Tavares,,,,,,,EXACT,HIGH
plr_425159fd,Jefferson Lerma Solís,,,,,,,EXACT,HIGH
plr_425399ad,Robbie Brady,,,,,transfermarkt,128229,EXACT,HIGH
plr_4275fa01,Martin Ødegaard,,,,,,,EXACT,HIGH
plr_42c0a6ed,Christoph Zimmermann,,,,,,,EXACT,HIGH
plr_42e1ac17,Orel Mangala,,,,,,,EXACT,HIGH
plr_42f915c9,Yaya Touré,,,,,transfermarkt,13091,EXACT,HIGH
plr_4325001a,Jaden Philogene-Bidace,,,,,,,EXACT,HIGH
plr_43289d67,Declan Rice,,,,,,,EXACT,HIGH
plr_433776cb,Igor Julio dos Santos de Paulo,,,,,,,EXACT,HIGH
plr_43440291,Declan Rice,,,,,,,EXACT,HIGH
plr_4367a7c4,Mason Mount,,,,,,,EXACT,HIGH
plr_4369e4d7,Hugo Bueno,,,,,transfermarkt,698678,EXACT,HIGH
plr_4374fee8,Tom Davies,,,,,,,EXACT,HIGH
plr_43d1572b,Fabian Schär,,,,,,,EXACT,HIGH
plr_43d3521d,Krisztián Hegyi,,,,,,,EXACT,HIGH
plr_43e9fe5e,Kasper Schmeichel,,,,,transfermarkt,16911,EXACT,HIGH
plr_4403335a,John McGinn,,,,,,,EXACT,HIGH
plr_4411d701,Jon Flanagan,,,,,transfermarkt,145922,EXACT,HIGH
plr_4418abb7,Phil Foden,,,,,,,EXACT,HIGH
plr_441ea422,Francisco Jorge Tomás Oliveira,,,,,,,EXACT,HIGH
plr_441fad4e,Philip Billing,,,,,,,EXACT,HIGH
plr_442646f8,Willy Boly,,,,,,,EXACT,HIGH
plr_44334f8f,Andros Townsend,,,,,,,EXACT,HIGH
plr_44468301,Martín Montoya,,,,,transfermarkt,68645,EXACT,HIGH
plr_44515e6e,Oliver Scarles,,,,,,,EXACT,HIGH
plr_449bab99,Tyrese Francois,,,,,transfermarkt,528888,EXACT,HIGH
plr_44a6b76d,Sam Woods,,,,,transfermarkt,611650,EXACT,HIGH
plr_44a70f63,Anders Lindegaard,,,,,transfermarkt,22491,EXACT,HIGH
plr_44a81b85,James Trafford,,,,,,,EXACT,HIGH
plr_44bd8b06,Arthur Masuaku,,,,,,,EXACT,HIGH
plr_44c73370,Kasper Schmeichel,,,,,,,EXACT,HIGH
plr_44d0743d,Pablo Marí Villar,,,,,,,EXACT,HIGH
plr_44d2ba02,Theo Walcott,,,,,,,EXACT,HIGH
plr_44d463bf,Hwang Hee-chan,,,,,,,EXACT,HIGH
plr_44d65dae,Viljami Sinisalo,,,,,,,EXACT,HIGH
plr_44f6c01c,Moisés Caicedo Corozo,,,,,,,EXACT,HIGH
plr_44fdc421,Filip Krovinovic,,,,,transfermarkt,261988,EXACT,HIGH
plr_451ce9d3,Danny Rose,,,,,,,EXACT,HIGH
plr_45259996,Jay Stansfield,,,,,transfermarkt,696346,EXACT,HIGH
plr_45314dab,Pelenda Joshua Dasilva,,,,,,,EXACT,HIGH
plr_4538230d,Max Kilman,,,,,,,EXACT,HIGH
plr_454161ef,Tyrick Mitchell,,,,,transfermarkt,730893,EXACT,HIGH
plr_456cf30b,Mads Bech Sørensen,,,,,,,EXACT,HIGH
plr_457d73ab,Andros Townsend,,,,,,,EXACT,HIGH
plr_4585a1bc,Matheus Nunes,,,,,transfermarkt,601883,EXACT,HIGH
plr_4586b377,Rachid Ghezzal,,,,,,,EXACT,HIGH
plr_4588f307,André-Frank Zambo Anguissa,,,,,,,EXACT,HIGH
plr_458c1e19,Luke Cundle,,,,,,,EXACT,HIGH
plr_4594390e,Gavin Bazunu,,,,,transfermarkt,585550,EXACT,HIGH
plr_45a39995,Morgan Schneiderlin,,,,,,,EXACT,HIGH
plr_45b5a276,Owen Dodgson,,,,,,,EXACT,HIGH
plr_45c18e59,Kai Havertz,,,,,,,EXACT,HIGH
plr_45c6fe45,Malo Gusto,,,,,transfermarkt,620322,EXACT,HIGH
plr_45e57bc3,Davide Lorenzo,,,,,transfermarkt,1139665,EXACT,HIGH
plr_45ed667f,Ben Johnson,,,,,,,EXACT,HIGH
plr_45f9f711,Soufyan Ahannach,,,,,transfermarkt,262895,EXACT,HIGH
plr_4602e7ee,Jamal Baptiste,,,,,,,EXACT,HIGH
plr_46037431,Ali Al-Habsi,,,,,transfermarkt,26633,EXACT,HIGH
plr_4618484c,Issa Kaboré,,,,,transfermarkt,649452,EXACT,HIGH
plr_4622c2e8,Mark Travers,,,,,,,EXACT,HIGH
plr_463d8870,Lewis Dunk,,,,,,,EXACT,HIGH
plr_4646453f,Harvey White,,,,,,,EXACT,HIGH
plr_465b9b7d,Dean Henderson,,,,,,,EXACT,HIGH
plr_46675b24,Claudio Gomes,,,,,,,EXACT,HIGH
plr_468415f3,Nicolas Pépé,,,,,,,EXACT,HIGH
plr_46b028bd,Jonjo Shelvey,,,,,,,EXACT,HIGH
plr_46c7ed67,Cédric Soares,,,,,,,EXACT,HIGH
plr_46c8d31d,Ben Davies,,,,,,,EXACT,HIGH
plr_46c97c70,James Storer,,,,,,,EXACT,HIGH
plr_46ca0bac,Mohamed Elneny,,,,,,,EXACT,HIGH
plr_46cd0677,Che Adams,,,,,,,EXACT,HIGH
plr_46dc100a,Claudio Gomes,,,,,,,EXACT,HIGH
plr_46e46d01,Zack Steffen,,,,,,,EXACT,HIGH
plr_46ef53bc,Sebastian Prödl,,,,,,,EXACT,HIGH
plr_46f87b63,Lewis Cook,,,,,,,EXACT,HIGH
plr_472e5429,Phil Jones,,,,,transfermarkt,117996,EXACT,HIGH
plr_473481e9,Ryan Fraser,,,,,transfermarkt,146795,EXACT,HIGH
plr_473bf7ca,Joseph Gomez,,,,,,,EXACT,HIGH
plr_473d5f24,Chris Konopka,,,,,transfermarkt,59471,EXACT,HIGH
plr_473e62f1,Jayden Danns,,,,,,,EXACT,HIGH
plr_474a9298,James Justin,,,,,,,EXACT,HIGH
plr_4757eba1,Eberechi Eze,,,,,,,EXACT,HIGH
plr_4777d9d0,Luke Thomas,,,,,,,EXACT,HIGH
plr_478d418b,Josh Acheampong,,,,,,,EXACT,HIGH
plr_479f2cf7,James Morris,,,,,,,EXACT,HIGH
plr_47afb2fb,Lucas Tolentino Coelho de Lima,,,,,,,EXACT,HIGH
plr_47ba0c28,Kortney Hause,,,,,,,EXACT,HIGH
plr_47c97b89,Nikola Vlasic,,,,,,,EXACT,HIGH
plr_47ce5e6d,Jakub Moder,,,,,,,EXACT,HIGH
plr_47da48a1,Sam Byram,,,,,,,EXACT,HIGH
plr_47e9f14f,Jack Butland,,,,,transfermarkt,128899,EXACT,HIGH
plr_48047502,Andre Gray,,,,,,,EXACT,HIGH
plr_480ed383,Ellery Balcombe,,,,,,,EXACT,HIGH
plr_481b06bc,Leon Balogun,,,,,transfermarkt,56100,EXACT,HIGH
plr_4826d903,Axel Tuanzebe,,,,,transfermarkt,342046,EXACT,HIGH
plr_482f06cf,Bernardo Mota Veiga de Carvalho e Silva,,,,,,,EXACT,HIGH
plr_484684f5,Halil Dervişoğlu,,,,,transfermarkt,465606,EXACT,HIGH
plr_485e6e8a,Jorge Luiz Frello Filho,,,,,,,EXACT,HIGH
plr_486324f2,Nathaniel Mendez-Laing,,,,,,,EXACT,HIGH
plr_48662845,Jordan Pickford,,,,,,,EXACT,HIGH
plr_487fd6b3,Alisson,,,,,transfermarkt,105470,EXACT,HIGH
plr_48a7c94d,Dominic Solanke,,,,,,,EXACT,HIGH
plr_48bf9d8e,Ross Barkley,,,,,,,EXACT,HIGH
plr_48cc406b,Cheikhou Kouyaté,,,,,transfermarkt,66934,EXACT,HIGH
plr_48d9c39e,Jack Butland,,,,,,,EXACT,HIGH
plr_48da0531,Kepa Arrizabalaga,,,,,,,EXACT,HIGH
plr_48dd4e67,Kayne Ramsay,,,,,,,EXACT,HIGH
plr_48e1186e,Alfie Devine,,,,,,,EXACT,HIGH
plr_48f1c362,Jean Michael Seri,,,,,,,EXACT,HIGH
plr_48f9d83e,James Milner,,,,,,,EXACT,HIGH
plr_49051110,Ben Johnson,,,,,,,EXACT,HIGH
plr_49079127,Darren Randolph,,,,,,,EXACT,HIGH
plr_4918af43,Cenk Tosun,,,,,,,EXACT,HIGH
plr_49238d1f,Juan Mata,,,,,,,EXACT,HIGH
plr_49338d5a,Elijah Campbell,,,,,,,EXACT,HIGH
plr_49361735,Kamaldeen Sulemana,,,,,transfermarkt,746695,EXACT,HIGH
plr_4968850f,Moussa Sissoko,,,,,,,EXACT,HIGH
plr_496d6581,Reece James,,,,,transfermarkt,472423,EXACT,HIGH
plr_4973ad04,Marvin Zeegelaar,,,,,transfermarkt,92899,EXACT,HIGH
plr_49876cf6,Stanley Mills,,,,,,,EXACT,HIGH
plr_499f947f,Christoph Zimmermann,,,,,,,EXACT,HIGH
plr_49a19208,Ivan Neves Abreu Cavaleiro,,,,,,,EXACT,HIGH
plr_49a2c216,Nampalys Mendy,,,,,transfermarkt,111051,EXACT,HIGH
plr_49a6ff23,Lucas Perri,,,,,transfermarkt,352041,EXACT,HIGH
plr_49a8f580,Cameron Peupion,,,,,,,EXACT,HIGH
plr_49af0265,Benjamin White,,,,,,,EXACT,HIGH
plr_49c78561,Ainsley Maitland-Niles,,,,,,,EXACT,HIGH
plr_49c89a41,Jamaal Lascelles,,,,,,,EXACT,HIGH
plr_49d3013b,Matthew Pennington,,,,,transfermarkt,220755,EXACT,HIGH
plr_49da3a88,Darko Gyabi,,,,,transfermarkt,663264,EXACT,HIGH
plr_49df5af6,Karlan Grant,,,,,transfermarkt,314183,EXACT,HIGH
plr_49e4e60d,DeAndre Yedlin,,,,,,,EXACT,HIGH
plr_49e604d3,Shola Shoretire,,,,,,,EXACT,HIGH
plr_49e94f7f,Anthony Elanga,,,,,,,EXACT,HIGH
plr_49f6deeb,Brandon Pierrick,,,,,,,EXACT,HIGH
plr_49f86cd2,Thomas Kaminski,,,,,transfermarkt,77757,EXACT,HIGH
plr_4a00294e,Pablo Sarabia,,,,,transfermarkt,74230,EXACT,HIGH
plr_4a053b1b,Jean-Philippe Mateta,,,,,,,EXACT,HIGH
plr_4a0d1f3b,Illan Meslier,,,,,,,EXACT,HIGH
plr_4a1f95fa,Jenson Metcalfe,,,,,,,EXACT,HIGH
plr_4a2f6a35,Matt Butcher,,,,,transfermarkt,391132,EXACT,HIGH
plr_4a2fe65c,Teemu Pukki,,,,,,,EXACT,HIGH
plr_4a3c95d7,Nathan Redmond,,,,,,,EXACT,HIGH
plr_4a4ca107,Jack Cork,,,,,,,EXACT,HIGH
plr_4a5b7d83,Adama Traoré,,,,,,,EXACT,HIGH
plr_4a69013b,Luke Shaw,,,,,,,EXACT,HIGH
plr_4a772443,James Furlong,,,,,,,EXACT,HIGH
plr_4a89e08d,Paul Pogba,,,,,,,EXACT,HIGH
plr_4a9279f3,Jordan Pickford,,,,,,,EXACT,HIGH
plr_4aabde78,Will Ferry,,,,,,,EXACT,HIGH
plr_4ae13af4,Tom Cleverley,,,,,,,EXACT,HIGH
plr_4ae25c58,Nathan Holland,,,,,,,EXACT,HIGH
plr_4af65fd3,Lewis Hall,,,,,,,EXACT,HIGH
plr_4b132b0b,Kelechi Iheanacho,,,,,,,EXACT,HIGH
plr_4b2b1360,Thiago Alcántara do Nascimento,,,,,,,EXACT,HIGH
plr_4b30dbf1,James Ward-Prowse,,,,,,,EXACT,HIGH
plr_4b36e4f2,Joelinton Cássio Apolinário de Lira,,,,,,,EXACT,HIGH
plr_4b44e80c,Garang Kuol,,,,,,,EXACT,HIGH
plr_4b5b77d4,Mohammed Kudus,,,,,transfermarkt,543499,EXACT,HIGH
plr_4b766852,Nathaniel Phillips,,,,,,,EXACT,HIGH
plr_4b7b1fe6,Declan Rice,,,,,,,EXACT,HIGH
plr_4b7f03ff,Lewis Koumas,,,,,,,EXACT,HIGH
plr_4b98bc57,Charlie Taylor,,,,,,,EXACT,HIGH
plr_4bbb1935,Nathaniel Clyne,,,,,transfermarkt,85177,EXACT,HIGH
plr_4bbc44d1,Kasper Schmeichel,,,,,,,EXACT,HIGH
plr_4be08100,Harry Wilson,,,,,,,EXACT,HIGH
plr_4be4863c,Murillo Santiago Costa dos Santos,,,,,,,EXACT,HIGH
plr_4c011e79,Ryan Seager,,,,,transfermarkt,247647,EXACT,HIGH
plr_4c0b1e3e,Sam Gallagher,,,,,transfermarkt,227183,EXACT,HIGH
plr_4c168c6a,Eric Bailly,,,,,,,EXACT,HIGH
plr_4c1d3402,Craig Cathcart,,,,,,,EXACT,HIGH
plr_4c1ff445,Hannes Delcroix,,,,,transfermarkt,338635,EXACT,HIGH
plr_4c243d2b,Conor Hourihane,,,,,,,EXACT,HIGH
plr_4c40da69,Nacho Monreal,,,,,transfermarkt,43003,EXACT,HIGH
plr_4c491625,Samir Caetano de Souza Santos,,,,,,,EXACT,HIGH
plr_4c4f02f8,Kevin Long,,,,,,,EXACT,HIGH
plr_4c52490b,Neal Maupay,,,,,,,EXACT,HIGH
plr_4c534afc,Fabio Silva,,,,,,,EXACT,HIGH
plr_4c560fa6,Joel Matip,,,,,,,EXACT,HIGH
plr_4c9aca91,Ederson Santana de Moraes,,,,,,,EXACT,HIGH
plr_4ca6b192,Josh Gordon,,,,,transfermarkt,426426,EXACT,HIGH
plr_4cbbe233,Luka Milivojevic,,,,,,,EXACT,HIGH
plr_4cbcaf14,Bailey Peacock-Farrell,,,,,transfermarkt,410436,EXACT,HIGH
plr_4cc16317,Sang-bin Jeong,,,,,transfermarkt,638571,EXACT,HIGH
plr_4ce04a1e,Emerson Royal,,,,,transfermarkt,476344,EXACT,HIGH
plr_4ce09cbc,Phil Jagielka,,,,,,,EXACT,HIGH
plr_4ceb71de,Martin Cranie,,,,,transfermarkt,27659,EXACT,HIGH
plr_4cf9b861,Timothy Fosu-Mensah,,,,,,,EXACT,HIGH
plr_4d1473a3,Serge Aurier,,,,,,,EXACT,HIGH
plr_4d3219d2,Jonny Evans,,,,,,,EXACT,HIGH
plr_4d377dcd,Jonjoe Kenny,,,,,,,EXACT,HIGH
plr_4d4f56d5,Pierre-Emile Højbjerg,,,,,,,EXACT,HIGH
plr_4d61ae05,Georginio Wijnaldum,,,,,transfermarkt,49499,EXACT,HIGH
plr_4d79fe1b,Markus Suttner,,,,,transfermarkt,31514,EXACT,HIGH
plr_4db9538a,Louie Watson,,,,,transfermarkt,505548,EXACT,HIGH
plr_4dc06f11,Trent Alexander-Arnold,,,,,,,EXACT,HIGH
plr_4dc1fd65,Wesley Fofana,,,,,transfermarkt,475411,EXACT,HIGH
plr_4dd90c46,John Fleck,,,,,transfermarkt,54383,EXACT,HIGH
plr_4dd9d065,Oliver Norwood,,,,,,,EXACT,HIGH
plr_4de1884b,Yoane Wissa,,,,,transfermarkt,388165,EXACT,HIGH
plr_4dea8812,Kyron Gordon,,,,,transfermarkt,746734,EXACT,HIGH
plr_4e1069b9,Ademola Lookman,,,,,transfermarkt,406040,EXACT,HIGH
plr_4e10e23d,Shane Duffy,,,,,,,EXACT,HIGH
plr_4e192697,Ben Chilwell,,,,,transfermarkt,316125,EXACT,HIGH
plr_4e211b25,Daniel Adshead,,,,,transfermarkt,532464,EXACT,HIGH
plr_4e219dd4,Andrew Omobamidele,,,,,transfermarkt,621993,EXACT,HIGH
plr_4e6f3f63,José Ignacio Peleteiro Romallo,,,,,,,EXACT,HIGH
plr_4e89ff1c,Iliman Ndiaye,,,,,,,EXACT,HIGH
plr_4e93aab9,Fabio Henrique Tavares,,,,,,,EXACT,HIGH
plr_4eb2298c,Harvey Davies,,,,,,,EXACT,HIGH
plr_4eb5dfb5,Matty Cash,,,,,transfermarkt,425334,EXACT,HIGH
plr_4ec4b908,Renan Lodi,,,,,transfermarkt,476352,EXACT,HIGH
plr_4ecad3b8,Winston Reid,,,,,transfermarkt,37526,EXACT,HIGH
plr_4ecc57a9,Daniel N'Lundulu,,,,,,,EXACT,HIGH
plr_4ed314fa,Stuart Dallas,,,,,,,EXACT,HIGH
plr_4ef07116,Ademola Lookman,,,,,,,EXACT,HIGH
plr_4efc7750,Nathaniel Phillips,,,,,,,EXACT,HIGH
plr_4f2c4dbc,Ryan Fraser,,,,,,,EXACT,HIGH
plr_4f2f77b8,Josh Benson,,,,,transfermarkt,397102,EXACT,HIGH
plr_4f456209,Gabriel Magalhães,,,,,,,EXACT,HIGH
plr_4f499a09,Lucas Torreira,,,,,,,EXACT,HIGH
plr_4f5ead07,Ilkay Gündogan,,,,,,,EXACT,HIGH
plr_4f6b0803,Antonio Valencia,,,,,transfermarkt,33544,EXACT,HIGH
plr_4f6c54ae,Leon Bailey,,,,,transfermarkt,387626,EXACT,HIGH
plr_4f7ebeaa,Albert Sambi Lokonga,,,,,transfermarkt,381967,EXACT,HIGH
plr_4f8f9036,Youri Tielemans,,,,,,,EXACT,HIGH
plr_4f8fb6e7,Francisco Sierralta,,,,,,,EXACT,HIGH
plr_4f9047c3,Rasmus Højlund,,,,,transfermarkt,610442,EXACT,HIGH
plr_4fbcbb63,John Stones,,,,,,,EXACT,HIGH
plr_4fbd51a7,Greg Cunningham,,,,,transfermarkt,114093,EXACT,HIGH
plr_4fbf61ab,Oliver McBurnie,,,,,,,EXACT,HIGH
plr_4fc1560e,Sean Morrison,,,,,,,EXACT,HIGH
plr_4fd0f29e,Denis Zakaria,,,,,transfermarkt,334526,EXACT,HIGH
plr_4febf44e,Rui Pedro dos Santos Patrício,,,,,,,EXACT,HIGH
plr_4fecd43d,James Tomkins,,,,,,,EXACT,HIGH
plr_4ff89a08,Willy Caballero,,,,,,,EXACT,HIGH
plr_500860bb,Henri Lansbury,,,,,,,EXACT,HIGH
plr_501441df,Christian Benteke,,,,,,,EXACT,HIGH
plr_501add0a,Evan Ferguson,,,,,,,EXACT,HIGH
plr_502e4810,Joachim Andersen,,,,,transfermarkt,260827,EXACT,HIGH
plr_50585d71,Aaron Ramsey,,,,,transfermarkt,50057,EXACT,HIGH
plr_50624195,Pedro Porro,,,,,transfermarkt,553875,EXACT,HIGH
plr_508187f5,Jacob Murphy,,,,,,,EXACT,HIGH
plr_508aa546,Alireza Jahanbakhsh,,,,,transfermarkt,213268,EXACT,HIGH
plr_509c14eb,Thomas Cannon,,,,,,,EXACT,HIGH
plr_50a222e3,Martial Godo,,,,,,,EXACT,HIGH
plr_50a6dd8e,Dwight McNeil,,,,,,,EXACT,HIGH
plr_50ab2c31,David de Gea,,,,,,,EXACT,HIGH
plr_50ba33e6,João Cancelo,,,,,transfermarkt,182712,EXACT,HIGH
plr_50d405e2,Dodi Lukébakio,,,,,transfermarkt,303259,EXACT,HIGH
plr_50d5df9c,Troy Parrott,,,,,,,EXACT,HIGH
plr_50ef63c8,Ricardo Pereira,,,,,transfermarkt,215876,EXACT,HIGH
plr_50efee62,James Tomkins,,,,,,,EXACT,HIGH
plr_50f83976,Dominic Calvert-Lewin,,,,,,,EXACT,HIGH
plr_510f76d0,Ethan Ampadu,,,,,,,EXACT,HIGH
plr_512f6330,Alex Oxlade-Chamberlain,,,,,,,EXACT,HIGH
plr_51391b30,Adama Diakhaby,,,,,transfermarkt,453594,EXACT,HIGH
plr_51398cdc,George Marsh,,,,,,,EXACT,HIGH
plr_51430396,Glenn Murray,,,,,transfermarkt,45693,EXACT,HIGH
plr_5148b62a,Matteo Guendouzi,,,,,,,EXACT,HIGH
plr_5151239d,Granit Xhaka,,,,,,,EXACT,HIGH
plr_5182af3c,Rúben Diogo da Silva Neves,,,,,,,EXACT,HIGH
plr_5196037c,Tino Livramento,,,,,,,EXACT,HIGH
plr_519c4827,Lewis Gibson,,,,,,,EXACT,HIGH
plr_51a2507f,Jonas Lössl,,,,,transfermarkt,48870,EXACT,HIGH
plr_51b5f001,Nathaniel Clyne,,,,,,,EXACT,HIGH
plr_51c07822,Daniel Langley,,,,,,,EXACT,HIGH
plr_51c15581,Oluwasemilogo Adesewo Ibidapo Ajayi,,,,,,,EXACT,HIGH
plr_51f294ab,Kgaogelo Chauke,,,,,,,EXACT,HIGH
plr_51f5f8fc,Allan Tchaptchet,,,,,,,EXACT,HIGH
plr_52047160,Deniz Undav,,,,,transfermarkt,339314,EXACT,HIGH
plr_520ab15b,Scott Carson,,,,,transfermarkt,14555,EXACT,HIGH
plr_5218cced,Odsonne Edouard,,,,,,,EXACT,HIGH
plr_523357db,Josh Dasilva,,,,,,,EXACT,HIGH
plr_5250bdbb,Chris Mepham,,,,,,,EXACT,HIGH
plr_52626dd7,Tiago Çukur,,,,,,,EXACT,HIGH
plr_5263a44d,Yves Bissouma,,,,,,,EXACT,HIGH
plr_526e098e,Marco Stiepermann,,,,,,,EXACT,HIGH
plr_52834f28,Marcus Rashford,,,,,,,EXACT,HIGH
plr_528385cc,Philip Billing,,,,,,,EXACT,HIGH
plr_528bf654,Mohamed Elneny,,,,,transfermarkt,160438,EXACT,HIGH
plr_52c0bbb5,Richarlison de Andrade,,,,,,,EXACT,HIGH
plr_52c7bb54,Thiago Alcántara do Nascimento,,,,,,,EXACT,HIGH
plr_52ee411b,Callum Hudson-Odoi,,,,,transfermarkt,392768,EXACT,HIGH
plr_52f212ca,Rui Patrício,,,,,transfermarkt,45026,EXACT,HIGH
plr_53122f21,Malang Sarr,,,,,,,EXACT,HIGH
plr_532641b2,David Button,,,,,transfermarkt,61814,EXACT,HIGH
plr_532782b3,Rúben Gato Alves Dias,,,,,,,EXACT,HIGH
plr_532a18c0,Alex McCarthy,,,,,,,EXACT,HIGH
plr_53414c88,Ashley Young,,,,,,,EXACT,HIGH
plr_5343a7e4,Eberechi Eze,,,,,,,EXACT,HIGH
plr_5349c59b,Anthony Knockaert,,,,,,,EXACT,HIGH
plr_5366920f,Mark Gillespie,,,,,,,EXACT,HIGH
plr_53721a36,Bamidele Alli,,,,,,,EXACT,HIGH
plr_5384e59f,Ryan Bennett,,,,,transfermarkt,67252,EXACT,HIGH
plr_538ca6db,Liam Delap,,,,,,,EXACT,HIGH
plr_538f7a82,Jordan Henderson,,,,,transfermarkt,61651,EXACT,HIGH
plr_538ff131,Eric Bailly,,,,,,,EXACT,HIGH
plr_53af93c0,Lyanco Evangelista Silveira Neves Vojnovic,,,,,,,EXACT,HIGH
plr_53b39929,Ben White,,,,,,,EXACT,HIGH
plr_53b3d5c8,Pascal Groß,,,,,,,EXACT,HIGH
plr_53da3266,Philip Zinckernagel,,,,,transfermarkt,271098,EXACT,HIGH
plr_53db0713,Allan Marques Loureiro,,,,,,,EXACT,HIGH
plr_53ea7fa7,Phil Foden,,,,,,,EXACT,HIGH
plr_54023597,Oriol Romeu Vidal,,,,,,,EXACT,HIGH
plr_5413ac2c,Ben Mee,,,,,transfermarkt,74810,EXACT,HIGH
plr_542254da,Ezequiel Schelotto,,,,,transfermarkt,119164,EXACT,HIGH
plr_544043cc,Joel Matip,,,,,,,EXACT,HIGH
plr_544f1585,Emiliano Martínez,,,,,,,EXACT,HIGH
plr_54586563,Oliver Skipp,,,,,,,EXACT,HIGH
plr_545bd7f7,Ishé Samuels-Smith,,,,,,,EXACT,HIGH
plr_5472b11a,Kyle Walker-Peters,,,,,,,EXACT,HIGH
plr_549001fa,Sergi Canós,,,,,transfermarkt,251845,EXACT,HIGH
plr_54b3cda9,Frederico Rodrigues de Paula Santos,,,,,,,EXACT,HIGH
plr_54bf52d7,Cheikhou Kouyaté,,,,,,,EXACT,HIGH
plr_54c367cd,Caolan Lavery,,,,,transfermarkt,127983,EXACT,HIGH
plr_54d0a7e2,Lorenz Assignon,,,,,transfermarkt,711969,EXACT,HIGH
plr_54d64445,Eric Bailly,,,,,transfermarkt,286384,EXACT,HIGH
plr_54d6d243,Patrick Cutrone,,,,,,,EXACT,HIGH
plr_54dade2e,Wes Morgan,,,,,,,EXACT,HIGH
plr_54dd31eb,Pau Torres,,,,,transfermarkt,399776,EXACT,HIGH
plr_54e70001,Wout Weghorst,,,,,,,EXACT,HIGH
plr_54f47547,Christian Kabasele,,,,,,,EXACT,HIGH
plr_5551d5df,Edouard Mendy,,,,,,,EXACT,HIGH
plr_5559254d,Caoimhin Kelleher,,,,,,,EXACT,HIGH
plr_55620fc9,James Milner,,,,,,,EXACT,HIGH
plr_5564ab09,Alfie Whiteman,,,,,transfermarkt,282823,EXACT,HIGH
plr_55684962,Ederson Santana de Moraes,,,,,,,EXACT,HIGH
plr_556c11f2,Danilo dos Santos de Oliveira,,,,,,,EXACT,HIGH
plr_5574515a,Anel Ahmedhodžić,,,,,,,EXACT,HIGH
plr_5578b651,Philip Heise,,,,,transfermarkt,112617,EXACT,HIGH
plr_557a2d62,Oliwier Zych,,,,,,,EXACT,HIGH
plr_558115af,Rodrigo Hernandez,,,,,,,EXACT,HIGH
plr_5590365a,André Carrillo,,,,,transfermarkt,135057,EXACT,HIGH
plr_5595d76f,Mohamed Elyounoussi,,,,,,,EXACT,HIGH
plr_5598270c,Matheus França,,,,,transfermarkt,743597,EXACT,HIGH
plr_55a93d48,Gerard Deulofeu,,,,,,,EXACT,HIGH
plr_55d795b7,Taylor Richards,,,,,transfermarkt,484551,EXACT,HIGH
plr_55f01b67,Saúl Ñíguez,,,,,transfermarkt,148928,EXACT,HIGH
plr_55ffcfe6,Rhian Brewster,,,,,,,EXACT,HIGH
plr_5602166a,Enock Mwepu,,,,,,,EXACT,HIGH
plr_560af91a,Tom Davies,,,,,,,EXACT,HIGH
plr_560e09e5,Lloyd Kelly,,,,,transfermarkt,480116,EXACT,HIGH
plr_560fd6de,Eric Bailly,,,,,,,EXACT,HIGH
plr_56559251,Saman Ghoddos,,,,,,,EXACT,HIGH
plr_5657fe83,Jack Jenkins,,,,,,,EXACT,HIGH
plr_568807f6,James Daly,,,,,,,EXACT,HIGH
plr_5697f2a1,Henri Saivet,,,,,transfermarkt,51540,EXACT,HIGH
plr_569dc14c,Petr Cech,,,,,transfermarkt,5658,EXACT,HIGH
plr_56a53446,Abdelhamid Sabiri,,,,,,,EXACT,HIGH
plr_56b0b101,Nick Pope,,,,,,,EXACT,HIGH
plr_56d5d6d4,Gonçalo Manuel Ganchinho Guedes,,,,,,,EXACT,HIGH
plr_56d6ec55,Alexandre Jankewitz,,,,,,,EXACT,HIGH
plr_56dd2aa7,Jack Robinson,,,,,,,EXACT,HIGH
plr_56e5638a,Danny Ward,,,,,,,EXACT,HIGH
plr_56f777a6,Karl Darlow,,,,,,,EXACT,HIGH
plr_570a5929,Maya Yoshida,,,,,,,EXACT,HIGH
plr_570ce681,Sergio Rico,,,,,transfermarkt,207302,EXACT,HIGH
plr_5718c9d0,Sam Surridge,,,,,,,EXACT,HIGH
plr_571a29d9,Conor Bradley,,,,,transfermarkt,624258,EXACT,HIGH
plr_57310b47,Ryan Bertrand,,,,,transfermarkt,40611,EXACT,HIGH
plr_57355679,Matthew Smith,,,,,,,EXACT,HIGH
plr_5737981b,Grant Hanley,,,,,,,EXACT,HIGH
plr_574c7e96,Willian Borges Da Silva,,,,,,,EXACT,HIGH
plr_57587b85,Adam Smith,,,,,,,EXACT,HIGH
plr_575c30f5,Cédric Soares,,,,,,,EXACT,HIGH
plr_5763865f,Gianluca Scamacca,,,,,transfermarkt,315867,EXACT,HIGH
plr_576f0301,Jakub Moder,,,,,,,EXACT,HIGH
plr_578cbdf3,Reiss Nelson,,,,,,,EXACT,HIGH
plr_57a59d45,Danny Welbeck,,,,,,,EXACT,HIGH
plr_57a72a9f,Luke Mbete,,,,,,,EXACT,HIGH
plr_57bec809,Matt Doherty,,,,,,,EXACT,HIGH
plr_57c6309f,Yasser Larouci,,,,,transfermarkt,554251,EXACT,HIGH
plr_57cee665,Tyler Adams,,,,,transfermarkt,332705,EXACT,HIGH
plr_57e03ec0,Joe Whitworth,,,,,,,EXACT,HIGH
plr_57e7597d,Tariq Lamptey,,,,,,,EXACT,HIGH
plr_57ebff18,Marc Albrighton,,,,,,,EXACT,HIGH
plr_581f53f8,Carlos Ribeiro Dias,,,,,,,EXACT,HIGH
plr_5826f506,John Lundstram,,,,,,,EXACT,HIGH
plr_583045ba,Heurelho Gomes,,,,,,,EXACT,HIGH
plr_5832955a,Mace Goodridge,,,,,,,EXACT,HIGH
plr_583863c9,Jonjoe Kenny,,,,,,,EXACT,HIGH
plr_585b5aa6,Gary Cahill,,,,,,,EXACT,HIGH
plr_5863d09f,Ryan Trevitt,,,,,transfermarkt,874538,EXACT,HIGH
plr_586528df,Emiliano Marcondes,,,,,,,EXACT,HIGH
plr_5881ec17,Tyrell Malacia,,,,,,,EXACT,HIGH
plr_5882b917,Luc De Fougerolles,,,,,,,EXACT,HIGH
plr_5894026a,Eldin Jakupovic,,,,,,,EXACT,HIGH
plr_589e4b01,Ramadan Sobhi,,,,,transfermarkt,312017,EXACT,HIGH
plr_58a7dc5c,Roderick Miranda,,,,,transfermarkt,87856,EXACT,HIGH
plr_58b97c8d,Billy Gilmour,,,,,,,EXACT,HIGH
plr_58ba4b80,Ivan Toney,,,,,transfermarkt,251664,EXACT,HIGH
plr_58de257d,Caleb Watts,,,,,,,EXACT,HIGH
plr_5911ea05,Lewis Miley,,,,,,,EXACT,HIGH
plr_59225587,Jonny Evans,,,,,transfermarkt,42412,EXACT,HIGH
plr_592cceb2,Shandon Baptiste,,,,,,,EXACT,HIGH
plr_593a4614,Nathaniel Opoku,,,,,transfermarkt,1103981,EXACT,HIGH
plr_593c8f8c,Jorge Luiz Frello Filho,,,,,,,EXACT,HIGH
plr_5943435d,Lee Peltier,,,,,,,EXACT,HIGH
plr_595bbbed,Jack Cork,,,,,,,EXACT,HIGH
plr_5970ca85,Andriy Yarmolenko,,,,,,,EXACT,HIGH
plr_5978df1c,Lucas Piazón,,,,,transfermarkt,176485,EXACT,HIGH
plr_599a766f,Dominic Ballard,,,,,,,EXACT,HIGH
plr_59b47bc1,George Baldock,,,,,,,EXACT,HIGH
plr_59c0bf11,Raphaël Varane,,,,,,,EXACT,HIGH
plr_59c470b7,Karlan Grant,,,,,,,EXACT,HIGH
plr_59d05aa5,Mason Holgate,,,,,,,EXACT,HIGH
plr_59d7b4a5,Ionuț Radu,,,,,transfermarkt,303657,EXACT,HIGH
plr_59df7a53,Ameen Al-Dakhil,,,,,,,EXACT,HIGH
plr_59f42f06,Aaron Wan-Bissaka,,,,,,,EXACT,HIGH
plr_5a061ad9,Matthew Longstaff,,,,,,,EXACT,HIGH
plr_5a086917,Thakgalo Leshabela,,,,,,,EXACT,HIGH
plr_5a0d01cc,Darren Randolph,,,,,,,EXACT,HIGH
plr_5a0ebbee,Héctor Bellerín,,,,,,,EXACT,HIGH
plr_5a268bfe,Conor Coady,,,,,,,EXACT,HIGH
plr_5a2c73f5,Aleksandar Mitrović,,,,,,,EXACT,HIGH
plr_5a3f5113,Ilkay Gündogan,,,,,,,EXACT,HIGH
plr_5a450a1a,Calum Chambers,,,,,,,EXACT,HIGH
plr_5a4b443d,Kadan Young,,,,,,,EXACT,HIGH
plr_5a549c34,Zack Steffen,,,,,transfermarkt,221624,EXACT,HIGH
plr_5a5a639f,Simon Mignolet,,,,,,,EXACT,HIGH
plr_5a784af1,Zeno Ibsen Rossi,,,,,transfermarkt,655177,EXACT,HIGH
plr_5a8c03f0,Aboubakar Kamara,,,,,transfermarkt,290951,EXACT,HIGH
plr_5a8c6e58,Ben Davies,,,,,,,EXACT,HIGH
plr_5a9d85f1,Remi Matthews,,,,,transfermarkt,196722,EXACT,HIGH
plr_5aab9094,Nathan Young-Coombes,,,,,,,EXACT,HIGH
plr_5abb15e2,Dexter Lembikisa,,,,,,,EXACT,HIGH
plr_5abd6fb4,Adam Forshaw,,,,,,,EXACT,HIGH
plr_5ad43ecc,Matty James,,,,,transfermarkt,73522,EXACT,HIGH
plr_5ae882ae,Danny Ward,,,,,,,EXACT,HIGH
plr_5b11996f,Ademola Lookman,,,,,,,EXACT,HIGH
plr_5b2d49fe,Elijah Adebayo,,,,,,,EXACT,HIGH
plr_5b6d5544,Dominic Sadi,,,,,,,EXACT,HIGH
plr_5b768862,Youri Tielemans,,,,,,,EXACT,HIGH
plr_5b87b336,Romelu Lukaku Bolingoli,,,,,,,EXACT,HIGH
plr_5b8af3bd,Fabio Silva,,,,,,,EXACT,HIGH
plr_5b927960,Liam Gibson,,,,,,,EXACT,HIGH
plr_5b9b91bb,Michael Obafemi,,,,,,,EXACT,HIGH
plr_5b9d6b5d,Matteo Guendouzi,,,,,,,EXACT,HIGH
plr_5b9df6dd,Gustavo Hamer,,,,,transfermarkt,322985,EXACT,HIGH
plr_5b9e1947,Diego Rico,,,,,transfermarkt,249513,EXACT,HIGH
plr_5b9ff132,Jacob Murphy,,,,,,,EXACT,HIGH
plr_5ba4e000,Jamaal Lascelles,,,,,,,EXACT,HIGH
plr_5bd6bce7,Rhys Bennett,,,,,,,EXACT,HIGH
plr_5bef49ad,Kieran Trippier,,,,,,,EXACT,HIGH
plr_5bf3d5b2,Yoshinori Muto,,,,,,,EXACT,HIGH
plr_5c03f19f,Álex Moreno,,,,,transfermarkt,193098,EXACT,HIGH
plr_5c0d9924,André Schürrle,,,,,transfermarkt,58205,EXACT,HIGH
plr_5c223c13,Luke Freeman,,,,,,,EXACT,HIGH
plr_5c2535bc,Jhon Durán,,,,,transfermarkt,649317,EXACT,HIGH
plr_5c347a54,Rhys Williams,,,,,,,EXACT,HIGH
plr_5c5abfaf,Luke Daniels,,,,,transfermarkt,45921,EXACT,HIGH
plr_5c5b6f17,Adam Lallana,,,,,transfermarkt,43530,EXACT,HIGH
plr_5c6251ee,Ajibola Alese,,,,,,,EXACT,HIGH
plr_5c8d4b96,Rodrigo Moreno,,,,,,,EXACT,HIGH
plr_5c90254f,Ales Mateju,,,,,transfermarkt,242078,EXACT,HIGH
plr_5c99aad1,Jerome Sinclair,,,,,transfermarkt,236513,EXACT,HIGH
plr_5ca92ddf,Dane Scarlett,,,,,,,EXACT,HIGH
plr_5ca9ed30,Enock Agyei,,,,,,,EXACT,HIGH
plr_5cc11b4c,Kalvin Phillips,,,,,,,EXACT,HIGH
plr_5cc75402,Tyler Morton,,,,,,,EXACT,HIGH
plr_5ccc3603,Wanya Marçal-Madivadua,,,,,,,EXACT,HIGH
plr_5cd01878,Jimmy Dunne,,,,,,,EXACT,HIGH
plr_5ce5b3c5,Louis Jackson,,,,,,,EXACT,HIGH
plr_5cec3e21,Costel Pantilimon,,,,,transfermarkt,47659,EXACT,HIGH
plr_5cef7892,Charly Musonda Jr.,,,,,transfermarkt,177862,EXACT,HIGH
plr_5d068ac1,Aaron Cresswell,,,,,,,EXACT,HIGH
plr_5d0d2c4c,Jason Puncheon,,,,,transfermarkt,47995,EXACT,HIGH
plr_5d11cc28,Kieran Trippier,,,,,,,EXACT,HIGH
plr_5d260965,Robert Kenedy Nunes do Nascimento,,,,,,,EXACT,HIGH
plr_5d581b1f,Dean Whitehead,,,,,transfermarkt,13683,EXACT,HIGH
plr_5d586ba2,Mohamed Elyounoussi,,,,,transfermarkt,186644,EXACT,HIGH
plr_5d5900a2,Nathaniel Phillips,,,,,,,EXACT,HIGH
plr_5d5f38eb,Cameron John,,,,,,,EXACT,HIGH
plr_5d684fab,Wilson Odobert,,,,,transfermarkt,743498,EXACT,HIGH
plr_5d68cec4,Stuart McKinstry,,,,,,,EXACT,HIGH
plr_5d6c7016,Rob Holding,,,,,transfermarkt,253341,EXACT,HIGH
plr_5d6fa656,Amario Cozier-Duberry,,,,,,,EXACT,HIGH
plr_5d79e2b1,Sven Botman,,,,,transfermarkt,361093,EXACT,HIGH
plr_5d7c8831,Jack Harrison,,,,,,,EXACT,HIGH
plr_5d7df2ef,Ansu Fati,,,,,transfermarkt,466810,EXACT,HIGH
plr_5db832d3,Kortney Hause,,,,,,,EXACT,HIGH
plr_5db8657a,Moisés Caicedo Corozo,,,,,,,EXACT,HIGH
plr_5db9e43a,Scott Hogan,,,,,transfermarkt,138783,EXACT,HIGH
plr_5dbf43aa,Vitaly Janelt,,,,,,,EXACT,HIGH
plr_5dd77f54,James Maddison,,,,,,,EXACT,HIGH
plr_5dd7fb80,Erik Lamela,,,,,,,EXACT,HIGH
plr_5de82ff0,Mario Lemina,,,,,,,EXACT,HIGH
plr_5df66829,Son Heung-min,,,,,,,EXACT,HIGH
plr_5e1cfbd8,Tyrone Mings,,,,,,,EXACT,HIGH
plr_5e470d1f,Fabian Delph,,,,,,,EXACT,HIGH
plr_5e4edba5,Rodrigo Muniz Carvalho,,,,,,,EXACT,HIGH
plr_5e66ee5f,Liam Cooper,,,,,,,EXACT,HIGH
plr_5e6718d5,Bruno Borges Fernandes,,,,,,,EXACT,HIGH
plr_5e6ca5fd,David McGoldrick,,,,,,,EXACT,HIGH
plr_5e780cfe,Dara Costelloe,,,,,,,EXACT,HIGH
plr_5e872034,Aaron Ramsdale,,,,,,,EXACT,HIGH
plr_5e904196,Kayne Ramsay,,,,,,,EXACT,HIGH
plr_5e968626,Benjamin Chilwell,,,,,,,EXACT,HIGH
plr_5e9ac798,Adam Forshaw,,,,,,,EXACT,HIGH
plr_5eae5590,Zack Nelson,,,,,,,EXACT,HIGH
plr_5eedb181,Grant Hanley,,,,,,,EXACT,HIGH
plr_5f006dca,Facundo Pellistri Rebollo,,,,,,,EXACT,HIGH
plr_5f202281,João Filipe Iria Santos Moutinho,,,,,,,EXACT,HIGH
plr_5f232e15,Bernardo Veiga de Carvalho e Silva,,,,,,,EXACT,HIGH
plr_5f2c2511,Odion Ighalo,,,,,,,EXACT,HIGH
plr_5f4190fc,Peter Etebo,,,,,transfermarkt,409106,EXACT,HIGH
plr_5f5ac94a,Jonjo Shelvey,,,,,,,EXACT,HIGH
plr_5f74ad5e,Manuel Akanji,,,,,transfermarkt,284730,EXACT,HIGH
plr_5f8de75d,Joseph Gomez,,,,,,,EXACT,HIGH
plr_5f99545e,Demarai Gray,,,,,,,EXACT,HIGH
plr_5f9ddcab,Halil Dervişoğlu,,,,,,,EXACT,HIGH
plr_5faa6205,Gary Madine,,,,,transfermarkt,66994,EXACT,HIGH
plr_5fb12128,Christian Pulisic,,,,,transfermarkt,315779,EXACT,HIGH
plr_5fb2ccac,Zak Sturge,,,,,,,EXACT,HIGH
plr_5fb78663,Anthony Martial,,,,,,,EXACT,HIGH
plr_5fc05833,Nuno Varela Tavares,,,,,,,EXACT,HIGH
plr_5fdfefdf,Patrik Gunnarsson,,,,,transfermarkt,429563,EXACT,HIGH
plr_5fecd208,Bruno André Cavaco Jordão,,,,,,,EXACT,HIGH
plr_5fffb888,James Chester,,,,,transfermarkt,73482,EXACT,HIGH
plr_600cc0b0,Hamza Choudhury,,,,,transfermarkt,341501,EXACT,HIGH
plr_6053cc3b,Sean Longstaff,,,,,,,EXACT,HIGH
plr_60782479,Bertrand Traoré,,,,,,,EXACT,HIGH
plr_60b62231,Owen Hesketh,,,,,,,EXACT,HIGH
plr_60c2a2b7,Andrew Robertson,,,,,,,EXACT,HIGH
plr_60eb7df2,Sam Field,,,,,transfermarkt,387331,EXACT,HIGH
plr_60ec0b9d,Joshua King,,,,,,,EXACT,HIGH
plr_60fb47e5,Ollie Watkins,,,,,transfermarkt,324358,EXACT,HIGH
plr_60fd42bd,Mathew Ryan,,,,,transfermarkt,128969,EXACT,HIGH
plr_60fe62aa,Nnamdi Ofoborh,,,,,transfermarkt,611906,EXACT,HIGH
plr_612a03c3,Salomón Rondón,,,,,,,EXACT,HIGH
plr_612cb118,Tahith Chong,,,,,,,EXACT,HIGH
plr_613734db,Jordan Pickford,,,,,,,EXACT,HIGH
plr_61373677,Jordan Archer,,,,,transfermarkt,177952,EXACT,HIGH
plr_6157f179,Patrice Evra,,,,,transfermarkt,5285,EXACT,HIGH
plr_615b6876,Mahmoud Ahmed Ibrahim Hassan,,,,,,,EXACT,HIGH
plr_6163ad07,Dan Gosling,,,,,,,EXACT,HIGH
plr_6173266e,Emerson Palmieri dos Santos,,,,,,,EXACT,HIGH
plr_61832da5,Marcelo Pitaluga,,,,,transfermarkt,662334,EXACT,HIGH
plr_618fcadb,Mika Biereth,,,,,,,EXACT,HIGH
plr_619aff01,Marc Navarro,,,,,,,EXACT,HIGH
plr_61a0f7eb,Jan Paul van Hecke,,,,,,,EXACT,HIGH
plr_61a6d1fc,Dennis Srbeny,,,,,transfermarkt,159239,EXACT,HIGH
plr_61a7997a,Shandon Baptiste,,,,,,,EXACT,HIGH
plr_61a91e22,Daniel Adu-Adjei,,,,,,,EXACT,HIGH
plr_61c31c9f,Ciaran Clark,,,,,,,EXACT,HIGH
plr_61c95bfd,Brahim Díaz,,,,,transfermarkt,314678,EXACT,HIGH
plr_61cc668f,Conor Shaughnessy,,,,,transfermarkt,255626,EXACT,HIGH
plr_61cf5914,Christian Marques,,,,,,,EXACT,HIGH
plr_61dad760,Pedro Rodríguez Ledesma,,,,,,,EXACT,HIGH
plr_61e070fe,Jack Colback,,,,,,,EXACT,HIGH
plr_61f56cb3,Yves Bissouma,,,,,,,EXACT,HIGH
plr_61f9b3a9,Gabriel Martinelli,,,,,transfermarkt,655488,EXACT,HIGH
plr_61fc3570,Brandon Williams,,,,,,,EXACT,HIGH
plr_620cc58c,Mathias Jorgensen,,,,,,,EXACT,HIGH
plr_624ed62f,Ben Godfrey,,,,,,,EXACT,HIGH
plr_6251b786,Jesse Lingard,,,,,transfermarkt,141660,EXACT,HIGH
plr_625fce0f,Gylfi Sigurdsson,,,,,transfermarkt,90466,EXACT,HIGH
plr_627d7f89,Anthony Gordon,,,,,,,EXACT,HIGH
plr_62838a01,Jordy Hiwula,,,,,transfermarkt,201576,EXACT,HIGH
plr_6292445c,Jonathan Panzo,,,,,,,EXACT,HIGH
plr_62aa63f8,Sam Greenwood,,,,,,,EXACT,HIGH
plr_62f167dd,Callum Wilson,,,,,,,EXACT,HIGH
plr_62fdd3cf,Karl Darlow,,,,,,,EXACT,HIGH
plr_63053610,Pedro Lomba Neto,,,,,,,EXACT,HIGH
plr_630b259c,Ivan Cavaleiro,,,,,,,EXACT,HIGH
plr_6310a880,Marcos Rojo,,,,,,,EXACT,HIGH
plr_633032c5,Tyrone Mings,,,,,,,EXACT,HIGH
plr_6350c8ad,Jesús Vallejo Lázaro,,,,,,,EXACT,HIGH
plr_635487b3,Fabinho,,,,,transfermarkt,225693,EXACT,HIGH
plr_635dee57,John Ruddy,,,,,,,EXACT,HIGH
plr_6364d1c0,Harry Toffolo,,,,,transfermarkt,198516,EXACT,HIGH
plr_636d9385,César Azpilicueta,,,,,,,EXACT,HIGH
plr_63898739,Tommie Hoban,,,,,transfermarkt,183161,EXACT,HIGH
plr_639f9320,Angel Gomes,,,,,transfermarkt,392770,EXACT,HIGH
plr_63a8cc1d,Ivo Grbic,,,,,transfermarkt,226073,EXACT,HIGH
plr_63ae9a52,Hugo Lloris,,,,,transfermarkt,17965,EXACT,HIGH
plr_63e68b5f,Harrison Ashby,,,,,,,EXACT,HIGH
plr_63f0d523,Morgan Gibbs-White,,,,,,,EXACT,HIGH
plr_63f14b9a,Jannik Vestergaard,,,,,,,EXACT,HIGH
plr_63f924da,Emre Can,,,,,transfermarkt,119296,EXACT,HIGH
plr_640190f2,Carney Chukwuemeka,,,,,,,EXACT,HIGH
plr_641cfebf,Max Aarons,,,,,transfermarkt,471690,EXACT,HIGH
plr_641f330b,Mason Greenwood,,,,,,,EXACT,HIGH
plr_64311c11,José Reina,,,,,,,EXACT,HIGH
plr_644567f2,Uwe Hünemeier,,,,,transfermarkt,10503,EXACT,HIGH
plr_645c1c75,Yoane Wissa,,,,,,,EXACT,HIGH
plr_646c761d,Jacob Murphy,,,,,,,EXACT,HIGH
plr_6476b2dc,Benik Afobe,,,,,transfermarkt,110858,EXACT,HIGH
plr_649a3758,Dejan Lovren,,,,,transfermarkt,37838,EXACT,HIGH
plr_64a65720,Darren Randolph,,,,,transfermarkt,51321,EXACT,HIGH
plr_64b43756,Juan Larios,,,,,transfermarkt,646738,EXACT,HIGH
plr_64c4f855,Sead Kolasinac,,,,,,,EXACT,HIGH
plr_64d3fb79,Roberto Jimenez Gago,,,,,,,EXACT,HIGH
plr_64db18fb,Reece James,,,,,,,EXACT,HIGH
plr_64e79c5f,Nicolas Pépé,,,,,,,EXACT,HIGH
plr_650def45,Isaac Hayden,,,,,,,EXACT,HIGH
plr_651baab7,David Brooks,,,,,,,EXACT,HIGH
plr_6525094d,Pedro Rodríguez Ledesma,,,,,,,EXACT,HIGH
plr_6553419e,Charlie Whitaker,,,,,,,EXACT,HIGH
plr_6568e08d,Conor Coventry,,,,,,,EXACT,HIGH
plr_657f222c,Federico Fernández,,,,,,,EXACT,HIGH
plr_65859724,Hamza Choudhury,,,,,,,EXACT,HIGH
plr_658f15f6,Aaron Ramsdale,,,,,transfermarkt,427568,EXACT,HIGH
plr_659c293f,Mikey Moore,,,,,,,EXACT,HIGH
plr_659c4473,Matteo Darmian,,,,,,,EXACT,HIGH
plr_65b3cc94,Leonardo Ulloa,,,,,transfermarkt,54890,EXACT,HIGH
plr_65b56c44,Miguel Almirón,,,,,,,EXACT,HIGH
plr_65b7b9e0,Hassane Kamara,,,,,transfermarkt,290017,EXACT,HIGH
plr_65bb2c13,Gaëtan Bong,,,,,,,EXACT,HIGH
plr_65c5b41c,Wayne Rooney,,,,,transfermarkt,3332,EXACT,HIGH
plr_65d1cc40,Jérémy Doku,,,,,transfermarkt,486049,EXACT,HIGH
plr_65eeafd8,Albian Ajeti,,,,,transfermarkt,195906,EXACT,HIGH
plr_65fff381,Matthew Lowton,,,,,,,EXACT,HIGH
plr_660c221c,Chris Basham,,,,,,,EXACT,HIGH
plr_661cf5e4,Emerson Palmieri dos Santos,,,,,,,EXACT,HIGH
plr_66247f29,Andrew Irving,,,,,transfermarkt,430310,EXACT,HIGH
plr_662fdea6,Taylor Harwood-Bellis,,,,,transfermarkt,503977,EXACT,HIGH
plr_663456b7,Oriol Romeu Vidal,,,,,,,EXACT,HIGH
plr_66370c23,Oriol Romeu Vidal,,,,,,,EXACT,HIGH
plr_6660424b,Bukayo Saka,,,,,,,EXACT,HIGH
plr_6696e402,Raheem Sterling,,,,,,,EXACT,HIGH
plr_66989195,Jannik Vestergaard,,,,,,,EXACT,HIGH
plr_669d3160,Jack Grealish,,,,,,,EXACT,HIGH
plr_66a07cf8,Sam Greenwood,,,,,transfermarkt,532178,EXACT,HIGH
plr_66a5ea5c,Willian Borges da Silva,,,,,,,EXACT,HIGH
plr_66a98d63,Jarrod Bowen,,,,,transfermarkt,314875,EXACT,HIGH
plr_66b3049e,Thiago Alcántara do Nascimento,,,,,,,EXACT,HIGH
plr_66bb1ff3,Zak Swanson,,,,,,,EXACT,HIGH
plr_66c32bef,Edo Kayembe,,,,,transfermarkt,486477,EXACT,HIGH
plr_66f741e1,Owen Otasowie,,,,,,,EXACT,HIGH
plr_66f82ae3,Mason Burstow,,,,,,,EXACT,HIGH
plr_6705854b,Luke Freeman,,,,,transfermarkt,66923,EXACT,HIGH
plr_671fe23f,Paul Dummett,,,,,,,EXACT,HIGH
plr_6720ba39,Wilfred Ndidi,,,,,,,EXACT,HIGH
plr_6736cf80,Mathias Jorgensen,,,,,,,EXACT,HIGH
plr_673cfab3,Ross Barkley,,,,,transfermarkt,131978,EXACT,HIGH
plr_673d46ff,Adrian Mariappa,,,,,,,EXACT,HIGH
plr_674b0000,Felix Nmecha,,,,,,,EXACT,HIGH
plr_676b11d7,Bobby Thomas,,,,,transfermarkt,788283,EXACT,HIGH
plr_6773d0ee,Ivo Pinto,,,,,transfermarkt,82281,EXACT,HIGH
plr_67887d57,Alexis Mac Allister,,,,,,,EXACT,HIGH
plr_6799bae1,Gabriel Teodoro Martinelli Silva,,,,,,,EXACT,HIGH
plr_679aa140,Maximilian Wöber,,,,,transfermarkt,263361,EXACT,HIGH
plr_67a3486b,Joe Hart,,,,,,,EXACT,HIGH
plr_67a85100,Benjamin Mendy,,,,,,,EXACT,HIGH
plr_67c6158c,Alex Telles,,,,,transfermarkt,255755,EXACT,HIGH
plr_67d25a12,Adam Webster,,,,,,,EXACT,HIGH
plr_67dc8f99,Sander Berge,,,,,,,EXACT,HIGH
plr_67ee22c8,Steven Bergwijn,,,,,,,EXACT,HIGH
plr_67ffebd5,Marcos Rojo,,,,,transfermarkt,93176,EXACT,HIGH
plr_682b677c,Saïd Benrahma,,,,,,,EXACT,HIGH
plr_683143fb,Miguel Almirón,,,,,transfermarkt,272999,EXACT,HIGH
plr_68341f3c,Teemu Pukki,,,,,,,EXACT,HIGH
plr_68357a6d,Andy King,,,,,transfermarkt,56872,EXACT,HIGH
plr_683c2a5a,Ed Turns,,,,,,,EXACT,HIGH
plr_68483280,Harry Winks,,,,,,,EXACT,HIGH
plr_684a2666,Konstantinos Tsimikas,,,,,transfermarkt,338070,EXACT,HIGH
plr_68564777,Zack Steffen,,,,,,,EXACT,HIGH
plr_6857889d,David Silva,,,,,,,EXACT,HIGH
plr_686214d5,Lewis Hall,,,,,transfermarkt,670858,EXACT,HIGH
plr_6868e991,Antonio Rüdiger,,,,,transfermarkt,86202,EXACT,HIGH
plr_687be528,Kjell Scherpen,,,,,,,EXACT,HIGH
plr_68885946,Mario Lemina,,,,,transfermarkt,170934,EXACT,HIGH
plr_689ca8be,Caleb Taylor,,,,,,,EXACT,HIGH
plr_68a23045,Matthew Lowton,,,,,transfermarkt,102258,EXACT,HIGH
plr_68b70f45,Jason Steele,,,,,,,EXACT,HIGH
plr_68becce0,Francisco Machado Mota de Castro Trincão,,,,,,,EXACT,HIGH
plr_68c22624,Issa Diop,,,,,,,EXACT,HIGH
plr_68c4c447,Ashley Young,,,,,transfermarkt,14086,EXACT,HIGH
plr_68d8f9cb,Ozan Tufan,,,,,transfermarkt,236471,EXACT,HIGH
plr_68fd0f18,Matheus Santos Carneiro Da Cunha,,,,,,,EXACT,HIGH
plr_68fd432c,Kurt Zouma,,,,,,,EXACT,HIGH
plr_69005a5f,Charles Sagoe,,,,,,,EXACT,HIGH
plr_69052346,Denis Odoi,,,,,,,EXACT,HIGH
plr_69204d80,Tim Krul,,,,,,,EXACT,HIGH
plr_6923166f,Alfie Doughty,,,,,,,EXACT,HIGH
plr_693a0702,Jonathan Panzo,,,,,transfermarkt,392777,EXACT,HIGH
plr_69404e2f,Adam Lallana,,,,,,,EXACT,HIGH
plr_6945edcc,Stephen Ward,,,,,transfermarkt,34691,EXACT,HIGH
plr_699ad911,Christian Pulisic,,,,,,,EXACT,HIGH
plr_699c6675,Moussa Djenepo,,,,,,,EXACT,HIGH
plr_69be10b5,Calum Chambers,,,,,,,EXACT,HIGH
plr_69bebd02,Ryan Fredericks,,,,,,,EXACT,HIGH
plr_69bef26a,André Tavares Gomes,,,,,,,EXACT,HIGH
plr_69d060e3,Callum Wilson,,,,,,,EXACT,HIGH
plr_69daac56,Jermain Defoe,,,,,transfermarkt,3875,EXACT,HIGH
plr_69de690c,João Manuel Neves Virgínia,,,,,,,EXACT,HIGH
plr_69e1edb9,Jayson Molumby,,,,,,,EXACT,HIGH
plr_69f2c233,Mateus Cardoso Lemos Martins,,,,,,,EXACT,HIGH
plr_6a0eb3a5,Konstantinos Mavropanos,,,,,,,EXACT,HIGH
plr_6a0f573d,Declan Rice,,,,,,,EXACT,HIGH
plr_6a112562,Brandon Williams,,,,,transfermarkt,507700,EXACT,HIGH
plr_6a336f47,Kevin De Bruyne,,,,,,,EXACT,HIGH
plr_6a46145e,Paul Dummett,,,,,,,EXACT,HIGH
plr_6a580054,Toti António Gomes,,,,,,,EXACT,HIGH
plr_6a630e15,Matt Ritchie,,,,,,,EXACT,HIGH
plr_6a649e63,Bruno André Cavaco Jordao,,,,,,,EXACT,HIGH
plr_6a88e717,Arnaut Danjuma Groeneveld,,,,,,,EXACT,HIGH
plr_6aa0551f,Luke Chambers,,,,,,,EXACT,HIGH
plr_6aaf27ae,Emerson Palmieri dos Santos,,,,,,,EXACT,HIGH
plr_6ac627f3,Craig Cathcart,,,,,,,EXACT,HIGH
plr_6ad8b559,Facundo Buonanotte,,,,,transfermarkt,983989,EXACT,HIGH
plr_6af1e310,Gabriel Fernando de Jesus,,,,,,,EXACT,HIGH
plr_6af64175,Johann Berg Gudmundsson,,,,,,,EXACT,HIGH
plr_6afa4817,David de Gea,,,,,,,EXACT,HIGH
plr_6b0723b5,Seamus Coleman,,,,,,,EXACT,HIGH
plr_6b07b640,Davy Klaassen,,,,,transfermarkt,182932,EXACT,HIGH
plr_6b09fa74,Cristian Romero,,,,,,,EXACT,HIGH
plr_6b2426c9,Sam McCallum,,,,,transfermarkt,618901,EXACT,HIGH
plr_6b3130ae,Michael Dacosta Gonzalez,,,,,,,EXACT,HIGH
plr_6b3533f7,Mason Greenwood,,,,,,,EXACT,HIGH
plr_6b4300fe,Kenny Tete,,,,,transfermarkt,206746,EXACT,HIGH
plr_6b44045d,Johann Berg Gudmundsson,,,,,,,EXACT,HIGH
plr_6b5839e7,Jonathan Walters,,,,,transfermarkt,3306,EXACT,HIGH
plr_6b66d935,Sam Johnstone,,,,,,,EXACT,HIGH
plr_6b67afcd,Mamadou Sakho,,,,,,,EXACT,HIGH
plr_6b8410fd,Jamal Lewis,,,,,,,EXACT,HIGH
plr_6b875d3d,Keinan Davis,,,,,,,EXACT,HIGH
plr_6b8810ff,Ruben Loftus-Cheek,,,,,transfermarkt,202886,EXACT,HIGH
plr_6b8cb429,Bryan Mbeumo,,,,,,,EXACT,HIGH
plr_6ba78c2f,Robert Elliot,,,,,,,EXACT,HIGH
plr_6bb58d31,Jimi Tauriainen,,,,,,,EXACT,HIGH
plr_6bc98b8b,William Osula,,,,,,,EXACT,HIGH
plr_6bcbb576,Léo Bonatini,,,,,transfermarkt,181781,EXACT,HIGH
plr_6bcf7a1c,Vini Souza,,,,,transfermarkt,663581,EXACT,HIGH
plr_6bdd5031,Tyler Onyango,,,,,,,EXACT,HIGH
plr_6be8b247,Pablo Fornals Malla,,,,,,,EXACT,HIGH
plr_6bedab47,Nordin Amrabat,,,,,transfermarkt,55619,EXACT,HIGH
plr_6bee7f23,Ismaila Sarr,,,,,,,EXACT,HIGH
plr_6bf2fefb,John Lundstram,,,,,,,EXACT,HIGH
plr_6bf82664,Romaine Mundle,,,,,,,EXACT,HIGH
plr_6bff44df,Michael Obafemi,,,,,,,EXACT,HIGH
plr_6c145214,Tahith Chong,,,,,,,EXACT,HIGH
plr_6c46dc4c,N'Golo Kanté,,,,,transfermarkt,225083,EXACT,HIGH
plr_6c48ce7f,Ben Foster,,,,,,,EXACT,HIGH
plr_6c4f55a5,Adam Lallana,,,,,,,EXACT,HIGH
plr_6c57076f,Pedro Porro,,,,,,,EXACT,HIGH
plr_6c5da2de,Willy Boly,,,,,,,EXACT,HIGH
plr_6c6ac8bf,Saïd Benrahma,,,,,,,EXACT,HIGH
plr_6c7e1835,Moussa Djenepo,,,,,transfermarkt,485424,EXACT,HIGH
plr_6c8e730d,Martin Kelly,,,,,,,EXACT,HIGH
plr_6c8f13a9,Jonjoe Kenny,,,,,transfermarkt,258883,EXACT,HIGH
plr_6ca5006a,Frédéric Guilbert,,,,,,,EXACT,HIGH
plr_6ca9fe9b,Guido Carrillo,,,,,transfermarkt,184672,EXACT,HIGH
plr_6cb18e9a,Lee Grant,,,,,transfermarkt,13460,EXACT,HIGH
plr_6cdd7045,Reiss Nelson,,,,,,,EXACT,HIGH
plr_6ce4be14,Ashley Fletcher,,,,,transfermarkt,289846,EXACT,HIGH
plr_6ce84ed7,Emiliano Martínez,,,,,,,EXACT,HIGH
plr_6d04cd45,Thomas Partey,,,,,,,EXACT,HIGH
plr_6d0b0664,Craig Cathcart,,,,,,,EXACT,HIGH
plr_6d0bc404,Niki Mäenpää,,,,,transfermarkt,12359,EXACT,HIGH
plr_6d0f83c0,David Brooks,,,,,,,EXACT,HIGH
plr_6d406c73,Nigel Lonwijk,,,,,,,EXACT,HIGH
plr_6d436e10,Pontus Dahlberg,,,,,transfermarkt,365544,EXACT,HIGH
plr_6d439c00,Lee Grant,,,,,,,EXACT,HIGH
plr_6d58f723,Douglas Luiz Soares de Paulo,,,,,,,EXACT,HIGH
plr_6d5a662a,Gareth Bale,,,,,transfermarkt,39381,EXACT,HIGH
plr_6d6bf4eb,Danilo Luiz da Silva,,,,,,,EXACT,HIGH
plr_6d776454,Mauro Zárate,,,,,transfermarkt,26456,EXACT,HIGH
plr_6d913436,Romaine Sawyers,,,,,,,EXACT,HIGH
plr_6da0ec3c,Oliver Skipp,,,,,transfermarkt,406638,EXACT,HIGH
plr_6db5b6a5,Nélson Cabral Semedo,,,,,,,EXACT,HIGH
plr_6dba5be3,Robert Snodgrass,,,,,,,EXACT,HIGH
plr_6dbd5431,Adrián San Miguel del Castillo,,,,,,,EXACT,HIGH
plr_6dc9bddb,Chris Brunt,,,,,transfermarkt,36814,EXACT,HIGH
plr_6dd82638,Pedro Lomba Neto,,,,,,,EXACT,HIGH
plr_6ddf1aff,James Tarkowski,,,,,,,EXACT,HIGH
plr_6de3f1c3,Wesley Moraes,,,,,,,EXACT,HIGH
plr_6dee7637,Wayne Hennessey,,,,,,,EXACT,HIGH
plr_6df733ee,Anis Ben Slimane,,,,,transfermarkt,546712,EXACT,HIGH
plr_6dfaaedd,Brandon Aguilera Zamora,,,,,,,EXACT,HIGH
plr_6e0afa98,Ben Davies,,,,,,,EXACT,HIGH
plr_6e112612,Keane Lewis-Potter,,,,,,,EXACT,HIGH
plr_6e11f85c,Mario Lemina,,,,,,,EXACT,HIGH
plr_6e18a25c,Diogo Pinheiro Monteiro,,,,,,,EXACT,HIGH
plr_6e226980,Luke Ayling,,,,,,,EXACT,HIGH
plr_6e4ad12e,Joseph Willock,,,,,,,EXACT,HIGH
plr_6e664c42,Yan Valery,,,,,transfermarkt,406008,EXACT,HIGH
plr_6e6a84f8,Marcus Bettinelli,,,,,,,EXACT,HIGH
plr_6e73c48c,Matthew Whittingham,,,,,,,EXACT,HIGH
plr_6e7d59f2,Lewis Dunk,,,,,,,EXACT,HIGH
plr_6e82c973,Lucas Rodrigues Moura da Silva,,,,,,,EXACT,HIGH
plr_6e8a3fb6,Ahmed El Mohamady,,,,,transfermarkt,66333,EXACT,HIGH
plr_6e94b679,Kristoffer Ajer,,,,,,,EXACT,HIGH
plr_6ea5f951,Aaron Rowe,,,,,,,EXACT,HIGH
plr_6eb03ed3,Ellis Simms,,,,,,,EXACT,HIGH
plr_6eb39b00,Tyrese Francois,,,,,,,EXACT,HIGH
plr_6ebadfd2,Jesse Lingard,,,,,,,EXACT,HIGH
plr_6ec72bd1,Josh Murphy,,,,,transfermarkt,199528,EXACT,HIGH
plr_6eda969f,Daniel Arzani,,,,,transfermarkt,399997,EXACT,HIGH
plr_6ee78952,Samir Carruthers,,,,,transfermarkt,146488,EXACT,HIGH
plr_6ee98c7f,Christian Kabasele,,,,,,,EXACT,HIGH
plr_6f0defd7,Nick Pope,,,,,,,EXACT,HIGH
plr_6f15426d,Vitor Ferreira,,,,,,,EXACT,HIGH
plr_6f17f6ce,Harvey Barnes,,,,,,,EXACT,HIGH
plr_6f1af571,Victor Moses,,,,,transfermarkt,59866,EXACT,HIGH
plr_6f31cabe,Jed Steer,,,,,transfermarkt,110867,EXACT,HIGH
plr_6f776da3,Kalvin Phillips,,,,,,,EXACT,HIGH
plr_6f7bef74,Ryan Bennett,,,,,,,EXACT,HIGH
plr_6f85373c,Terence Kongolo,,,,,,,EXACT,HIGH
plr_6f8873f6,Lucas Paquetá,,,,,transfermarkt,444523,EXACT,HIGH
plr_6f8b8bea,David Luiz Moreira Marinho,,,,,,,EXACT,HIGH
plr_6f9d442d,Vitalii Mykolenko,,,,,,,EXACT,HIGH
plr_6face4a9,Lucas Digne,,,,,transfermarkt,126664,EXACT,HIGH
plr_6fb4c6f6,Cheikhou Kouyaté,,,,,,,EXACT,HIGH
plr_6fc7b619,David Silva,,,,,transfermarkt,35518,EXACT,HIGH
plr_6fca36f8,Ezri Konsa Ngoyo,,,,,,,EXACT,HIGH
plr_6fcca05f,Stuart Armstrong,,,,,,,EXACT,HIGH
plr_6fefbeb3,Ken Sema,,,,,transfermarkt,252345,EXACT,HIGH
plr_6ff09649,Jordan Hugill,,,,,,,EXACT,HIGH
plr_700131f8,Teden Mengi,,,,,transfermarkt,548470,EXACT,HIGH
plr_70251eb5,Conor Coady,,,,,,,EXACT,HIGH
plr_70477c10,Glenn Whelan,,,,,transfermarkt,12124,EXACT,HIGH
plr_704ec321,Wilfried Zaha,,,,,,,EXACT,HIGH
plr_705c097d,Hwang Hee-chan,,,,,,,EXACT,HIGH
plr_7068a1e1,Patrick Cutrone,,,,,transfermarkt,265078,EXACT,HIGH
plr_707241db,Jamie Bowden,,,,,,,EXACT,HIGH
plr_70850120,Leo Østigård,,,,,transfermarkt,367284,EXACT,HIGH
plr_708c59cd,Nampalys Mendy,,,,,,,EXACT,HIGH
plr_70bb4628,Emile Smith Rowe,,,,,,,EXACT,HIGH
plr_70bed105,James Collins,,,,,transfermarkt,12691,EXACT,HIGH
plr_70cfa16d,Joel Campbell,,,,,transfermarkt,131248,EXACT,HIGH
plr_70dc29b5,Jarrad Branthwaite,,,,,,,EXACT,HIGH
plr_70e4a838,Luke Shaw,,,,,,,EXACT,HIGH
plr_70f3fb3e,Joshua King,,,,,,,EXACT,HIGH
plr_71107e77,Willy Caballero,,,,,,,EXACT,HIGH
plr_71218984,Isaac Hayden,,,,,,,EXACT,HIGH
plr_7124259f,Reiss Nelson,,,,,transfermarkt,340325,EXACT,HIGH
plr_712fd7c6,Diogo Dalot Teixeira,,,,,,,EXACT,HIGH
plr_713717b9,Gabriel Fernando de Jesus,,,,,,,EXACT,HIGH
plr_7141249d,Thiago Silva,,,,,transfermarkt,29241,EXACT,HIGH
plr_71457ce8,Matteo Darmian,,,,,transfermarkt,54906,EXACT,HIGH
plr_715234f4,Josh Martin,,,,,,,EXACT,HIGH
plr_7157ecf7,Hal Robson-Kanu,,,,,,,EXACT,HIGH
plr_717a0aeb,Nikolas Ioannou,,,,,transfermarkt,265033,EXACT,HIGH
plr_718612a3,Ben Nelson,,,,,,,EXACT,HIGH
plr_7189b5c6,Andrew Surman,,,,,,,EXACT,HIGH
plr_718ccd0b,Paulo Gazzaniga Farias,,,,,,,EXACT,HIGH
plr_718d2b28,Joe Rothwell,,,,,,,EXACT,HIGH
plr_719e3eee,Joshua Wilson-Esbrand,,,,,,,EXACT,HIGH
plr_71a2d1c9,Jack Wilshere,,,,,transfermarkt,74223,EXACT,HIGH
plr_71ae4701,Lewis Cook,,,,,,,EXACT,HIGH
plr_71afa1b1,Jan Vertonghen,,,,,,,EXACT,HIGH
plr_71be3d76,Luka Milivojevic,,,,,,,EXACT,HIGH
plr_71c220ab,César Azpilicueta,,,,,transfermarkt,57500,EXACT,HIGH
plr_71d84a1d,Stephan Lichtsteiner,,,,,transfermarkt,2865,EXACT,HIGH
plr_71fcd3d7,Oleksandr Zinchenko,,,,,,,EXACT,HIGH
plr_72017f1a,Maduka Okoye,,,,,transfermarkt,340353,EXACT,HIGH
plr_7216d85e,Aaron Mooy,,,,,,,EXACT,HIGH
plr_721b370d,Fernando Luiz Rosa,,,,,,,EXACT,HIGH
plr_722b129b,Adam Webster,,,,,,,EXACT,HIGH
plr_72331c95,Ashley Phillips,,,,,transfermarkt,859951,EXACT,HIGH
plr_7256d498,Ayoze Pérez,,,,,,,EXACT,HIGH
plr_7258184b,Jayden Luker,,,,,,,EXACT,HIGH
plr_7265b6ab,Will Dennis,,,,,transfermarkt,582078,EXACT,HIGH
plr_727608be,Rayan Aït-Nouri,,,,,transfermarkt,578391,EXACT,HIGH
plr_7279f9bb,Todd Cantwell,,,,,,,EXACT,HIGH
plr_7286e471,Aaron Connolly,,,,,,,EXACT,HIGH
plr_72883066,Leandro Trossard,,,,,,,EXACT,HIGH
plr_7289db35,Roberto Firmino,,,,,transfermarkt,131789,EXACT,HIGH
plr_72a886f2,Ken Sema,,,,,,,EXACT,HIGH
plr_72e3155c,Danny Rose,,,,,,,EXACT,HIGH
plr_72eb2cba,Andreas Hoelgebaum Pereira,,,,,,,EXACT,HIGH
plr_72fa8392,Steven Defour,,,,,transfermarkt,33866,EXACT,HIGH
plr_730530c1,Ørjan Nyland,,,,,transfermarkt,73517,EXACT,HIGH
plr_732bbb2c,Kieran Tierney,,,,,transfermarkt,300716,EXACT,HIGH
plr_733cc4b6,Dean Henderson,,,,,,,EXACT,HIGH
plr_73592ecf,Joel Matip,,,,,,,EXACT,HIGH
plr_7364eb4d,Collin Quaner,,,,,transfermarkt,123397,EXACT,HIGH
plr_736964ec,Mason Greenwood,,,,,transfermarkt,532826,EXACT,HIGH
plr_736e0753,Rico Henry,,,,,,,EXACT,HIGH
plr_7379ed21,Nahuel Bustos,,,,,transfermarkt,439629,EXACT,HIGH
plr_737d9406,Oli McBurnie,,,,,transfermarkt,298477,EXACT,HIGH
plr_73836604,Mahamadou Susoho,,,,,,,EXACT,HIGH
plr_7389369a,Josko Gvardiol,,,,,transfermarkt,475959,EXACT,HIGH
plr_738dfd6c,Allan Saint-Maximin,,,,,,,EXACT,HIGH
plr_7394369c,Destiny Udogie,,,,,transfermarkt,556385,EXACT,HIGH
plr_7394961c,Leighton Clarkson,,,,,,,EXACT,HIGH
plr_73a1fe77,Benjamin Arthur,,,,,,,EXACT,HIGH
plr_73b7c267,Alex Murphy,,,,,,,EXACT,HIGH
plr_73b95b55,Daniel Castelo Podence,,,,,,,EXACT,HIGH
plr_73c42cdf,Jack O'Connell,,,,,transfermarkt,212829,EXACT,HIGH
plr_73c60311,Marvelous Nakamba,,,,,transfermarkt,324882,EXACT,HIGH
plr_73c87733,Diego Llorente,,,,,,,EXACT,HIGH
plr_73cce49b,Nélson Cabral Semedo,,,,,,,EXACT,HIGH
plr_73e02eb5,Theo Walcott,,,,,,,EXACT,HIGH
plr_73e56627,Neto,,,,,transfermarkt,111819,EXACT,HIGH
plr_73f1154b,Guglielmo Vicario,,,,,transfermarkt,286047,EXACT,HIGH
plr_73f4acc6,Nicolás Otamendi,,,,,,,EXACT,HIGH
plr_73f5750c,Leander Dendoncker,,,,,,,EXACT,HIGH
plr_73f5799b,Ederson Santana de Moraes,,,,,,,EXACT,HIGH
plr_73f623fb,Gylfi Sigurdsson,,,,,,,EXACT,HIGH
plr_74015aec,Mohamed Salah,,,,,,,EXACT,HIGH
plr_7407f32d,Marcus Forss,,,,,,,EXACT,HIGH
plr_74160ace,Alex Mighten,,,,,transfermarkt,503988,EXACT,HIGH
plr_742f6d93,Rafael Camacho,,,,,,,EXACT,HIGH
plr_743e5ca9,Pape Matar Sarr,,,,,,,EXACT,HIGH
plr_743f11e3,Erling Haaland,,,,,transfermarkt,418560,EXACT,HIGH
plr_746e13ca,Mason Mount,,,,,,,EXACT,HIGH
plr_748abafb,Andre Green,,,,,transfermarkt,309841,EXACT,HIGH
plr_748e1d14,Frederik Alves,,,,,,,EXACT,HIGH
plr_749538c1,Matt Targett,,,,,,,EXACT,HIGH
plr_74989b11,Andrew Surman,,,,,,,EXACT,HIGH
plr_74b02825,Alfie Whiteman,,,,,,,EXACT,HIGH
plr_74b94270,Amad Diallo,,,,,transfermarkt,536835,EXACT,HIGH
plr_74cce58d,Frédéric Guilbert,,,,,,,EXACT,HIGH
plr_74da6369,Sean McAllister,,,,,,,EXACT,HIGH
plr_74daa864,Ciaran Clark,,,,,,,EXACT,HIGH
plr_74ffea05,Steve Sidwell,,,,,transfermarkt,13427,EXACT,HIGH
plr_7502fb24,Chiquinho,,,,,transfermarkt,695454,EXACT,HIGH
plr_751dcfc6,Raphaël Varane,,,,,,,EXACT,HIGH
plr_7523f873,Alfie Jones,,,,,,,EXACT,HIGH
plr_752827fa,Jack Stephens,,,,,,,EXACT,HIGH
plr_75365851,Maxime Estève,,,,,transfermarkt,842341,EXACT,HIGH
plr_753abd94,Connor Wickham,,,,,,,EXACT,HIGH
plr_7548a39f,Trent Alexander-Arnold,,,,,,,EXACT,HIGH
plr_754e8ae9,Saman Ghoddos,,,,,,,EXACT,HIGH
plr_75544f5c,Kevin Schade,,,,,transfermarkt,473050,EXACT,HIGH
plr_7556f312,Stefano Okaka,,,,,transfermarkt,35249,EXACT,HIGH
plr_7585e319,Sandro Tonali,,,,,transfermarkt,397033,EXACT,HIGH
plr_75947643,Bryan Gil Salvatierra,,,,,,,EXACT,HIGH
plr_75c2eaf5,Conor Coventry,,,,,transfermarkt,419025,EXACT,HIGH
plr_75c5a6b3,Ryan Yates,,,,,,,EXACT,HIGH
plr_75c9ca1c,Tomer Hemed,,,,,transfermarkt,112668,EXACT,HIGH
plr_75d310d3,Kaine Hayden,,,,,,,EXACT,HIGH
plr_75de164b,Anthony Knockaert,,,,,,,EXACT,HIGH
plr_75e963d2,Aleix García,,,,,transfermarkt,261504,EXACT,HIGH
plr_75ecdfde,Hakim Ziyech,,,,,,,EXACT,HIGH
plr_75f22fe3,Jonathan Hogg,,,,,,,EXACT,HIGH
plr_75fc177b,Rob Holding,,,,,,,EXACT,HIGH
plr_75ff11dc,Wesley Fofana,,,,,,,EXACT,HIGH
plr_75fff9fc,James McArthur,,,,,,,EXACT,HIGH
plr_7625f454,Sam Waller,,,,,,,EXACT,HIGH
plr_76276f1a,Erik Lamela,,,,,,,EXACT,HIGH
plr_763e6838,Maximillian Aarons,,,,,,,EXACT,HIGH
plr_764b8447,Víctor Camarasa,,,,,transfermarkt,263856,EXACT,HIGH
plr_766a317c,Chris Mepham,,,,,,,EXACT,HIGH
plr_7671721e,Josh Benson,,,,,,,EXACT,HIGH
plr_76748ba6,Anthony Knockaert,,,,,transfermarkt,149237,EXACT,HIGH
plr_767a4f43,Stuart O'Keefe,,,,,transfermarkt,93626,EXACT,HIGH
plr_76877191,Daniel Castelo Podence,,,,,,,EXACT,HIGH
plr_76bf21c8,Alex Kirk,,,,,,,EXACT,HIGH
plr_76c331a3,James Tarkowski,,,,,,,EXACT,HIGH
plr_76c5e081,Bersant Celina,,,,,transfermarkt,229695,EXACT,HIGH
plr_770b636f,Raphaël Varane,,,,,transfermarkt,164770,EXACT,HIGH
plr_770cbb42,Onel Hernández,,,,,transfermarkt,109751,EXACT,HIGH
plr_77290ee1,Jaidon Anthony,,,,,transfermarkt,684210,EXACT,HIGH
plr_772c3934,Yegor Yarmoliuk,,,,,,,EXACT,HIGH
plr_774421a9,Mahmoud Dahoud,,,,,transfermarkt,191422,EXACT,HIGH
plr_7782b473,Divock Origi,,,,,,,EXACT,HIGH
plr_779bd682,Wout Weghorst,,,,,transfermarkt,228645,EXACT,HIGH
plr_77afc4df,Shkodran Mustafi,,,,,transfermarkt,88590,EXACT,HIGH
plr_77bd1ea3,Bryan Gil Salvatierra,,,,,,,EXACT,HIGH
plr_77c10159,Carlton Morris,,,,,transfermarkt,246963,EXACT,HIGH
plr_77d6e71a,Rob Holding,,,,,,,EXACT,HIGH
plr_77e26536,Jack Stephens,,,,,,,EXACT,HIGH
plr_77e2d7fa,Liam McCarron,,,,,transfermarkt,614082,EXACT,HIGH
plr_77efc74f,Yago de Santiago Alonso,,,,,,,EXACT,HIGH
plr_77f3a070,Nikola Tavares,,,,,,,EXACT,HIGH
plr_77fd107d,Aron Gunnarsson,,,,,,,EXACT,HIGH
plr_7804ba64,Brad Smith,,,,,transfermarkt,175745,EXACT,HIGH
plr_780fbc21,Kyle John,,,,,,,EXACT,HIGH
plr_7814d14f,Trevoh Chalobah,,,,,,,EXACT,HIGH
plr_7818c50e,Fikayo Tomori,,,,,,,EXACT,HIGH
plr_7823db2c,Bali Mumba,,,,,transfermarkt,433186,EXACT,HIGH
plr_78297c9c,Sébastien Haller,,,,,transfermarkt,181375,EXACT,HIGH
plr_78313d77,Matt Targett,,,,,,,EXACT,HIGH
plr_7839b5d3,Josip Drmic,,,,,transfermarkt,140579,EXACT,HIGH
plr_7858bc87,Jakub Kiwior,,,,,,,EXACT,HIGH
plr_78627295,Ritchie De Laet,,,,,transfermarkt,55687,EXACT,HIGH
plr_78796759,Tyler Hornby-Forbes,,,,,transfermarkt,346040,EXACT,HIGH
plr_7882a48a,Jacob Montes,,,,,transfermarkt,497494,EXACT,HIGH
plr_7887878e,Reiss Nelson,,,,,,,EXACT,HIGH
plr_78a08f00,Alireza Jahanbakhsh,,,,,,,EXACT,HIGH
plr_78bbaec6,Kalvin Phillips,,,,,,,EXACT,HIGH
plr_78d1abbe,Ryan Fredericks,,,,,,,EXACT,HIGH
plr_78e8f2e4,Alejandro Garnacho Ferreyra,,,,,,,EXACT,HIGH
plr_78f619aa,Marcus Bettinelli,,,,,,,EXACT,HIGH
plr_790b5c2f,Alexis Sánchez,,,,,,,EXACT,HIGH
plr_790f10fc,Samy Chouchane,,,,,,,EXACT,HIGH
plr_79113137,Sullay Kaikai,,,,,transfermarkt,244130,EXACT,HIGH
plr_791f15f8,Ilkay Gündogan,,,,,,,EXACT,HIGH
plr_79421cb8,Kevin McDonald,,,,,,,EXACT,HIGH
plr_79453014,Ricky Holmes,,,,,transfermarkt,156899,EXACT,HIGH
plr_794b7ad7,Francisco Femenía Far,,,,,,,EXACT,HIGH
plr_794e127e,Chris Smalling,,,,,,,EXACT,HIGH
plr_79729896,Scott Carson,,,,,,,EXACT,HIGH
plr_7973d9c5,Conor Coventry,,,,,,,EXACT,HIGH
plr_7975ee3b,Alexis Mac Allister,,,,,,,EXACT,HIGH
plr_797727f9,Jhon Durán,,,,,,,EXACT,HIGH
plr_798c0dd7,Ryan Bertrand,,,,,,,EXACT,HIGH
plr_798f294e,Braian Ojeda Rodríguez,,,,,,,EXACT,HIGH
plr_798f9e5f,Chris Wood,,,,,,,EXACT,HIGH
plr_79a29a11,Antwoine Hackford,,,,,,,EXACT,HIGH
plr_79a574cf,Marvelous Nakamba,,,,,,,EXACT,HIGH
plr_79b14052,Harvey Barnes,,,,,,,EXACT,HIGH
plr_79c376af,Ko Itakura,,,,,transfermarkt,355816,EXACT,HIGH
plr_79cf3151,Virgil van Dijk,,,,,,,EXACT,HIGH
plr_79d26f3f,DeAndre Yedlin,,,,,,,EXACT,HIGH
plr_79d29f46,Christian Walton,,,,,transfermarkt,208379,EXACT,HIGH
plr_79d4ff65,Ollie Watkins,,,,,,,EXACT,HIGH
plr_79d6f44e,Erik Pieters,,,,,,,EXACT,HIGH
plr_79deebd9,Lewis Dobbin,,,,,transfermarkt,627248,EXACT,HIGH
plr_79dfa87a,Ryan Fredericks,,,,,transfermarkt,140191,EXACT,HIGH
plr_79e7bfb0,Christian Fuchs,,,,,transfermarkt,6636,EXACT,HIGH
plr_79f6dc80,Martín Montoya,,,,,,,EXACT,HIGH
plr_79fba9f2,Jordan Beyer,,,,,transfermarkt,403898,EXACT,HIGH
plr_7a074e6e,Granit Xhaka,,,,,,,EXACT,HIGH
plr_7a09de5b,Ezgjan Alioski,,,,,transfermarkt,129604,EXACT,HIGH
plr_7a0db8a2,Matheus Cunha,,,,,transfermarkt,517894,EXACT,HIGH
plr_7a1a7b3a,Christian Benteke,,,,,,,EXACT,HIGH
plr_7a39102c,Mohamed Elyounoussi,,,,,,,EXACT,HIGH
plr_7a4fc239,Faustino Anjorin,,,,,,,EXACT,HIGH
plr_7a6027b2,Pascal Groß,,,,,,,EXACT,HIGH
plr_7a6c7e15,Mbwana Samatta,,,,,transfermarkt,182201,EXACT,HIGH
plr_7a861a20,Dominic Iorfa,,,,,transfermarkt,213334,EXACT,HIGH
plr_7a89ca88,Richarlison de Andrade,,,,,,,EXACT,HIGH
plr_7a9fb113,Omar Richards,,,,,,,EXACT,HIGH
plr_7ab5eca5,Andreas Pereira,,,,,,,EXACT,HIGH
plr_7ace284a,Simon Francis,,,,,,,EXACT,HIGH
plr_7adb69a2,Nohan Kenneh,,,,,,,EXACT,HIGH
plr_7add5395,James Tomkins,,,,,,,EXACT,HIGH
plr_7b1cbd6d,Trent Alexander-Arnold,,,,,,,EXACT,HIGH
plr_7b2652b2,Jordan Henderson,,,,,,,EXACT,HIGH
plr_7b2c2acb,Mario Pašalić,,,,,transfermarkt,205938,EXACT,HIGH
plr_7b381f07,Robert Elliot,,,,,,,EXACT,HIGH
plr_7b47204b,Billy Koumetio,,,,,,,EXACT,HIGH
plr_7b4b57a7,Ashley Westwood,,,,,,,EXACT,HIGH
plr_7b5b7cc5,Aaron Lennon,,,,,,,EXACT,HIGH
plr_7b63aa7a,Ante Palaversa,,,,,transfermarkt,371003,EXACT,HIGH
plr_7b6d5f4a,Florian Lejeune,,,,,transfermarkt,127108,EXACT,HIGH
plr_7b8de7f1,Evan Ferguson,,,,,,,EXACT,HIGH
plr_7b92f494,Matthew Cox,,,,,,,EXACT,HIGH
plr_7b9992b5,Yago de Santiago Alonso,,,,,,,EXACT,HIGH
plr_7ba703e5,James Ward-Prowse,,,,,,,EXACT,HIGH
plr_7bc20800,Levi Colwill,,,,,,,EXACT,HIGH
plr_7bd3aa74,Tudor Băluță,,,,,transfermarkt,433976,EXACT,HIGH
plr_7bf6790c,Dean Henderson,,,,,transfermarkt,258919,EXACT,HIGH
plr_7bfd06a3,Marcel Lavinier,,,,,,,EXACT,HIGH
plr_7c0555f8,Keinan Davis,,,,,,,EXACT,HIGH
plr_7c0af26d,João Félix Sequeira,,,,,,,EXACT,HIGH
plr_7c13b581,Bright Enobakhare,,,,,transfermarkt,345772,EXACT,HIGH
plr_7c371aa4,Jonny Evans,,,,,,,EXACT,HIGH
plr_7c3ea9b6,Timm Klose,,,,,transfermarkt,65255,EXACT,HIGH
plr_7c4133ea,Gabriel dos Santos Magalhães,,,,,,,EXACT,HIGH
plr_7c60217c,Federico Fernández,,,,,,,EXACT,HIGH
plr_7c605626,Tariq Lamptey,,,,,,,EXACT,HIGH
plr_7c99be78,Yerry Mina,,,,,,,EXACT,HIGH
plr_7c9cedbf,John Stones,,,,,,,EXACT,HIGH
plr_7ca19ff5,Joel Mumbongo,,,,,,,EXACT,HIGH
plr_7cb791a8,Robbie Gotts,,,,,transfermarkt,534698,EXACT,HIGH
plr_7ccbbfc4,Will Norris,,,,,,,EXACT,HIGH
plr_7cce4335,Francisco Casilla Cortés,,,,,,,EXACT,HIGH
plr_7cd03f7c,Łukasz Fabiański,,,,,transfermarkt,29692,EXACT,HIGH
plr_7cdbe839,Neco Williams,,,,,transfermarkt,503680,EXACT,HIGH
plr_7cf2ea79,Matteo Guendouzi,,,,,,,EXACT,HIGH
plr_7d0d0002,Rhian Brewster,,,,,transfermarkt,406560,EXACT,HIGH
plr_7d183e89,Dusan Tadic,,,,,transfermarkt,36139,EXACT,HIGH
plr_7d3ab2c5,Raphinha,,,,,transfermarkt,411295,EXACT,HIGH
plr_7d3f3770,Robbie Brady,,,,,,,EXACT,HIGH
plr_7d470263,Edson Álvarez Velázquez,,,,,,,EXACT,HIGH
plr_7d57be91,Ethan Wheatley,,,,,,,EXACT,HIGH
plr_7d5bd23d,Julián Álvarez,,,,,,,EXACT,HIGH
plr_7d6571c9,Jeremiah Chilokoa-Mullen,,,,,,,EXACT,HIGH
plr_7d660ce9,Dele Alli,,,,,transfermarkt,207929,EXACT,HIGH
plr_7d76d817,Michail Antonio,,,,,,,EXACT,HIGH
plr_7d821da9,Rúben Santos Gato Alves Dias,,,,,,,EXACT,HIGH
plr_7d82408d,Heung-Min Son,,,,,,,EXACT,HIGH
plr_7d9f28b1,Michael Ndiweni,,,,,,,EXACT,HIGH
plr_7dbd0f35,Benjamin White,,,,,,,EXACT,HIGH
plr_7dc8eb43,Fernandinho,,,,,transfermarkt,26267,EXACT,HIGH
plr_7dcdaaad,Nathaniel Clyne,,,,,,,EXACT,HIGH
plr_7dce56e8,Mathias Jensen,,,,,,,EXACT,HIGH
plr_7df7ea53,Emile Smith Rowe,,,,,transfermarkt,392765,EXACT,HIGH
plr_7e1c5aca,Danny Ward,,,,,,,EXACT,HIGH
plr_7e350dc4,Billy Gilmour,,,,,transfermarkt,423744,EXACT,HIGH
plr_7e4d0266,Eric Dier,,,,,,,EXACT,HIGH
plr_7e4eb0bf,Facundo Pellistri Rebollo,,,,,,,EXACT,HIGH
plr_7e528fb7,Moisés Caicedo,,,,,,,EXACT,HIGH
plr_7e7f2b54,Jean-Philippe Mateta,,,,,,,EXACT,HIGH
plr_7e8016e7,Malcolm Ebiowei,,,,,,,EXACT,HIGH
plr_7e82c2b0,Mark Gillespie,,,,,transfermarkt,142389,EXACT,HIGH
plr_7e8bc77c,Daniel James,,,,,,,EXACT,HIGH
plr_7e8e3567,Michail Antonio,,,,,,,EXACT,HIGH
plr_7e8f4b6a,Romain Faivre,,,,,transfermarkt,555076,EXACT,HIGH
plr_7e920020,Tommy Elphick,,,,,transfermarkt,37152,EXACT,HIGH
plr_7e9bcb51,Leighton Baines,,,,,,,EXACT,HIGH
plr_7e9c7af0,Vicente Guaita,,,,,,,EXACT,HIGH
plr_7ea69b46,Luis Díaz,,,,,,,EXACT,HIGH
plr_7ecda783,Martin Dubravka,,,,,,,EXACT,HIGH
plr_7ed50f7b,Aaron Ramsdale,,,,,,,EXACT,HIGH
plr_7ed9a96c,André-Frank Zambo Anguissa,,,,,,,EXACT,HIGH
plr_7eeef0a5,Angelo Ogbonna,,,,,,,EXACT,HIGH
plr_7ef751fc,Bobby De Cordova-Reid,,,,,transfermarkt,186186,EXACT,HIGH
plr_7efb3610,Thanawat Suengchitthawon,,,,,,,EXACT,HIGH
plr_7f028f04,Gaetano Berardi,,,,,transfermarkt,43084,EXACT,HIGH
plr_7f1b66a0,Ben Woodburn,,,,,transfermarkt,344015,EXACT,HIGH
plr_7f268ef8,Divin Mubama,,,,,,,EXACT,HIGH
plr_7f279865,Victor Lindelöf,,,,,,,EXACT,HIGH
plr_7f36e333,Miguel Almirón,,,,,,,EXACT,HIGH
plr_7f42ad4d,Filip Marschall,,,,,transfermarkt,610863,EXACT,HIGH
plr_7f459bfb,Frederick Woodman,,,,,,,EXACT,HIGH
plr_7f47ad56,Evan Ferguson,,,,,transfermarkt,648046,EXACT,HIGH
plr_7f629af4,Matt Doherty,,,,,,,EXACT,HIGH
plr_7f6671fd,Owen Otasowie,,,,,transfermarkt,511815,EXACT,HIGH
plr_7f724bf8,Jensen Weir,,,,,transfermarkt,520651,EXACT,HIGH
plr_7f756242,Callan McKenna,,,,,,,EXACT,HIGH
plr_7f7c0498,Mathias Jensen,,,,,,,EXACT,HIGH
plr_7f92ae29,Myles Peart-Harris,,,,,,,EXACT,HIGH
plr_7f9b2945,Ciaran Clark,,,,,transfermarkt,98240,EXACT,HIGH
plr_7fa7a82f,Ryan Bertrand,,,,,,,EXACT,HIGH
plr_7faa096f,Michael Keane,,,,,,,EXACT,HIGH
plr_7fb49d38,Kieran Tierney,,,,,,,EXACT,HIGH
plr_7fb65103,Wesley Hoedt,,,,,,,EXACT,HIGH
plr_7fb7bda3,Radu Drăgușin,,,,,transfermarkt,568559,EXACT,HIGH
plr_7fbb42a0,Tom Dele-Bashiru,,,,,transfermarkt,346472,EXACT,HIGH
plr_7fcd4ae2,Dan Potts,,,,,,,EXACT,HIGH
plr_7fcfdef5,Lamare Bogarde,,,,,,,EXACT,HIGH
plr_7fd0518d,Neeskens Kebano,,,,,,,EXACT,HIGH
plr_7fdad36c,Amadou Onana,,,,,transfermarkt,485706,EXACT,HIGH
plr_7ff693ba,Georginio Wijnaldum,,,,,,,EXACT,HIGH
plr_7ff892c1,Marvelous Nakamba,,,,,,,EXACT,HIGH
plr_8029791e,Adama Traoré,,,,,,,EXACT,HIGH
plr_8039f960,Jamal Lewis,,,,,,,EXACT,HIGH
plr_803be117,Diego Carlos Santos Silva,,,,,,,EXACT,HIGH
plr_80409cef,Danny Ward,,,,,,,EXACT,HIGH
plr_804994db,Danilo dos Santos de Oliveira,,,,,,,EXACT,HIGH
plr_8050d42e,Tanguy Ndombélé,,,,,transfermarkt,450936,EXACT,HIGH
plr_805640dc,Rachid Ghezzal,,,,,transfermarkt,118287,EXACT,HIGH
plr_805b1a48,Carlos Vinícius Alves Morais,,,,,,,EXACT,HIGH
plr_80661759,Mads Roerslev Rasmussen,,,,,,,EXACT,HIGH
plr_80802187,Carl Jenkinson,,,,,,,EXACT,HIGH
plr_80976ef1,Tino Livramento,,,,,transfermarkt,503981,EXACT,HIGH
plr_80982b74,Mikel Merino,,,,,transfermarkt,338424,EXACT,HIGH
plr_809868c9,Pervis Estupiñán,,,,,transfermarkt,349599,EXACT,HIGH
plr_809c0648,Axel Tuanzebe,,,,,,,EXACT,HIGH
plr_80bff014,Odsonne Édouard,,,,,transfermarkt,344152,EXACT,HIGH
plr_80c4008b,Anthony Knockaert,,,,,,,EXACT,HIGH
plr_80d3a706,Shinji Okazaki,,,,,transfermarkt,79642,EXACT,HIGH
plr_80d468fa,Marc Cucurella,,,,,transfermarkt,284857,EXACT,HIGH
plr_80d6f5ee,Etienne Capoue,,,,,,,EXACT,HIGH
plr_80d7a446,Angelo Ogbonna,,,,,,,EXACT,HIGH
plr_80d879f8,Tim Krul,,,,,transfermarkt,33027,EXACT,HIGH
plr_80da3bc9,Joe Gomez,,,,,,,EXACT,HIGH
plr_80eca6cf,Ruben Loftus-Cheek,,,,,,,EXACT,HIGH
plr_810cfff7,Chiedozie Ogbene,,,,,transfermarkt,392591,EXACT,HIGH
plr_8123d5e9,Nathaniel Clyne,,,,,,,EXACT,HIGH
plr_812a0509,Josh Benson,,,,,,,EXACT,HIGH
plr_812ba698,Karl Darlow,,,,,,,EXACT,HIGH
plr_813f8311,Ederson Santana de Moraes,,,,,,,EXACT,HIGH
plr_8148f53d,Ken Sema,,,,,,,EXACT,HIGH
plr_814977c5,Wout Weghorst,,,,,,,EXACT,HIGH
plr_814a654a,Will Norris,,,,,,,EXACT,HIGH
plr_815e00d1,Marc Navarro,,,,,,,EXACT,HIGH
plr_818e59dd,Romelu Lukaku,,,,,transfermarkt,96341,EXACT,HIGH
plr_819754ee,Oscar Bobb,,,,,transfermarkt,661207,EXACT,HIGH
plr_81bd3dec,Ryan Giles,,,,,transfermarkt,504581,EXACT,HIGH
plr_81c3b0e0,Lewis O'Brien,,,,,transfermarkt,560694,EXACT,HIGH
plr_81f31007,Connor Wickham,,,,,transfermarkt,95435,EXACT,HIGH
plr_81f5ff05,Conor Gallagher,,,,,,,EXACT,HIGH
plr_821111f6,Christian Nørgaard,,,,,,,EXACT,HIGH
plr_8216d44e,Fousseni Diabaté,,,,,transfermarkt,364861,EXACT,HIGH
plr_82330b0b,Nathan Bishop,,,,,,,EXACT,HIGH
plr_82566ba5,Lukas Rupp,,,,,,,EXACT,HIGH
plr_82682055,Marcos Senesi,,,,,transfermarkt,469781,EXACT,HIGH
plr_828a49f8,Emiliano Martínez Romero,,,,,,,EXACT,HIGH
plr_828d1a83,Marcus Rashford,,,,,,,EXACT,HIGH
plr_82abb29f,Richard Stearman,,,,,transfermarkt,34349,EXACT,HIGH
plr_82ad0811,Kenneth Zohore,,,,,transfermarkt,135213,EXACT,HIGH
plr_82aea942,Serge Aurier,,,,,,,EXACT,HIGH
plr_82af4f44,Cole Palmer,,,,,,,EXACT,HIGH
plr_82b51359,Bruno Borges Fernandes,,,,,,,EXACT,HIGH
plr_82b63592,Emile Smith Rowe,,,,,,,EXACT,HIGH
plr_82b7c550,Riyad Mahrez,,,,,,,EXACT,HIGH
plr_82ba1ffc,Nat Phillips,,,,,transfermarkt,371814,EXACT,HIGH
plr_82c030b1,Kieran Dowell,,,,,,,EXACT,HIGH
plr_82cf2b60,Davide Zappacosta,,,,,,,EXACT,HIGH
plr_82d8a54e,Martin Dubravka,,,,,,,EXACT,HIGH
plr_82e3db31,Ivan Perišić,,,,,,,EXACT,HIGH
plr_82f41541,Kaoru Mitoma,,,,,transfermarkt,504849,EXACT,HIGH
plr_82f9da27,Granit Xhaka,,,,,,,EXACT,HIGH
plr_82fd23e2,Trevoh Chalobah,,,,,transfermarkt,346314,EXACT,HIGH
plr_830564dc,Michail Antonio,,,,,,,EXACT,HIGH
plr_831d0395,Rúben Diogo da Silva Neves,,,,,,,EXACT,HIGH
plr_831efe7f,Jamie Vardy,,,,,,,EXACT,HIGH
plr_832991e3,Eddie Nketiah,,,,,transfermarkt,340324,EXACT,HIGH
plr_833cc749,James Milner,,,,,transfermarkt,3333,EXACT,HIGH
plr_833cdf60,Michel Vorm,,,,,,,EXACT,HIGH
plr_833f679d,Frederico Rodrigues de Paula Santos,,,,,,,EXACT,HIGH
plr_8340993a,Joe Gelhardt,,,,,,,EXACT,HIGH
plr_8350ab12,Kevin Long,,,,,,,EXACT,HIGH
plr_837dc310,Wes Morgan,,,,,,,EXACT,HIGH
plr_838fea8e,Joshua Sims,,,,,,,EXACT,HIGH
plr_839110fe,Jamal Lowe,,,,,transfermarkt,239949,EXACT,HIGH
plr_839c3a69,Giulian Biancone,,,,,transfermarkt,536507,EXACT,HIGH
plr_83a84383,Tommy Doyle,,,,,,,EXACT,HIGH
plr_83b5cd51,Jorge Luiz Frello Filho,,,,,,,EXACT,HIGH
plr_83cebc08,Yves Bissouma,,,,,,,EXACT,HIGH
plr_83d0a6ac,Tawanda Chirewa,,,,,transfermarkt,724783,EXACT,HIGH
plr_83d26c7c,Jeremy Sarmiento Morante,,,,,,,EXACT,HIGH
plr_83d6d5c3,Joshua King,,,,,transfermarkt,91059,EXACT,HIGH
plr_83dbf5a1,Terry Ablade,,,,,,,EXACT,HIGH
plr_83e80228,Lewis Richardson,,,,,,,EXACT,HIGH
plr_83eeec1c,Ryan Inniss,,,,,transfermarkt,183284,EXACT,HIGH
plr_83f2de2d,Felipe Augusto de Almeida Monteiro,,,,,,,EXACT,HIGH
plr_841bd2ba,Halil Dervişoğlu,,,,,,,EXACT,HIGH
plr_842b3339,Lucas Rodrigues Moura da Silva,,,,,,,EXACT,HIGH
plr_842c3ed6,Matty Cash,,,,,,,EXACT,HIGH
plr_844ddc5f,Kaoru Mitoma,,,,,,,EXACT,HIGH
plr_8450d06e,Tristan Crama,,,,,,,EXACT,HIGH
plr_845443a3,Davinson Sánchez,,,,,,,EXACT,HIGH
plr_8456a55f,Marcos Rojo,,,,,,,EXACT,HIGH
plr_84659359,Joseph Anang,,,,,,,EXACT,HIGH
plr_84684497,Marcos Alonso,,,,,,,EXACT,HIGH
plr_847db346,Ethan Horvath,,,,,transfermarkt,242284,EXACT,HIGH
plr_849208d8,Harry Kane,,,,,,,EXACT,HIGH
plr_84aa4ad7,Temple Ojinnaka,,,,,,,EXACT,HIGH
plr_84b9ba63,Anthony Gordon,,,,,transfermarkt,503733,EXACT,HIGH
plr_84d3bbbd,Joelinton Cássio Apolinário de Lira,,,,,,,EXACT,HIGH
plr_84d480d9,Luis Díaz,,,,,transfermarkt,480692,EXACT,HIGH
plr_84f12dd2,Douglas Luiz Soares de Paulo,,,,,,,EXACT,HIGH
plr_85021fa4,Dennis Praet,,,,,,,EXACT,HIGH
plr_850ad803,Michael Olise,,,,,,,EXACT,HIGH
plr_85210002,Javier Manquillo Gaitán,,,,,,,EXACT,HIGH
plr_852fc8c3,Cody Drameh,,,,,transfermarkt,531957,EXACT,HIGH
plr_853b998e,Saïd Benrahma,,,,,transfermarkt,290532,EXACT,HIGH
plr_85507be9,Leo Fuhr Hjelde,,,,,,,EXACT,HIGH
plr_85558c42,Jonathan Castro Otto,,,,,,,EXACT,HIGH
plr_856c6932,Emiliano Buendía Stati,,,,,,,EXACT,HIGH
plr_857fe42c,Yoshinori Muto,,,,,,,EXACT,HIGH
plr_858f1ea0,Javier Manquillo,,,,,,,EXACT,HIGH
plr_85993d76,Lewis Cook,,,,,,,EXACT,HIGH
plr_85a18404,Miguel Almirón,,,,,,,EXACT,HIGH
plr_85bf44e7,Paul Coutts,,,,,transfermarkt,93055,EXACT,HIGH
plr_85c68943,Michael Verrips,,,,,transfermarkt,288259,EXACT,HIGH
plr_85c9af64,Mamadou Sakho,,,,,,,EXACT,HIGH
plr_85eca013,Yves Bissouma,,,,,,,EXACT,HIGH
plr_861ee9a5,Beram Kayal,,,,,transfermarkt,44741,EXACT,HIGH
plr_8652e4f8,Ethan Brierley,,,,,,,EXACT,HIGH
plr_865cc583,Sam Hughes,,,,,transfermarkt,395797,EXACT,HIGH
plr_8679619e,Harry Maguire,,,,,,,EXACT,HIGH
plr_867b5145,Douglas Luiz,,,,,transfermarkt,447661,EXACT,HIGH
plr_867c06c5,Shani Tarashaj,,,,,transfermarkt,184381,EXACT,HIGH
plr_868902ff,André Tavares Gomes,,,,,,,EXACT,HIGH
plr_868cfbec,Ádám Bogdán,,,,,transfermarkt,55247,EXACT,HIGH
plr_86bfa973,Danilo,,,,,transfermarkt,145707,EXACT,HIGH
plr_86c348ac,George Shelvey,,,,,,,EXACT,HIGH
plr_86d156b8,Charlie Daniels,,,,,,,EXACT,HIGH
plr_86df467d,Scott McTominay,,,,,,,EXACT,HIGH
plr_8701023f,Luke McNally,,,,,transfermarkt,535927,EXACT,HIGH
plr_87142c30,Fraser Forster,,,,,,,EXACT,HIGH
plr_872c17e5,Ellis Simms,,,,,transfermarkt,511550,EXACT,HIGH
plr_872d206e,Alberto Moreno,,,,,transfermarkt,207917,EXACT,HIGH
plr_87340b35,James McAtee,,,,,transfermarkt,583199,EXACT,HIGH
plr_8749e9c2,Granit Xhaka,,,,,,,EXACT,HIGH
plr_875d4382,Timothy Eyoma,,,,,,,EXACT,HIGH
plr_8760c28d,Kenedy,,,,,transfermarkt,281404,EXACT,HIGH
plr_87a492b6,Danny Welbeck,,,,,transfermarkt,67063,EXACT,HIGH
plr_87bb15ed,Marek Rodák,,,,,,,EXACT,HIGH
plr_87ca08cc,Vontae Daley-Campbell,,,,,,,EXACT,HIGH
plr_87cb672f,Sergio Reguilón,,,,,transfermarkt,282429,EXACT,HIGH
plr_87f0c77e,Robert Snodgrass,,,,,,,EXACT,HIGH
plr_87f245ba,Ignacio Pussetto,,,,,transfermarkt,283528,EXACT,HIGH
plr_8808bb6d,João Pedro Cavaco Cancelo,,,,,,,EXACT,HIGH
plr_882a419b,Aaron Ramsdale,,,,,,,EXACT,HIGH
plr_8831c1a7,Andy Lonergan,,,,,,,EXACT,HIGH
plr_8841fbfa,Bryan Gil,,,,,transfermarkt,537382,EXACT,HIGH
plr_884228ff,Matty James,,,,,,,EXACT,HIGH
plr_884dada6,Anthony Driscoll-Glennon,,,,,,,EXACT,HIGH
plr_88593879,Joseph Hodge,,,,,,,EXACT,HIGH
plr_885de0b6,Sol Bamba,,,,,,,EXACT,HIGH
plr_88751e7b,Álvaro Ferllo,,,,,transfermarkt,453704,EXACT,HIGH
plr_88756cb9,Leander Dendoncker,,,,,,,EXACT,HIGH
plr_887cbcc4,Andrew Robertson,,,,,,,EXACT,HIGH
plr_887f749b,Jesurun Rak-Sakyi,,,,,transfermarkt,586834,EXACT,HIGH
plr_88a5e71d,Luis Sinisterra,,,,,transfermarkt,512385,EXACT,HIGH
plr_88bcc978,Pablo Sarabia,,,,,,,EXACT,HIGH
plr_88cc7a5b,Nélson Cabral Semedo,,,,,,,EXACT,HIGH
plr_88dd4703,Jonas Lössl,,,,,,,EXACT,HIGH
plr_88e94c74,Yegor Yarmolyuk,,,,,transfermarkt,717411,EXACT,HIGH
plr_88ee70da,Haydon Roberts,,,,,transfermarkt,533523,EXACT,HIGH
plr_890672aa,Giovanni McGregor,,,,,,,EXACT,HIGH
plr_891abad5,Đorđe Petrović,,,,,,,EXACT,HIGH
plr_8928fbe8,Ben Davies,,,,,transfermarkt,257097,EXACT,HIGH
plr_893b73bd,Sergio Reguilón,,,,,,,EXACT,HIGH
plr_895b190a,José Malheiro de Sá,,,,,,,EXACT,HIGH
plr_89722a4a,Roméo Lavia,,,,,,,EXACT,HIGH
plr_89741d30,Jairo Riedewald,,,,,,,EXACT,HIGH
plr_8975f3d2,Robert Sánchez,,,,,,,EXACT,HIGH
plr_89929aaf,Nikola Vlasic,,,,,,,EXACT,HIGH
plr_89989652,Yan Couto,,,,,transfermarkt,627228,EXACT,HIGH
plr_89b30c85,João Cancelo,,,,,,,EXACT,HIGH
plr_89b5c579,Alejandro Garnacho,,,,,,,EXACT,HIGH
plr_89b7cf23,Malcolm Ebiowei,,,,,transfermarkt,512354,EXACT,HIGH
plr_89db9673,Jake Eastwood,,,,,transfermarkt,526873,EXACT,HIGH
plr_89dcee99,Alexander Sørloth,,,,,transfermarkt,238407,EXACT,HIGH
plr_89eefe04,Roberto,,,,,transfermarkt,37403,EXACT,HIGH
plr_8a0547f9,Álvaro Fernández,,,,,,,EXACT,HIGH
plr_8a1dc85d,João Pedro Cavaco Cancelo,,,,,,,EXACT,HIGH
plr_8a245b99,Philip Billing,,,,,,,EXACT,HIGH
plr_8a34c213,Sergio Agüero,,,,,,,EXACT,HIGH
plr_8a3c2afa,Ashley Westwood,,,,,,,EXACT,HIGH
plr_8a3c7e6a,Alfie Whiteman,,,,,,,EXACT,HIGH
plr_8a50a8b2,Duje Caleta-Car,,,,,transfermarkt,238266,EXACT,HIGH
plr_8a88b301,Pontus Jansson,,,,,transfermarkt,125314,EXACT,HIGH
plr_8a91386f,Leon Bailey,,,,,,,EXACT,HIGH
plr_8a93fba4,Steven Alzate,,,,,,,EXACT,HIGH
plr_8aa1da20,Naouirou Ahamada,,,,,,,EXACT,HIGH
plr_8ab0b246,Alexander Isak,,,,,,,EXACT,HIGH
plr_8abdf504,Elliot Anderson,,,,,,,EXACT,HIGH
plr_8ad21f5a,Rui Pedro dos Santos Patrício,,,,,,,EXACT,HIGH
plr_8aea0b2c,Riyad Mahrez,,,,,transfermarkt,171424,EXACT,HIGH
plr_8afc4838,Kaine Kesler Hayden,,,,,,,EXACT,HIGH
plr_8b04cda4,Femi Seriki,,,,,transfermarkt,638649,EXACT,HIGH
plr_8b1f9e9a,Sofiane Boufal,,,,,,,EXACT,HIGH
plr_8b272306,Angus Gunn,,,,,,,EXACT,HIGH
plr_8b29e8ed,José Sá,,,,,transfermarkt,249994,EXACT,HIGH
plr_8b2ce948,Timo Werner,,,,,,,EXACT,HIGH
plr_8b2f0850,Dale Stephens,,,,,,,EXACT,HIGH
plr_8b2f6673,Stuart Dallas,,,,,,,EXACT,HIGH
plr_8b45345b,Marcelo Flores,,,,,,,EXACT,HIGH
plr_8b4dee2e,Georginio Rutter,,,,,transfermarkt,538977,EXACT,HIGH
plr_8b4df567,Yoshinori Muto,,,,,transfermarkt,230541,EXACT,HIGH
plr_8b72886a,Serge Aurier,,,,,,,EXACT,HIGH
plr_8b8942f6,Aymeric Laporte,,,,,,,EXACT,HIGH
plr_8b8cf281,Donny van de Beek,,,,,transfermarkt,288255,EXACT,HIGH
plr_8ba079eb,Auston Trusty,,,,,transfermarkt,389253,EXACT,HIGH
plr_8ba17134,Demeaco Duhaney,,,,,,,EXACT,HIGH
plr_8ba4bd43,Ederson Santana de Moraes,,,,,,,EXACT,HIGH
plr_8bb04ac4,Ainsley Maitland-Niles,,,,,,,EXACT,HIGH
plr_8bba88d8,Alexandre Lacazette,,,,,transfermarkt,93720,EXACT,HIGH
plr_8bc0451a,Jairo Riedewald,,,,,,,EXACT,HIGH
plr_8bc0b2b8,Treymaurice Nyoni,,,,,,,EXACT,HIGH
plr_8bc548fb,Pierre-Emile Højbjerg,,,,,,,EXACT,HIGH
plr_8bd8370f,Marko Arnautovic,,,,,,,EXACT,HIGH
plr_8bf2d9c6,Virgil van Dijk,,,,,,,EXACT,HIGH
plr_8bf5b8f6,Wilfred Ndidi,,,,,,,EXACT,HIGH
plr_8c00b708,Neco Williams,,,,,,,EXACT,HIGH
plr_8c03f0d6,Noël Atom,,,,,,,EXACT,HIGH
plr_8c04f363,Jaden Philogene,,,,,transfermarkt,665390,EXACT,HIGH
plr_8c0f9b93,Wilfred Ndidi,,,,,,,EXACT,HIGH
plr_8c13790f,Fraser Forster,,,,,,,EXACT,HIGH
plr_8c19cb0f,Frankie Maguire,,,,,,,EXACT,HIGH
plr_8c1c5347,Phil Foden,,,,,,,EXACT,HIGH
plr_8c2ccf4a,Willy Boly,,,,,,,EXACT,HIGH
plr_8c35e797,Stuart Findlay,,,,,transfermarkt,165334,EXACT,HIGH
plr_8c5c1080,Lucas Digne,,,,,,,EXACT,HIGH
plr_8c723fa5,Benjamin Mendy,,,,,,,EXACT,HIGH
plr_8c81f5e9,Mateo Kovacic,,,,,,,EXACT,HIGH
plr_8c88410d,Timo Werner,,,,,,,EXACT,HIGH
plr_8c98f86f,Alfred N'Diaye,,,,,transfermarkt,77737,EXACT,HIGH
plr_8c9c153b,Victor Kristiansen,,,,,transfermarkt,564529,EXACT,HIGH
plr_8c9c1c01,Callum Elder,,,,,transfermarkt,271997,EXACT,HIGH
plr_8ca01e4c,Mesut Özil,,,,,,,EXACT,HIGH
plr_8cd29ad9,Pascal Struijk,,,,,,,EXACT,HIGH
plr_8cdd2213,Naby Keita,,,,,,,EXACT,HIGH
plr_8ce797ce,Emerson Hyndman,,,,,transfermarkt,223047,EXACT,HIGH
plr_8ceb6854,Benoît Badiashile,,,,,transfermarkt,463603,EXACT,HIGH
plr_8cf84c36,Kevin McDonald,,,,,,,EXACT,HIGH
plr_8cffcfce,Max Sanders,,,,,,,EXACT,HIGH
plr_8d024ace,Max Meyer,,,,,,,EXACT,HIGH
plr_8d02bdef,Josh Brownhill,,,,,transfermarkt,293569,EXACT,HIGH
plr_8d02de53,Jeffrey Schlupp,,,,,,,EXACT,HIGH
plr_8d0574db,Seamus Coleman,,,,,,,EXACT,HIGH
plr_8d1df5c0,João Neves Virgínia,,,,,,,EXACT,HIGH
plr_8d3c236f,Ben Wilson,,,,,transfermarkt,121352,EXACT,HIGH
plr_8d569c7b,Carlos Sánchez,,,,,,,EXACT,HIGH
plr_8d5ebed7,Valentino Livramento,,,,,,,EXACT,HIGH
plr_8d62700e,Tom Davies,,,,,,,EXACT,HIGH
plr_8d7392b9,Andrey Nascimento dos Santos,,,,,,,EXACT,HIGH
plr_8d7b48e7,Josh Griffiths,,,,,transfermarkt,565979,EXACT,HIGH
plr_8d8ea1ff,Vicente Guaita,,,,,transfermarkt,64399,EXACT,HIGH
plr_8da9d9dc,Jannik Vestergaard,,,,,,,EXACT,HIGH
plr_8daaf3d5,Tom Cairney,,,,,,,EXACT,HIGH
plr_8dbd347f,Karl Darlow,,,,,,,EXACT,HIGH
plr_8dda1b3e,Chris Smalling,,,,,transfermarkt,103427,EXACT,HIGH
plr_8de051df,Morgan Gibbs-White,,,,,,,EXACT,HIGH
plr_8dffb301,Ahmed Hegazy,,,,,transfermarkt,111524,EXACT,HIGH
plr_8e28c5f0,James Sweet,,,,,,,EXACT,HIGH
plr_8e41eddb,Conor Coventry,,,,,,,EXACT,HIGH
plr_8e475fc6,Valber Huerta,,,,,transfermarkt,226306,EXACT,HIGH
plr_8e516b95,Brian Murphy,,,,,,,EXACT,HIGH
plr_8e56b1b3,Emerson Leite de Souza Junior,,,,,,,EXACT,HIGH
plr_8e85c7c2,Dan Burn,,,,,transfermarkt,134270,EXACT,HIGH
plr_8eb79c3b,Moses Makasi,,,,,transfermarkt,242644,EXACT,HIGH
plr_8ec55419,Marcus Oliveira Alencar,,,,,,,EXACT,HIGH
plr_8ec939c3,Mark Travers,,,,,transfermarkt,357658,EXACT,HIGH
plr_8ed1b0e5,Emiliano Buendía,,,,,transfermarkt,321247,EXACT,HIGH
plr_8ed7ae56,Harry Wilson,,,,,,,EXACT,HIGH
plr_8ef46b22,Mateusz Bogusz,,,,,transfermarkt,431475,EXACT,HIGH
plr_8efd4417,Marcos Senesi,,,,,,,EXACT,HIGH
plr_8f23c965,Edouard Mendy,,,,,,,EXACT,HIGH
plr_8f346f26,Rúben Gonçalo Silva Nascimento Vinagre,,,,,,,EXACT,HIGH
plr_8f3a302f,Max Lowe,,,,,,,EXACT,HIGH
plr_8f59958c,Emerson Aparecido Leite de Souza Junior,,,,,,,EXACT,HIGH
plr_8f7518c9,Morgan Gibbs-White,,,,,,,EXACT,HIGH
plr_8f85e0d3,Chuba Akpom,,,,,transfermarkt,197642,EXACT,HIGH
plr_8f95c172,Luke Thomas,,,,,transfermarkt,505194,EXACT,HIGH
plr_8fa0b2e7,Kayne Ramsay,,,,,,,EXACT,HIGH
plr_8fa936f9,Sammy Braybrooke,,,,,,,EXACT,HIGH
plr_8fb559cc,Ismaïla Sarr,,,,,transfermarkt,410225,EXACT,HIGH
plr_8fbffa8e,Keinan Davis,,,,,transfermarkt,412660,EXACT,HIGH
plr_8fc9c677,Andrew Robertson,,,,,,,EXACT,HIGH
plr_8fd967d5,Benicio Baker-Boaitey,,,,,,,EXACT,HIGH
plr_8ff5dcd0,Tom Davies,,,,,,,EXACT,HIGH
plr_8ffe1c86,Matthew Cash,,,,,,,EXACT,HIGH
plr_90331c53,João Filipe Iria Santos Moutinho,,,,,,,EXACT,HIGH
plr_9036e6a0,Jota Peleteiro,,,,,transfermarkt,176591,EXACT,HIGH
plr_903a3d6e,Jeremy Ngakia,,,,,,,EXACT,HIGH
plr_9046d1f9,Bukayo Saka,,,,,,,EXACT,HIGH
plr_904ac60e,Neco Williams,,,,,,,EXACT,HIGH
plr_904aedd3,Achraf Lazaar,,,,,transfermarkt,139173,EXACT,HIGH
plr_904e9ca0,Sepp van den Berg,,,,,transfermarkt,541231,EXACT,HIGH
plr_90719632,João Pedro,,,,,transfermarkt,626724,EXACT,HIGH
plr_9073ccb1,Alan Hutton,,,,,transfermarkt,9619,EXACT,HIGH
plr_907cd3ce,Antonio Rüdiger,,,,,,,EXACT,HIGH
plr_90825278,Pablo Hernández,,,,,transfermarkt,46220,EXACT,HIGH
plr_9087de33,Manor Solomon,,,,,transfermarkt,396638,EXACT,HIGH
plr_90917245,Kacper Kozłowski,,,,,,,EXACT,HIGH
plr_9099cb57,Dovydas Sasnauskas,,,,,,,EXACT,HIGH
plr_909d5fcc,Rodrigo Bentancur,,,,,,,EXACT,HIGH
plr_909fb67a,Jack O'Connell,,,,,,,EXACT,HIGH
plr_90a006c7,Andreas Christensen,,,,,,,EXACT,HIGH
plr_90a8e100,Bailey Peacock-Farrell,,,,,,,EXACT,HIGH
plr_90b9a28f,Josh Bowler,,,,,transfermarkt,506470,EXACT,HIGH
plr_90c0a9f1,Issa Diop,,,,,transfermarkt,272622,EXACT,HIGH
plr_90d47187,Willian Borges Da Silva,,,,,,,EXACT,HIGH
plr_90dac523,Jaidon Anthony,,,,,,,EXACT,HIGH
plr_90dcba0f,Sadio Mané,,,,,,,EXACT,HIGH
plr_90f062c9,Shea Charles,,,,,,,EXACT,HIGH
plr_91172a0e,Marcus Rashford,,,,,,,EXACT,HIGH
plr_911c0583,Danny Welbeck,,,,,,,EXACT,HIGH
plr_912a2728,Ollie Harrison,,,,,,,EXACT,HIGH
plr_912b22d5,Iliman Ndiaye,,,,,transfermarkt,623570,EXACT,HIGH
plr_912ef289,Kiko Casilla,,,,,transfermarkt,27486,EXACT,HIGH
plr_91474018,Chicharito,,,,,transfermarkt,50935,EXACT,HIGH
plr_914e537d,Cole Palmer,,,,,,,EXACT,HIGH
plr_9155d2f9,Leif Davis,,,,,transfermarkt,596446,EXACT,HIGH
plr_915fc11e,Michal Zyro,,,,,transfermarkt,67431,EXACT,HIGH
plr_916823b8,Isaac Price,,,,,,,EXACT,HIGH
plr_916a1162,Callum Hudson-Odoi,,,,,,,EXACT,HIGH
plr_918d4966,Marvelous Nakamba,,,,,,,EXACT,HIGH
plr_919fc8a9,Abdoulaye Doucouré,,,,,,,EXACT,HIGH
plr_91b4510d,Adrián San Miguel del Castillo,,,,,,,EXACT,HIGH
plr_91ba0cda,Oleksandr Zinchenko,,,,,,,EXACT,HIGH
plr_91bd1f15,Jack Grealish,,,,,,,EXACT,HIGH
plr_91be4177,Aymeric Laporte,,,,,,,EXACT,HIGH
plr_91be9265,Emerson,,,,,transfermarkt,181778,EXACT,HIGH
plr_91c3f796,Odion Ighalo,,,,,transfermarkt,62121,EXACT,HIGH
plr_91d1225c,Andros Townsend,,,,,,,EXACT,HIGH
plr_91d5d4c5,Nicolò Zaniolo,,,,,transfermarkt,392085,EXACT,HIGH
plr_91e9f6a8,Jan Bednarek,,,,,,,EXACT,HIGH
plr_91ffa211,Lukas Nmecha,,,,,transfermarkt,314288,EXACT,HIGH
plr_92035224,Dominic Calvert-Lewin,,,,,,,EXACT,HIGH
plr_920dd95a,Ryan Fraser,,,,,,,EXACT,HIGH
plr_920f9a89,Abdoulaye Doucouré,,,,,transfermarkt,127187,EXACT,HIGH
plr_920fed55,Will Hughes,,,,,,,EXACT,HIGH
plr_92208eb3,Brandon Aguilera,,,,,transfermarkt,631996,EXACT,HIGH
plr_92304221,Liam Delap,,,,,,,EXACT,HIGH
plr_92371766,Matej Vydra,,,,,transfermarkt,101500,EXACT,HIGH
plr_923e3790,Thomas Partey,,,,,,,EXACT,HIGH
plr_924797bf,Scott McKenna,,,,,,,EXACT,HIGH
plr_924bfa79,Marcus Rashford,,,,,,,EXACT,HIGH
plr_925df729,Nathan Thomas,,,,,transfermarkt,222024,EXACT,HIGH
plr_9269af16,Mason Bloomfield,,,,,transfermarkt,339013,EXACT,HIGH
plr_92735ac1,Matt Turner,,,,,transfermarkt,425306,EXACT,HIGH
plr_92738bc5,Mesut Özil,,,,,,,EXACT,HIGH
plr_927ca207,Cyrus Christie,,,,,,,EXACT,HIGH
plr_92807238,Alex Palmer,,,,,transfermarkt,245625,EXACT,HIGH
plr_928f982d,Bernard,,,,,transfermarkt,175169,EXACT,HIGH
plr_92a45302,Saša Lukić,,,,,transfermarkt,245056,EXACT,HIGH
plr_92b1e106,Andrew Moran,,,,,,,EXACT,HIGH
plr_92b7ec11,Andy Carroll,,,,,transfermarkt,48066,EXACT,HIGH
plr_92c27062,Owen Hampson,,,,,,,EXACT,HIGH
plr_92c95fad,Jonathan Tomkinson,,,,,,,EXACT,HIGH
plr_92caba5f,Timothy Fosu-Mensah,,,,,,,EXACT,HIGH
plr_92d26c82,Lewis Dunk,,,,,,,EXACT,HIGH
plr_92ddff3b,Dale Stephens,,,,,,,EXACT,HIGH
plr_92e5017a,Alex Nicolao Telles,,,,,,,EXACT,HIGH
plr_92f4b28f,Andreas Söndergaard,,,,,,,EXACT,HIGH
plr_92f7c051,Felix Passlack,,,,,transfermarkt,274461,EXACT,HIGH
plr_93026676,Luke Berry,,,,,,,EXACT,HIGH
plr_9306d6f5,Gabriel Magalhães,,,,,,,EXACT,HIGH
plr_9308a2ab,Lisandro Martínez,,,,,,,EXACT,HIGH
plr_93143f57,Luis Sinisterra Lucumí,,,,,,,EXACT,HIGH
plr_931f3d6c,Matheus Santos Carneiro Da Cunha,,,,,,,EXACT,HIGH
plr_932523ad,Kadeem Harris,,,,,,,EXACT,HIGH
plr_9337da7c,John McAtee,,,,,transfermarkt,504855,EXACT,HIGH
plr_9338c373,Giovani Lo Celso,,,,,,,EXACT,HIGH
plr_936a5fc7,James Ward-Prowse,,,,,transfermarkt,181579,EXACT,HIGH
plr_93811c9c,Josh Onomah,,,,,,,EXACT,HIGH
plr_93a07ab5,Dara Costelloe,,,,,transfermarkt,614700,EXACT,HIGH
plr_93c18389,Tom Ince,,,,,transfermarkt,157368,EXACT,HIGH
plr_93c60ef5,Jack Ruddy,,,,,transfermarkt,346175,EXACT,HIGH
plr_93c6e5ef,Tomáš Souček,,,,,transfermarkt,283628,EXACT,HIGH
plr_93e487af,Phil Bardsley,,,,,,,EXACT,HIGH
plr_941a92ab,Thibaut Courtois,,,,,transfermarkt,108390,EXACT,HIGH
plr_941e9f78,Joe Tupper,,,,,,,EXACT,HIGH
plr_9441251c,Emiliano Marcondes,,,,,transfermarkt,232964,EXACT,HIGH
plr_94486351,Clément Lenglet,,,,,transfermarkt,182904,EXACT,HIGH
plr_945b4234,Timothy Castagne,,,,,,,EXACT,HIGH
plr_945e0b6e,Sergio Reguilón,,,,,,,EXACT,HIGH
plr_945e8d7f,Jackson Smith,,,,,,,EXACT,HIGH
plr_946b687f,Karl Hein,,,,,transfermarkt,493513,EXACT,HIGH
plr_9493a752,Adrián San Miguel del Castillo,,,,,,,EXACT,HIGH
plr_94944558,Dale Taylor,,,,,,,EXACT,HIGH
plr_94abbca6,James McArthur,,,,,,,EXACT,HIGH
plr_94c17d2b,Michail Antonio,,,,,,,EXACT,HIGH
plr_94c764cf,Francisco Jorge Tomás Oliveira,,,,,,,EXACT,HIGH
plr_94c853c1,Sean Longstaff,,,,,,,EXACT,HIGH
plr_94dc70f3,Kevin Mbabu,,,,,,,EXACT,HIGH
plr_94e41215,Jonjo Shelvey,,,,,,,EXACT,HIGH
plr_94fbaeb1,Alisson Ramses Becker,,,,,,,EXACT,HIGH
plr_952fbc64,Matt Ritchie,,,,,,,EXACT,HIGH
plr_953ff0eb,Tommi O'Reilly,,,,,,,EXACT,HIGH
plr_95588321,Kepa Arrizabalaga,,,,,,,EXACT,HIGH
plr_9564af5e,Harry Arter,,,,,,,EXACT,HIGH
plr_957941ae,Cameron Peupion,,,,,,,EXACT,HIGH
plr_9591bae4,Zech Medley,,,,,,,EXACT,HIGH
plr_95ae7078,Chris Wood,,,,,,,EXACT,HIGH
plr_95bb9b80,Jaden Philogene-Bidace,,,,,,,EXACT,HIGH
plr_95bff4ad,Luke Shaw,,,,,,,EXACT,HIGH
plr_95c6f486,Eldin Jakupović,,,,,transfermarkt,2857,EXACT,HIGH
plr_95c8c117,Tyrone Mings,,,,,,,EXACT,HIGH
plr_95dda115,Adrián Bernabé,,,,,,,EXACT,HIGH
plr_95f01c5a,Jesse Lingard,,,,,,,EXACT,HIGH
plr_95f2332c,Daniel James,,,,,,,EXACT,HIGH
plr_95f25abf,Lewis Bate,,,,,,,EXACT,HIGH
plr_960467fe,Nampalys Mendy,,,,,,,EXACT,HIGH
plr_9609b195,Marcus Bettinelli,,,,,,,EXACT,HIGH
plr_961cd14d,Cole Palmer,,,,,,,EXACT,HIGH
plr_9624ba0e,Patrick van Aanholt,,,,,,,EXACT,HIGH
plr_96298588,Jan Mlakar,,,,,transfermarkt,309180,EXACT,HIGH
plr_962daccd,Angelo Ogbonna,,,,,,,EXACT,HIGH
plr_962eeca2,Mohamed Salah,,,,,,,EXACT,HIGH
plr_96405cfa,Fernando Marçal,,,,,,,EXACT,HIGH
plr_964b005a,Floyd Ayité,,,,,,,EXACT,HIGH
plr_9658aad3,Adrián San Miguel,,,,,transfermarkt,71271,EXACT,HIGH
plr_965fd28b,Adam Armstrong,,,,,,,EXACT,HIGH
plr_9660b2bc,Mathias Jensen,,,,,,,EXACT,HIGH
plr_966c6a25,Louie Moulden,,,,,,,EXACT,HIGH
plr_9671e413,Murillo,,,,,transfermarkt,1005649,EXACT,HIGH
plr_9680542a,Heung-Min Son,,,,,,,EXACT,HIGH
plr_9683831e,Albian Ajeti,,,,,,,EXACT,HIGH
plr_969e1656,Jonas Lössl,,,,,,,EXACT,HIGH
plr_96b753b6,Charlie Austin,,,,,,,EXACT,HIGH
plr_96cfbd37,Maya Yoshida,,,,,transfermarkt,81789,EXACT,HIGH
plr_96d13ae1,Wesley Moraes,,,,,transfermarkt,381362,EXACT,HIGH
plr_96db9a13,Marcel Sabitzer,,,,,transfermarkt,106987,EXACT,HIGH
plr_96dd0d58,Ishé Samuels-Smith,,,,,,,EXACT,HIGH
plr_96e11d8e,Adrián San Miguel del Castillo,,,,,,,EXACT,HIGH
plr_96f63892,Kosta Nedeljkovic,,,,,transfermarkt,848682,EXACT,HIGH
plr_96fff073,John Fleck,,,,,,,EXACT,HIGH
plr_9704b517,Jeff Hendrick,,,,,,,EXACT,HIGH
plr_97187ae2,Vicente Iborra,,,,,transfermarkt,65467,EXACT,HIGH
plr_973453ea,Solomon March,,,,,,,EXACT,HIGH
plr_973e4a3b,Gaëtan Bong,,,,,transfermarkt,36291,EXACT,HIGH
plr_9740b5c6,Marc Leonard,,,,,transfermarkt,463751,EXACT,HIGH
plr_9749115d,Martin Dúbravka,,,,,transfermarkt,74960,EXACT,HIGH
plr_974e4a64,Ibrahima Diallo,,,,,transfermarkt,413032,EXACT,HIGH
plr_9756da42,Rohan Ince,,,,,transfermarkt,141568,EXACT,HIGH
plr_9762ad28,Tristan Abrahams,,,,,transfermarkt,492391,EXACT,HIGH
plr_976373c5,Ui-jo Hwang,,,,,transfermarkt,260166,EXACT,HIGH
plr_97708ee6,Oliver Arblaster,,,,,transfermarkt,874066,EXACT,HIGH
plr_9792e184,Mauro Bandeira,,,,,,,EXACT,HIGH
plr_9797c285,Anssumane Fati Vieira,,,,,,,EXACT,HIGH
plr_9799f403,Willy Caballero,,,,,,,EXACT,HIGH
plr_97acd18e,Michy Batshuayi,,,,,,,EXACT,HIGH
plr_97bc0580,Hugo Lloris,,,,,,,EXACT,HIGH
plr_97c20402,Bertrand Traoré,,,,,,,EXACT,HIGH
plr_97c2fc80,Mark O’Mahony,,,,,,,EXACT,HIGH
plr_97c5c30d,Daniel Amartey,,,,,,,EXACT,HIGH
plr_97d99afb,Youri Tielemans,,,,,transfermarkt,249565,EXACT,HIGH
plr_97dce035,Nikola Vlašić,,,,,transfermarkt,293200,EXACT,HIGH
plr_97e401ea,Fraser Forster,,,,,transfermarkt,52570,EXACT,HIGH
plr_97ee6618,Dennis Praet,,,,,,,EXACT,HIGH
plr_97eeadf5,Vincent Janssen,,,,,transfermarkt,207015,EXACT,HIGH
plr_98188066,Cieran Slicker,,,,,,,EXACT,HIGH
plr_982a47a0,Hugo Lloris,,,,,,,EXACT,HIGH
plr_9835c4df,Rasmus Nissen Kristensen,,,,,transfermarkt,369684,EXACT,HIGH
plr_986140fa,David Datro Fofana,,,,,transfermarkt,787232,EXACT,HIGH
plr_98abebb1,Hákon Valdimarsson,,,,,transfermarkt,488935,EXACT,HIGH
plr_98b74710,Manuel Lanzini,,,,,,,EXACT,HIGH
plr_98c69e47,Rúben Dias,,,,,transfermarkt,258004,EXACT,HIGH
plr_98c8f8f3,Diogo Jota,,,,,,,EXACT,HIGH
plr_98cc59b2,Fabricio Agosto Ramírez,,,,,,,EXACT,HIGH
plr_98cd6b1d,Francisco Femenía Far,,,,,,,EXACT,HIGH
plr_98ebbf11,Gonçalo Manuel Ganchinho Guedes,,,,,,,EXACT,HIGH
plr_98f1e394,Luke Ayling,,,,,,,EXACT,HIGH
plr_98f3ae29,Tayo Adaramola,,,,,,,EXACT,HIGH
plr_9905bc85,Joe Hugill,,,,,,,EXACT,HIGH
plr_990fb1f6,Robert Street,,,,,,,EXACT,HIGH
plr_9911a387,Alfie Mawson,,,,,transfermarkt,287431,EXACT,HIGH
plr_991490e8,Aaron Cresswell,,,,,,,EXACT,HIGH
plr_9968036e,Ashley Young,,,,,,,EXACT,HIGH
plr_997c20fc,João Mário,,,,,transfermarkt,149729,EXACT,HIGH
plr_9995e0df,Matt Macey,,,,,transfermarkt,220491,EXACT,HIGH
plr_99983f15,Aaron Cresswell,,,,,,,EXACT,HIGH
plr_99a0b97b,Younès Kaboul,,,,,transfermarkt,27114,EXACT,HIGH
plr_99a11ace,Mateo Kovacic,,,,,transfermarkt,51471,EXACT,HIGH
plr_99bd5c6c,Rodrigo Hernandez,,,,,,,EXACT,HIGH
plr_99cbabdb,Rúben Neves,,,,,transfermarkt,225161,EXACT,HIGH
plr_99d577b8,Kaelan Casey,,,,,,,EXACT,HIGH
plr_99db3db7,Justin Kluivert,,,,,transfermarkt,330659,EXACT,HIGH
plr_99dce76f,Rúben Gonçalo Silva Nascimento Vinagre,,,,,,,EXACT,HIGH
plr_99e2d8a9,Finley Stevens,,,,,,,EXACT,HIGH
plr_99e3e7a9,Jason Steele,,,,,,,EXACT,HIGH
plr_99ec0645,Trezeguet,,,,,transfermarkt,234189,EXACT,HIGH
plr_99ec11c4,Ahmed El-Sayed Hegazy,,,,,,,EXACT,HIGH
plr_99fdf97b,Lewis Richardson,,,,,,,EXACT,HIGH
plr_9a0bcd68,Tom Trybull,,,,,transfermarkt,93831,EXACT,HIGH
plr_9a150698,Danilo Luiz da Silva,,,,,,,EXACT,HIGH
plr_9a1e9557,Lee Grant,,,,,,,EXACT,HIGH
plr_9a1ef932,Robert Sánchez,,,,,transfermarkt,403151,EXACT,HIGH
plr_9a2d8da7,Ashley Barnes,,,,,,,EXACT,HIGH
plr_9a2ef6f7,Alexandre Moreno Lopera,,,,,,,EXACT,HIGH
plr_9a36ccca,Travis Hernes,,,,,,,EXACT,HIGH
plr_9a5dec21,Hwang Ui-jo,,,,,,,EXACT,HIGH
plr_9a666597,Lewis Dunk,,,,,,,EXACT,HIGH
plr_9a7d432a,Shkodran Mustafi,,,,,,,EXACT,HIGH
plr_9a902d1d,Rodrigo Moreno,,,,,,,EXACT,HIGH
plr_9a96f291,Jay Rodriguez,,,,,,,EXACT,HIGH
plr_9a987637,Florin Andone,,,,,transfermarkt,177065,EXACT,HIGH
plr_9ab475dc,David McGoldrick,,,,,,,EXACT,HIGH
plr_9ac03e31,Shane Duffy,,,,,,,EXACT,HIGH
plr_9ae06acb,Antony Matheus dos Santos,,,,,,,EXACT,HIGH
plr_9ae50171,Robert Sánchez,,,,,,,EXACT,HIGH
plr_9b03e4fb,Billy Gilmour,,,,,,,EXACT,HIGH
plr_9b078cbf,Hannibal Mejbri,,,,,,,EXACT,HIGH
plr_9b1b9971,Jamal Baptiste,,,,,,,EXACT,HIGH
plr_9b227eca,Laurent Depoitre,,,,,,,EXACT,HIGH
plr_9b36c7de,Radek Vítek,,,,,,,EXACT,HIGH
plr_9b4ce0d7,Pablo Zabaleta,,,,,,,EXACT,HIGH
plr_9b62290e,Çaglar Söyüncü,,,,,,,EXACT,HIGH
plr_9b939cbf,Chris Basham,,,,,,,EXACT,HIGH
plr_9b947f7d,Tobias Figueiredo,,,,,transfermarkt,122077,EXACT,HIGH
plr_9b9a0cd0,José Holebas,,,,,,,EXACT,HIGH
plr_9b9c9277,Nicolas Jackson,,,,,transfermarkt,776890,EXACT,HIGH
plr_9bb0f358,Pablo Zabaleta,,,,,transfermarkt,20007,EXACT,HIGH
plr_9bb42042,Malang Sarr,,,,,transfermarkt,344596,EXACT,HIGH
plr_9bb801e1,Clément Lenglet,,,,,,,EXACT,HIGH
plr_9bb974f1,Glenn Murray,,,,,,,EXACT,HIGH
plr_9bcb98e5,Ivan Ricardo Neves Abreu Cavaleiro,,,,,,,EXACT,HIGH
plr_9bdf9ae9,David Raya Martin,,,,,,,EXACT,HIGH
plr_9be3d18a,Hamed Traorè,,,,,,,EXACT,HIGH
plr_9bf89eba,Remo Freuler,,,,,,,EXACT,HIGH
plr_9bfc1601,Loïc Damour,,,,,,,EXACT,HIGH
plr_9bfd664b,Moussa Sissoko,,,,,,,EXACT,HIGH
plr_9c38ddb3,Daniel Castelo Podence,,,,,,,EXACT,HIGH
plr_9c3d4403,Ethan Pinnock,,,,,,,EXACT,HIGH
plr_9c5c599b,Patrick Cutrone,,,,,,,EXACT,HIGH
plr_9c7fd488,Leandro Trossard,,,,,transfermarkt,144028,EXACT,HIGH
plr_9c8616ae,Jonathan Castro Otto,,,,,,,EXACT,HIGH
plr_9c8c671e,Troy Deeney,,,,,transfermarkt,65477,EXACT,HIGH
plr_9c9791f8,Taylor Richards,,,,,,,EXACT,HIGH
plr_9c9ca9e9,Diogo Teixeira da Silva,,,,,,,EXACT,HIGH
plr_9ca03c20,Jan Bednarek,,,,,,,EXACT,HIGH
plr_9caf8252,Eberechi Eze,,,,,transfermarkt,479999,EXACT,HIGH
plr_9cb55643,Boubacar Kamara,,,,,,,EXACT,HIGH
plr_9cbd14d0,Marcus Tavernier,,,,,,,EXACT,HIGH
plr_9cd0b2c1,Eric Bailly,,,,,,,EXACT,HIGH
plr_9ce1d040,Robert Snodgrass,,,,,transfermarkt,22614,EXACT,HIGH
plr_9ceadcd1,Santi Cazorla,,,,,transfermarkt,15799,EXACT,HIGH
plr_9d22c23d,Michail Antonio,,,,,,,EXACT,HIGH
plr_9d4f4295,Ryan Schofield,,,,,,,EXACT,HIGH
plr_9d51e425,James McAtee,,,,,,,EXACT,HIGH
plr_9d527562,Ondrej Duda,,,,,transfermarkt,232418,EXACT,HIGH
plr_9d629cf8,Tim Ream,,,,,,,EXACT,HIGH
plr_9d68e285,Sead Kolasinac,,,,,transfermarkt,94005,EXACT,HIGH
plr_9d720bcf,Henrikh Mkhitaryan,,,,,transfermarkt,55735,EXACT,HIGH
plr_9d736e03,Adam Masina,,,,,,,EXACT,HIGH
plr_9d7f3203,Wilfred Ndidi,,,,,,,EXACT,HIGH
plr_9d8596d1,Alex Iwobi,,,,,,,EXACT,HIGH
plr_9d9ed213,Joelinton Cássio Apolinário de Lira,,,,,,,EXACT,HIGH
plr_9da38b5e,Olivier Giroud,,,,,,,EXACT,HIGH
plr_9dbd2b5d,Crysencio Summerville,,,,,,,EXACT,HIGH
plr_9dc75fe3,Sandro Ramírez,,,,,transfermarkt,199369,EXACT,HIGH
plr_9dc83f3e,Alexandre Nascimento Costa Silva,,,,,,,EXACT,HIGH
plr_9dd1ee31,Moise Kean,,,,,transfermarkt,364135,EXACT,HIGH
plr_9de67afd,Alireza Jahanbakhsh,,,,,,,EXACT,HIGH
plr_9de7334c,Rhys Healey,,,,,transfermarkt,238185,EXACT,HIGH
plr_9e1258d8,Robin Koch,,,,,transfermarkt,328784,EXACT,HIGH
plr_9e1a541b,Mohamed Dräger,,,,,,,EXACT,HIGH
plr_9e2fb938,José Diogo Dalot Teixeira,,,,,,,EXACT,HIGH
plr_9e73b010,Sam McQueen,,,,,transfermarkt,226968,EXACT,HIGH
plr_9e87530d,Martín Montoya,,,,,,,EXACT,HIGH
plr_9e8951bf,Callum Hudson-Odoi,,,,,,,EXACT,HIGH
plr_9e8be954,Harry Kane,,,,,,,EXACT,HIGH
plr_9eab4259,Callum Wilson,,,,,,,EXACT,HIGH
plr_9ebef462,Ben Osborn,,,,,,,EXACT,HIGH
plr_9ec817fb,Jesurun Rak-Sakyi,,,,,,,EXACT,HIGH
plr_9ed0aac3,Keinan Davis,,,,,,,EXACT,HIGH
plr_9ee13d80,Adalberto Peñaranda,,,,,,,EXACT,HIGH
plr_9f065bc7,Lyle Taylor,,,,,transfermarkt,104495,EXACT,HIGH
plr_9f0c3ae8,Morgan Gibbs-White,,,,,,,EXACT,HIGH
plr_9f2cbe37,Matt Macey,,,,,,,EXACT,HIGH
plr_9f3797a0,Jack Stephens,,,,,,,EXACT,HIGH
plr_9f484448,Steve Cook,,,,,transfermarkt,90836,EXACT,HIGH
plr_9f57a7bd,Seamus Coleman,,,,,,,EXACT,HIGH
plr_9f644d62,Dan Gosling,,,,,,,EXACT,HIGH
plr_9f7b03ea,James McCarthy,,,,,,,EXACT,HIGH
plr_9f7c5aef,Antonee Robinson,,,,,,,EXACT,HIGH
plr_9f7f52cb,Joelinton Cássio Apolinário de Lira,,,,,,,EXACT,HIGH
plr_9fb9fe11,Charlie Taylor,,,,,,,EXACT,HIGH
plr_9fc30f17,Lucas Rodrigues Moura da Silva,,,,,,,EXACT,HIGH
plr_9fc79ecc,Gustavo Henrique Furtado Scarpa,,,,,,,EXACT,HIGH
plr_9fe39f74,Jesse Lingard,,,,,,,EXACT,HIGH
plr_a0199bde,Erling Haaland,,,,,,,EXACT,HIGH
plr_a025e6c4,Sofiane Boufal,,,,,transfermarkt,232271,EXACT,HIGH
plr_a028cb92,Matthew Clarke,,,,,,,EXACT,HIGH
plr_a02ba3a1,Ryan Trevitt,,,,,,,EXACT,HIGH
plr_a02db3d9,Jonathan Flatt,,,,,transfermarkt,208742,EXACT,HIGH
plr_a0346a41,Loris Karius,,,,,,,EXACT,HIGH
plr_a04b221a,Owen Beck,,,,,,,EXACT,HIGH
plr_a0589d1c,Jon McCracken,,,,,,,EXACT,HIGH
plr_a05be961,Bruno André Cavaco Jordao,,,,,,,EXACT,HIGH
plr_a05d2380,Matthew Connolly,,,,,,,EXACT,HIGH
plr_a0692a7b,Luka Milivojevic,,,,,,,EXACT,HIGH
plr_a06d98ce,Erik Lamela,,,,,transfermarkt,111630,EXACT,HIGH
plr_a07690bf,Ryan Sessegnon,,,,,,,EXACT,HIGH
plr_a07b71fc,David Ozoh,,,,,,,EXACT,HIGH
plr_a084db7e,Saman Ghoddos,,,,,,,EXACT,HIGH
plr_a094340b,Reuell Walters,,,,,,,EXACT,HIGH
plr_a09ff2c7,Jimmy Dunne,,,,,transfermarkt,396174,EXACT,HIGH
plr_a0aab7b6,Paulo Gazzaniga,,,,,,,EXACT,HIGH
plr_a0b5e1c6,Charlie Austin,,,,,,,EXACT,HIGH
plr_a0c9592b,Callum Hudson-Odoi,,,,,,,EXACT,HIGH
plr_a0cf6c54,James Rodríguez,,,,,transfermarkt,88103,EXACT,HIGH
plr_a0f47c45,Dimitrios Giannoulis,,,,,transfermarkt,295630,EXACT,HIGH
plr_a0f5107a,Héctor Junior Firpo Adames,,,,,,,EXACT,HIGH
plr_a0f58ecb,Yerson Mosquera Valdelamar,,,,,,,EXACT,HIGH
plr_a10c4603,Moussa Sissoko,,,,,,,EXACT,HIGH
plr_a1133c1d,Ben Godfrey,,,,,transfermarkt,343475,EXACT,HIGH
plr_a1347e4b,Pierre-Emile Højbjerg,,,,,,,EXACT,HIGH
plr_a1448a64,Brandon Austin,,,,,,,EXACT,HIGH
plr_a146657c,Josh Sims,,,,,transfermarkt,286919,EXACT,HIGH
plr_a14d2b61,Marcus Bettinelli,,,,,transfermarkt,116648,EXACT,HIGH
plr_a15797bf,Jeremy Sarmiento,,,,,transfermarkt,568005,EXACT,HIGH
plr_a16ca02d,Mads Bech Sørensen,,,,,,,EXACT,HIGH
plr_a17021da,Sylvester Jasper,,,,,,,EXACT,HIGH
plr_a1727b64,Armando Broja,,,,,transfermarkt,571743,EXACT,HIGH
plr_a1746f2e,Rolando Aarons,,,,,transfermarkt,258188,EXACT,HIGH
plr_a18aca16,Crysencio Summerville,,,,,,,EXACT,HIGH
plr_a18bff8f,Marc Guéhi,,,,,,,EXACT,HIGH
plr_a1a41b4e,Jacob Murphy,,,,,,,EXACT,HIGH
plr_a1b17c5a,Owen Dodgson,,,,,transfermarkt,686839,EXACT,HIGH
plr_a1b323df,Fábio Ferreira Vieira,,,,,,,EXACT,HIGH
plr_a1c97339,Wilfried Zaha,,,,,,,EXACT,HIGH
plr_a1d99e09,Benjamin Chilwell,,,,,,,EXACT,HIGH
plr_a1d9dc7e,Yasin Ayari,,,,,transfermarkt,667287,EXACT,HIGH
plr_a1f4d6e6,Sam Surridge,,,,,transfermarkt,398402,EXACT,HIGH
plr_a2085edd,Neal Maupay,,,,,transfermarkt,217115,EXACT,HIGH
plr_a24440cc,Ayoze Pérez,,,,,,,EXACT,HIGH
plr_a2466779,Raphael Dias Belloli,,,,,,,EXACT,HIGH
plr_a2470ca3,Jack Stephens,,,,,transfermarkt,163744,EXACT,HIGH
plr_a257cc9d,Kai Havertz,,,,,,,EXACT,HIGH
plr_a25fa6a7,Ragnar Klavan,,,,,transfermarkt,26669,EXACT,HIGH
plr_a27385d9,Emiliano Buendía Stati,,,,,,,EXACT,HIGH
plr_a27799ef,Frederik Alves,,,,,transfermarkt,542690,EXACT,HIGH
plr_a279efc2,Kasey McAteer,,,,,,,EXACT,HIGH
plr_a27e75a7,Scott McTominay,,,,,,,EXACT,HIGH
plr_a28be6a4,Nabil Bentaleb,,,,,transfermarkt,245537,EXACT,HIGH
plr_a2a4b173,Christian Pulisic,,,,,,,EXACT,HIGH
plr_a2ac43f7,Juan Larios López,,,,,,,EXACT,HIGH
plr_a2b14d83,Luke Ayling,,,,,,,EXACT,HIGH
plr_a2b3da4a,Harry Amass,,,,,,,EXACT,HIGH
plr_a2b63ee7,Will Norris,,,,,,,EXACT,HIGH
plr_a2b8ff23,Alex Oxlade-Chamberlain,,,,,,,EXACT,HIGH
plr_a2beb175,Bruno Miguel Borges Fernandes,,,,,,,EXACT,HIGH
plr_a2c9564b,Andriy Yarmolenko,,,,,transfermarkt,69015,EXACT,HIGH
plr_a2e4f905,Lovre Kalinic,,,,,transfermarkt,46405,EXACT,HIGH
plr_a2eb1973,Rolando Aarons,,,,,,,EXACT,HIGH
plr_a3075da9,Willy Boly,,,,,,,EXACT,HIGH
plr_a3140fcc,Kevin Mbabu,,,,,transfermarkt,183321,EXACT,HIGH
plr_a32a6963,Shola Shoretire,,,,,,,EXACT,HIGH
plr_a3391c2d,Harry Arter,,,,,,,EXACT,HIGH
plr_a33970ff,Juraj Kucka,,,,,transfermarkt,74943,EXACT,HIGH
plr_a339cc3b,Mario Vrancic,,,,,transfermarkt,39372,EXACT,HIGH
plr_a3595c76,Illan Meslier,,,,,,,EXACT,HIGH
plr_a379cad8,Ben Brereton,,,,,,,EXACT,HIGH
plr_a3aa127d,Adama Traoré,,,,,transfermarkt,204103,EXACT,HIGH
plr_a3ae60b3,Christian Kabasele,,,,,,,EXACT,HIGH
plr_a3c8f663,Pedro Lomba Neto,,,,,,,EXACT,HIGH
plr_a3cc3263,João Gomes,,,,,transfermarkt,735570,EXACT,HIGH
plr_a3e2aa57,Alphonse Areola,,,,,transfermarkt,120629,EXACT,HIGH
plr_a3eb9585,Moussa Diaby,,,,,transfermarkt,395516,EXACT,HIGH
plr_a3f0c1e6,Justin Hubner,,,,,,,EXACT,HIGH
plr_a3fb11c2,Bruno Miguel Borges Fernandes,,,,,,,EXACT,HIGH
plr_a40a07b3,Jacob Maddox,,,,,,,EXACT,HIGH
plr_a41b7526,Scott Dann,,,,,,,EXACT,HIGH
plr_a427ef9c,Vitaly Janelt,,,,,,,EXACT,HIGH
plr_a444532e,Nathan Collins,,,,,,,EXACT,HIGH
plr_a462f5c6,Bernd Leno,,,,,,,EXACT,HIGH
plr_a463083b,Alexandre Moreno Lopera,,,,,,,EXACT,HIGH
plr_a46bac7d,Dominic Solanke,,,,,transfermarkt,258889,EXACT,HIGH
plr_a46fcd0c,Harvey Elliott,,,,,,,EXACT,HIGH
plr_a472932c,James Milner,,,,,,,EXACT,HIGH
plr_a484fe99,Lucas Digne,,,,,,,EXACT,HIGH
plr_a48f7e39,Billy Sharp,,,,,transfermarkt,49542,EXACT,HIGH
plr_a498d6a7,Virgil van Dijk,,,,,,,EXACT,HIGH
plr_a49bc15d,Tariq Lamptey,,,,,,,EXACT,HIGH
plr_a4a78e0a,José Ignacio Peleteiro Romallo,,,,,,,EXACT,HIGH
plr_a4cf3580,Michy Batshuayi,,,,,,,EXACT,HIGH
plr_a4d94f49,Joe Willock,,,,,,,EXACT,HIGH
plr_a4d96cc6,Andrew Robertson,,,,,,,EXACT,HIGH
plr_a4e0bb6c,Kurt Zouma,,,,,,,EXACT,HIGH
plr_a4ed7e47,Ibrahima Diallo,,,,,,,EXACT,HIGH
plr_a4fb330d,Danny Ings,,,,,,,EXACT,HIGH
plr_a4fc7a2c,Lys Mousset,,,,,,,EXACT,HIGH
plr_a500ce5f,Federico Fernández,,,,,,,EXACT,HIGH
plr_a5039c70,Toby Alderweireld,,,,,,,EXACT,HIGH
plr_a523e048,Dean Marney,,,,,transfermarkt,4055,EXACT,HIGH
plr_a533d9a3,Eddie Nketiah,,,,,,,EXACT,HIGH
plr_a5347724,Serge Aurier,,,,,,,EXACT,HIGH
plr_a5415267,Kevin Schade,,,,,,,EXACT,HIGH
plr_a5598aab,Michal Karbownik,,,,,transfermarkt,401604,EXACT,HIGH
plr_a566a2db,Max Lowe,,,,,transfermarkt,258885,EXACT,HIGH
plr_a566c68e,James Tarkowski,,,,,transfermarkt,173504,EXACT,HIGH
plr_a573339d,Edward Nketiah,,,,,,,EXACT,HIGH
plr_a576d35f,Pablo Marí,,,,,,,EXACT,HIGH
plr_a57b4f27,Stephen Henderson,,,,,transfermarkt,52191,EXACT,HIGH
plr_a57fdbd4,Angelo Ogbonna,,,,,,,EXACT,HIGH
plr_a5932c18,Niels Nkounkou,,,,,transfermarkt,591193,EXACT,HIGH
plr_a597617f,Lewis Cass,,,,,,,EXACT,HIGH
plr_a59e05d4,Callum Wilson,,,,,,,EXACT,HIGH
plr_a5a4067d,Thierry Small,,,,,,,EXACT,HIGH
plr_a5cae2ca,Fabián Balbuena,,,,,,,EXACT,HIGH
plr_a5cca6f4,Olarenwaju Kayode,,,,,transfermarkt,131694,EXACT,HIGH
plr_a5e0b53f,Josh Knight,,,,,,,EXACT,HIGH
plr_a5e7b1e6,Joachim Andersen,,,,,,,EXACT,HIGH
plr_a5ec64e3,Takuma Asano,,,,,transfermarkt,245744,EXACT,HIGH
plr_a601b86b,Kamari Doyle,,,,,,,EXACT,HIGH
plr_a602574f,Davinson Sánchez,,,,,transfermarkt,341429,EXACT,HIGH
plr_a60fbec3,Jadon Sancho,,,,,,,EXACT,HIGH
plr_a60fe08b,Rafa Mir,,,,,transfermarkt,361254,EXACT,HIGH
plr_a616e695,Tyler Roberts,,,,,transfermarkt,296986,EXACT,HIGH
plr_a623ff63,Max Kilman,,,,,,,EXACT,HIGH
plr_a62a071a,Mateo Kovacic,,,,,,,EXACT,HIGH
plr_a63ca01b,Tyler Onyango,,,,,,,EXACT,HIGH
plr_a6443ea6,Issa Diop,,,,,,,EXACT,HIGH
plr_a695b2f1,Arthur Masuaku,,,,,,,EXACT,HIGH
plr_a697c722,Nathan Butler-Oyedeji,,,,,,,EXACT,HIGH
plr_a69bf2cf,Dion Sanderson,,,,,,,EXACT,HIGH
plr_a6a66420,Leon Bailey,,,,,,,EXACT,HIGH
plr_a6d0a351,Nathan Ferguson,,,,,,,EXACT,HIGH
plr_a6e68a44,Ramiro Funes Mori,,,,,transfermarkt,11111,EXACT,HIGH
plr_a713119c,Benoît Badiashile,,,,,,,EXACT,HIGH
plr_a7167959,Federico Fernández,,,,,,,EXACT,HIGH
plr_a71eb8b1,William Smallbone,,,,,,,EXACT,HIGH
plr_a721eda9,Kalvin Phillips,,,,,transfermarkt,351749,EXACT,HIGH
plr_a72e51d9,Lucas Digne,,,,,,,EXACT,HIGH
plr_a7310362,Tim Ream,,,,,,,EXACT,HIGH
plr_a731f038,Ashley Williams,,,,,transfermarkt,67355,EXACT,HIGH
plr_a735a5d1,Anass Zaroury,,,,,transfermarkt,491296,EXACT,HIGH
plr_a7365bbb,Robin Koch,,,,,,,EXACT,HIGH
plr_a73c449d,Naouirou Ahamada,,,,,transfermarkt,538971,EXACT,HIGH
plr_a73d0509,Norberto Murara Neto,,,,,,,EXACT,HIGH
plr_a744c5de,Tom Davies,,,,,,,EXACT,HIGH
plr_a752b37f,Sékou Mara,,,,,transfermarkt,557612,EXACT,HIGH
plr_a77655a1,Eldin Jakupovic,,,,,,,EXACT,HIGH
plr_a784b70c,Devan Tanton,,,,,,,EXACT,HIGH
plr_a78552a3,Curtis Jones,,,,,,,EXACT,HIGH
plr_a7905d85,Alexis Mac Allister,,,,,,,EXACT,HIGH
plr_a7a03daf,Jack McKay,,,,,transfermarkt,347439,EXACT,HIGH
plr_a7a8e27e,Aaron Collins,,,,,transfermarkt,341042,EXACT,HIGH
plr_a7bb9b95,Myles Peart-Harris,,,,,transfermarkt,587002,EXACT,HIGH
plr_a7bc6848,Joël Veltman,,,,,,,EXACT,HIGH
plr_a7cbd94b,Richarlison de Andrade,,,,,,,EXACT,HIGH
plr_a7cd3206,Cenk Tosun,,,,,,,EXACT,HIGH
plr_a7cfa065,Fred Onyedinma,,,,,transfermarkt,305274,EXACT,HIGH
plr_a7d0ee82,Amari'i Bell,,,,,,,EXACT,HIGH
plr_a7d60257,Vitaliy Mykolenko,,,,,transfermarkt,404842,EXACT,HIGH
plr_a7d7a061,Conor Gallagher,,,,,,,EXACT,HIGH
plr_a7e54609,Kieran Trippier,,,,,,,EXACT,HIGH
plr_a812986b,Ivan Neves Abreu Cavaleiro,,,,,,,EXACT,HIGH
plr_a814440d,Thilo Kehrer,,,,,,,EXACT,HIGH
plr_a815aba7,Xherdan Shaqiri,,,,,,,EXACT,HIGH
plr_a821c9dd,Mateo Joseph Fernández,,,,,,,EXACT,HIGH
plr_a82de73a,Anwar El Ghazi,,,,,transfermarkt,183720,EXACT,HIGH
plr_a832df72,Morgan Sanson,,,,,,,EXACT,HIGH
plr_a840dd4d,Ibrahim Amadou,,,,,transfermarkt,205503,EXACT,HIGH
plr_a85409df,Shane Flynn,,,,,,,EXACT,HIGH
plr_a87ea106,Bernardo Mota Veiga de Carvalho e Silva,,,,,,,EXACT,HIGH
plr_a891da84,Leandro Trossard,,,,,,,EXACT,HIGH
plr_a8ad7eb5,Daniel Jebbison,,,,,,,EXACT,HIGH
plr_a8c20f50,Jeff Hendrick,,,,,transfermarkt,148262,EXACT,HIGH
plr_a8ca240b,Aaron Hickey,,,,,,,EXACT,HIGH
plr_a8cd03fe,Lyanco Silveira Neves Vojnovic,,,,,,,EXACT,HIGH
plr_a8cd7c58,Daniel Idiakhoa,,,,,transfermarkt,1494781,EXACT,HIGH
plr_a8d23214,Luka Racic,,,,,transfermarkt,345587,EXACT,HIGH
plr_a8d53214,Armstrong Oko-Flex,,,,,,,EXACT,HIGH
plr_a8d6f02a,Ched Evans,,,,,transfermarkt,61622,EXACT,HIGH
plr_a8d95069,Lewis Cook,,,,,,,EXACT,HIGH
plr_a916a9a3,Paul Pogba,,,,,transfermarkt,122153,EXACT,HIGH
plr_a91a9530,Cédric Alves Soares,,,,,,,EXACT,HIGH
plr_a93b81c0,Carney Chukwuemeka,,,,,,,EXACT,HIGH
plr_a93bd6e1,Harry Lewis,,,,,transfermarkt,341043,EXACT,HIGH
plr_a9982cc0,Eric Dier,,,,,,,EXACT,HIGH
plr_a99d16ce,Thomas Partey,,,,,,,EXACT,HIGH
plr_a9a6a1f7,Daniel Podence,,,,,transfermarkt,256977,EXACT,HIGH
plr_a9a6c31c,Bernard Anício Caldeira Duarte,,,,,,,EXACT,HIGH
plr_a9c07a0d,Robert Sánchez,,,,,,,EXACT,HIGH
plr_a9c48f55,Ibrahima Cissé,,,,,,,EXACT,HIGH
plr_a9cfec2a,Wesley Moraes Ferreira da Silva,,,,,,,EXACT,HIGH
plr_a9eaff24,Gavin Kilkenny,,,,,transfermarkt,469064,EXACT,HIGH
plr_a9ed02e9,Luke Cundle,,,,,,,EXACT,HIGH
plr_a9ede3eb,Ross Barkley,,,,,,,EXACT,HIGH
plr_a9f70ec7,Luke Thomas,,,,,,,EXACT,HIGH
plr_aa057502,Fin Stevens,,,,,transfermarkt,587019,EXACT,HIGH
plr_aa405560,Stefan Ortega,,,,,transfermarkt,85941,EXACT,HIGH
plr_aa42c3fc,Armando Broja,,,,,,,EXACT,HIGH
plr_aa6d4004,Paul Gladon,,,,,transfermarkt,180843,EXACT,HIGH
plr_aa7b1a5e,James Maddison,,,,,,,EXACT,HIGH
plr_aa7bc1d5,Jürgen Locadia,,,,,transfermarkt,166240,EXACT,HIGH
plr_aaa479d5,Ben Hamer,,,,,transfermarkt,67283,EXACT,HIGH
plr_aaa5e414,David Luiz Moreira Marinho,,,,,,,EXACT,HIGH
plr_aaa63c5d,Arnaut Danjuma,,,,,transfermarkt,355861,EXACT,HIGH
plr_aaa8ad1b,Theo Corbeanu,,,,,,,EXACT,HIGH
plr_aaa9cf52,Danny Welbeck,,,,,,,EXACT,HIGH
plr_aaae9fd4,Harry Winks,,,,,,,EXACT,HIGH
plr_aab0e934,Ben Davies,,,,,,,EXACT,HIGH
plr_aab2cf44,Jack Grealish,,,,,,,EXACT,HIGH
plr_aab9aa93,James McConnell,,,,,,,EXACT,HIGH
plr_aabe856b,Conor Coventry,,,,,,,EXACT,HIGH
plr_aac9bc81,Ilkay Gündogan,,,,,,,EXACT,HIGH
plr_aad2ba68,Ntumba Massanka,,,,,transfermarkt,385922,EXACT,HIGH
plr_aad4343b,Rúben Gato Alves Dias,,,,,,,EXACT,HIGH
plr_aae4fc17,Roberto Firmino,,,,,,,EXACT,HIGH
plr_ab046acc,Ibrahima Konaté,,,,,,,EXACT,HIGH
plr_ab143f4a,Samir Nasri,,,,,transfermarkt,18935,EXACT,HIGH
plr_ab1de22b,Yunus Konak,,,,,transfermarkt,1141628,EXACT,HIGH
plr_ab20fb27,Max Kinsey,,,,,,,EXACT,HIGH
plr_ab4049bf,Gedson Carvalho Fernandes,,,,,,,EXACT,HIGH
plr_ab6ae9f4,Jorginho,,,,,transfermarkt,102017,EXACT,HIGH
plr_ab6ce4ea,Illan Meslier,,,,,transfermarkt,542586,EXACT,HIGH
plr_ab6d640c,Etienne Capoue,,,,,,,EXACT,HIGH
plr_ab7b82ee,Thilo Kehrer,,,,,transfermarkt,228948,EXACT,HIGH
plr_ab8a11b4,Sylvain Deslandes,,,,,transfermarkt,272621,EXACT,HIGH
plr_aba72f00,Dane Scarlett,,,,,transfermarkt,670883,EXACT,HIGH
plr_aba740bb,Oriol Romeu,,,,,transfermarkt,66100,EXACT,HIGH
plr_aba75436,Lys Mousset,,,,,,,EXACT,HIGH
plr_aba7d2bf,Ademipo Odubeko,,,,,,,EXACT,HIGH
plr_abab11f9,Kenneth Zohore,,,,,,,EXACT,HIGH
plr_abaddb2c,André Onana,,,,,transfermarkt,234509,EXACT,HIGH
plr_abae3c55,Shane Long,,,,,,,EXACT,HIGH
plr_abc417f2,Robert Kenedy Nunes do Nascimento,,,,,,,EXACT,HIGH
plr_abd2e1bd,Mark Travers,,,,,,,EXACT,HIGH
plr_abe4ca77,Jonjo Shelvey,,,,,transfermarkt,71292,EXACT,HIGH
plr_abe65d52,Mateusz Klich,,,,,,,EXACT,HIGH
plr_ac277038,Ryan Yates,,,,,,,EXACT,HIGH
plr_ac2de6ee,Josh Benson,,,,,,,EXACT,HIGH
plr_ac2f37ee,Oskar Buur,,,,,,,EXACT,HIGH
plr_ac34887e,Jürgen Locadia,,,,,,,EXACT,HIGH
plr_ac3c5620,Phil Bardsley,,,,,,,EXACT,HIGH
plr_ac4709b6,Jeffrey Schlupp,,,,,,,EXACT,HIGH
plr_ac5d0e21,Rayan Ait Nouri,,,,,,,EXACT,HIGH
plr_ac617e0f,Oliver Hammond,,,,,,,EXACT,HIGH
plr_ac70b76b,Marçal,,,,,transfermarkt,137745,EXACT,HIGH
plr_ac7aacf2,Pierre-Emile Højbjerg,,,,,transfermarkt,167799,EXACT,HIGH
plr_ac7aff73,James Rodríguez,,,,,,,EXACT,HIGH
plr_ac84ae28,Johann Berg Gudmundsson,,,,,,,EXACT,HIGH
plr_ac8a4052,Jakub Kiwior,,,,,transfermarkt,425918,EXACT,HIGH
plr_ac91ede4,Jamie Vardy,,,,,,,EXACT,HIGH
plr_acb925b1,Virgil van Dijk,,,,,,,EXACT,HIGH
plr_aceff42f,Ainsley Maitland-Niles,,,,,,,EXACT,HIGH
plr_ad05be67,Michał Karbownik,,,,,,,EXACT,HIGH
plr_ad0785ee,Beni Baningime,,,,,transfermarkt,399369,EXACT,HIGH
plr_ad0d0bc8,Carl Jenkinson,,,,,transfermarkt,126321,EXACT,HIGH
plr_ad10025f,Fernando Luiz Rosa,,,,,,,EXACT,HIGH
plr_ad12d80c,Elliot Thorpe,,,,,transfermarkt,496661,EXACT,HIGH
plr_ad140362,Abdul Rahman Baba,,,,,transfermarkt,224884,EXACT,HIGH
plr_ad18320b,Solly March,,,,,,,EXACT,HIGH
plr_ad26d9b8,Sergio Romero,,,,,transfermarkt,30690,EXACT,HIGH
plr_ad3652f5,Chris Löwe,,,,,,,EXACT,HIGH
plr_ad4b306b,Daniel Bentley,,,,,transfermarkt,136401,EXACT,HIGH
plr_ad5d48fd,Danel Sinani,,,,,transfermarkt,346499,EXACT,HIGH
plr_ad5e87e9,Stipe Perica,,,,,transfermarkt,245072,EXACT,HIGH
plr_ad6e3d24,Kelechi Iheanacho,,,,,,,EXACT,HIGH
plr_adabbcb0,Divock Origi,,,,,,,EXACT,HIGH
plr_ae161326,Nayef Aguerd,,,,,,,EXACT,HIGH
plr_ae202a6d,Sydie Peck,,,,,,,EXACT,HIGH
plr_ae36d34c,Ørjan Nyland,,,,,,,EXACT,HIGH
plr_ae4d7888,Nathaniel Chalobah,,,,,,,EXACT,HIGH
plr_ae597795,Anthony Elanga,,,,,,,EXACT,HIGH
plr_ae64cd66,Daniel Amartey,,,,,,,EXACT,HIGH
plr_ae6c94bb,Paulo Gazzaniga,,,,,,,EXACT,HIGH
plr_ae6dcb5c,Charlie Savage,,,,,,,EXACT,HIGH
plr_aea2b1e2,Amad Diallo,,,,,,,EXACT,HIGH
plr_aea89150,Timothy Castagne,,,,,,,EXACT,HIGH
plr_aeb77cfe,Ryan Allsop,,,,,transfermarkt,111073,EXACT,HIGH
plr_aebc44aa,Jefferson Lerma Solís,,,,,,,EXACT,HIGH
plr_aec66d77,Joseph Hungbo,,,,,,,EXACT,HIGH
plr_aec8a7bd,Patrick Bamford,,,,,,,EXACT,HIGH
plr_aece5317,Lucas Digne,,,,,,,EXACT,HIGH
plr_aef36d8c,Tom Holmes,,,,,transfermarkt,424900,EXACT,HIGH
plr_aefd39c2,Youri Tielemans,,,,,,,EXACT,HIGH
plr_aefd4a66,Samir Caetano,,,,,transfermarkt,255744,EXACT,HIGH
plr_af057f8c,Demarai Gray,,,,,,,EXACT,HIGH
plr_af08de81,Isaac Price,,,,,,,EXACT,HIGH
plr_af1ca28d,Morgan Sanson,,,,,,,EXACT,HIGH
plr_af3f508d,N'Golo Kanté,,,,,,,EXACT,HIGH
plr_af65216f,Michael Obafemi,,,,,,,EXACT,HIGH
plr_af7510cc,Ângelo,,,,,transfermarkt,743598,EXACT,HIGH
plr_af7fe1b9,Toti António Gomes,,,,,,,EXACT,HIGH
plr_af9c7bb0,Lucas Torreira,,,,,,,EXACT,HIGH
plr_afb1a235,Cheikhou Kouyaté,,,,,,,EXACT,HIGH
plr_afb4fa39,Alexandre Lacazette,,,,,,,EXACT,HIGH
plr_afbd50e5,Pascal Groß,,,,,,,EXACT,HIGH
plr_afd0e8b5,Peter Crouch,,,,,transfermarkt,4072,EXACT,HIGH
plr_afdbad00,José Diogo Dalot Teixeira,,,,,,,EXACT,HIGH
plr_afe817ca,Wilfred Ndidi,,,,,,,EXACT,HIGH
plr_b0091eef,Callum Wilson,,,,,transfermarkt,123682,EXACT,HIGH
plr_b02d0f56,Ricardo Domingos Barbosa Pereira,,,,,,,EXACT,HIGH
plr_b02ec8ab,Héctor Bellerín,,,,,,,EXACT,HIGH
plr_b03effdc,Jacob Murphy,,,,,transfermarkt,199527,EXACT,HIGH
plr_b0458f27,Jonathan Castro Otto,,,,,,,EXACT,HIGH
plr_b04f7af8,Alfie Mawson,,,,,,,EXACT,HIGH
plr_b053043a,Tom Cairney,,,,,,,EXACT,HIGH
plr_b0540d99,Yerry Mina,,,,,,,EXACT,HIGH
plr_b0573e64,Phil Ofosu-Ayeh,,,,,transfermarkt,133858,EXACT,HIGH
plr_b058118a,Craig Dawson,,,,,,,EXACT,HIGH
plr_b0768044,Richarlison de Andrade,,,,,,,EXACT,HIGH
plr_b077ffa5,Harvey Elliott,,,,,transfermarkt,565822,EXACT,HIGH
plr_b07ff5f6,Valentín Barco,,,,,transfermarkt,849410,EXACT,HIGH
plr_b08a01a4,Leander Dendoncker,,,,,,,EXACT,HIGH
plr_b0b7935f,Antony,,,,,transfermarkt,602105,EXACT,HIGH
plr_b0d8e847,Fábio Freitas Gouveia Carvalho,,,,,,,EXACT,HIGH
plr_b0e588bc,Matthew Longstaff,,,,,,,EXACT,HIGH
plr_b0ec248a,Kean Bryan,,,,,transfermarkt,214928,EXACT,HIGH
plr_b0f4dfe0,Pape Matar Sarr,,,,,transfermarkt,568693,EXACT,HIGH
plr_b0f6e271,Wes Morgan,,,,,transfermarkt,10003,EXACT,HIGH
plr_b0f9d10d,Erik Pieters,,,,,transfermarkt,43763,EXACT,HIGH
plr_b11f589c,Fabio Henrique Tavares,,,,,,,EXACT,HIGH
plr_b1308bd0,Josh Maja,,,,,transfermarkt,453824,EXACT,HIGH
plr_b148352f,Çağlar Söyüncü,,,,,transfermarkt,320141,EXACT,HIGH
plr_b14c054d,Jack Stacey,,,,,transfermarkt,249356,EXACT,HIGH
plr_b153d335,Allan Saint-Maximin,,,,,,,EXACT,HIGH
plr_b15a3186,Ben Marshall,,,,,transfermarkt,118567,EXACT,HIGH
plr_b16d5a81,Pontus Dahlberg,,,,,,,EXACT,HIGH
plr_b171630c,Loïc Mbe Soh,,,,,transfermarkt,463610,EXACT,HIGH
plr_b1716ce8,Andros Townsend,,,,,transfermarkt,61842,EXACT,HIGH
plr_b180d455,Adnan Kanuric,,,,,transfermarkt,354017,EXACT,HIGH
plr_b183cff6,Steven Alzate,,,,,,,EXACT,HIGH
plr_b1920ffe,Felipe Anderson Pereira Gomes,,,,,,,EXACT,HIGH
plr_b194162b,Emerson Palmieri dos Santos,,,,,,,EXACT,HIGH
plr_b1a2702e,Tyrone Mings,,,,,,,EXACT,HIGH
plr_b1aa657c,Jordon Mutch,,,,,transfermarkt,57207,EXACT,HIGH
plr_b1c4f45e,Mads Roerslev Rasmussen,,,,,,,EXACT,HIGH
plr_b1d600a6,Alfie Devine,,,,,,,EXACT,HIGH
plr_b1f1eda3,Jake Vokins,,,,,,,EXACT,HIGH
plr_b201ea0c,Florian Lejeune,,,,,,,EXACT,HIGH
plr_b2043a25,Ravel Morrison,,,,,transfermarkt,128907,EXACT,HIGH
plr_b20bfa1e,Daniel Chesters,,,,,,,EXACT,HIGH
plr_b20f0f4d,Curtis Jones,,,,,,,EXACT,HIGH
plr_b20f9748,Michael McGovern,,,,,,,EXACT,HIGH
plr_b239a267,Zanka,,,,,transfermarkt,52059,EXACT,HIGH
plr_b250ca28,Jonathan Leko,,,,,transfermarkt,314266,EXACT,HIGH
plr_b252be1c,Adrien Sebastian Perruchet Silva,,,,,,,EXACT,HIGH
plr_b2576e26,Benjamin Fredrick,,,,,,,EXACT,HIGH
plr_b25d2407,Dean Henderson,,,,,,,EXACT,HIGH
plr_b26384ba,Laurent Koscielny,,,,,,,EXACT,HIGH
plr_b2822030,Nélson Oliveira,,,,,transfermarkt,72768,EXACT,HIGH
plr_b28adb77,Fabian Schär,,,,,,,EXACT,HIGH
plr_b28ba595,Phil Jones,,,,,,,EXACT,HIGH
plr_b28c6133,Omari Hutchinson,,,,,transfermarkt,741238,EXACT,HIGH
plr_b296cc69,João Victor Gomes da Silva,,,,,,,EXACT,HIGH
plr_b2ac23a2,Ian Poveda,,,,,transfermarkt,392763,EXACT,HIGH
plr_b2ae3cd9,Mahmoud Ahmed Ibrahim Hassan,,,,,,,EXACT,HIGH
plr_b2b0aad5,Alexandre Lacazette,,,,,,,EXACT,HIGH
plr_b2b4f15b,Kurt Zouma,,,,,,,EXACT,HIGH
plr_b2bb11e2,Gabriel Martinelli Silva,,,,,,,EXACT,HIGH
plr_b2bdc0af,Alisson Ramses Becker,,,,,,,EXACT,HIGH
plr_b2ca666a,Max Kilman,,,,,,,EXACT,HIGH
plr_b2cc9f0a,Billy Sharp,,,,,,,EXACT,HIGH
plr_b2ed344b,Granit Xhaka,,,,,,,EXACT,HIGH
plr_b2f46b7d,Alex Iwobi,,,,,,,EXACT,HIGH
plr_b318b902,Billy Blacker,,,,,,,EXACT,HIGH
plr_b32734ba,Claudio Bravo,,,,,,,EXACT,HIGH
plr_b33184dc,Mark Noble,,,,,transfermarkt,31835,EXACT,HIGH
plr_b340627b,Luka Milivojevic,,,,,,,EXACT,HIGH
plr_b343c07a,Dermot Mee,,,,,,,EXACT,HIGH
plr_b35395b1,Sam Vokes,,,,,transfermarkt,48078,EXACT,HIGH
plr_b37b382b,Steven Bergwijn,,,,,,,EXACT,HIGH
plr_b37d98e5,Gylfi Sigurdsson,,,,,,,EXACT,HIGH
plr_b390d8c7,Hakim Ziyech,,,,,,,EXACT,HIGH
plr_b3a0c98d,Tawanda Maswanhise,,,,,,,EXACT,HIGH
plr_b3abac56,Arnaut Danjuma Groeneveld,,,,,,,EXACT,HIGH
plr_b3b27182,Jack Cork,,,,,,,EXACT,HIGH
plr_b3d323ce,Troy Parrott,,,,,,,EXACT,HIGH
plr_b3d3f1d0,Abd-Al-Ali Morakinyo Olaposi Koiki,,,,,,,EXACT,HIGH
plr_b3d62b7d,Birkir Bjarnason,,,,,transfermarkt,34453,EXACT,HIGH
plr_b3d79119,Dwight McNeil,,,,,,,EXACT,HIGH
plr_b3f9e840,Prince Oniangué,,,,,transfermarkt,60578,EXACT,HIGH
plr_b3fa3efa,Alexis Sánchez,,,,,transfermarkt,40433,EXACT,HIGH
plr_b40721dd,Igor Julio,,,,,transfermarkt,380350,EXACT,HIGH
plr_b410c737,Axel Tuanzebe,,,,,,,EXACT,HIGH
plr_b424b132,Ryan Kent,,,,,transfermarkt,279457,EXACT,HIGH
plr_b43f1891,Joseph Whitworth,,,,,,,EXACT,HIGH
plr_b4442ab0,Luke Harris,,,,,,,EXACT,HIGH
plr_b44b069c,Kalidou Koulibaly,,,,,transfermarkt,93128,EXACT,HIGH
plr_b44ba65a,Aaron Wan-Bissaka,,,,,,,EXACT,HIGH
plr_b462cac1,Nathan Ferguson,,,,,,,EXACT,HIGH
plr_b4643b80,Jorge Luiz Frello Filho,,,,,,,EXACT,HIGH
plr_b4818c4f,Onel Hernández,,,,,,,EXACT,HIGH
plr_b483a5ba,Gylfi Sigurdsson,,,,,,,EXACT,HIGH
plr_b48b0d30,Jean-Philippe Gbamin,,,,,,,EXACT,HIGH
plr_b48c198b,Kayky da Silva Chagas,,,,,,,EXACT,HIGH
plr_b48d4fca,Admiral Muskwe,,,,,transfermarkt,314378,EXACT,HIGH
plr_b48f4763,Marc Cucurella Saseta,,,,,,,EXACT,HIGH
plr_b494af93,Abdallah Sima,,,,,transfermarkt,776798,EXACT,HIGH
plr_b4a6b43d,Joe Hodge,,,,,transfermarkt,503975,EXACT,HIGH
plr_b4b18fca,Lewis Bate,,,,,,,EXACT,HIGH
plr_b4bd1cf8,Kiernan Dewsbury-Hall,,,,,,,EXACT,HIGH
plr_b4c11367,Tim Iroegbunam,,,,,,,EXACT,HIGH
plr_b4cdb56e,Charlie Goode,,,,,,,EXACT,HIGH
plr_b4e4af94,Darwin Núñez,,,,,transfermarkt,546543,EXACT,HIGH
plr_b4f16d75,Bukayo Saka,,,,,,,EXACT,HIGH
plr_b50a959a,Harry Lewis,,,,,,,EXACT,HIGH
plr_b50b429b,Jordon Ibe,,,,,,,EXACT,HIGH
plr_b50ef848,Ryan Finnigan,,,,,,,EXACT,HIGH
plr_b5257fb7,Kelland Watts,,,,,,,EXACT,HIGH
plr_b531ea63,Owen Otasowie,,,,,,,EXACT,HIGH
plr_b53c925c,Paul Dummett,,,,,,,EXACT,HIGH
plr_b552a30b,Raúl Jiménez,,,,,transfermarkt,206040,EXACT,HIGH
plr_b5550dbd,John Egan,,,,,,,EXACT,HIGH
plr_b556c718,Adam Lallana,,,,,,,EXACT,HIGH
plr_b55e240a,Ryan Fredericks,,,,,,,EXACT,HIGH
plr_b5653fbc,Jonny Evans,,,,,,,EXACT,HIGH
plr_b56a5265,Harvey Barnes,,,,,,,EXACT,HIGH
plr_b581a768,Vitaly Janelt,,,,,,,EXACT,HIGH
plr_b585f67c,Konstantinos Tsimikas,,,,,,,EXACT,HIGH
plr_b59072f7,Julián Alvarez,,,,,transfermarkt,576024,EXACT,HIGH
plr_b59cb587,Ellery Balcombe,,,,,,,EXACT,HIGH
plr_b5a34965,Morgan Sanson,,,,,,,EXACT,HIGH
plr_b5a61b9b,Olivier Giroud,,,,,,,EXACT,HIGH
plr_b5a99534,Daniel Ceballos Fernández,,,,,,,EXACT,HIGH
plr_b5ab7284,Alex Nicolao Telles,,,,,,,EXACT,HIGH
plr_b5b2cdc3,Sofiane Boufal,,,,,,,EXACT,HIGH
plr_b5b771b1,Dan Burn,,,,,,,EXACT,HIGH
plr_b5bbab03,Romain Perraud,,,,,,,EXACT,HIGH
plr_b5e114d5,John Ruddy,,,,,transfermarkt,29712,EXACT,HIGH
plr_b60c58c3,Fabian Delph,,,,,,,EXACT,HIGH
plr_b6115b77,Sam Woods,,,,,,,EXACT,HIGH
plr_b612b0d4,Hugo Lloris,,,,,,,EXACT,HIGH
plr_b61af771,Wilfried Zaha,,,,,transfermarkt,145988,EXACT,HIGH
plr_b61b3c33,Josh Brownhill,,,,,,,EXACT,HIGH
plr_b631f34a,Facundo Buonanotte,,,,,,,EXACT,HIGH
plr_b63493e7,Aaron Cresswell,,,,,,,EXACT,HIGH
plr_b639325b,Matthew Daly,,,,,,,EXACT,HIGH
plr_b6470895,Georges-Kevin N'Koudou,,,,,transfermarkt,215679,EXACT,HIGH
plr_b64d71d4,John Stones,,,,,,,EXACT,HIGH
plr_b65a8734,Jarrad Branthwaite,,,,,transfermarkt,661053,EXACT,HIGH
plr_b6854220,Marc Guéhi,,,,,transfermarkt,392757,EXACT,HIGH
plr_b68813b3,Yan Valery,,,,,,,EXACT,HIGH
plr_b68c78e5,Scott Carson,,,,,,,EXACT,HIGH
plr_b68d381d,Patrick Bamford,,,,,,,EXACT,HIGH
plr_b68f97e9,Yan Valery,,,,,,,EXACT,HIGH
plr_b6925aa9,Ethan Ebanks-Landell,,,,,transfermarkt,129067,EXACT,HIGH
plr_b696c939,Curtis Jones,,,,,,,EXACT,HIGH
plr_b69d9e28,Lewis Dunk,,,,,,,EXACT,HIGH
plr_b6af946d,Dwight Gayle,,,,,,,EXACT,HIGH
plr_b6ba3793,Andreas Christensen,,,,,transfermarkt,196948,EXACT,HIGH
plr_b6cb4864,Taylor Perry,,,,,,,EXACT,HIGH
plr_b6d7e48d,Ayoze Pérez,,,,,,,EXACT,HIGH
plr_b6e38b42,Callum Scanlon,,,,,,,EXACT,HIGH
plr_b6ebff29,Kurt Zouma,,,,,,,EXACT,HIGH
plr_b6ee548a,Michael Keane,,,,,,,EXACT,HIGH
plr_b708c663,Braian Ojeda Rodríguez,,,,,,,EXACT,HIGH
plr_b70c6061,Adrián San Miguel del Castillo,,,,,,,EXACT,HIGH
plr_b70c86f3,Dane Scarlett,,,,,,,EXACT,HIGH
plr_b71ee2e8,Reece Burke,,,,,transfermarkt,264220,EXACT,HIGH
plr_b72dee6c,Mohammed Salisu,,,,,,,EXACT,HIGH
plr_b7344446,Adam Webster,,,,,,,EXACT,HIGH
plr_b73897cd,Krystian Bielik,,,,,transfermarkt,287247,EXACT,HIGH
plr_b73b1891,Stefan Johansen,,,,,,,EXACT,HIGH
plr_b7496964,Joe Worrall,,,,,transfermarkt,415970,EXACT,HIGH
plr_b751aa87,Zach Awe,,,,,,,EXACT,HIGH
plr_b75f49f3,Ricardo Domingos Barbosa Pereira,,,,,,,EXACT,HIGH
plr_b768fd28,Dominic Sadi,,,,,,,EXACT,HIGH
plr_b76a8367,Rob Green,,,,,transfermarkt,11680,EXACT,HIGH
plr_b79ce40b,Romain Perraud,,,,,transfermarkt,318523,EXACT,HIGH
plr_b7b8f23e,Stuart Armstrong,,,,,,,EXACT,HIGH
plr_b7c7c881,Facundo Pellistri,,,,,transfermarkt,676318,EXACT,HIGH
plr_b7d07ad4,Ruben Loftus-Cheek,,,,,,,EXACT,HIGH
plr_b7dc9a36,Luke Thomas,,,,,,,EXACT,HIGH
plr_b7ed9d09,Ralf Fährmann,,,,,transfermarkt,39015,EXACT,HIGH
plr_b7f2396f,Jeffrey Schlupp,,,,,,,EXACT,HIGH
plr_b7f75198,Felipe Anderson,,,,,transfermarkt,159372,EXACT,HIGH
plr_b8006ebc,Stuart Armstrong,,,,,,,EXACT,HIGH
plr_b80b178b,John McGinn,,,,,,,EXACT,HIGH
plr_b81177dd,Mateusz Lis,,,,,transfermarkt,345437,EXACT,HIGH
plr_b81c3d9d,Tyrese Francois,,,,,,,EXACT,HIGH
plr_b82fff3f,Bobby Thomas,,,,,,,EXACT,HIGH
plr_b8329121,Jacob Sørensen,,,,,,,EXACT,HIGH
plr_b83fa4a3,Tomas Soucek,,,,,,,EXACT,HIGH
plr_b84ffdc4,Cameron Archer,,,,,,,EXACT,HIGH
plr_b8530a63,Marc Roca Junqué,,,,,,,EXACT,HIGH
plr_b872433c,Tomas Soucek,,,,,,,EXACT,HIGH
plr_b882118a,Bailey Peacock-Farrell,,,,,,,EXACT,HIGH
plr_b8952695,Pablo Fornals Malla,,,,,,,EXACT,HIGH
plr_b8a08e85,Pierre-Emile Højbjerg,,,,,,,EXACT,HIGH
plr_b8a32a1d,Kamil Conteh,,,,,,,EXACT,HIGH
plr_b8ac4ec7,Aaron Mooy,,,,,,,EXACT,HIGH
plr_b8b23820,Harry Toffolo,,,,,,,EXACT,HIGH
plr_b8bb9eeb,Raheem Sterling,,,,,,,EXACT,HIGH
plr_b8c56e25,Steven Alzate,,,,,,,EXACT,HIGH
plr_b8d24625,Deniz Undav,,,,,,,EXACT,HIGH
plr_b8d94879,Joseph Gomez,,,,,,,EXACT,HIGH
plr_b8e56c95,Eric Garcia,,,,,,,EXACT,HIGH
plr_b8ef6cfa,Davinson Sánchez,,,,,,,EXACT,HIGH
plr_b8f9c714,Marko Arnautovic,,,,,transfermarkt,41384,EXACT,HIGH
plr_b9021453,Oliver Casey,,,,,,,EXACT,HIGH
plr_b90a0189,Niels Nkounkou,,,,,,,EXACT,HIGH
plr_b9171160,Juan Foyth,,,,,,,EXACT,HIGH
plr_b91e90c0,Federico Fernández,,,,,transfermarkt,85475,EXACT,HIGH
plr_b91fcd95,Mathias Normann,,,,,transfermarkt,257805,EXACT,HIGH
plr_b92bb250,David Junior Hoilett,,,,,,,EXACT,HIGH
plr_b960d849,Daniel Muñoz,,,,,transfermarkt,493003,EXACT,HIGH
plr_b96288e3,Oliver Skipp,,,,,,,EXACT,HIGH
plr_b966fd7c,Philip Billing,,,,,transfermarkt,320411,EXACT,HIGH
plr_b981232a,Marco Stiepermann,,,,,transfermarkt,45760,EXACT,HIGH
plr_b984b859,Emiliano Buendía Stati,,,,,,,EXACT,HIGH
plr_b986f035,Alfie Dorrington,,,,,,,EXACT,HIGH
plr_b9a9445d,Steven Bergwijn,,,,,,,EXACT,HIGH
plr_b9bc17db,Andreas Hoelgebaum Pereira,,,,,,,EXACT,HIGH
plr_b9cc9a07,Aaron Wan-Bissaka,,,,,transfermarkt,477758,EXACT,HIGH
plr_ba29b048,Jordan Hugill,,,,,,,EXACT,HIGH
plr_ba2fc205,Sean Longstaff,,,,,transfermarkt,346707,EXACT,HIGH
plr_ba32ab70,Matija Sarkic,,,,,transfermarkt,293257,EXACT,HIGH
plr_ba43543c,Kyle Edwards,,,,,,,EXACT,HIGH
plr_ba448454,Milos Kerkez,,,,,transfermarkt,730861,EXACT,HIGH
plr_ba4c3d06,Aaron Tshibola,,,,,transfermarkt,243633,EXACT,HIGH
plr_ba4de6b4,Brandon Austin,,,,,,,EXACT,HIGH
plr_ba5aa623,Alex Král,,,,,transfermarkt,337333,EXACT,HIGH
plr_ba688344,Dennis Cirkin,,,,,,,EXACT,HIGH
plr_ba6dc226,Bernd Leno,,,,,,,EXACT,HIGH
plr_ba7376c9,Odeluga Offiah,,,,,,,EXACT,HIGH
plr_ba86beca,Jack Stacey,,,,,,,EXACT,HIGH
plr_ba999046,Rui Pedro dos Santos Patrício,,,,,,,EXACT,HIGH
plr_baa7df05,Leandro Trossard,,,,,,,EXACT,HIGH
plr_baacf4d5,Oliver Skipp,,,,,,,EXACT,HIGH
plr_baacfe09,Harry Maguire,,,,,transfermarkt,177907,EXACT,HIGH
plr_babf6d0c,Denis Suárez,,,,,transfermarkt,165007,EXACT,HIGH
plr_bac8464a,Çaglar Söyüncü,,,,,,,EXACT,HIGH
plr_bac9d792,Oliver Skipp,,,,,,,EXACT,HIGH
plr_bad00700,Maxwell Haygarth,,,,,,,EXACT,HIGH
plr_bae294ac,Naby Keita,,,,,,,EXACT,HIGH
plr_bae8356d,Jiri Skalak,,,,,transfermarkt,148734,EXACT,HIGH
plr_bafac924,Steven Alzate,,,,,,,EXACT,HIGH
plr_bb017e15,Jack Rose,,,,,transfermarkt,186923,EXACT,HIGH
plr_bb14527c,Ezri Konsa,,,,,transfermarkt,413403,EXACT,HIGH
plr_bb22d288,Owen Goodman,,,,,,,EXACT,HIGH
plr_bb23e953,Vincent Angelini,,,,,,,EXACT,HIGH
plr_bb288989,Romain Saïss,,,,,,,EXACT,HIGH
plr_bb322fdf,Andrey Santos,,,,,transfermarkt,743600,EXACT,HIGH
plr_bb4b90c6,Christian Benteke,,,,,,,EXACT,HIGH
plr_bb525c72,Lamare Bogarde,,,,,,,EXACT,HIGH
plr_bb609fd5,Leander Dendoncker,,,,,,,EXACT,HIGH
plr_bb67fda3,Djed Spence,,,,,,,EXACT,HIGH
plr_bb75c5f3,Gabriel dos Santos Magalhães,,,,,,,EXACT,HIGH
plr_bb7edf63,Eric Bailly,,,,,,,EXACT,HIGH
plr_bb7f4ce9,Kenny Tete,,,,,,,EXACT,HIGH
plr_bb86f7d3,Fletcher Holman,,,,,,,EXACT,HIGH
plr_bba0c28d,Jean-Kévin Augustin,,,,,transfermarkt,264956,EXACT,HIGH
plr_bba64255,Alex Smithies,,,,,,,EXACT,HIGH
plr_bbd4e8dc,Angus Gunn,,,,,transfermarkt,201574,EXACT,HIGH
plr_bbdd3249,Moussa Djenepo,,,,,,,EXACT,HIGH
plr_bbe96b8c,Tammy Abraham,,,,,,,EXACT,HIGH
plr_bbf0fb0d,George Baldock,,,,,,,EXACT,HIGH
plr_bc074348,Aaron Ramsdale,,,,,,,EXACT,HIGH
plr_bc07e45c,Lee Tomlin,,,,,transfermarkt,104586,EXACT,HIGH
plr_bc14a727,Yerry Mina,,,,,,,EXACT,HIGH
plr_bc198240,Maxwel Cornet,,,,,,,EXACT,HIGH
plr_bc1baf0b,Tom Heaton,,,,,,,EXACT,HIGH
plr_bc1efc9a,Shane Duffy,,,,,transfermarkt,119269,EXACT,HIGH
plr_bc317643,Leigh Kavanagh,,,,,,,EXACT,HIGH
plr_bc384ffa,Kamil Miazek,,,,,transfermarkt,237632,EXACT,HIGH
plr_bc3d7cbe,Ashley Westwood,,,,,,,EXACT,HIGH
plr_bc42e1e2,Daniel Jebbison,,,,,,,EXACT,HIGH
plr_bc456b0b,Lewis Warrington,,,,,,,EXACT,HIGH
plr_bc4bf056,Flynn Downes,,,,,transfermarkt,506189,EXACT,HIGH
plr_bc5db7b4,Marlos Moreno,,,,,transfermarkt,345654,EXACT,HIGH
plr_bc79f7c0,Mohamed Dräger,,,,,transfermarkt,192167,EXACT,HIGH
plr_bc810bac,Siriki Dembélé,,,,,,,EXACT,HIGH
plr_bc84c42a,Jan Bednarek,,,,,,,EXACT,HIGH
plr_bc991cb2,Lucas Bergström,,,,,transfermarkt,490606,EXACT,HIGH
plr_bcaf28f5,Christian Eriksen,,,,,,,EXACT,HIGH
plr_bcb187a0,Anthony Martial,,,,,,,EXACT,HIGH
plr_bcb94a38,João Virgínia,,,,,,,EXACT,HIGH
plr_bcdb5476,Karl Hein,,,,,,,EXACT,HIGH
plr_bcdbfc23,Bernardo Fernandes da Silva Junior,,,,,,,EXACT,HIGH
plr_bcde3239,Andi Zeqiri,,,,,,,EXACT,HIGH
plr_bcfb8e61,Saïd Benrahma,,,,,,,EXACT,HIGH
plr_bcfc3b34,Kyle Walker,,,,,,,EXACT,HIGH
plr_bd09b626,Reuell Walters,,,,,,,EXACT,HIGH
plr_bd0b8916,Sasa Kalajdzic,,,,,,,EXACT,HIGH
plr_bd33ead6,Manor Solomon,,,,,,,EXACT,HIGH
plr_bd3b7276,Jordan Ayew,,,,,,,EXACT,HIGH
plr_bd6a893b,Lewis Miley,,,,,transfermarkt,922769,EXACT,HIGH
plr_bd892b2b,Matt Doherty,,,,,,,EXACT,HIGH
plr_bda65dd4,Seamus Coleman,,,,,,,EXACT,HIGH
plr_bdad5a63,Oliver Norwood,,,,,transfermarkt,73547,EXACT,HIGH
plr_bdadaff1,Jed Steer,,,,,,,EXACT,HIGH
plr_bdb389af,Robert Huth,,,,,transfermarkt,2998,EXACT,HIGH
plr_bde8ba92,Jose Luis Mato Sanmartín,,,,,,,EXACT,HIGH
plr_bdf3847c,Matty James,,,,,,,EXACT,HIGH
plr_bdf4a35a,Ryan Bertrand,,,,,,,EXACT,HIGH
plr_be05ec04,Sheyi Ojo,,,,,transfermarkt,236510,EXACT,HIGH
plr_be34637d,Isaac Hayden,,,,,,,EXACT,HIGH
plr_be360f0c,Antoine Semenyo,,,,,transfermarkt,583255,EXACT,HIGH
plr_be3db92a,Kortney Hause,,,,,,,EXACT,HIGH
plr_be50c2b9,Timo Werner,,,,,transfermarkt,170527,EXACT,HIGH
plr_be514896,João Filipe Iria Santos Moutinho,,,,,,,EXACT,HIGH
plr_be51e50e,Eduardo,,,,,transfermarkt,34159,EXACT,HIGH
plr_be5bd356,Phil Bardsley,,,,,,,EXACT,HIGH
plr_be660ef5,Bjorn Engels,,,,,,,EXACT,HIGH
plr_be8b52dc,Archie Gray,,,,,,,EXACT,HIGH
plr_be8e97a0,Naby Keita,,,,,,,EXACT,HIGH
plr_be9ef6b4,Neal Maupay,,,,,,,EXACT,HIGH
plr_bea6732e,Cristian Romero,,,,,,,EXACT,HIGH
plr_beb29d14,João Félix,,,,,transfermarkt,462250,EXACT,HIGH
plr_beb30cf4,Christopher Nkunku,,,,,transfermarkt,344381,EXACT,HIGH
plr_bed421dc,Phil Foden,,,,,,,EXACT,HIGH
plr_bed7298d,Florin Andone,,,,,,,EXACT,HIGH
plr_bedf2653,Ryan Fredericks,,,,,,,EXACT,HIGH
plr_bef2f1bc,Joe Taylor,,,,,transfermarkt,944551,EXACT,HIGH
plr_bf03df1f,Ryan Finnigan,,,,,,,EXACT,HIGH
plr_bf0618bf,Ben Davies,,,,,,,EXACT,HIGH
plr_bf0dc4a8,Keinan Davis,,,,,,,EXACT,HIGH
plr_bf3e5dd0,Antoine Semenyo,,,,,,,EXACT,HIGH
plr_bf48ab5e,Leroy Sané,,,,,,,EXACT,HIGH
plr_bf6ae55e,Christopher Schindler,,,,,,,EXACT,HIGH
plr_bf8f7bbc,Frank Onyeka,,,,,,,EXACT,HIGH
plr_bfc08612,Riyad Mahrez,,,,,,,EXACT,HIGH
plr_bfc434ba,Charlie Taylor,,,,,,,EXACT,HIGH
plr_bfd1eb63,Rhys Williams,,,,,transfermarkt,503679,EXACT,HIGH
plr_bfd414ae,Billy Crellin,,,,,transfermarkt,536794,EXACT,HIGH
plr_c003c481,Max Kinsey-Wellings,,,,,,,EXACT,HIGH
plr_c007fcea,Fábio Vieira,,,,,transfermarkt,537598,EXACT,HIGH
plr_c016e860,Kasper Schmeichel,,,,,,,EXACT,HIGH
plr_c01c0f34,Sead Kolasinac,,,,,,,EXACT,HIGH
plr_c025f546,Matt O'Riley,,,,,transfermarkt,406634,EXACT,HIGH
plr_c0353d73,Jay Rodriguez,,,,,,,EXACT,HIGH
plr_c0454a67,Bailey Peacock-Farrell,,,,,,,EXACT,HIGH
plr_c04b0d5d,Reece Welch,,,,,,,EXACT,HIGH
plr_c051e216,Ashley Darel Jazz Richards,,,,,,,EXACT,HIGH
plr_c05b2476,Ruben Loftus-Cheek,,,,,,,EXACT,HIGH
plr_c05c17e4,Kobbie Mainoo,,,,,transfermarkt,820374,EXACT,HIGH
plr_c0686055,Fraser Forster,,,,,,,EXACT,HIGH
plr_c070603f,Donny van de Beek,,,,,,,EXACT,HIGH
plr_c092db73,Lucas Digne,,,,,,,EXACT,HIGH
plr_c09d41c4,Michael McGovern,,,,,,,EXACT,HIGH
plr_c09db844,Florin Andone,,,,,,,EXACT,HIGH
plr_c0aec305,Ricardo Barbosa Pereira,,,,,,,EXACT,HIGH
plr_c0b6795a,Kepa Arrizabalaga,,,,,,,EXACT,HIGH
plr_c0be2b4a,Darren Randolph,,,,,,,EXACT,HIGH
plr_c0c536dd,James McArthur,,,,,transfermarkt,41416,EXACT,HIGH
plr_c0ddfee7,John McGinn,,,,,,,EXACT,HIGH
plr_c1074816,Frederico Rodrigues de Paula Santos,,,,,,,EXACT,HIGH
plr_c10daf1b,Jaden Philogene-Bidace,,,,,,,EXACT,HIGH
plr_c111cd58,Sebastian Prödl,,,,,transfermarkt,37981,EXACT,HIGH
plr_c12c754f,Jordan Hugill,,,,,transfermarkt,291544,EXACT,HIGH
plr_c12ffbf6,Willian Borges Da Silva,,,,,,,EXACT,HIGH
plr_c1330eb0,Eric Dier,,,,,transfermarkt,175722,EXACT,HIGH
plr_c139dcc0,Michael Dacosta Gonzalez,,,,,,,EXACT,HIGH
plr_c164bf16,Roméo Lavia,,,,,transfermarkt,628451,EXACT,HIGH
plr_c168f9f2,Mark Noble,,,,,,,EXACT,HIGH
plr_c179a3b5,Christian Saydee,,,,,,,EXACT,HIGH
plr_c18fd9ea,Pierre Ekwah,,,,,,,EXACT,HIGH
plr_c190b950,Kristoffer Klaesson,,,,,,,EXACT,HIGH
plr_c19e3649,Tyias Browning,,,,,transfermarkt,156934,EXACT,HIGH
plr_c19f084e,Samuel Bastien,,,,,transfermarkt,289510,EXACT,HIGH
plr_c1a55ea2,Joe Gauci,,,,,transfermarkt,591844,EXACT,HIGH
plr_c1ae9e7d,Moise Kean,,,,,,,EXACT,HIGH
plr_c1b0dd47,Christian Eriksen,,,,,,,EXACT,HIGH
plr_c1b96ef6,Pierre-Emerick Aubameyang,,,,,,,EXACT,HIGH
plr_c1c8a64e,Tommy Doyle,,,,,transfermarkt,433183,EXACT,HIGH
plr_c1ccfbc8,Diego Da Silva Costa,,,,,,,EXACT,HIGH
plr_c1e41eae,Joe Rodon,,,,,transfermarkt,297212,EXACT,HIGH
plr_c1f09ab8,Mads Bidstrup,,,,,,,EXACT,HIGH
plr_c1f35599,Max Meyer,,,,,transfermarkt,146164,EXACT,HIGH
plr_c1fd5ee1,Luka Milivojevic,,,,,transfermarkt,74300,EXACT,HIGH
plr_c201ba3e,Michail Antonio,,,,,,,EXACT,HIGH
plr_c2190657,Adedapo Awokoya-Mebude,,,,,,,EXACT,HIGH
plr_c22af7d3,Dale Stephens,,,,,,,EXACT,HIGH
plr_c2323862,Charlie Cresswell,,,,,,,EXACT,HIGH
plr_c232b6bb,Nathan Broadhead,,,,,transfermarkt,344009,EXACT,HIGH
plr_c248e0da,Brandon Austin,,,,,transfermarkt,428016,EXACT,HIGH
plr_c25287e5,James Ward-Prowse,,,,,,,EXACT,HIGH
plr_c28d089b,Héctor Bellerín,,,,,transfermarkt,191217,EXACT,HIGH
plr_c29c8afb,Mark Travers,,,,,,,EXACT,HIGH
plr_c2a14d22,Boubacar Traoré,,,,,,,EXACT,HIGH
plr_c2a46a3f,Jan Bednarek,,,,,transfermarkt,243028,EXACT,HIGH
plr_c2a54c9f,Jamaal Lascelles,,,,,,,EXACT,HIGH
plr_c2b64cfd,Ozan Kabak,,,,,transfermarkt,361260,EXACT,HIGH
plr_c2cb7679,Tom Cannon,,,,,transfermarkt,669366,EXACT,HIGH
plr_c2ceefd4,Will Hughes,,,,,,,EXACT,HIGH
plr_c2d154bc,Bernard Anício Caldeira Duarte,,,,,,,EXACT,HIGH
plr_c2d380de,Ibrahima Konaté,,,,,,,EXACT,HIGH
plr_c2d96404,Rhoys Wiggins,,,,,transfermarkt,42298,EXACT,HIGH
plr_c2dfeaa0,Thomas McGill,,,,,,,EXACT,HIGH
plr_c2e8fa10,Kaine Hayden,,,,,,,EXACT,HIGH
plr_c2ec34e5,Niels Nkounkou,,,,,,,EXACT,HIGH
plr_c2ff174a,Gavin Kilkenny,,,,,,,EXACT,HIGH
plr_c31cf77d,Chem Campbell,,,,,,,EXACT,HIGH
plr_c3213d09,Virgil van Dijk,,,,,,,EXACT,HIGH
plr_c34dacde,Harry Kane,,,,,,,EXACT,HIGH
plr_c353b953,James McArthur,,,,,,,EXACT,HIGH
plr_c36031eb,Alexander Isak,,,,,transfermarkt,349066,EXACT,HIGH
plr_c361f5d5,Edouard Mendy,,,,,transfermarkt,442531,EXACT,HIGH
plr_c37fb231,Connor Wickham,,,,,,,EXACT,HIGH
plr_c3864398,Frederick Woodman,,,,,,,EXACT,HIGH
plr_c38c3812,Moussa Niakhaté,,,,,transfermarkt,291200,EXACT,HIGH
plr_c3944c1f,Aaron Ramsey,,,,,,,EXACT,HIGH
plr_c39fa837,Ibrahima Diallo,,,,,,,EXACT,HIGH
plr_c3ab7bba,Joe Hart,,,,,,,EXACT,HIGH
plr_c3b48477,Scott Dann,,,,,transfermarkt,62688,EXACT,HIGH
plr_c3bc91b2,Jacob Ramsey,,,,,,,EXACT,HIGH
plr_c3c64e08,Ben Godfrey,,,,,,,EXACT,HIGH
plr_c3c93a05,Grady Diangana,,,,,,,EXACT,HIGH
plr_c3c993f9,Allan,,,,,transfermarkt,385271,EXACT,HIGH
plr_c3df3771,Hannibal,,,,,transfermarkt,607224,EXACT,HIGH
plr_c3e54f62,César Azpilicueta,,,,,,,EXACT,HIGH
plr_c40d11e0,Lukasz Fabianski,,,,,,,EXACT,HIGH
plr_c4185370,Tommi O'Reilly,,,,,,,EXACT,HIGH
plr_c418d6fe,Thiago Alcántara,,,,,transfermarkt,60444,EXACT,HIGH
plr_c41b60f7,Dan Burn,,,,,,,EXACT,HIGH
plr_c41cea4f,Darnell Furlong,,,,,,,EXACT,HIGH
plr_c41ec98b,Tim Ream,,,,,,,EXACT,HIGH
plr_c4308a1c,Marc Jurado Gomez,,,,,,,EXACT,HIGH
plr_c4388f94,Neil Taylor,,,,,,,EXACT,HIGH
plr_c45dc35c,Harry Maguire,,,,,,,EXACT,HIGH
plr_c47d46d4,Chung-yong Lee,,,,,transfermarkt,81801,EXACT,HIGH
plr_c48f2323,John Stones,,,,,,,EXACT,HIGH
plr_c4981f52,Ben Chilwell,,,,,,,EXACT,HIGH
plr_c4b38f03,Yan Valery,,,,,,,EXACT,HIGH
plr_c4b8c3cf,Joe Ralls,,,,,,,EXACT,HIGH
plr_c4c8c5e9,Michael Keane,,,,,,,EXACT,HIGH
plr_c4d398c9,Nampalys Mendy,,,,,,,EXACT,HIGH
plr_c4e063a2,Vicente Guaita,,,,,,,EXACT,HIGH
plr_c4ed62e7,Luka Ilic,,,,,transfermarkt,429790,EXACT,HIGH
plr_c5093729,Rajiv van La Parra,,,,,transfermarkt,77001,EXACT,HIGH
plr_c51fe61e,Danny Welbeck,,,,,,,EXACT,HIGH
plr_c526d7ec,Lucas Moura,,,,,transfermarkt,77100,EXACT,HIGH
plr_c52e2e16,Daniel Iversen,,,,,transfermarkt,260841,EXACT,HIGH
plr_c53112f5,Marc Guéhi,,,,,,,EXACT,HIGH
plr_c53f6349,Jean-Philippe Gbamin,,,,,,,EXACT,HIGH
plr_c542991d,DeAndre Yedlin,,,,,transfermarkt,255916,EXACT,HIGH
plr_c54b22be,Jack Harrison,,,,,,,EXACT,HIGH
plr_c581c9d1,Winston Reid,,,,,,,EXACT,HIGH
plr_c58a7cc8,Declan Rice,,,,,transfermarkt,357662,EXACT,HIGH
plr_c5924452,Riyad Mahrez,,,,,,,EXACT,HIGH
plr_c5a14892,Daryl Janmaat,,,,,,,EXACT,HIGH
plr_c5bab3c8,Rui Fonte,,,,,transfermarkt,9335,EXACT,HIGH
plr_c5cf491a,Joshua King,,,,,,,EXACT,HIGH
plr_c5d403c2,Oghenekaro Peter Etebo,,,,,,,EXACT,HIGH
plr_c5ebfde0,Jordan Pickford,,,,,,,EXACT,HIGH
plr_c5f0a9f8,Matthew Dibley-Dias,,,,,,,EXACT,HIGH
plr_c5ff1ce2,Ethan Nwaneri,,,,,,,EXACT,HIGH
plr_c609ab88,Joe Bryan,,,,,transfermarkt,194460,EXACT,HIGH
plr_c63673bf,Junior Stanislas,,,,,transfermarkt,87672,EXACT,HIGH
plr_c63f512d,Folarin Balogun,,,,,,,EXACT,HIGH
plr_c64d816d,Danny Ings,,,,,,,EXACT,HIGH
plr_c6509a79,Jürgen Locadia,,,,,,,EXACT,HIGH
plr_c67604e0,Jeffrey Schlupp,,,,,,,EXACT,HIGH
plr_c67e84b0,Ellery Balcombe,,,,,transfermarkt,456292,EXACT,HIGH
plr_c68d6c16,Bertrand Traoré,,,,,transfermarkt,131996,EXACT,HIGH
plr_c69b7eb0,Jason Steele,,,,,transfermarkt,73564,EXACT,HIGH
plr_c6e8ef67,Juan Mata,,,,,,,EXACT,HIGH
plr_c6fd3685,Máximo Perrone,,,,,,,EXACT,HIGH
plr_c6fd618c,Kurt Zouma,,,,,,,EXACT,HIGH
plr_c7010e66,Ben Gibson,,,,,,,EXACT,HIGH
plr_c703bf11,Alejandro Garnacho,,,,,transfermarkt,811779,EXACT,HIGH
plr_c73a895b,John McGinn,,,,,,,EXACT,HIGH
plr_c73f60dc,Boubacar Kamara,,,,,transfermarkt,394327,EXACT,HIGH
plr_c74a37b8,Tom Heaton,,,,,,,EXACT,HIGH
plr_c7552b23,Jili Buyabu,,,,,,,EXACT,HIGH
plr_c7607bce,Ezequiel Schelotto,,,,,,,EXACT,HIGH
plr_c795f503,Moisés Caicedo,,,,,transfermarkt,687626,EXACT,HIGH
plr_c7e0b689,Ben Godfrey,,,,,,,EXACT,HIGH
plr_c7f28865,Shane Long,,,,,transfermarkt,37304,EXACT,HIGH
plr_c7fa4b2c,Nicolas Pépé,,,,,,,EXACT,HIGH
plr_c80a09ce,Jordan Pickford,,,,,,,EXACT,HIGH
plr_c80c7ccc,Frédéric Gounongbe,,,,,transfermarkt,128304,EXACT,HIGH
plr_c80cc009,Martin Ødegaard,,,,,transfermarkt,316264,EXACT,HIGH
plr_c8213a41,Scott Carson,,,,,,,EXACT,HIGH
plr_c828877d,Dara O'Shea,,,,,transfermarkt,401320,EXACT,HIGH
plr_c8338009,Paul Onuachu,,,,,transfermarkt,272855,EXACT,HIGH
plr_c8646960,Gabriel Teodoro Martinelli Silva,,,,,,,EXACT,HIGH
plr_c87bcddb,Ben Johnson,,,,,transfermarkt,468002,EXACT,HIGH
plr_c883b27f,Roderick Jefferson Gonçalves Miranda,,,,,,,EXACT,HIGH
plr_c89984c2,Alex Iwobi,,,,,,,EXACT,HIGH
plr_c8ac9c7c,Adam Lallana,,,,,,,EXACT,HIGH
plr_c8bf144a,Bonatini Lohner Maia Bonatini,,,,,,,EXACT,HIGH
plr_c8c2df65,Ethan Ampadu,,,,,transfermarkt,392771,EXACT,HIGH
plr_c8f755d2,Antony Matheus dos Santos,,,,,,,EXACT,HIGH
plr_c90504cd,Antonee Robinson,,,,,transfermarkt,349701,EXACT,HIGH
plr_c90a8ba3,Obbi Oulare,,,,,transfermarkt,314959,EXACT,HIGH
plr_c9115291,Tom King,,,,,transfermarkt,215810,EXACT,HIGH
plr_c91da8db,Gabriel Martinelli Silva,,,,,,,EXACT,HIGH
plr_c940eaf6,Luke Amos,,,,,,,EXACT,HIGH
plr_c94506ed,Alex Pritchard,,,,,,,EXACT,HIGH
plr_c948fdd6,Daniel Amartey,,,,,,,EXACT,HIGH
plr_c949338c,Sung-yueng Ki,,,,,transfermarkt,81796,EXACT,HIGH
plr_c949c65e,John Stones,,,,,,,EXACT,HIGH
plr_c9598691,Jamaal Lascelles,,,,,,,EXACT,HIGH
plr_c95ae376,Harry Arter,,,,,transfermarkt,55742,EXACT,HIGH
plr_c96d4e34,James McAtee,,,,,,,EXACT,HIGH
plr_c96f99c6,Konstantinos Tsimikas,,,,,,,EXACT,HIGH
plr_c9996280,Martin Dubravka,,,,,,,EXACT,HIGH
plr_c9c7a858,Jordan Stevens,,,,,transfermarkt,533913,EXACT,HIGH
plr_c9d272ef,Victor Lindelöf,,,,,,,EXACT,HIGH
plr_c9d918b4,Sergi Canós Tenés,,,,,,,EXACT,HIGH
plr_c9e1c1f3,Jesse Lingard,,,,,,,EXACT,HIGH
plr_c9e22449,Ashley Young,,,,,,,EXACT,HIGH
plr_c9efd2e5,Mads Andersen,,,,,transfermarkt,407021,EXACT,HIGH
plr_c9f999b9,Kevin Long,,,,,,,EXACT,HIGH
plr_c9ffeb47,Orel Mangala,,,,,transfermarkt,289592,EXACT,HIGH
plr_ca1233bf,Carlos Mendes Gomes,,,,,,,EXACT,HIGH
plr_ca1c6eaa,Adam Smith,,,,,,,EXACT,HIGH
plr_ca297528,Darko Churlinov,,,,,transfermarkt,386786,EXACT,HIGH
plr_ca3a62da,Asmir Begovic,,,,,,,EXACT,HIGH
plr_ca484a81,Lee Camp,,,,,transfermarkt,13443,EXACT,HIGH
plr_ca59b862,Oleksandr Zinchenko,,,,,,,EXACT,HIGH
plr_ca7953b4,Mathew Ryan,,,,,,,EXACT,HIGH
plr_ca91e899,Armel Bella-Kotchap,,,,,transfermarkt,467563,EXACT,HIGH
plr_ca95c32f,Raheem Sterling,,,,,,,EXACT,HIGH
plr_ca975e7a,Lewis Richards,,,,,,,EXACT,HIGH
plr_caa2bcc8,Archie Mair,,,,,,,EXACT,HIGH
plr_caa4a082,Jonathan Bond,,,,,transfermarkt,130768,EXACT,HIGH
plr_caa70569,Kelechi Iheanacho,,,,,,,EXACT,HIGH
plr_caacd7a6,Hugo Bueno López,,,,,,,EXACT,HIGH
plr_cac26686,Tanguy Ndombele,,,,,,,EXACT,HIGH
plr_cad38e7e,José Holebas,,,,,,,EXACT,HIGH
plr_cad4b341,Valintino Adedokun,,,,,,,EXACT,HIGH
plr_cad8bf4d,Alisson Ramses Becker,,,,,,,EXACT,HIGH
plr_cae338cb,Viljami Sinisalo,,,,,transfermarkt,484838,EXACT,HIGH
plr_cb0d42ef,Reece Welch,,,,,,,EXACT,HIGH
plr_cb0f8b8b,Toby King,,,,,,,EXACT,HIGH
plr_cb2e95da,Bernd Leno,,,,,,,EXACT,HIGH
plr_cb30301d,Arthur Masuaku,,,,,,,EXACT,HIGH
plr_cb4054f2,Shane Duffy,,,,,,,EXACT,HIGH
plr_cb466124,Gonzalo Higuaín,,,,,transfermarkt,39153,EXACT,HIGH
plr_cb6898d5,Kevin De Bruyne,,,,,,,EXACT,HIGH
plr_cb6ffaf4,Bobby De Cordova-Reid,,,,,,,EXACT,HIGH
plr_cb77edda,Daniel Ceballos Fernández,,,,,,,EXACT,HIGH
plr_cb89a4e7,Nicolas N'Koulou,,,,,transfermarkt,60577,EXACT,HIGH
plr_cb912767,John-Kymani Gordon,,,,,,,EXACT,HIGH
plr_cb95cf6d,Adam Webster,,,,,transfermarkt,212847,EXACT,HIGH
plr_cb9f6842,Florent Hadergjonaj,,,,,transfermarkt,238809,EXACT,HIGH
plr_cba255a8,Rodrigo Muniz Carvalho,,,,,,,EXACT,HIGH
plr_cba5817b,Robbie Brady,,,,,,,EXACT,HIGH
plr_cbb5c127,Dwight Gayle,,,,,,,EXACT,HIGH
plr_cbdb48b4,Kristoffer Klaesson,,,,,transfermarkt,418561,EXACT,HIGH
plr_cbde5979,James Maddison,,,,,,,EXACT,HIGH
plr_cc00d4b1,Romeo Lavia,,,,,,,EXACT,HIGH
plr_cc0853b8,Marcelo Djaló,,,,,transfermarkt,142022,EXACT,HIGH
plr_cc15baf5,Ellis Simms,,,,,,,EXACT,HIGH
plr_cc1d6a65,Roberto Firmino,,,,,,,EXACT,HIGH
plr_cc20c957,Dejan Lovren,,,,,,,EXACT,HIGH
plr_cc2722c3,Kortney Hause,,,,,transfermarkt,233124,EXACT,HIGH
plr_cc31e774,Adama Traoré,,,,,,,EXACT,HIGH
plr_cc33a8cf,Matthew Lowton,,,,,,,EXACT,HIGH
plr_cc558d8e,Andy Lonergan,,,,,transfermarkt,14044,EXACT,HIGH
plr_cc5b2987,Oriol Romeu Vidal,,,,,,,EXACT,HIGH
plr_cc7031e4,Samuel Edozie,,,,,transfermarkt,680806,EXACT,HIGH
plr_cc923701,Wayne Hennessey,,,,,,,EXACT,HIGH
plr_cc99a7c1,Jake Livermore,,,,,,,EXACT,HIGH
plr_ccce6a9e,John Fleck,,,,,,,EXACT,HIGH
plr_ccd9271d,Willy Boly,,,,,transfermarkt,142310,EXACT,HIGH
plr_ccef0fa9,Serge Aurier,,,,,transfermarkt,127032,EXACT,HIGH
plr_cd009cc7,Anthony Pilkington,,,,,transfermarkt,67322,EXACT,HIGH
plr_cd11fbb7,William Saliba,,,,,,,EXACT,HIGH
plr_cd223ecb,Jamie Vardy,,,,,,,EXACT,HIGH
plr_cd2c67e2,Michael Obafemi,,,,,transfermarkt,444208,EXACT,HIGH
plr_cd3f00cb,Nathan Collins,,,,,,,EXACT,HIGH
plr_cd49fb5b,Conor Coady,,,,,,,EXACT,HIGH
plr_cd4e4863,Jonathan Castro Otto,,,,,,,EXACT,HIGH
plr_cd6196cc,Harvey Griffiths,,,,,,,EXACT,HIGH
plr_cd77cac2,Ed Turns,,,,,,,EXACT,HIGH
plr_cd8996be,Francisco Jorge Tomás Oliveira,,,,,,,EXACT,HIGH
plr_cd8a52b5,Ted Curd,,,,,,,EXACT,HIGH
plr_cd9038ce,Zech Medley,,,,,,,EXACT,HIGH
plr_cd9bd9d3,Kwasi Sibo,,,,,transfermarkt,538006,EXACT,HIGH
plr_cdb288e7,Rodrigo Hernandez,,,,,,,EXACT,HIGH
plr_cdbe99ed,Elliot Anderson,,,,,,,EXACT,HIGH
plr_cdc6a54e,Norberto Bercique Gomes Betuncal,,,,,,,EXACT,HIGH
plr_cdd267e0,Lewis Baker,,,,,transfermarkt,198589,EXACT,HIGH
plr_cde4e237,Joe Hart,,,,,,,EXACT,HIGH
plr_cde5c85f,Sébastien Haller,,,,,,,EXACT,HIGH
plr_cdf0e3cd,Neeskens Kebano,,,,,transfermarkt,111422,EXACT,HIGH
plr_ce0c439a,Gabriel Fernando de Jesus,,,,,,,EXACT,HIGH
plr_ce197312,Amara Nallo,,,,,,,EXACT,HIGH
plr_ce26dd4c,Ty Barnett,,,,,,,EXACT,HIGH
plr_ce409803,Nathan Tella,,,,,,,EXACT,HIGH
plr_ce49eb7b,Claudio Bravo,,,,,transfermarkt,40423,EXACT,HIGH
plr_ce61449f,Eunan O'Kane,,,,,transfermarkt,61583,EXACT,HIGH
plr_ce62070e,Danny Batth,,,,,transfermarkt,129049,EXACT,HIGH
plr_ce798fbd,Max Kilman,,,,,,,EXACT,HIGH
plr_cea48102,Chris Wood,,,,,,,EXACT,HIGH
plr_cedc74e6,Emil Krafth,,,,,,,EXACT,HIGH
plr_ceecf8ab,Matthew Cash,,,,,,,EXACT,HIGH
plr_cef76dbb,Nathan Ferguson,,,,,transfermarkt,507254,EXACT,HIGH
plr_cf00fecd,Thomas Strakosha,,,,,,,EXACT,HIGH
plr_cf08a331,Andy Carroll,,,,,,,EXACT,HIGH
plr_cf15d5e4,Mateo Kovacic,,,,,,,EXACT,HIGH
plr_cf1f0b81,Nathan Trott,,,,,transfermarkt,431422,EXACT,HIGH
plr_cf4d3049,Jonjo Shelvey,,,,,,,EXACT,HIGH
plr_cf66e3de,Kell Watts,,,,,transfermarkt,484389,EXACT,HIGH
plr_cf68a449,Oliwier Zych,,,,,,,EXACT,HIGH
plr_cf6cbffb,Youssef Chermiti,,,,,transfermarkt,670688,EXACT,HIGH
plr_cf6fc630,Sven Botman,,,,,,,EXACT,HIGH
plr_cf787fd9,Lukasz Fabianski,,,,,,,EXACT,HIGH
plr_cf806328,Harvey Elliott,,,,,,,EXACT,HIGH
plr_cf83ce31,Kyle John,,,,,,,EXACT,HIGH
plr_cf980af5,Rekeem Harper,,,,,transfermarkt,456877,EXACT,HIGH
plr_cfaa5948,Ben Jackson,,,,,,,EXACT,HIGH
plr_cfbc0628,Fabián Balbuena,,,,,transfermarkt,285548,EXACT,HIGH
plr_cfc53e6f,Harry Burgoyne,,,,,transfermarkt,285583,EXACT,HIGH
plr_cfca29ec,Miguel Azeez,,,,,,,EXACT,HIGH
plr_cfcda215,Joseph Johnson,,,,,,,EXACT,HIGH
plr_cfd25af9,Ethan Wady,,,,,,,EXACT,HIGH
plr_cfeee230,John-Kymani Gordon,,,,,,,EXACT,HIGH
plr_cff7d333,Kevin De Bruyne,,,,,,,EXACT,HIGH
plr_cff93528,Josh Dasilva,,,,,,,EXACT,HIGH
plr_cffdff8e,Ryan Sessegnon,,,,,,,EXACT,HIGH
plr_d0045c0b,Pablo Hernández Domínguez,,,,,,,EXACT,HIGH
plr_d01d6c6d,Heurelho da Silva Gomes,,,,,,,EXACT,HIGH
plr_d0308cd6,Emil Krafth,,,,,,,EXACT,HIGH
plr_d04f158a,John Ruddy,,,,,,,EXACT,HIGH
plr_d050c644,Tyrick Mitchell,,,,,,,EXACT,HIGH
plr_d06637c5,Jordan Thomas,,,,,,,EXACT,HIGH
plr_d06a0422,Ben Foster,,,,,,,EXACT,HIGH
plr_d0820794,Viljami Sinisalo,,,,,,,EXACT,HIGH
plr_d0a4245c,Jarell Quansah,,,,,transfermarkt,632349,EXACT,HIGH
plr_d0a5315a,Paul Pogba,,,,,,,EXACT,HIGH
plr_d0bb1a9d,Virgil van Dijk,,,,,,,EXACT,HIGH
plr_d0cc68d9,Ben Gannon-Doak,,,,,transfermarkt,719673,EXACT,HIGH
plr_d0cc90af,Ben Johnson,,,,,,,EXACT,HIGH
plr_d0d93eab,Mateo Kovačić,,,,,,,EXACT,HIGH
plr_d0de4e9f,Vincent Janssen,,,,,,,EXACT,HIGH
plr_d0ee064b,Ibrahim Meite,,,,,transfermarkt,475292,EXACT,HIGH
plr_d0f5cbb0,Sean Scannell,,,,,transfermarkt,61549,EXACT,HIGH
plr_d0ffa088,Nicolas Pépé,,,,,,,EXACT,HIGH
plr_d108932b,Erik Durm,,,,,transfermarkt,93922,EXACT,HIGH
plr_d10a8915,Michael Olakigbe,,,,,,,EXACT,HIGH
plr_d10adf17,David Ospina,,,,,transfermarkt,73396,EXACT,HIGH
plr_d11e0488,Karl Darlow,,,,,transfermarkt,99397,EXACT,HIGH
plr_d1219c67,Matt Turner,,,,,,,EXACT,HIGH
plr_d1257a6c,Japhet Tanganga,,,,,,,EXACT,HIGH
plr_d126575b,Christian Benteke,,,,,,,EXACT,HIGH
plr_d1298b19,Carl Rushworth,,,,,transfermarkt,646353,EXACT,HIGH
plr_d14a3456,Luke Amos,,,,,,,EXACT,HIGH
plr_d15e0795,Jarrod Bowen,,,,,,,EXACT,HIGH
plr_d19559f2,Ryotaro Meshino,,,,,transfermarkt,426666,EXACT,HIGH
plr_d1bd9bdb,Salomón Rondón,,,,,transfermarkt,80197,EXACT,HIGH
plr_d1c27c2b,Grady Diangana,,,,,transfermarkt,342048,EXACT,HIGH
plr_d1cdbf30,Anthony Cáceres,,,,,transfermarkt,226739,EXACT,HIGH
plr_d1d2bda4,Nuno Varela Tavares,,,,,,,EXACT,HIGH
plr_d1da8ffe,Douglas Luiz Soares de Paulo,,,,,,,EXACT,HIGH
plr_d2362551,Stefan Bajcetic,,,,,,,EXACT,HIGH
plr_d23eb3b6,Jordan Ayew,,,,,,,EXACT,HIGH
plr_d24e6153,Ludwig Augustinsson,,,,,transfermarkt,170646,EXACT,HIGH
plr_d2502cf3,Yan Valery,,,,,,,EXACT,HIGH
plr_d269d250,Tomas Soucek,,,,,,,EXACT,HIGH
plr_d277726e,Romain Saïss,,,,,transfermarkt,204198,EXACT,HIGH
plr_d27bc6db,Gabriel Teodoro Martinelli Silva,,,,,,,EXACT,HIGH
plr_d293031d,Luis Díaz,,,,,,,EXACT,HIGH
plr_d2b2fc34,Jonathan Kodjia,,,,,transfermarkt,88971,EXACT,HIGH
plr_d2b94846,Adam Federici,,,,,transfermarkt,4233,EXACT,HIGH
plr_d2c93051,Richie Laryea,,,,,,,EXACT,HIGH
plr_d2cae005,Nathan Tella,,,,,,,EXACT,HIGH
plr_d2e0ef41,Mateusz Klich,,,,,transfermarkt,92738,EXACT,HIGH
plr_d2e9662b,Fabian Delph,,,,,transfermarkt,50362,EXACT,HIGH
plr_d2ec0752,Rico Henry,,,,,,,EXACT,HIGH
plr_d2fd7fb6,Bobby Clark,,,,,,,EXACT,HIGH
plr_d30e5489,Tom Davies,,,,,transfermarkt,314210,EXACT,HIGH
plr_d3129551,Ryan Oné,,,,,,,EXACT,HIGH
plr_d31b328a,Lewis O'Brien,,,,,,,EXACT,HIGH
plr_d31bcfa9,George Shelvey,,,,,,,EXACT,HIGH
plr_d333d2f9,David Martin,,,,,,,EXACT,HIGH
plr_d345e0dc,Shkodran Mustafi,,,,,,,EXACT,HIGH
plr_d3986b6f,Brandon Austin,,,,,,,EXACT,HIGH
plr_d399e6e6,Mohamed Salah,,,,,,,EXACT,HIGH
plr_d3a03fd2,Kieran Trippier,,,,,,,EXACT,HIGH
plr_d3b0d223,Vicente Guaita,,,,,,,EXACT,HIGH
plr_d3f48a06,Hélder Wander Sousa de Azevedo e Costa,,,,,,,EXACT,HIGH
plr_d3f98947,Zack Steffen,,,,,,,EXACT,HIGH
plr_d3fd02be,Adam Idah,,,,,,,EXACT,HIGH
plr_d402040f,Connor Goldson,,,,,transfermarkt,163656,EXACT,HIGH
plr_d4170fee,N'Golo Kanté,,,,,,,EXACT,HIGH
plr_d4221244,Paris Maghoma,,,,,transfermarkt,470596,EXACT,HIGH
plr_d427723e,Willy Boly,,,,,,,EXACT,HIGH
plr_d447f5b6,Jorge Luiz Frello Filho,,,,,,,EXACT,HIGH
plr_d44993c1,Luke Cundle,,,,,,,EXACT,HIGH
plr_d44b4428,Ki-Jana Hoever,,,,,,,EXACT,HIGH
plr_d44dc480,Marek Rodák,,,,,,,EXACT,HIGH
plr_d4543553,Davinson Sánchez,,,,,,,EXACT,HIGH
plr_d459d45b,Edward Nketiah,,,,,,,EXACT,HIGH
plr_d469f1c7,Joe Gelhardt,,,,,,,EXACT,HIGH
plr_d472f9d0,Daryl Janmaat,,,,,,,EXACT,HIGH
plr_d4a230d7,Tommy Smith,,,,,,,EXACT,HIGH
plr_d4be5e10,Mark Gillespie,,,,,,,EXACT,HIGH
plr_d4cc85c4,Joel Ward,,,,,,,EXACT,HIGH
plr_d4e30ab2,Nathan Redmond,,,,,,,EXACT,HIGH
plr_d4e55497,Ethan Pinnock,,,,,,,EXACT,HIGH
plr_d4f486a5,Callum Robinson,,,,,,,EXACT,HIGH
plr_d4f85289,Antonee Robinson,,,,,,,EXACT,HIGH
plr_d50dd6ed,Tareiq Holmes-Dennis,,,,,transfermarkt,261739,EXACT,HIGH
plr_d51feeea,Anthony Gordon,,,,,,,EXACT,HIGH
plr_d525837d,Steven Defour,,,,,,,EXACT,HIGH
plr_d541c3f9,Ben Godfrey,,,,,,,EXACT,HIGH
plr_d55904d4,Erik Lamela,,,,,,,EXACT,HIGH
plr_d55c1ee9,George Williams,,,,,transfermarkt,136368,EXACT,HIGH
plr_d55daa88,Sokratis Papastathopoulos,,,,,transfermarkt,34322,EXACT,HIGH
plr_d563759e,Adam Armstrong,,,,,transfermarkt,250426,EXACT,HIGH
plr_d56584a3,Simon Francis,,,,,,,EXACT,HIGH
plr_d56968be,Marc Albrighton,,,,,,,EXACT,HIGH
plr_d56f1341,Daley Blind,,,,,transfermarkt,12282,EXACT,HIGH
plr_d5991a02,Rui Pedro da Rocha Fonte,,,,,,,EXACT,HIGH
plr_d59aeda4,Islam Slimani,,,,,transfermarkt,174915,EXACT,HIGH
plr_d5b1cc05,Siriki Dembélé,,,,,transfermarkt,488656,EXACT,HIGH
plr_d5ec6962,Jonny Evans,,,,,,,EXACT,HIGH
plr_d5efa918,Callum Hulme,,,,,transfermarkt,502011,EXACT,HIGH
plr_d5f2c09c,Tim Ream,,,,,,,EXACT,HIGH
plr_d5fef6e3,Abdoulaye Doucouré,,,,,,,EXACT,HIGH
plr_d60d1a16,Alisson Ramses Becker,,,,,,,EXACT,HIGH
plr_d6116fcd,Ellis Simms,,,,,,,EXACT,HIGH
plr_d61950c6,Daniel Gore,,,,,,,EXACT,HIGH
plr_d61c767a,Nathaniel Chalobah,,,,,transfermarkt,128900,EXACT,HIGH
plr_d61e26ca,Bobby Reid,,,,,,,EXACT,HIGH
plr_d63714ca,James Garner,,,,,,,EXACT,HIGH
plr_d6382cca,Andrew Omobamidele,,,,,,,EXACT,HIGH
plr_d63a49be,Kurt Zouma,,,,,transfermarkt,157509,EXACT,HIGH
plr_d63a7df3,Yves Bissouma,,,,,,,EXACT,HIGH
plr_d6437cb7,Che Adams,,,,,,,EXACT,HIGH
plr_d650406c,Bruno Guimarães Rodriguez Moura,,,,,,,EXACT,HIGH
plr_d651b798,Jamie Vardy,,,,,,,EXACT,HIGH
plr_d65aef93,Phil Jagielka,,,,,transfermarkt,13520,EXACT,HIGH
plr_d668285b,Cristiano Ronaldo dos Santos Aveiro,,,,,,,EXACT,HIGH
plr_d6a1c100,Bobby Thomas,,,,,,,EXACT,HIGH
plr_d6a607a1,Fabricio Agosto Ramírez,,,,,,,EXACT,HIGH
plr_d6bece92,Harvey Vale,,,,,,,EXACT,HIGH
plr_d6c06bd1,Andy Carroll,,,,,,,EXACT,HIGH
plr_d6c51cd6,Will Norris,,,,,transfermarkt,285033,EXACT,HIGH
plr_d6cfb269,Richairo Zivkovic,,,,,transfermarkt,252755,EXACT,HIGH
plr_d6d509ac,Javier Manquillo,,,,,,,EXACT,HIGH
plr_d6df57de,Fabio Henrique Tavares,,,,,,,EXACT,HIGH
plr_d6e069af,Luke Freeman,,,,,,,EXACT,HIGH
plr_d6ecc2b1,Ezri Konsa Ngoyo,,,,,,,EXACT,HIGH
plr_d713726c,Adam Wharton,,,,,transfermarkt,744149,EXACT,HIGH
plr_d7401531,Takehiro Tomiyasu,,,,,,,EXACT,HIGH
plr_d74f750e,Naby Keita,,,,,,,EXACT,HIGH
plr_d755f6f9,Victor Wanyama,,,,,,,EXACT,HIGH
plr_d77e5795,Jack Cork,,,,,,,EXACT,HIGH
plr_d7833c4c,Ashley Barnes,,,,,transfermarkt,63200,EXACT,HIGH
plr_d7a075fd,Jacob Murphy,,,,,,,EXACT,HIGH
plr_d7a30cc3,Matej Vydra,,,,,,,EXACT,HIGH
plr_d7a31be6,Kieran Tierney,,,,,,,EXACT,HIGH
plr_d7a926b8,Angus Gunn,,,,,,,EXACT,HIGH
plr_d7bc5ce8,Isaac Success,,,,,transfermarkt,295331,EXACT,HIGH
plr_d7cc1439,Dejan Iliev,,,,,transfermarkt,205757,EXACT,HIGH
plr_d7dd3a0a,Tony Springett,,,,,,,EXACT,HIGH
plr_d7e366f0,Winston Reid,,,,,,,EXACT,HIGH
plr_d7ec6d2c,Arthur Masuaku,,,,,transfermarkt,181380,EXACT,HIGH
plr_d7fe2cd8,Matty Kennedy,,,,,transfermarkt,132207,EXACT,HIGH
plr_d8044f2d,Jay-Roy Grot,,,,,transfermarkt,360517,EXACT,HIGH
plr_d819074d,Diogo Dalot Teixeira,,,,,,,EXACT,HIGH
plr_d8301044,Josh Brooking,,,,,,,EXACT,HIGH
plr_d8302a96,Jack Wells-Morrison,,,,,,,EXACT,HIGH
plr_d830c030,Curtis Good,,,,,transfermarkt,179471,EXACT,HIGH
plr_d834ef53,James Bree,,,,,,,EXACT,HIGH
plr_d84173c1,Steve Cook,,,,,,,EXACT,HIGH
plr_d848230f,Joe Mason,,,,,transfermarkt,120706,EXACT,HIGH
plr_d84c055c,Edward Nketiah,,,,,,,EXACT,HIGH
plr_d84f0880,Aleksandar Mitrović,,,,,transfermarkt,51152,EXACT,HIGH
plr_d8631481,Miguel Azeez,,,,,,,EXACT,HIGH
plr_d8729aa8,Stuart Taylor,,,,,transfermarkt,3190,EXACT,HIGH
plr_d8884269,Harrison Ashby,,,,,,,EXACT,HIGH
plr_d889ad7a,Richarlison de Andrade,,,,,,,EXACT,HIGH
plr_d88df074,Max Kilman,,,,,,,EXACT,HIGH
plr_d88e5ee5,Dean Henderson,,,,,,,EXACT,HIGH
plr_d88f887f,Rafael Camacho,,,,,,,EXACT,HIGH
plr_d8a6d386,David Datro Fofana,,,,,,,EXACT,HIGH
plr_d8a97713,Andrew Robertson,,,,,,,EXACT,HIGH
plr_d8b40850,Mario Lemina,,,,,,,EXACT,HIGH
plr_d8cb1ee6,Liam Gibbs,,,,,,,EXACT,HIGH
plr_d8e6eda3,Jordan Ayew,,,,,,,EXACT,HIGH
plr_d8f34408,Bernard Ashley-Seal,,,,,,,EXACT,HIGH
plr_d8f48470,Jesurun Rak-Sakyi,,,,,,,EXACT,HIGH
plr_d9109e60,Wesley Hoedt,,,,,transfermarkt,253765,EXACT,HIGH
plr_d917b926,Ben Pearson,,,,,,,EXACT,HIGH
plr_d918470c,Dominic Dos Santos Martins,,,,,,,EXACT,HIGH
plr_d919b380,Ryan Fredericks,,,,,,,EXACT,HIGH
plr_d93b2d40,Vicente Guaita,,,,,,,EXACT,HIGH
plr_d940c44e,Cesare Casadei,,,,,transfermarkt,622380,EXACT,HIGH
plr_d94e7646,Ciaran Clark,,,,,,,EXACT,HIGH
plr_d9523fc2,Dan Gosling,,,,,,,EXACT,HIGH
plr_d9698762,Charlie Goode,,,,,transfermarkt,376856,EXACT,HIGH
plr_d97da073,Allan Saint-Maximin,,,,,,,EXACT,HIGH
plr_d9817493,Heung-Min Son,,,,,,,EXACT,HIGH
plr_d989ee81,Marcos Alonso,,,,,,,EXACT,HIGH
plr_d9a1af61,Will Hughes,,,,,,,EXACT,HIGH
plr_d9b94916,Josh Onomah,,,,,transfermarkt,243589,EXACT,HIGH
plr_d9b9d326,Joël Veltman,,,,,,,EXACT,HIGH
plr_d9bbb634,Barry Douglas,,,,,,,EXACT,HIGH
plr_d9bddd7f,Renat Dadashov,,,,,transfermarkt,335461,EXACT,HIGH
plr_d9dcb154,Mile Jedinak,,,,,transfermarkt,28336,EXACT,HIGH
plr_d9e03d2c,Craig Dawson,,,,,,,EXACT,HIGH
plr_d9ecd9de,Julio Enciso,,,,,transfermarkt,660867,EXACT,HIGH
plr_d9f3432e,Hugo Lloris,,,,,,,EXACT,HIGH
plr_da0877f6,André Gomes,,,,,transfermarkt,221025,EXACT,HIGH
plr_da0e5486,Matthew Lowton,,,,,,,EXACT,HIGH
plr_da12e5a0,Donny van de Beek,,,,,,,EXACT,HIGH
plr_da1deca4,William Fish,,,,,,,EXACT,HIGH
plr_da24d8fc,Simon Mignolet,,,,,transfermarkt,50219,EXACT,HIGH
plr_da25c5fa,André Filipe Tavares Gomes,,,,,,,EXACT,HIGH
plr_da274a34,Lyle Foster,,,,,,,EXACT,HIGH
plr_da3c01da,Joe Ayodele-Aribo,,,,,,,EXACT,HIGH
plr_da4b8e30,Steven Sessegnon,,,,,transfermarkt,406558,EXACT,HIGH
plr_da777c41,Artur Boruc,,,,,,,EXACT,HIGH
plr_da872fd3,Arijanet Murić,,,,,transfermarkt,371021,EXACT,HIGH
plr_da8e7ca8,Ricardo Domingos Barbosa Pereira,,,,,,,EXACT,HIGH
plr_da97857f,Manuel Akanji,,,,,,,EXACT,HIGH
plr_da9863e1,Michael Olise,,,,,,,EXACT,HIGH
plr_da9d0e75,Harry Winks,,,,,,,EXACT,HIGH
plr_daa1c19e,Lukas Jensen,,,,,,,EXACT,HIGH
plr_daa9173b,Djed Spence,,,,,transfermarkt,483348,EXACT,HIGH
plr_dab601da,Konstantinos Mavropanos,,,,,,,EXACT,HIGH
plr_dab60483,Harvey Elliott,,,,,,,EXACT,HIGH
plr_dab8e3f2,Gustavo Henrique Furtado Scarpa,,,,,,,EXACT,HIGH
plr_dabacad7,Ben White,,,,,,,EXACT,HIGH
plr_dac439d8,Alireza Jahanbakhsh,,,,,,,EXACT,HIGH
plr_dad0727b,Conor Coady,,,,,,,EXACT,HIGH
plr_daed29cf,Diego Llorente,,,,,transfermarkt,246291,EXACT,HIGH
plr_daf77a07,Loris Karius,,,,,transfermarkt,85864,EXACT,HIGH
plr_db336d01,David De Gea Quintana,,,,,,,EXACT,HIGH
plr_db4e1dac,Alexandre Nascimento Costa Silva,,,,,,,EXACT,HIGH
plr_db541176,Xherdan Shaqiri,,,,,transfermarkt,86792,EXACT,HIGH
plr_db68a922,Sam Johnstone,,,,,,,EXACT,HIGH
plr_db6ca92a,Joel Mumbongo,,,,,,,EXACT,HIGH
plr_db6eca67,Jamaal Lascelles,,,,,,,EXACT,HIGH
plr_db7b6bc0,Borja González Tomás,,,,,,,EXACT,HIGH
plr_db85421e,Christian Eriksen,,,,,,,EXACT,HIGH
plr_db86ad1a,Ryan Bertrand,,,,,,,EXACT,HIGH
plr_db97861b,Marc Cucurella Saseta,,,,,,,EXACT,HIGH
plr_dbc2c5f3,Tom McGill,,,,,transfermarkt,406556,EXACT,HIGH
plr_dbd818ff,Javier Manquillo,,,,,,,EXACT,HIGH
plr_dbd8d6fd,Lewis Dobbin,,,,,,,EXACT,HIGH
plr_dbdc688a,Levi Colwill,,,,,transfermarkt,614258,EXACT,HIGH
plr_dbfa47d3,Moritz Leitner,,,,,transfermarkt,82243,EXACT,HIGH
plr_dc035a0f,Ryan Alebiosu,,,,,,,EXACT,HIGH
plr_dc0b3a47,Diego Rosa,,,,,transfermarkt,662327,EXACT,HIGH
plr_dc11c3e1,Tahith Chong,,,,,,,EXACT,HIGH
plr_dc1b6445,Joseph Willock,,,,,,,EXACT,HIGH
plr_dc2e718e,Maxwel Cornet,,,,,transfermarkt,234781,EXACT,HIGH
plr_dc35cca3,Bruno Saltor Grau,,,,,,,EXACT,HIGH
plr_dc53e5ae,Bryan Mbeumo,,,,,,,EXACT,HIGH
plr_dc60b2a4,Adalberto Peñaranda,,,,,transfermarkt,308801,EXACT,HIGH
plr_dc66e1fb,Joe Powell,,,,,,,EXACT,HIGH
plr_dc6c0e74,Philippe Sandler,,,,,transfermarkt,340460,EXACT,HIGH
plr_dcb06da4,Christian Pulisic,,,,,,,EXACT,HIGH
plr_dcc5597c,Terence Kongolo,,,,,,,EXACT,HIGH
plr_dcddbb38,Alexander Tettey,,,,,,,EXACT,HIGH
plr_dcee49e1,Luca Barrington,,,,,,,EXACT,HIGH
plr_dd07a55c,Boubacar Traoré,,,,,transfermarkt,649020,EXACT,HIGH
plr_dd25bd2f,Joseph Gomez,,,,,,,EXACT,HIGH
plr_dd2d8921,Karl Hein,,,,,,,EXACT,HIGH
plr_dd2dae7f,Cameron Borthwick-Jackson,,,,,transfermarkt,258879,EXACT,HIGH
plr_dd3313a6,Lewis Grabban,,,,,transfermarkt,35413,EXACT,HIGH
plr_dd370405,Bamidele Alli,,,,,,,EXACT,HIGH
plr_dd44fa23,Leon Balogun,,,,,,,EXACT,HIGH
plr_dd59d8da,Conor Hourihane,,,,,transfermarkt,61653,EXACT,HIGH
plr_dd5a4a15,Indiana Vassilev,,,,,,,EXACT,HIGH
plr_dd6a08e5,Dimitri Foulquier,,,,,transfermarkt,170472,EXACT,HIGH
plr_dd6ec269,Rúben Diogo da Silva Neves,,,,,,,EXACT,HIGH
plr_dd716efe,Fabián Balbuena,,,,,,,EXACT,HIGH
plr_dd72e42f,Tim Iroegbunam,,,,,transfermarkt,696589,EXACT,HIGH
plr_dd74e364,Vladimír Coufal,,,,,transfermarkt,157672,EXACT,HIGH
plr_dd751c60,Willian,,,,,transfermarkt,52769,EXACT,HIGH
plr_dd78cfdf,Fernando Marçal,,,,,,,EXACT,HIGH
plr_dd7f1b49,Raheem Sterling,,,,,,,EXACT,HIGH
plr_dd94e2e2,Liam Cooper,,,,,,,EXACT,HIGH
plr_ddaddd42,Max Thompson,,,,,,,EXACT,HIGH
plr_ddd3acd2,Eliaquim Mangala,,,,,transfermarkt,90681,EXACT,HIGH
plr_dde970dc,Rayan Aït-Nouri,,,,,,,EXACT,HIGH
plr_ddebc3a8,Max Thompson,,,,,,,EXACT,HIGH
plr_ddf1826b,Alex Scott,,,,,transfermarkt,855256,EXACT,HIGH
plr_ddf7ec45,Liam Rosenior,,,,,transfermarkt,15166,EXACT,HIGH
plr_ddfb14f4,Lisandro Martínez,,,,,transfermarkt,480762,EXACT,HIGH
plr_de041ec8,Dwight McNeil,,,,,,,EXACT,HIGH
plr_de063bc2,Kortney Hause,,,,,,,EXACT,HIGH
plr_de07a986,Wayne Hennessey,,,,,transfermarkt,45494,EXACT,HIGH
plr_de12d9ad,Harvey Barnes,,,,,,,EXACT,HIGH
plr_de1e900b,Jose Luis Mato Sanmartín,,,,,,,EXACT,HIGH
plr_de2041af,Calvin Bassey,,,,,transfermarkt,461883,EXACT,HIGH
plr_de2cfa41,Anthony Driscoll-Glennon,,,,,,,EXACT,HIGH
plr_de3ffd5d,Davinson Sánchez,,,,,,,EXACT,HIGH
plr_de402e8b,Ferran Torres,,,,,transfermarkt,398184,EXACT,HIGH
plr_de59e5aa,Matej Delac,,,,,transfermarkt,60220,EXACT,HIGH
plr_de75d325,André Filipe Tavares Gomes,,,,,,,EXACT,HIGH
plr_de9368b1,Oskar Buur,,,,,transfermarkt,293283,EXACT,HIGH
plr_dea664c1,Mackenzie Hunt,,,,,,,EXACT,HIGH
plr_deb0493d,Aiden O'Neill,,,,,transfermarkt,385918,EXACT,HIGH
plr_dec3790b,Brandon Pierrick,,,,,,,EXACT,HIGH
plr_ded2c891,Salah-Eddine Oulad M'hand,,,,,,,EXACT,HIGH
plr_ded60278,João Filipe Iria Santos Moutinho,,,,,,,EXACT,HIGH
plr_deecb64e,Emerson Palmieri dos Santos,,,,,,,EXACT,HIGH
plr_def15834,Kamil Grosicki,,,,,,,EXACT,HIGH
plr_defa9b89,Idrissa Gueye,,,,,,,EXACT,HIGH
plr_df041bea,Juan Foyth,,,,,transfermarkt,480763,EXACT,HIGH
plr_df191cc7,Armando Broja,,,,,,,EXACT,HIGH
plr_df21ed6d,Teden Mengi,,,,,,,EXACT,HIGH
plr_df2262af,Kobbie Mainoo,,,,,,,EXACT,HIGH
plr_df2b759a,Kenneth Omeruo,,,,,transfermarkt,131708,EXACT,HIGH
plr_df31ebae,Yannick Bolasie,,,,,transfermarkt,75471,EXACT,HIGH
plr_df3cd601,James Shea,,,,,,,EXACT,HIGH
plr_df3ee396,Thomas Allan,,,,,,,EXACT,HIGH
plr_df5a39fa,Ben Mee,,,,,,,EXACT,HIGH
plr_df700f13,Tyler Dibling,,,,,,,EXACT,HIGH
plr_df8ad3d8,José Izquierdo,,,,,transfermarkt,147094,EXACT,HIGH
plr_df9b3d1d,David Ozoh,,,,,transfermarkt,865993,EXACT,HIGH
plr_df9eccf0,Jon Gorenc Stankovic,,,,,,,EXACT,HIGH
plr_dfa2c127,Dan Nlundulu,,,,,transfermarkt,346482,EXACT,HIGH
plr_dfa43dc8,Dango Ouattara,,,,,,,EXACT,HIGH
plr_dfacaaab,João Pedro Junqueira de Jesus,,,,,,,EXACT,HIGH
plr_dfb3e9cf,Dane Scarlett,,,,,,,EXACT,HIGH
plr_dfb8d559,Leroy Sané,,,,,transfermarkt,192565,EXACT,HIGH
plr_dfd32001,Josh Sargent,,,,,transfermarkt,393325,EXACT,HIGH
plr_dfdabb8a,Nathan Aké,,,,,,,EXACT,HIGH
plr_dfdbc1fa,Jayson Molumby,,,,,,,EXACT,HIGH
plr_dff030ea,Terence Kongolo,,,,,,,EXACT,HIGH
plr_dffe8c53,Lawrence Vigouroux,,,,,transfermarkt,243591,EXACT,HIGH
plr_dfffde8d,Samuel Amo-Ameyaw,,,,,,,EXACT,HIGH
plr_e00749fe,Sergio Gómez,,,,,,,EXACT,HIGH
plr_e009af45,Anders Dreyer,,,,,transfermarkt,342389,EXACT,HIGH
plr_e012a16c,Wilfried Zaha,,,,,,,EXACT,HIGH
plr_e01d81ad,Rúben Gonçalo Silva Nascimento Vinagre,,,,,,,EXACT,HIGH
plr_e0254cba,Jarosław Jach,,,,,transfermarkt,327755,EXACT,HIGH
plr_e0305ff7,Alex Oxlade-Chamberlain,,,,,,,EXACT,HIGH
plr_e037f247,William Osula,,,,,,,EXACT,HIGH
plr_e0451481,Andi Zeqiri,,,,,,,EXACT,HIGH
plr_e058f77c,Jannik Vestergaard,,,,,,,EXACT,HIGH
plr_e05b1e07,Aymeric Laporte,,,,,transfermarkt,176553,EXACT,HIGH
plr_e062fd23,João Palhinha Gonçalves,,,,,,,EXACT,HIGH
plr_e0738d31,Sead Haksabanovic,,,,,transfermarkt,349300,EXACT,HIGH
plr_e082eb5e,Nahki Wells,,,,,transfermarkt,173483,EXACT,HIGH
plr_e0a054f0,David de Gea,,,,,transfermarkt,59377,EXACT,HIGH
plr_e0a15d66,Joelinton Cássio Apolinário de Lira,,,,,,,EXACT,HIGH
plr_e0a2290c,Harry Winks,,,,,transfermarkt,249126,EXACT,HIGH
plr_e0a83dca,Davy Pröpper,,,,,,,EXACT,HIGH
plr_e0ac13a7,Cheikhou Kouyaté,,,,,,,EXACT,HIGH
plr_e0afcf7c,Leandro Trossard,,,,,,,EXACT,HIGH
plr_e0b96e8a,Kgaogelo Chauke,,,,,,,EXACT,HIGH
plr_e0bb67f4,Marc Albrighton,,,,,,,EXACT,HIGH
plr_e0c1de2c,Mousa Dembélé,,,,,transfermarkt,19368,EXACT,HIGH
plr_e0c57b58,Max Sanders,,,,,,,EXACT,HIGH
plr_e0c59d75,Marcus Rashford,,,,,,,EXACT,HIGH
plr_e0d98a4b,Dwight Gayle,,,,,,,EXACT,HIGH
plr_e0fb6674,Ben Gibson,,,,,transfermarkt,128904,EXACT,HIGH
plr_e0fcfae1,Mateusz Hewelt,,,,,transfermarkt,318547,EXACT,HIGH
plr_e103eac8,Mads Roerslev Rasmussen,,,,,,,EXACT,HIGH
plr_e10bd51a,Enock Mwepu,,,,,transfermarkt,490307,EXACT,HIGH
plr_e1193ad2,Mads Bidstrup,,,,,,,EXACT,HIGH
plr_e11968c2,Nathaniel Phillips,,,,,,,EXACT,HIGH
plr_e11a4f00,André Ayew,,,,,transfermarkt,45403,EXACT,HIGH
plr_e1323f13,Jesús Gámez,,,,,transfermarkt,29055,EXACT,HIGH
plr_e1332ae8,Harry Kane,,,,,transfermarkt,132098,EXACT,HIGH
plr_e140f0de,Diego Moreira,,,,,transfermarkt,655006,EXACT,HIGH
plr_e1696a8b,Manuel Lanzini,,,,,,,EXACT,HIGH
plr_e1819f01,Fabio Henrique Tavares,,,,,,,EXACT,HIGH
plr_e19d612b,Tammy Abraham,,,,,transfermarkt,331726,EXACT,HIGH
plr_e1a145d8,Nemanja Matić,,,,,transfermarkt,74683,EXACT,HIGH
plr_e1a457bb,Alex McCarthy,,,,,,,EXACT,HIGH
plr_e1a4858d,Brandon Williams,,,,,,,EXACT,HIGH
plr_e1a86220,João Filipe Iria Santos Moutinho,,,,,,,EXACT,HIGH
plr_e1acc1e4,Lee Peltier,,,,,,,EXACT,HIGH
plr_e1b7c9cb,Izzy Brown,,,,,transfermarkt,245805,EXACT,HIGH
plr_e20bb88b,Ethan Ampadu,,,,,,,EXACT,HIGH
plr_e219d9da,Beram Kayal,,,,,,,EXACT,HIGH
plr_e21e80ec,Michael Olakigbe,,,,,,,EXACT,HIGH
plr_e23ba8c3,Benjamin Chilwell,,,,,,,EXACT,HIGH
plr_e24aec7a,Pedro Obiang,,,,,transfermarkt,101213,EXACT,HIGH
plr_e2617819,Michal Karbownik,,,,,,,EXACT,HIGH
plr_e262db50,Ben Parkinson,,,,,,,EXACT,HIGH
plr_e2767302,Ki-Jana Hoever,,,,,,,EXACT,HIGH
plr_e29c5b95,Jamie Donley,,,,,,,EXACT,HIGH
plr_e2b6e7d6,Mason Mount,,,,,,,EXACT,HIGH
plr_e2b837a7,Tiemoué Bakayoko,,,,,transfermarkt,182618,EXACT,HIGH
plr_e2bb1a4e,Diego Llorente,,,,,,,EXACT,HIGH
plr_e2c60ee5,Jordan Smith,,,,,transfermarkt,452707,EXACT,HIGH
plr_e2dad607,Mark Noble,,,,,,,EXACT,HIGH
plr_e2ec4fd4,Enzo Fernández,,,,,transfermarkt,648195,EXACT,HIGH
plr_e2f9377c,Nathaniel Clyne,,,,,,,EXACT,HIGH
plr_e32093d4,Vontae Daley-Campbell,,,,,,,EXACT,HIGH
plr_e336b57f,Ben Greenwood,,,,,,,EXACT,HIGH
plr_e3384b33,Martin Kelly,,,,,,,EXACT,HIGH
plr_e342963b,Djordje Petrovic,,,,,transfermarkt,465555,EXACT,HIGH
plr_e34c47fb,Roberto Jimenez Gago,,,,,,,EXACT,HIGH
plr_e359d2cb,Fabri,,,,,transfermarkt,45882,EXACT,HIGH
plr_e35abdc9,Ethan Ampadu,,,,,,,EXACT,HIGH
plr_e365f4b6,Frederico Rodrigues de Paula Santos,,,,,,,EXACT,HIGH
plr_e3701816,Jan Vertonghen,,,,,transfermarkt,43250,EXACT,HIGH
plr_e371e0b1,Carlos Mendes,,,,,transfermarkt,588412,EXACT,HIGH
plr_e37653e1,Yoane Wissa,,,,,,,EXACT,HIGH
plr_e389af3c,James Husband,,,,,transfermarkt,167393,EXACT,HIGH
plr_e39bcdcf,Willy Caballero,,,,,,,EXACT,HIGH
plr_e39c04e6,Ryan Christie,,,,,,,EXACT,HIGH
plr_e3b391b4,Marcus Bettinelli,,,,,,,EXACT,HIGH
plr_e3c76527,Rodrigo Hernandez,,,,,,,EXACT,HIGH
plr_e3e0b92b,Takumi Minamino,,,,,,,EXACT,HIGH
plr_e3f88a5c,Sam Surridge,,,,,,,EXACT,HIGH
plr_e3fa1474,Christian Atsu,,,,,,,EXACT,HIGH
plr_e3fd2ccf,Willian Borges da Silva,,,,,,,EXACT,HIGH
plr_e4008a9b,Lewis Dunk,,,,,,,EXACT,HIGH
plr_e4092d85,Aboubakar Kamara,,,,,,,EXACT,HIGH
plr_e40ec0e3,Daniel Bachmann,,,,,transfermarkt,120186,EXACT,HIGH
plr_e4461c56,Abu Kamara,,,,,,,EXACT,HIGH
plr_e449ddb4,Taylor Gardner-Hickman,,,,,,,EXACT,HIGH
plr_e45d5794,Harry Tyrer,,,,,,,EXACT,HIGH
plr_e46b9437,Mbwana Samatta,,,,,,,EXACT,HIGH
plr_e4706cf3,Daniel N'Lundulu,,,,,,,EXACT,HIGH
plr_e471e6f0,Luke Shaw,,,,,,,EXACT,HIGH
plr_e475072d,Hannibal Mejbri,,,,,,,EXACT,HIGH
plr_e475a388,Jean-Philippe Gbamin,,,,,transfermarkt,182894,EXACT,HIGH
plr_e483c4e8,Grady Diangana,,,,,,,EXACT,HIGH
plr_e48a9618,Angus Gunn,,,,,,,EXACT,HIGH
plr_e48e4795,Thomas Dickson-Peters,,,,,,,EXACT,HIGH
plr_e49151a3,Mads Bidstrup,,,,,transfermarkt,462832,EXACT,HIGH
plr_e495a629,Edward Nketiah,,,,,,,EXACT,HIGH
plr_e49d9f61,Shola Shoretire,,,,,,,EXACT,HIGH
plr_e4aad05f,Fraser Forster,,,,,,,EXACT,HIGH
plr_e4b19841,Conor Bradley,,,,,,,EXACT,HIGH
plr_e4cf7745,Emiliano Sala,,,,,transfermarkt,190780,EXACT,HIGH
plr_e4e4a10d,Ki-Jana Hoever,,,,,,,EXACT,HIGH
plr_e5040e88,Matt Clarke,,,,,transfermarkt,307497,EXACT,HIGH
plr_e5192853,Nathaniel Chalobah,,,,,,,EXACT,HIGH
plr_e5222477,Mason Greenwood,,,,,,,EXACT,HIGH
plr_e531d698,Bart Verbruggen,,,,,transfermarkt,565093,EXACT,HIGH
plr_e535da10,Connor Ronan,,,,,transfermarkt,337787,EXACT,HIGH
plr_e54a0e35,Japhet Tanganga,,,,,,,EXACT,HIGH
plr_e551f6f7,Jarrod Bowen,,,,,,,EXACT,HIGH
plr_e558a78d,Detlef Esapa Osong,,,,,,,EXACT,HIGH
plr_e55ba920,Diego Carlos Santos Silva,,,,,,,EXACT,HIGH
plr_e55c6d3d,Cameron Archer,,,,,,,EXACT,HIGH
plr_e57c7dfe,Joelinton,,,,,transfermarkt,333241,EXACT,HIGH
plr_e588a81c,Mason Holgate,,,,,,,EXACT,HIGH
plr_e58a4908,Ki-Jana Hoever,,,,,transfermarkt,485583,EXACT,HIGH
plr_e593126a,Raúl Jiménez,,,,,,,EXACT,HIGH
plr_e5994e8a,Enda Stevens,,,,,transfermarkt,85706,EXACT,HIGH
plr_e59f0550,Tariq Lamptey,,,,,transfermarkt,504148,EXACT,HIGH
plr_e5a53ee0,Sam Curtis,,,,,,,EXACT,HIGH
plr_e5be8afa,Jack Stephens,,,,,,,EXACT,HIGH
plr_e5e96498,David Luiz Moreira Marinho,,,,,,,EXACT,HIGH
plr_e5eba929,Omar Bogle,,,,,transfermarkt,134657,EXACT,HIGH
plr_e615031d,Wayne Hennessey,,,,,,,EXACT,HIGH
plr_e6199efc,Carlos Vinícius,,,,,transfermarkt,525287,EXACT,HIGH
plr_e6309b38,Pascal Groß,,,,,,,EXACT,HIGH
plr_e64a0cfc,Danny Welbeck,,,,,,,EXACT,HIGH
plr_e6578585,Tomas Soucek,,,,,,,EXACT,HIGH
plr_e660a563,Will Huffer,,,,,transfermarkt,332337,EXACT,HIGH
plr_e6812350,Pablo Hernández Domínguez,,,,,,,EXACT,HIGH
plr_e682c174,Ellis Simms,,,,,,,EXACT,HIGH
plr_e6a21ac0,Kieffer Moore,,,,,transfermarkt,275590,EXACT,HIGH
plr_e6a7122f,Gonçalo Guedes,,,,,transfermarkt,225122,EXACT,HIGH
plr_e6aca181,Pascal Groß,,,,,,,EXACT,HIGH
plr_e6b22a37,Branislav Ivanovic,,,,,transfermarkt,36827,EXACT,HIGH
plr_e6cabd43,Marcus Forss,,,,,transfermarkt,404584,EXACT,HIGH
plr_e6d00b83,Matej Vydra,,,,,,,EXACT,HIGH
plr_e6d2942e,Joachim Andersen,,,,,,,EXACT,HIGH
plr_e6ef8b5f,George Abbott,,,,,,,EXACT,HIGH
plr_e6fd72e4,James Trafford,,,,,transfermarkt,566799,EXACT,HIGH
plr_e7032cdf,Mohamed Elneny,,,,,,,EXACT,HIGH
plr_e708fa9e,João Virgínia,,,,,transfermarkt,329813,EXACT,HIGH
plr_e709d35a,Tosin Adarabioyo,,,,,transfermarkt,258878,EXACT,HIGH
plr_e7297fc1,Wes Foderingham,,,,,transfermarkt,61697,EXACT,HIGH
plr_e72a0f8d,Tariqe Fosu,,,,,transfermarkt,249873,EXACT,HIGH
plr_e72aea78,Ross Barkley,,,,,,,EXACT,HIGH
plr_e734d8bd,Harrison Reed,,,,,,,EXACT,HIGH
plr_e73c9485,Jacob Bruun Larsen,,,,,transfermarkt,293281,EXACT,HIGH
plr_e742f164,Michael Verrips,,,,,,,EXACT,HIGH
plr_e76d1ffd,Rodrigo Moreno,,,,,,,EXACT,HIGH
plr_e77959d1,Joe Bryan,,,,,,,EXACT,HIGH
plr_e77ab468,Cédric Alves Soares,,,,,,,EXACT,HIGH
plr_e77b0ac8,Steve Mounie,,,,,,,EXACT,HIGH
plr_e78790c1,Kortney Hause,,,,,,,EXACT,HIGH
plr_e7a66a7c,Pablo Marí,,,,,transfermarkt,210178,EXACT,HIGH
plr_e7ae8c82,Nico O'Reilly,,,,,,,EXACT,HIGH
plr_e7af0e38,Adam Smith,,,,,,,EXACT,HIGH
plr_e7b135a1,Pedro,,,,,transfermarkt,65278,EXACT,HIGH
plr_e7c63952,Bernard Anício Caldeira Duarte,,,,,,,EXACT,HIGH
plr_e7ccbcbb,Jack Simpson,,,,,,,EXACT,HIGH
plr_e7d14ed1,Jason Steele,,,,,,,EXACT,HIGH
plr_e7ee76a6,Tudor Baluta,,,,,,,EXACT,HIGH
plr_e7f0f791,Harry Tyrer,,,,,,,EXACT,HIGH
plr_e7f93ff9,Lucas Torreira,,,,,,,EXACT,HIGH
plr_e80566a5,Ruben Loftus-Cheek,,,,,,,EXACT,HIGH
plr_e81737e0,Cameron Carter-Vickers,,,,,transfermarkt,341049,EXACT,HIGH
plr_e818e68a,Bruno Jordão,,,,,transfermarkt,415646,EXACT,HIGH
plr_e83f2fba,Ben Davies,,,,,,,EXACT,HIGH
plr_e8471035,Christos Tzolis,,,,,transfermarkt,451677,EXACT,HIGH
plr_e8571774,Ryan Bennett,,,,,,,EXACT,HIGH
plr_e85d1170,Isaac Price,,,,,,,EXACT,HIGH
plr_e8608dc7,Luke Garbutt,,,,,transfermarkt,110860,EXACT,HIGH
plr_e8647aa7,Issa Diop,,,,,,,EXACT,HIGH
plr_e8729231,Kyle Walker,,,,,,,EXACT,HIGH
plr_e8b1efa4,Callum Robinson,,,,,transfermarkt,183299,EXACT,HIGH
plr_e8c25a88,Gabriel Jesus,,,,,transfermarkt,363205,EXACT,HIGH
plr_e8c35843,Kasper Schmeichel,,,,,,,EXACT,HIGH
plr_e8db260f,Pierluigi Gollini,,,,,transfermarkt,244192,EXACT,HIGH
plr_e8e1b6a4,Ouasim Bouy,,,,,transfermarkt,126412,EXACT,HIGH
plr_e8fa6e9a,Ademola Ola-Adebomi,,,,,,,EXACT,HIGH
plr_e90a369d,Sonny Perkins,,,,,,,EXACT,HIGH
plr_e90b0fea,Raúl Jiménez,,,,,,,EXACT,HIGH
plr_e90d8ba9,Erik Palmer-Brown,,,,,transfermarkt,282199,EXACT,HIGH
plr_e9160f49,Moussa Niakhaté,,,,,,,EXACT,HIGH
plr_e92de438,Nathan Aké,,,,,,,EXACT,HIGH
plr_e9506d9a,Calum Chambers,,,,,,,EXACT,HIGH
plr_e953248d,Borja Bastón,,,,,transfermarkt,85324,EXACT,HIGH
plr_e958afda,Roberto Firmino,,,,,,,EXACT,HIGH
plr_e95f0411,Mazeed Ogungbo,,,,,,,EXACT,HIGH
plr_e984761d,Fraser Forster,,,,,,,EXACT,HIGH
plr_e98a09a8,Eberechi Eze,,,,,,,EXACT,HIGH
plr_e98ae65e,Anthony Martial,,,,,,,EXACT,HIGH
plr_e98c62ca,Benjamin Chilwell,,,,,,,EXACT,HIGH
plr_e99d25d2,Danny Ward,,,,,transfermarkt,203026,EXACT,HIGH
plr_e9a09b6e,Tom Heaton,,,,,,,EXACT,HIGH
plr_e9a25cba,Neal Maupay,,,,,,,EXACT,HIGH
plr_e9a984dc,Ian Carlo Poveda-Ocampo,,,,,,,EXACT,HIGH
plr_e9aa1274,Filip Marschall,,,,,,,EXACT,HIGH
plr_e9aaf19f,Luke Thomas,,,,,,,EXACT,HIGH
plr_e9ac8c8a,Allan Saint-Maximin,,,,,,,EXACT,HIGH
plr_e9b5fa07,Harvey White,,,,,,,EXACT,HIGH
plr_e9bad5d1,Ainsley Maitland-Niles,,,,,transfermarkt,285845,EXACT,HIGH
plr_e9bdad85,Pablo Maffeo,,,,,transfermarkt,251876,EXACT,HIGH
plr_e9d29df6,Lukasz Fabianski,,,,,,,EXACT,HIGH
plr_e9ea4df9,Phil Jones,,,,,,,EXACT,HIGH
plr_e9f46d01,Solomon March,,,,,,,EXACT,HIGH
plr_e9ff1590,Kaine Hayden,,,,,,,EXACT,HIGH
plr_ea1bf1b1,Dennis Praet,,,,,transfermarkt,129588,EXACT,HIGH
plr_ea2aecf2,Anwar El Ghazi,,,,,,,EXACT,HIGH
plr_ea397c75,Gary Cahill,,,,,transfermarkt,27511,EXACT,HIGH
plr_ea3ba6b5,Japhet Tanganga,,,,,transfermarkt,346478,EXACT,HIGH
plr_ea3fe70a,Kwadwo Baah,,,,,transfermarkt,711247,EXACT,HIGH
plr_ea479416,Daniel Bentley,,,,,,,EXACT,HIGH
plr_ea5eb2ac,Craig Dawson,,,,,transfermarkt,121477,EXACT,HIGH
plr_ea724ef7,Rodrigo Muniz,,,,,transfermarkt,735571,EXACT,HIGH
plr_ea7ecd13,Maximilian Kilman,,,,,transfermarkt,525247,EXACT,HIGH
plr_ea87a362,Antonio Rüdiger,,,,,,,EXACT,HIGH
plr_eaa0237c,Rúnar Alex Rúnarsson,,,,,transfermarkt,205657,EXACT,HIGH
plr_eac70acc,James Garner,,,,,,,EXACT,HIGH
plr_eace7033,Vladimir Coufal,,,,,,,EXACT,HIGH
plr_eadaace0,Dominic Solanke,,,,,,,EXACT,HIGH
plr_eaed8f2d,Amad Diallo,,,,,,,EXACT,HIGH
plr_eaf008f9,Lewis Payne,,,,,,,EXACT,HIGH
plr_eaf62399,Eric Dier,,,,,,,EXACT,HIGH
plr_eb099f93,Allan Campbell,,,,,transfermarkt,347619,EXACT,HIGH
plr_eb218a9b,Callum Marshall,,,,,,,EXACT,HIGH
plr_eb2a8bb3,Patrick van Aanholt,,,,,,,EXACT,HIGH
plr_eb303e42,Bruno Guimarães Rodriguez Moura,,,,,,,EXACT,HIGH
plr_eb3ec8f4,Bamidele Alli,,,,,,,EXACT,HIGH
plr_eb417772,Wilfried Zaha,,,,,,,EXACT,HIGH
plr_eb4affae,Carlos Baleba,,,,,transfermarkt,973085,EXACT,HIGH
plr_eb5688d3,Matty Longstaff,,,,,transfermarkt,484387,EXACT,HIGH
plr_eb961dc8,Tyrell Malacia,,,,,transfermarkt,339340,EXACT,HIGH
plr_eb9bc35d,Taiwo Awoniyi,,,,,,,EXACT,HIGH
plr_ebad4f64,Malang Sarr,,,,,,,EXACT,HIGH
plr_ebb2ea52,Harry Maguire,,,,,,,EXACT,HIGH
plr_ebc42821,Jeffrey Schlupp,,,,,,,EXACT,HIGH
plr_ebcb60c4,Jairo Riedewald,,,,,,,EXACT,HIGH
plr_ebe5a85e,Omari Forson,,,,,transfermarkt,670845,EXACT,HIGH
plr_ebfa8274,Thiago Emiliano da Silva,,,,,,,EXACT,HIGH
plr_ec0321e8,Cristiano Ronaldo dos Santos Aveiro,,,,,,,EXACT,HIGH
plr_ec05e60f,Robin Olsen,,,,,,,EXACT,HIGH
plr_ec072ef1,Reiss Nelson,,,,,,,EXACT,HIGH
plr_ec0fcea1,Stuart Dallas,,,,,,,EXACT,HIGH
plr_ec10e15f,Jamie Murphy,,,,,transfermarkt,51730,EXACT,HIGH
plr_ec309acd,Kiernan Dewsbury-Hall,,,,,transfermarkt,475188,EXACT,HIGH
plr_ec316ef3,Joe Wormleighton,,,,,,,EXACT,HIGH
plr_ec32280e,Demarai Gray,,,,,,,EXACT,HIGH
plr_ec3c5dc2,Matija Šarkić,,,,,,,EXACT,HIGH
plr_ec3f8e39,Çaglar Söyüncü,,,,,,,EXACT,HIGH
plr_ec533740,Owen Bevan,,,,,,,EXACT,HIGH
plr_ec6ed54e,Philippe Coutinho Correia,,,,,,,EXACT,HIGH
plr_ec727651,Jefferson Lerma,,,,,transfermarkt,262980,EXACT,HIGH
plr_ec79dff6,Matthew Clarke,,,,,,,EXACT,HIGH
plr_ec7e34e6,Dan Barlaser,,,,,transfermarkt,256773,EXACT,HIGH
plr_ecad7ebf,Willian José Da Silva,,,,,,,EXACT,HIGH
plr_ecaed822,Richarlison de Andrade,,,,,,,EXACT,HIGH
plr_ecb192bf,Robin Olsen,,,,,,,EXACT,HIGH
plr_ecb6a357,Mikkel Damsgaard,,,,,transfermarkt,540941,EXACT,HIGH
plr_ece24b3c,Ryan Fraser,,,,,,,EXACT,HIGH
plr_ecfd1df8,Emerson Leite de Souza Junior,,,,,,,EXACT,HIGH
plr_ed0878e4,Xherdan Shaqiri,,,,,,,EXACT,HIGH
plr_ed08d5e0,Giovanni Reyna,,,,,transfermarkt,504215,EXACT,HIGH
plr_ed0f6372,Owen Beck,,,,,,,EXACT,HIGH
plr_ed22c9c3,Alisson Ramses Becker,,,,,,,EXACT,HIGH
plr_ed2775ac,Alex Oxlade-Chamberlain,,,,,transfermarkt,143424,EXACT,HIGH
plr_ed5bcf50,Manuel Lanzini,,,,,transfermarkt,135853,EXACT,HIGH
plr_ed62b3fa,Joseph Anang,,,,,,,EXACT,HIGH
plr_ed85d2b5,Harry Lewis,,,,,,,EXACT,HIGH
plr_edab1893,Pedro Obiang,,,,,,,EXACT,HIGH
plr_edb71096,Mathias Jorgensen,,,,,,,EXACT,HIGH
plr_edb90011,Cheick Doucouré,,,,,transfermarkt,543387,EXACT,HIGH
plr_edc2579b,Giovani Lo Celso,,,,,transfermarkt,348795,EXACT,HIGH
plr_edc4c0a9,Michy Batshuayi,,,,,,,EXACT,HIGH
plr_edc82139,Thomas Partey,,,,,transfermarkt,230784,EXACT,HIGH
plr_eddd947f,James Maddison,,,,,transfermarkt,294057,EXACT,HIGH
plr_ede910eb,Daniel Amartey,,,,,,,EXACT,HIGH
plr_edef8798,Bobby Thomas,,,,,,,EXACT,HIGH
plr_edfe1e07,Lukasz Fabianski,,,,,,,EXACT,HIGH
plr_ee18a175,Niall Huggins,,,,,,,EXACT,HIGH
plr_ee1f9465,Imrân Louza,,,,,transfermarkt,635336,EXACT,HIGH
plr_ee21492a,Todd Cantwell,,,,,transfermarkt,332341,EXACT,HIGH
plr_ee293bac,Ryan John Giles,,,,,,,EXACT,HIGH
plr_ee2fbb03,Jeremy Ngakia,,,,,,,EXACT,HIGH
plr_ee32ee79,Kieffer Moore,,,,,,,EXACT,HIGH
plr_ee34c0af,Bernardo Fernandes da Silva Junior,,,,,,,EXACT,HIGH
plr_ee397abb,Anthony Knockaert,,,,,,,EXACT,HIGH
plr_ee3c9833,Rhu-endly Martina,,,,,,,EXACT,HIGH
plr_ee3ec4d8,José Diogo Dalot Teixeira,,,,,,,EXACT,HIGH
plr_ee57ac22,Sean Raggett,,,,,transfermarkt,226219,EXACT,HIGH
plr_ee719726,David Raya,,,,,transfermarkt,262749,EXACT,HIGH
plr_ee71a980,Deivid Washington de Souza Eugênio,,,,,,,EXACT,HIGH
plr_ee799561,Wesley Okoduwa,,,,,,,EXACT,HIGH
plr_ee8785b7,Gareth Barry,,,,,transfermarkt,3291,EXACT,HIGH
plr_ee9308c2,Kevin Danso,,,,,transfermarkt,263236,EXACT,HIGH
plr_ee98921e,Jack Grealish,,,,,transfermarkt,203460,EXACT,HIGH
plr_ee9c5616,Gary Gardner,,,,,transfermarkt,110861,EXACT,HIGH
plr_eeb4321a,Gabriel Fernando de Jesus,,,,,,,EXACT,HIGH
plr_eeb5453e,Kyle Taylor,,,,,,,EXACT,HIGH
plr_eebd3eeb,Jake Bennett,,,,,transfermarkt,264062,EXACT,HIGH
plr_eebf50b6,Jairo Riedewald,,,,,,,EXACT,HIGH
plr_eec2f23c,Yerson Mosquera,,,,,transfermarkt,716276,EXACT,HIGH
plr_eee31c87,Danny Ings,,,,,transfermarkt,134294,EXACT,HIGH
plr_eee4ba71,Pascal Groß,,,,,,,EXACT,HIGH
plr_eef2b8a1,Filip Stuparevic,,,,,transfermarkt,442337,EXACT,HIGH
plr_eefecbc8,Cenk Tosun,,,,,,,EXACT,HIGH
plr_ef02ebcb,Callum Hudson-Odoi,,,,,,,EXACT,HIGH
plr_ef0bbc5a,Willy Caballero,,,,,transfermarkt,19948,EXACT,HIGH
plr_ef13bcea,Curtis Jones,,,,,transfermarkt,433188,EXACT,HIGH
plr_ef17713a,Tom Cleverley,,,,,,,EXACT,HIGH
plr_ef198175,Nacho Monreal,,,,,,,EXACT,HIGH
plr_ef316a79,Mason Mount,,,,,,,EXACT,HIGH
plr_ef490467,Lazar Markovic,,,,,transfermarkt,144303,EXACT,HIGH
plr_ef5d2fde,Nick Pope,,,,,transfermarkt,192080,EXACT,HIGH
plr_ef5daeed,Shea Charles,,,,,,,EXACT,HIGH
plr_ef63cbf4,Isaac Mbenza,,,,,transfermarkt,260806,EXACT,HIGH
plr_ef746453,Troy Deeney,,,,,,,EXACT,HIGH
plr_ef76c6e7,Jayden Bogle,,,,,,,EXACT,HIGH
plr_ef78636d,Angel Gomes,,,,,,,EXACT,HIGH
plr_ef7a9734,Dynel Simeu,,,,,,,EXACT,HIGH
plr_ef8221c4,Charlie Austin,,,,,transfermarkt,129627,EXACT,HIGH
plr_ef873c68,Anthony Elanga,,,,,,,EXACT,HIGH
plr_ef917ec9,Scott Dann,,,,,,,EXACT,HIGH
plr_ef9c1fbd,Ian Maatsen,,,,,transfermarkt,485585,EXACT,HIGH
plr_efa4c0fd,Chris Richards,,,,,transfermarkt,578539,EXACT,HIGH
plr_efd133f5,Harry Kane,,,,,,,EXACT,HIGH
plr_efe91b11,Tom Cairney,,,,,,,EXACT,HIGH
plr_efeba1c1,Alfie Gilchrist,,,,,transfermarkt,790992,EXACT,HIGH
plr_f004b835,Darnell Johnson,,,,,,,EXACT,HIGH
plr_f004c59a,Ronnie Stutter,,,,,,,EXACT,HIGH
plr_f013a3e7,Issa Diop,,,,,,,EXACT,HIGH
plr_f020e6c2,Timothy Castagne,,,,,,,EXACT,HIGH
plr_f025b709,Rocky Bushiri,,,,,transfermarkt,511802,EXACT,HIGH
plr_f03dc189,Benjamin Mendy,,,,,,,EXACT,HIGH
plr_f0424b10,Victor Wanyama,,,,,transfermarkt,77760,EXACT,HIGH
plr_f055db06,Álvaro Morata,,,,,transfermarkt,128223,EXACT,HIGH
plr_f069d9c1,Paulo Gazzaniga,,,,,transfermarkt,195488,EXACT,HIGH
plr_f06e48b5,Kaden Rodney,,,,,,,EXACT,HIGH
plr_f071052d,James Tomkins,,,,,,,EXACT,HIGH
plr_f07d5934,Addji Keaninkin Marc-Israel Guehi,,,,,,,EXACT,HIGH
plr_f098cf43,James Justin,,,,,,,EXACT,HIGH
plr_f0a1f26f,Harrison Reed,,,,,,,EXACT,HIGH
plr_f0a52aec,Sonny Perkins,,,,,,,EXACT,HIGH
plr_f0a6b1d8,Shane Duffy,,,,,,,EXACT,HIGH
plr_f0a9be97,Eddie Beach,,,,,,,EXACT,HIGH
plr_f0ae3f07,Denis Odoi,,,,,,,EXACT,HIGH
plr_f0b96748,Sander Berge,,,,,transfermarkt,333014,EXACT,HIGH
plr_f0bb169f,Olivier Giroud,,,,,,,EXACT,HIGH
plr_f0bbcb98,Japhet Tanganga,,,,,,,EXACT,HIGH
plr_f0d61714,Marc Albrighton,,,,,transfermarkt,61560,EXACT,HIGH
plr_f0e21d78,Kyle Bartley,,,,,,,EXACT,HIGH
plr_f0ea90fc,Alex Cochrane,,,,,,,EXACT,HIGH
plr_f0ecbcfd,Alexis Mac Allister,,,,,,,EXACT,HIGH
plr_f0f607c2,Arthur Masuaku,,,,,,,EXACT,HIGH
plr_f1040d7b,Carlos Sánchez,,,,,transfermarkt,51226,EXACT,HIGH
plr_f131bb57,Zeki Amdouni,,,,,transfermarkt,548729,EXACT,HIGH
plr_f14726b3,Jake Clarke-Salter,,,,,transfermarkt,316551,EXACT,HIGH
plr_f14d5a14,Robin Olsen,,,,,transfermarkt,75458,EXACT,HIGH
plr_f15653cc,Ollie Watkins,,,,,,,EXACT,HIGH
plr_f157540e,Dango Ouattara,,,,,transfermarkt,823231,EXACT,HIGH
plr_f15ffe09,Matej Kovar,,,,,transfermarkt,550829,EXACT,HIGH
plr_f18a7666,Emil Krafth,,,,,,,EXACT,HIGH
plr_f18b43ca,Duckens Nazon,,,,,transfermarkt,345763,EXACT,HIGH
plr_f192dece,Chris Basham,,,,,,,EXACT,HIGH
plr_f1a6b3db,Alexandre Jankewitz,,,,,,,EXACT,HIGH
plr_f1b4117b,Anthony Gordon,,,,,,,EXACT,HIGH
plr_f1b62d41,Mark Duffy,,,,,transfermarkt,105565,EXACT,HIGH
plr_f1b76464,Remi Matthews,,,,,,,EXACT,HIGH
plr_f1c2f2a7,Robin Koch,,,,,,,EXACT,HIGH
plr_f1d59455,Tanguy Ndombele,,,,,,,EXACT,HIGH
plr_f1d94330,Callum Roberts,,,,,,,EXACT,HIGH
plr_f1e80354,Denis Franchi,,,,,transfermarkt,606576,EXACT,HIGH
plr_f1e96f8e,Dominic Calvert-Lewin,,,,,,,EXACT,HIGH
plr_f1fb4336,Sokratis Papastathopoulos,,,,,,,EXACT,HIGH
plr_f200f53e,Lewis Warrington,,,,,,,EXACT,HIGH
plr_f23f55c6,Thomas McGill,,,,,,,EXACT,HIGH
plr_f2465d24,Martin Ødegaard,,,,,,,EXACT,HIGH
plr_f2484e59,Emmanuel Dennis,,,,,transfermarkt,448854,EXACT,HIGH
plr_f25a784c,Sam Surridge,,,,,,,EXACT,HIGH
plr_f2648a55,Carney Chukwuemeka,,,,,,,EXACT,HIGH
plr_f2656ff8,Harry Souttar,,,,,transfermarkt,298091,EXACT,HIGH
plr_f26b0bd8,Tyler Adams,,,,,,,EXACT,HIGH
plr_f28f6232,Bashir Humphreys,,,,,,,EXACT,HIGH
plr_f299dbfa,Kaelan Casey,,,,,,,EXACT,HIGH
plr_f2a8f35c,Christian Fuchs,,,,,,,EXACT,HIGH
plr_f2ceed13,Ben Mee,,,,,,,EXACT,HIGH
plr_f2d44f8a,Adrián San Miguel del Castillo,,,,,,,EXACT,HIGH
plr_f2f6cf38,Angelo Ogbonna,,,,,,,EXACT,HIGH
plr_f30a1c1d,Willian José,,,,,transfermarkt,122155,EXACT,HIGH
plr_f30a6174,Chris Smalling,,,,,,,EXACT,HIGH
plr_f331e355,William Saliba,,,,,transfermarkt,495666,EXACT,HIGH
plr_f349c2d6,Joel Pereira,,,,,transfermarkt,192611,EXACT,HIGH
plr_f35b006f,Isaac Success Ajayi,,,,,,,EXACT,HIGH
plr_f35ba9d0,Richard Nartey,,,,,,,EXACT,HIGH
plr_f35cacfa,Danny Ings,,,,,,,EXACT,HIGH
plr_f36221e9,Mikkel Damsgaard,,,,,,,EXACT,HIGH
plr_f36381c3,Seamus Coleman,,,,,,,EXACT,HIGH
plr_f367ce9f,Kepa Arrizabalaga,,,,,transfermarkt,192279,EXACT,HIGH
plr_f37a7b7f,Sung-yueng Ki,,,,,,,EXACT,HIGH
plr_f37fe529,Leandro Bacuna,,,,,transfermarkt,126014,EXACT,HIGH
plr_f3841daa,Jeffrey Schlupp,,,,,,,EXACT,HIGH
plr_f3ccdd59,Alex Iwobi,,,,,,,EXACT,HIGH
plr_f3e2c44b,Wesley Moraes,,,,,,,EXACT,HIGH
plr_f3e8d38f,Bernardo Costa Da Rosa,,,,,,,EXACT,HIGH
plr_f3e9124c,Trent Alexander-Arnold,,,,,,,EXACT,HIGH
plr_f3f79527,José Malheiro de Sá,,,,,,,EXACT,HIGH
plr_f4085e4b,Stefan Ortega Moreno,,,,,,,EXACT,HIGH
plr_f412fdda,Luke Mbete-Tabu,,,,,,,EXACT,HIGH
plr_f4269e9d,Nemanja Matic,,,,,,,EXACT,HIGH
plr_f4399801,Cameron Archer,,,,,transfermarkt,533662,EXACT,HIGH
plr_f454835c,Wilfried Gnonto,,,,,transfermarkt,627626,EXACT,HIGH
plr_f45fd761,João Palhinha Gonçalves,,,,,,,EXACT,HIGH
plr_f4887cb4,Remi Matthews,,,,,,,EXACT,HIGH
plr_f488807b,Sergio Gómez,,,,,transfermarkt,366930,EXACT,HIGH
plr_f48b2f52,Junior Stanislas,,,,,,,EXACT,HIGH
plr_f4a0a6d3,Tom Heaton,,,,,transfermarkt,34130,EXACT,HIGH
plr_f4aa1c65,Mohamed Elneny,,,,,,,EXACT,HIGH
plr_f4bc4b00,Matt Doherty,,,,,transfermarkt,171679,EXACT,HIGH
plr_f4c8a225,Tyreke Johnson,,,,,,,EXACT,HIGH
plr_f4ee4648,Ben Wilmot,,,,,,,EXACT,HIGH
plr_f4f87396,Bruno Guimarães,,,,,transfermarkt,520624,EXACT,HIGH
plr_f50a579b,Asmir Begović,,,,,,,EXACT,HIGH
plr_f5191389,Nathan Aké,,,,,,,EXACT,HIGH
plr_f529b524,Christian Eriksen,,,,,transfermarkt,69633,EXACT,HIGH
plr_f53466cc,Erdal Rakip,,,,,transfermarkt,230746,EXACT,HIGH
plr_f5560a26,Pablo Fornals,,,,,,,EXACT,HIGH
plr_f55ec412,Ben Greenwood,,,,,,,EXACT,HIGH
plr_f55efa6b,Adrian Mariappa,,,,,,,EXACT,HIGH
plr_f5668199,Leon Clarke,,,,,transfermarkt,36859,EXACT,HIGH
plr_f56a637a,James Wilson,,,,,transfermarkt,214104,EXACT,HIGH
plr_f57bd4ce,Curtis Jones,,,,,,,EXACT,HIGH
plr_f58fdb08,Fernando Luiz Rosa,,,,,,,EXACT,HIGH
plr_f599c5ab,Joel Robles,,,,,transfermarkt,101118,EXACT,HIGH
plr_f5a7b491,Jack Hinshelwood,,,,,,,EXACT,HIGH
plr_f5b1986c,Felipe Anderson Pereira Gomes,,,,,,,EXACT,HIGH
plr_f5b1f03e,Joel Ward,,,,,,,EXACT,HIGH
plr_f5b2474f,William Troost-Ekong,,,,,,,EXACT,HIGH
plr_f5b27a60,Habeeb Ogunneye,,,,,,,EXACT,HIGH
plr_f5c50b75,Alex Smithies,,,,,transfermarkt,33754,EXACT,HIGH
plr_f5d3c776,Lucas Torreira di Pascua,,,,,,,EXACT,HIGH
plr_f5d3d85a,Pelly Ruddock Mpanzu,,,,,,,EXACT,HIGH
plr_f5f3f308,Teddy Jenks,,,,,,,EXACT,HIGH
plr_f60002c4,Bartosz Kapustka,,,,,transfermarkt,246579,EXACT,HIGH
plr_f603521b,Vladimir Coufal,,,,,,,EXACT,HIGH
plr_f61c0fce,Leo Hjelde,,,,,transfermarkt,661208,EXACT,HIGH
plr_f624416e,Matt Targett,,,,,,,EXACT,HIGH
plr_f62bf7c1,Ollie Watkins,,,,,,,EXACT,HIGH
plr_f62f682f,Xherdan Shaqiri,,,,,,,EXACT,HIGH
plr_f64a195f,Chris Wood,,,,,transfermarkt,108725,EXACT,HIGH
plr_f65813bf,Harrison Reed,,,,,transfermarkt,226973,EXACT,HIGH
plr_f6a59b0f,Dejan Kulusevski,,,,,,,EXACT,HIGH
plr_f6be2e46,Carlos Vinícius Alves Morais,,,,,,,EXACT,HIGH
plr_f6c145ed,Tom Cairney,,,,,,,EXACT,HIGH
plr_f6d2dc12,Aymeric Laporte,,,,,,,EXACT,HIGH
plr_f6e289d3,Roberto Pereyra,,,,,,,EXACT,HIGH
plr_f6e6a505,Benjamin Mendy,,,,,transfermarkt,157495,EXACT,HIGH
plr_f7016931,Ola Aina,,,,,transfermarkt,236490,EXACT,HIGH
plr_f702e28e,Nikola Tavares,,,,,,,EXACT,HIGH
plr_f7129bf8,Kazaiah Sterling,,,,,,,EXACT,HIGH
plr_f715b84b,Mykhailo Mudryk,,,,,,,EXACT,HIGH
plr_f72dc2e5,David Raya Martin,,,,,,,EXACT,HIGH
plr_f72f031e,Simon Moore,,,,,,,EXACT,HIGH
plr_f7384ec8,Cesc Fàbregas,,,,,transfermarkt,8806,EXACT,HIGH
plr_f75759ba,Nuno Varela Tavares,,,,,,,EXACT,HIGH
plr_f75fc643,Jamal Lewis,,,,,,,EXACT,HIGH
plr_f76397bd,Diogo Jota,,,,,,,EXACT,HIGH
plr_f77b388d,Ethan Pinnock,,,,,,,EXACT,HIGH
plr_f77e6dcb,Filip Benkovic,,,,,transfermarkt,293168,EXACT,HIGH
plr_f7afba62,Jacob Brown,,,,,transfermarkt,469958,EXACT,HIGH
plr_f7c41a13,Tom Heaton,,,,,,,EXACT,HIGH
plr_f7cb96ea,Ross McCormack,,,,,transfermarkt,29006,EXACT,HIGH
plr_f7e93b01,Heung-Min Son,,,,,,,EXACT,HIGH
plr_f8014677,Hugo Bueno,,,,,,,EXACT,HIGH
plr_f806f3fc,Kieron Freeman,,,,,transfermarkt,158703,EXACT,HIGH
plr_f80c9818,Solly March,,,,,,,EXACT,HIGH
plr_f819313f,Julio Enciso,,,,,,,EXACT,HIGH
plr_f82a0215,Connor Randall,,,,,transfermarkt,262545,EXACT,HIGH
plr_f836e5b1,Sadio Mané,,,,,,,EXACT,HIGH
plr_f858e3e3,Flynn Downes,,,,,,,EXACT,HIGH
plr_f85d25e1,Kieran Trippier,,,,,transfermarkt,95810,EXACT,HIGH
plr_f8807897,Ezri Konsa Ngoyo,,,,,,,EXACT,HIGH
plr_f8917edc,Andy Lonergan,,,,,,,EXACT,HIGH
plr_f8c45e74,Braian Ojeda,,,,,transfermarkt,491596,EXACT,HIGH
plr_f8c84f9a,Andreas Pereira,,,,,,,EXACT,HIGH
plr_f8c9c876,Tariq Lamptey,,,,,,,EXACT,HIGH
plr_f8cd3c7a,Thiago Alcántara do Nascimento,,,,,,,EXACT,HIGH
plr_f8dd7e74,Fabian Schär,,,,,transfermarkt,135343,EXACT,HIGH
plr_f8f6a3cf,Eric Dier,,,,,,,EXACT,HIGH
plr_f8fcb274,Ben Davies,,,,,,,EXACT,HIGH
plr_f9080939,Luis Suárez,,,,,transfermarkt,424784,EXACT,HIGH
plr_f9225ffb,Charlie Daniels,,,,,,,EXACT,HIGH
plr_f923be04,Morgan Gibbs-White,,,,,transfermarkt,429014,EXACT,HIGH
plr_f9252fd6,Joël Veltman,,,,,transfermarkt,111195,EXACT,HIGH
plr_f92c2078,Michael Olise,,,,,transfermarkt,566723,EXACT,HIGH
plr_f92ed997,Marc Pugh,,,,,transfermarkt,36939,EXACT,HIGH
plr_f940e66d,Gabriel Osho,,,,,,,EXACT,HIGH
plr_f948a1ca,Diego Rico,,,,,,,EXACT,HIGH
plr_f94a7c46,Kristoffer Ajer,,,,,,,EXACT,HIGH
plr_f94b9100,Kenny Tete,,,,,,,EXACT,HIGH
plr_f94c6521,Roshaun Mathurin,,,,,,,EXACT,HIGH
plr_f960df8c,Zak Brunt,,,,,,,EXACT,HIGH
plr_f96d7e85,Jordan Zemura,,,,,transfermarkt,633530,EXACT,HIGH
plr_f974fc7b,Cedric Kipre,,,,,,,EXACT,HIGH
plr_f98f18dd,Thiago Emiliano da Silva,,,,,,,EXACT,HIGH
plr_f9e1465e,Elliot Anderson,,,,,transfermarkt,567576,EXACT,HIGH
plr_f9e1792c,Claudio Echeverri,,,,,transfermarkt,994536,EXACT,HIGH
plr_f9e9d397,James Hill,,,,,transfermarkt,611793,EXACT,HIGH
plr_f9f3dbb1,José Diogo Dalot Teixeira,,,,,,,EXACT,HIGH
plr_f9feb19c,Charlie Patino,,,,,,,EXACT,HIGH
plr_fa3961b7,Allan Marques Loureiro,,,,,,,EXACT,HIGH
plr_fa63041f,Sepp van den Berg,,,,,,,EXACT,HIGH
plr_fa6ad558,James Ward-Prowse,,,,,,,EXACT,HIGH
plr_fa767cd8,Lander Emery,,,,,,,EXACT,HIGH
plr_fa7a4495,Will Hughes,,,,,,,EXACT,HIGH
plr_fa7d65cb,Joe Willock,,,,,transfermarkt,340329,EXACT,HIGH
plr_fa83f982,Wayne Hennessey,,,,,,,EXACT,HIGH
plr_fa93fa32,Joël Veltman,,,,,,,EXACT,HIGH
plr_faaaa99f,Rhian Brewster,,,,,,,EXACT,HIGH
plr_faabd5b8,João Pedro Junqueira de Jesus,,,,,,,EXACT,HIGH
plr_fabcb2ef,Rhys Norrington-Davies,,,,,transfermarkt,543164,EXACT,HIGH
plr_fabda988,Vladimir Coufal,,,,,,,EXACT,HIGH
plr_fac1aa20,Alexis Mac Allister,,,,,transfermarkt,534033,EXACT,HIGH
plr_fae31dc3,Florin Gardoș,,,,,transfermarkt,57423,EXACT,HIGH
plr_faed29bc,Francisco Trincão,,,,,transfermarkt,412669,EXACT,HIGH
plr_fafbfb91,Jean-Philippe Mateta,,,,,transfermarkt,420002,EXACT,HIGH
plr_fb02246d,Jack Rodwell,,,,,transfermarkt,57079,EXACT,HIGH
plr_fb0f571e,Bruno Saltor,,,,,transfermarkt,51528,EXACT,HIGH
plr_fb2bb5ba,Bernd Leno,,,,,,,EXACT,HIGH
plr_fb326ee8,Joshua King,,,,,,,EXACT,HIGH
plr_fb6389a0,Hélder Wander Sousa de Azevedo e Costa,,,,,,,EXACT,HIGH
plr_fb6890b8,Mohammed Salisu,,,,,transfermarkt,563963,EXACT,HIGH
plr_fb6972de,Rhys Bennett,,,,,,,EXACT,HIGH
plr_fb90d44e,Tobi Omole,,,,,,,EXACT,HIGH
plr_fb9a8ae9,Conor Washington,,,,,transfermarkt,249815,EXACT,HIGH
plr_fbb432c5,Jonny Otto,,,,,transfermarkt,175446,EXACT,HIGH
plr_fbb468e5,Joachim Andersen,,,,,,,EXACT,HIGH
plr_fbb60d84,David Brooks,,,,,,,EXACT,HIGH
plr_fbc173a0,Emiliano Martínez,,,,,transfermarkt,111873,EXACT,HIGH
plr_fbc183ec,Japhet Tanganga,,,,,,,EXACT,HIGH
plr_fbc3b89c,Christian Atsu,,,,,transfermarkt,186997,EXACT,HIGH
plr_fbd29eeb,Kyle Walker-Peters,,,,,,,EXACT,HIGH
plr_fbee069f,Bernd Leno,,,,,,,EXACT,HIGH
plr_fbf6b8e7,Anthony Mancini,,,,,,,EXACT,HIGH
plr_fc13e07a,Aaron Lennon,,,,,,,EXACT,HIGH
plr_fc15fe28,Nathan Aké,,,,,transfermarkt,177476,EXACT,HIGH
plr_fc22c982,Caoimhín Kelleher,,,,,transfermarkt,340918,EXACT,HIGH
plr_fc316fc3,Leo Castledine,,,,,,,EXACT,HIGH
plr_fc41f6f9,Abd-Al-Ali Morakinyo Olaposi Koiki,,,,,,,EXACT,HIGH
plr_fc4367b1,Bukayo Saka,,,,,transfermarkt,433177,EXACT,HIGH
plr_fc4996be,Calum Chambers,,,,,transfermarkt,215118,EXACT,HIGH
plr_fc62e78c,James Milner,,,,,,,EXACT,HIGH
plr_fc698e78,John Stones,,,,,,,EXACT,HIGH
plr_fc7233ff,Stephen Henderson,,,,,,,EXACT,HIGH
plr_fc79e1a2,Kristian Sekularac,,,,,,,EXACT,HIGH
plr_fc7b29fe,Alfie Lewis,,,,,,,EXACT,HIGH
plr_fc8e4918,Alphonse Areola,,,,,,,EXACT,HIGH
plr_fca72bf8,Daniel Amartey,,,,,,,EXACT,HIGH
plr_fcc0754e,Morgan Sanson,,,,,transfermarkt,174094,EXACT,HIGH
plr_fcd20b78,Josh Brownhill,,,,,,,EXACT,HIGH
plr_fceab88d,Rhys Williams,,,,,,,EXACT,HIGH
plr_fcee9bc8,Michael Carrick,,,,,transfermarkt,3878,EXACT,HIGH
plr_fd032aef,Joe Rodon,,,,,,,EXACT,HIGH
plr_fd22b909,Emil Krafth,,,,,,,EXACT,HIGH
plr_fd24b1dc,Demarai Gray,,,,,transfermarkt,292417,EXACT,HIGH
plr_fd436f58,Steven Naismith,,,,,transfermarkt,12763,EXACT,HIGH
plr_fd52f9d8,Samuel Edozie,,,,,,,EXACT,HIGH
plr_fd62753d,Tyler Roberts,,,,,,,EXACT,HIGH
plr_fd6523f7,Jack Wilshere,,,,,,,EXACT,HIGH
plr_fd69e239,Jacob Ramsey,,,,,,,EXACT,HIGH
plr_fd7a509a,Adam Davies,,,,,,,EXACT,HIGH
plr_fd7aaf72,Shandon Baptiste,,,,,,,EXACT,HIGH
plr_fd8468a0,Gonzalo Montiel,,,,,transfermarkt,402733,EXACT,HIGH
plr_fd8827a0,Dejan Kulusevski,,,,,transfermarkt,431755,EXACT,HIGH
plr_fd9d3388,Wout Faes,,,,,transfermarkt,292808,EXACT,HIGH
plr_fdbad79e,Glen Rea,,,,,transfermarkt,337640,EXACT,HIGH
plr_fdbc88df,Moussa Sissoko,,,,,transfermarkt,46001,EXACT,HIGH
plr_fdc5a46d,Armando Broja,,,,,,,EXACT,HIGH
plr_fdd5c927,Ezri Konsa Ngoyo,,,,,,,EXACT,HIGH
plr_fde44a1d,Carlos Henrique Casimiro,,,,,,,EXACT,HIGH
plr_fdf37817,Mamadou Sakho,,,,,transfermarkt,47713,EXACT,HIGH
plr_fdf9d38e,N'Golo Kanté,,,,,,,EXACT,HIGH
plr_fe03aaa1,Chris Long,,,,,transfermarkt,183298,EXACT,HIGH
plr_fe0f21ee,Domingos Quina,,,,,,,EXACT,HIGH
plr_fe0ff417,Lucas Rodrigues Moura da Silva,,,,,,,EXACT,HIGH
plr_fe12bd8c,Panagiotis Retsos,,,,,transfermarkt,324351,EXACT,HIGH
plr_fe21e90b,Liam Delap,,,,,,,EXACT,HIGH
plr_fe374d48,Max Kilman,,,,,,,EXACT,HIGH
plr_fe3779ff,Carlos Vinicius Alves Morais,,,,,,,EXACT,HIGH
plr_fe42270b,Charlie Cresswell,,,,,transfermarkt,597659,EXACT,HIGH
plr_fe424104,Todd Kane,,,,,transfermarkt,154287,EXACT,HIGH
plr_fe4d44b9,Loïc Badé,,,,,transfermarkt,730581,EXACT,HIGH
plr_fe4f9a98,Nathan Patterson,,,,,transfermarkt,424015,EXACT,HIGH
plr_fe5e36b5,Emile Smith Rowe,,,,,,,EXACT,HIGH
plr_fe6516ef,Harry Isted,,,,,transfermarkt,284718,EXACT,HIGH
plr_fe9f49b0,Eric Dier,,,,,,,EXACT,HIGH
plr_fea6bbe6,Henrikh Mkhitaryan,,,,,,,EXACT,HIGH
plr_fea88e89,Keane Lewis-Potter,,,,,transfermarkt,644401,EXACT,HIGH
plr_feb09c35,Julian Jeanvier,,,,,transfermarkt,134277,EXACT,HIGH
plr_fecac8f9,Edson Álvarez,,,,,transfermarkt,401356,EXACT,HIGH
plr_fee57bcd,Micah Richards,,,,,transfermarkt,32617,EXACT,HIGH
plr_fef538b6,João Pedro Junqueira de Jesus,,,,,,,EXACT,HIGH
plr_ff095f82,Jonathan Castro Otto,,,,,,,EXACT,HIGH
plr_ff1658bd,Massadio Haïdara,,,,,transfermarkt,170929,EXACT,HIGH
plr_ff1b3672,Joe Rodon,,,,,,,EXACT,HIGH
plr_ff25832d,Christian Nørgaard,,,,,,,EXACT,HIGH
plr_ff2a80fe,Oliver Skipp,,,,,,,EXACT,HIGH
plr_ff2c01a3,Jack Hinshelwood,,,,,transfermarkt,867688,EXACT,HIGH
plr_ff2dc23c,Aymeric Laporte,,,,,,,EXACT,HIGH
plr_ff3059f8,Ricardo Domingos Barbosa Pereira,,,,,,,EXACT,HIGH
plr_ff31bd44,Danny Lafferty,,,,,transfermarkt,85928,EXACT,HIGH
plr_ff408dcb,Jeff Hendrick,,,,,,,EXACT,HIGH
plr_ff48fb46,Giovani Lo Celso,,,,,,,EXACT,HIGH
plr_ff5ef784,Tyrone Mings,,,,,transfermarkt,253677,EXACT,HIGH
plr_ff649b8c,Josh Feeney,,,,,,,EXACT,HIGH
plr_ff89e002,Maxime Le Marchand,,,,,transfermarkt,60558,EXACT,HIGH
plr_ff9a8711,Tommy Doyle,,,,,,,EXACT,HIGH
plr_ff9ef66a,Cenk Tosun,,,,,transfermarkt,45671,EXACT,HIGH
plr_ffa99396,Mason Holgate,,,,,transfermarkt,348623,EXACT,HIGH
plr_ffabee2c,Tyrick Mitchell,,,,,,,EXACT,HIGH
plr_ffbab246,Takehiro Tomiyasu,,,,,transfermarkt,331560,EXACT,HIGH
plr_ffd57906,Luke Plange,,,,,,,EXACT,HIGH
plr_fff873a6,Brice Samba,,,,,transfermarkt,191056,EXACT,HIGH
plr_fff8d2dd,Tyrick Mitchell,,,,,,,EXACT,HIGH
