master_player_id,source,source_player_id,source_player_name,source_club_id,source_club_name,season_id,match_confidence,match_method,review_status
plr_569dc14c,fpl,Petr_Cech,Petr Cech,,,2018_2019,100.0,EXACT_SOURCE_ID,APPROVED
plr_1428fd3e,fpl,Bernd_Leno,Bernd Leno,,,2018_2019,100.0,EXACT_SOURCE_ID,APPROVED
plr_3fab3b87,fpl,Laurent_Koscielny,Laurent Koscielny,,,2018_2019,100.0,EXACT_SOURCE_ID,APPROVED
plr_c28d089b,fpl,Héctor_Bellerín,Héctor Bellerín,,,2018_2019,100.0,EXACT_SOURCE_ID,APPROVED
plr_4c40da69,fpl,Nacho_Monreal,Nacho Monreal,,,2018_2019,100.0,EXACT_SOURCE_ID,APPROVED
plr_5d6c7016,fpl,Rob_Holding,Rob Holding,,,2018_2019,100.0,EXACT_SOURCE_ID,APPROVED
plr_77afc4df,fpl,Shkodran_Mustafi,Shkodran Mustafi,,,2018_2019,100.0,EXACT_SOURCE_ID,APPROVED
plr_9d68e285,fpl,Sead_Kolasinac,Sead Kolasinac,,,2018_2019,100.0,EXACT_SOURCE_ID,APPROVED
plr_208ff36c,fpl,Konstantinos_Mavropanos,Konstantinos Mavropanos,,,2018_2019,100.0,EXACT_SOURCE_ID,APPROVED
plr_71d84a1d,fpl,Stephan_Lichtsteiner,Stephan Lichtsteiner,,,2018_2019,100.0,EXACT_SOURCE_ID,APPROVED
plr_d55daa88,fpl,Sokratis_Papastathopoulos,Sokratis Papastathopoulos,,,2018_2019,100.0,EXACT_SOURCE_ID,APPROVED
plr_2df0cb13,fpl,Mesut_Özil,Mesut Özil,,,2018_2019,100.0,EXACT_SOURCE_ID,APPROVED
plr_50585d71,fpl,Aaron_Ramsey,Aaron Ramsey,,,2018_2019,100.0,EXACT_SOURCE_ID,APPROVED
plr_0f6c67f6,fpl,Alex_Iwobi,Alex Iwobi,,,2018_2019,100.0,EXACT_SOURCE_ID,APPROVED
plr_528bf654,fpl,Mohamed_Elneny,Mohamed Elneny,,,2018_2019,100.0,EXACT_SOURCE_ID,APPROVED
plr_092d4d51,fpl,Granit_Xhaka,Granit Xhaka,,,2018_2019,100.0,EXACT_SOURCE_ID,APPROVED
plr_9d720bcf,fpl,Henrikh_Mkhitaryan,Henrikh Mkhitaryan,,,2018_2019,100.0,EXACT_SOURCE_ID,APPROVED
plr_7124259f,fpl,Reiss_Nelson,Reiss Nelson,,,2018_2019,100.0,EXACT_SOURCE_ID,APPROVED
plr_e9bad5d1,fpl,Ainsley_Maitland-Niles,Ainsley Maitland-Niles,,,2018_2019,100.0,EXACT_SOURCE_ID,APPROVED
plr_87a492b6,fpl,Danny_Welbeck,Danny Welbeck,,,2018_2019,100.0,EXACT_SOURCE_ID,APPROVED
plr_8bba88d8,fpl,Alexandre_Lacazette,Alexandre Lacazette,,,2018_2019,100.0,EXACT_SOURCE_ID,APPROVED
plr_1f98732c,fpl,Pierre-Emerick_Aubameyang,Pierre-Emerick Aubameyang,,,2018_2019,100.0,EXACT_SOURCE_ID,APPROVED
plr_0002ce69,fpl,Lucas_Torreira,Lucas Torreira,,,2018_2019,100.0,EXACT_SOURCE_ID,APPROVED
plr_7cf2ea79,fpl,Matteo_Guendouzi,Matteo Guendouzi,,,2018_2019,100.0,EXACT_SOURCE_ID,APPROVED
plr_fbc173a0,fpl,Emiliano_Martínez,Emiliano Martínez,,,2018_2019,100.0,EXACT_SOURCE_ID,APPROVED
plr_17c29f46,fpl,Emile_Smith-Rowe,Emile Smith-Rowe,,,2018_2019,100.0,EXACT_SOURCE_ID,APPROVED
plr_cd9038ce,fpl,Zech_Medley,Zech Medley,,,2018_2019,100.0,EXACT_SOURCE_ID,APPROVED
plr_a573339d,fpl,Edward_Nketiah,Edward Nketiah,,,2018_2019,100.0,EXACT_SOURCE_ID,APPROVED
plr_fc4367b1,fpl,Bukayo_Saka,Bukayo Saka,,,2018_2019,100.0,EXACT_SOURCE_ID,APPROVED
plr_13d0ea49,fpl,Joseph_Willock,Joseph Willock,,,2018_2019,100.0,EXACT_SOURCE_ID,APPROVED
plr_ad0d0bc8,fpl,Carl_Jenkinson,Carl Jenkinson,,,2018_2019,100.0,EXACT_SOURCE_ID,APPROVED
plr_babf6d0c,fpl,Denis_Suárez,Denis Suárez,,,2018_2019,100.0,EXACT_SOURCE_ID,APPROVED
plr_26dc52a9,fpl,Asmir_Begovic,Asmir Begovic,,,2018_2019,100.0,EXACT_SOURCE_ID,APPROVED
plr_2e5621b7,fpl,Artur_Boruc,Artur Boruc,,,2018_2019,100.0,EXACT_SOURCE_ID,APPROVED
plr_d56584a3,fpl,Simon_Francis,Simon Francis,,,2018_2019,100.0,EXACT_SOURCE_ID,APPROVED
plr_9f484448,fpl,Steve_Cook,Steve Cook,,,2018_2019,100.0,EXACT_SOURCE_ID,APPROVED
plr_86d156b8,fpl,Charlie_Daniels,Charlie Daniels,,,2018_2019,100.0,EXACT_SOURCE_ID,APPROVED
plr_1210d5da,fpl,Adam_Smith,Adam Smith,,,2018_2019,100.0,EXACT_SOURCE_ID,APPROVED
plr_ff5ef784,fpl,Tyrone_Mings,Tyrone Mings,,,2018_2019,100.0,EXACT_SOURCE_ID,APPROVED
plr_fc15fe28,fpl,Nathan_Aké,Nathan Aké,,,2018_2019,100.0,EXACT_SOURCE_ID,APPROVED
plr_089a0978,fpl,Jack_Simpson,Jack Simpson,,,2018_2019,100.0,EXACT_SOURCE_ID,APPROVED
plr_f92ed997,fpl,Marc_Pugh,Marc Pugh,,,2018_2019,100.0,EXACT_SOURCE_ID,APPROVED
plr_74989b11,fpl,Andrew_Surman,Andrew Surman,,,2018_2019,100.0,EXACT_SOURCE_ID,APPROVED
plr_c63673bf,fpl,Junior_Stanislas,Junior Stanislas,,,2018_2019,100.0,EXACT_SOURCE_ID,APPROVED
plr_d9523fc2,fpl,Dan_Gosling,Dan Gosling,,,2018_2019,100.0,EXACT_SOURCE_ID,APPROVED
plr_2ff35d79,fpl,Jordon_Ibe,Jordon Ibe,,,2018_2019,100.0,EXACT_SOURCE_ID,APPROVED
plr_71ae4701,fpl,Lewis_Cook,Lewis Cook,,,2018_2019,100.0,EXACT_SOURCE_ID,APPROVED
plr_473481e9,fpl,Ryan_Fraser,Ryan Fraser,,,2018_2019,100.0,EXACT_SOURCE_ID,APPROVED
plr_8ce797ce,fpl,Emerson_Hyndman,Emerson Hyndman,,,2018_2019,100.0,EXACT_SOURCE_ID,APPROVED
plr_3d5d63c5,fpl,David_Brooks,David Brooks,,,2018_2019,100.0,EXACT_SOURCE_ID,APPROVED
plr_b0091eef,fpl,Callum_Wilson,Callum Wilson,,,2018_2019,100.0,EXACT_SOURCE_ID,APPROVED
plr_35ad7087,fpl,Lys_Mousset,Lys Mousset,,,2018_2019,100.0,EXACT_SOURCE_ID,APPROVED
plr_83d6d5c3,fpl,Joshua_King,Joshua King,,,2018_2019,100.0,EXACT_SOURCE_ID,APPROVED
plr_69daac56,fpl,Jermain_Defoe,Jermain Defoe,,,2018_2019,100.0,EXACT_SOURCE_ID,APPROVED
plr_4bbb1935,fpl,Nathaniel_Clyne,Nathaniel Clyne,,,2018_2019,100.0,EXACT_SOURCE_ID,APPROVED
plr_a46bac7d,fpl,Dominic_Solanke,Dominic Solanke,,,2018_2019,100.0,EXACT_SOURCE_ID,APPROVED
plr_5b9e1947,fpl,Diego_Rico,Diego Rico,,,2018_2019,100.0,EXACT_SOURCE_ID,APPROVED
plr_ec727651,fpl,Jefferson_Lerma,Jefferson Lerma,,,2018_2019,100.0,EXACT_SOURCE_ID,APPROVED
plr_033c1004,fpl,Chris_Mepham,Chris Mepham,,,2018_2019,100.0,EXACT_SOURCE_ID,APPROVED
plr_a1f4d6e6,fpl,Sam_Surridge,Sam Surridge,,,2018_2019,100.0,EXACT_SOURCE_ID,APPROVED
plr_eeb5453e,fpl,Kyle_Taylor,Kyle Taylor,,,2018_2019,100.0,EXACT_SOURCE_ID,APPROVED
plr_60fe62aa,fpl,Nnamdi_Ofoborh,Nnamdi Ofoborh,,,2018_2019,100.0,EXACT_SOURCE_ID,APPROVED
plr_8ec939c3,fpl,Mark_Travers,Mark Travers,,,2018_2019,100.0,EXACT_SOURCE_ID,APPROVED
plr_4a2f6a35,fpl,Matt_Butcher,Matt Butcher,,,2018_2019,100.0,EXACT_SOURCE_ID,APPROVED
plr_60fd42bd,fpl,Mathew_Ryan,Mathew Ryan,,,2018_2019,100.0,EXACT_SOURCE_ID,APPROVED
plr_6e7d59f2,fpl,Lewis_Dunk,Lewis Dunk,,,2018_2019,100.0,EXACT_SOURCE_ID,APPROVED
plr_bc1efc9a,fpl,Shane_Duffy,Shane Duffy,,,2018_2019,100.0,EXACT_SOURCE_ID,APPROVED
plr_dc35cca3,fpl,Bruno_Saltor Grau,Bruno Saltor Grau,,,2018_2019,100.0,EXACT_SOURCE_ID,APPROVED
plr_973e4a3b,fpl,Gaëtan_Bong,Gaëtan Bong,,,2018_2019,100.0,EXACT_SOURCE_ID,APPROVED
plr_4d79fe1b,fpl,Markus_Suttner,Markus Suttner,,,2018_2019,100.0,EXACT_SOURCE_ID,APPROVED
plr_542254da,fpl,Ezequiel_Schelotto,Ezequiel Schelotto,,,2018_2019,100.0,EXACT_SOURCE_ID,APPROVED
plr_481b06bc,fpl,Leon_Balogun,Leon Balogun,,,2018_2019,100.0,EXACT_SOURCE_ID,APPROVED
plr_76748ba6,fpl,Anthony_Knockaert,Anthony Knockaert,,,2018_2019,100.0,EXACT_SOURCE_ID,APPROVED
plr_2b831ac0,fpl,Dale_Stephens,Dale Stephens,,,2018_2019,100.0,EXACT_SOURCE_ID,APPROVED
plr_861ee9a5,fpl,Beram_Kayal,Beram Kayal,,,2018_2019,100.0,EXACT_SOURCE_ID,APPROVED
plr_973453ea,fpl,Solomon_March,Solomon March,,,2018_2019,100.0,EXACT_SOURCE_ID,APPROVED
plr_7a6027b2,fpl,Pascal_Groß,Pascal Groß,,,2018_2019,100.0,EXACT_SOURCE_ID,APPROVED
plr_2198492a,fpl,Davy_Pröpper,Davy Pröpper,,,2018_2019,100.0,EXACT_SOURCE_ID,APPROVED
plr_1211ee03,fpl,José Heriberto_Izquierdo Mena,José Heriberto Izquierdo Mena,,,2018_2019,100.0,EXACT_SOURCE_ID,APPROVED
plr_51430396,fpl,Glenn_Murray,Glenn Murray,,,2018_2019,100.0,EXACT_SOURCE_ID,APPROVED
plr_75c9ca1c,fpl,Tomer_Hemed,Tomer Hemed,,,2018_2019,100.0,EXACT_SOURCE_ID,APPROVED
plr_297fcbf4,fpl,Sam_Baldock,Sam Baldock,,,2018_2019,100.0,EXACT_SOURCE_ID,APPROVED
plr_aa7bc1d5,fpl,Jürgen_Locadia,Jürgen Locadia,,,2018_2019,100.0,EXACT_SOURCE_ID,APPROVED
plr_9a987637,fpl,Florin_Andone,Florin Andone,,,2018_2019,100.0,EXACT_SOURCE_ID,APPROVED
plr_532641b2,fpl,David_Button,David Button,,,2018_2019,100.0,EXACT_SOURCE_ID,APPROVED
plr_c69b7eb0,fpl,Jason_Steele,Jason Steele,,,2018_2019,100.0,EXACT_SOURCE_ID,APPROVED
plr_3bc28b36,fpl,Bernardo_Fernandes da Silva Junior,Bernardo Fernandes da Silva Junior,,,2018_2019,100.0,EXACT_SOURCE_ID,APPROVED
plr_42047687,fpl,Yves_Bissouma,Yves Bissouma,,,2018_2019,100.0,EXACT_SOURCE_ID,APPROVED
plr_508aa546,fpl,Alireza_Jahanbakhsh,Alireza Jahanbakhsh,,,2018_2019,100.0,EXACT_SOURCE_ID,APPROVED
plr_44468301,fpl,Martín_Montoya,Martín Montoya,,,2018_2019,100.0,EXACT_SOURCE_ID,APPROVED
plr_220e297b,fpl,Viktor_Gyokeres,Viktor Gyokeres,,,2018_2019,100.0,EXACT_SOURCE_ID,APPROVED
plr_1435248e,fpl,Ben_White,Ben White,,,2018_2019,100.0,EXACT_SOURCE_ID,APPROVED
plr_8cffcfce,fpl,Max_Sanders,Max Sanders,,,2018_2019,100.0,EXACT_SOURCE_ID,APPROVED
plr_8e85c7c2,fpl,Dan_Burn,Dan Burn,,,2018_2019,100.0,EXACT_SOURCE_ID,APPROVED
plr_dfdbc1fa,fpl,Jayson_Molumby,Jayson Molumby,,,2018_2019,100.0,EXACT_SOURCE_ID,APPROVED
plr_f4a0a6d3,fpl,Tom_Heaton,Tom Heaton,,,2018_2019,100.0,EXACT_SOURCE_ID,APPROVED
plr_ef5d2fde,fpl,Nick_Pope,Nick Pope,,,2018_2019,100.0,EXACT_SOURCE_ID,APPROVED
plr_68a23045,fpl,Matthew_Lowton,Matthew Lowton,,,2018_2019,100.0,EXACT_SOURCE_ID,APPROVED
plr_5413ac2c,fpl,Ben_Mee,Ben Mee,,,2018_2019,100.0,EXACT_SOURCE_ID,APPROVED
plr_6945edcc,fpl,Stephen_Ward,Stephen Ward,,,2018_2019,100.0,EXACT_SOURCE_ID,APPROVED
plr_a566c68e,fpl,James_Tarkowski,James Tarkowski,,,2018_2019,100.0,EXACT_SOURCE_ID,APPROVED
plr_4c4f02f8,fpl,Kevin_Long,Kevin Long,,,2018_2019,100.0,EXACT_SOURCE_ID,APPROVED
plr_9fb9fe11,fpl,Charlie_Taylor,Charlie Taylor,,,2018_2019,100.0,EXACT_SOURCE_ID,APPROVED
plr_be5bd356,fpl,Phil_Bardsley,Phil Bardsley,,,2018_2019,100.0,EXACT_SOURCE_ID,APPROVED
plr_6af64175,fpl,Johann Berg_Gudmundsson,Johann Berg Gudmundsson,,,2018_2019,100.0,EXACT_SOURCE_ID,APPROVED
plr_72fa8392,fpl,Steven_Defour,Steven Defour,,,2018_2019,100.0,EXACT_SOURCE_ID,APPROVED
plr_a8c20f50,fpl,Jeff_Hendrick,Jeff Hendrick,,,2018_2019,100.0,EXACT_SOURCE_ID,APPROVED
plr_425399ad,fpl,Robbie_Brady,Robbie Brady,,,2018_2019,100.0,EXACT_SOURCE_ID,APPROVED
plr_29b3481e,fpl,Ashley_Westwood,Ashley Westwood,,,2018_2019,100.0,EXACT_SOURCE_ID,APPROVED
plr_6b5839e7,fpl,Jonathan_Walters,Jonathan Walters,,,2018_2019,100.0,EXACT_SOURCE_ID,APPROVED
plr_d77e5795,fpl,Jack_Cork,Jack Cork,,,2018_2019,100.0,EXACT_SOURCE_ID,APPROVED
plr_1cdbf075,fpl,Aaron_Lennon,Aaron Lennon,,,2018_2019,100.0,EXACT_SOURCE_ID,APPROVED
plr_b35395b1,fpl,Sam_Vokes,Sam Vokes,,,2018_2019,100.0,EXACT_SOURCE_ID,APPROVED
plr_d7833c4c,fpl,Ashley_Barnes,Ashley Barnes,,,2018_2019,100.0,EXACT_SOURCE_ID,APPROVED
plr_e082eb5e,fpl,Nahki_Wells,Nahki Wells,,,2018_2019,100.0,EXACT_SOURCE_ID,APPROVED
plr_f64a195f,fpl,Chris_Wood,Chris Wood,,,2018_2019,100.0,EXACT_SOURCE_ID,APPROVED
plr_44a70f63,fpl,Anders_Lindegaard,Anders Lindegaard,,,2018_2019,100.0,EXACT_SOURCE_ID,APPROVED
plr_06341f32,fpl,Joe_Hart,Joe Hart,,,2018_2019,100.0,EXACT_SOURCE_ID,APPROVED
plr_e0fb6674,fpl,Ben_Gibson,Ben Gibson,,,2018_2019,100.0,EXACT_SOURCE_ID,APPROVED
plr_92371766,fpl,Matej_Vydra,Matej Vydra,,,2018_2019,100.0,EXACT_SOURCE_ID,APPROVED
plr_208df530,fpl,Dwight_McNeil,Dwight McNeil,,,2018_2019,100.0,EXACT_SOURCE_ID,APPROVED
plr_fc41f6f9,fpl,Abd-Al-Ali Morakinyo Olaposi_Koiki,Abd-Al-Ali Morakinyo Olaposi Koiki,,,2018_2019,100.0,EXACT_SOURCE_ID,APPROVED
plr_4f2f77b8,fpl,Josh_Benson,Josh Benson,,,2018_2019,100.0,EXACT_SOURCE_ID,APPROVED
plr_afd0e8b5,fpl,Peter_Crouch,Peter Crouch,,,2018_2019,100.0,EXACT_SOURCE_ID,APPROVED
plr_884dada6,fpl,Anthony_Driscoll-Glennon,Anthony Driscoll-Glennon,,,2018_2019,100.0,EXACT_SOURCE_ID,APPROVED
plr_c95ae376,fpl,Harry_Arter,Harry Arter,,,2018_2019,100.0,EXACT_SOURCE_ID,APPROVED
plr_2cd4e9a8,fpl,Neil_Etheridge,Neil Etheridge,,,2018_2019,100.0,EXACT_SOURCE_ID,APPROVED
plr_f5c50b75,fpl,Alex_Smithies,Alex Smithies,,,2018_2019,100.0,EXACT_SOURCE_ID,APPROVED
plr_4fc1560e,fpl,Sean_Morrison,Sean Morrison,,,2018_2019,100.0,EXACT_SOURCE_ID,APPROVED
plr_885de0b6,fpl,Sol_Bamba,Sol Bamba,,,2018_2019,100.0,EXACT_SOURCE_ID,APPROVED
plr_1ef78a74,fpl,Bruno_Ecuele Manga,Bruno Ecuele Manga,,,2018_2019,100.0,EXACT_SOURCE_ID,APPROVED
plr_a05d2380,fpl,Matthew_Connolly,Matthew Connolly,,,2018_2019,100.0,EXACT_SOURCE_ID,APPROVED
plr_eebd3eeb,fpl,Joe_Bennett,Joe Bennett,,,2018_2019,100.0,EXACT_SOURCE_ID,APPROVED
plr_5943435d,fpl,Lee_Peltier,Lee Peltier,,,2018_2019,100.0,EXACT_SOURCE_ID,APPROVED
plr_c051e216,fpl,Ashley Darel Jazz_Richards,Ashley Darel Jazz Richards,,,2018_2019,100.0,EXACT_SOURCE_ID,APPROVED
plr_1be8bdba,fpl,Greg_Halford,Greg Halford,,,2018_2019,100.0,EXACT_SOURCE_ID,APPROVED
plr_c4b8c3cf,fpl,Joe_Ralls,Joe Ralls,,,2018_2019,100.0,EXACT_SOURCE_ID,APPROVED
plr_b92bb250,fpl,David Junior_Hoilett,David Junior Hoilett,,,2018_2019,100.0,EXACT_SOURCE_ID,APPROVED
plr_486324f2,fpl,Nathaniel_Mendez-Laing,Nathaniel Mendez-Laing,,,2018_2019,100.0,EXACT_SOURCE_ID,APPROVED
plr_376ca02b,fpl,Callum_Paterson,Callum Paterson,,,2018_2019,100.0,EXACT_SOURCE_ID,APPROVED
plr_77fd107d,fpl,Aron_Gunnarsson,Aron Gunnarsson,,,2018_2019,100.0,EXACT_SOURCE_ID,APPROVED
plr_cd009cc7,fpl,Anthony_Pilkington,Anthony Pilkington,,,2018_2019,100.0,EXACT_SOURCE_ID,APPROVED
plr_9bfc1601,fpl,Loïc_Damour,Loïc Damour,,,2018_2019,100.0,EXACT_SOURCE_ID,APPROVED
plr_e99d25d2,fpl,Danny_Ward,Danny Ward,,,2018_2019,100.0,EXACT_SOURCE_ID,APPROVED
plr_6ec72bd1,fpl,Josh_Murphy,Josh Murphy,,,2018_2019,100.0,EXACT_SOURCE_ID,APPROVED
plr_82ad0811,fpl,Kenneth_Zohore,Kenneth Zohore,,,2018_2019,100.0,EXACT_SOURCE_ID,APPROVED
plr_e5eba929,fpl,Omar_Bogle,Omar Bogle,,,2018_2019,100.0,EXACT_SOURCE_ID,APPROVED
plr_5faa6205,fpl,Gary_Madine,Gary Madine,,,2018_2019,100.0,EXACT_SOURCE_ID,APPROVED
plr_d61e26ca,fpl,Bobby_Reid,Bobby Reid,,,2018_2019,100.0,EXACT_SOURCE_ID,APPROVED
plr_09e9c769,fpl,Oumar_Niasse,Oumar Niasse,,,2018_2019,100.0,EXACT_SOURCE_ID,APPROVED
plr_4fbd51a7,fpl,Greg_Cunninghamm,Greg Cunninghamm,,,2018_2019,100.0,EXACT_SOURCE_ID,APPROVED
plr_764b8447,fpl,Víctor_Camarasa,Víctor Camarasa,,,2018_2019,100.0,EXACT_SOURCE_ID,APPROVED
plr_932523ad,fpl,Kadeem_Harris,Kadeem Harris,,,2018_2019,100.0,EXACT_SOURCE_ID,APPROVED
plr_8e516b95,fpl,Brian_Murphy,Brian Murphy,,,2018_2019,100.0,EXACT_SOURCE_ID,APPROVED
plr_9de7334c,fpl,Rhys_Healey,Rhys Healey,,,2018_2019,100.0,EXACT_SOURCE_ID,APPROVED
plr_f37fe529,fpl,Leandro_Bacuna,Leandro Bacuna,,,2018_2019,100.0,EXACT_SOURCE_ID,APPROVED
plr_941a92ab,fpl,Thibaut_Courtois,Thibaut Courtois,,,2018_2019,100.0,EXACT_SOURCE_ID,APPROVED
plr_ef0bbc5a,fpl,Willy_Caballero,Willy Caballero,,,2018_2019,100.0,EXACT_SOURCE_ID,APPROVED
plr_71c220ab,fpl,César_Azpilicueta,César Azpilicueta,,,2018_2019,100.0,EXACT_SOURCE_ID,APPROVED
plr_ea397c75,fpl,Gary_Cahill,Gary Cahill,,,2018_2019,100.0,EXACT_SOURCE_ID,APPROVED
plr_2826cb21,fpl,Marcos_Alonso,Marcos Alonso,,,2018_2019,100.0,EXACT_SOURCE_ID,APPROVED
plr_6f8b8bea,fpl,David_Luiz Moreira Marinho,David Luiz Moreira Marinho,,,2018_2019,100.0,EXACT_SOURCE_ID,APPROVED
plr_6f1af571,fpl,Victor_Moses,Victor Moses,,,2018_2019,100.0,EXACT_SOURCE_ID,APPROVED
plr_6868e991,fpl,Antonio_Rüdiger,Antonio Rüdiger,,,2018_2019,100.0,EXACT_SOURCE_ID,APPROVED
plr_b6ba3793,fpl,Andreas_Christensen,Andreas Christensen,,,2018_2019,100.0,EXACT_SOURCE_ID,APPROVED
plr_1fa07280,fpl,Davide_Zappacosta,Davide Zappacosta,,,2018_2019,100.0,EXACT_SOURCE_ID,APPROVED
plr_6173266e,fpl,Emerson_Palmieri dos Santos,Emerson Palmieri dos Santos,,,2018_2019,100.0,EXACT_SOURCE_ID,APPROVED
plr_0f5e38e9,fpl,Eden_Hazard,Eden Hazard,,,2018_2019,100.0,EXACT_SOURCE_ID,APPROVED
plr_f7384ec8,fpl,Cesc_Fàbregas,Cesc Fàbregas,,,2018_2019,100.0,EXACT_SOURCE_ID,APPROVED
plr_574c7e96,fpl,Willian_Borges Da Silva,Willian Borges Da Silva,,,2018_2019,100.0,EXACT_SOURCE_ID,APPROVED
plr_61dad760,fpl,Pedro_Rodríguez Ledesma,Pedro Rodríguez Ledesma,,,2018_2019,100.0,EXACT_SOURCE_ID,APPROVED
plr_6c46dc4c,fpl,N'Golo_Kanté,N'Golo Kanté,,,2018_2019,100.0,EXACT_SOURCE_ID,APPROVED
plr_673cfab3,fpl,Ross_Barkley,Ross Barkley,,,2018_2019,100.0,EXACT_SOURCE_ID,APPROVED
plr_3e594bdb,fpl,Daniel_Drinkwater,Daniel Drinkwater,,,2018_2019,100.0,EXACT_SOURCE_ID,APPROVED
plr_e2b837a7,fpl,Tiemoué_Bakayoko,Tiemoué Bakayoko,,,2018_2019,100.0,EXACT_SOURCE_ID,APPROVED
plr_c8c2df65,fpl,Ethan_Ampadu,Ethan Ampadu,,,2018_2019,100.0,EXACT_SOURCE_ID,APPROVED
plr_52ee411b,fpl,Callum_Hudson-Odoi,Callum Hudson-Odoi,,,2018_2019,100.0,EXACT_SOURCE_ID,APPROVED
plr_6b8810ff,fpl,Ruben_Loftus-Cheek,Ruben Loftus-Cheek,,,2018_2019,100.0,EXACT_SOURCE_ID,APPROVED
plr_10bbb0d8,fpl,Olivier_Giroud,Olivier Giroud,,,2018_2019,100.0,EXACT_SOURCE_ID,APPROVED
plr_f055db06,fpl,Álvaro_Morata,Álvaro Morata,,,2018_2019,100.0,EXACT_SOURCE_ID,APPROVED
plr_83b5cd51,fpl,Jorge Luiz_Frello Filho,Jorge Luiz Frello Filho,,,2018_2019,100.0,EXACT_SOURCE_ID,APPROVED
plr_e19d612b,fpl,Tammy_Abraham,Tammy Abraham,,,2018_2019,100.0,EXACT_SOURCE_ID,APPROVED
plr_f367ce9f,fpl,Kepa_Arrizabalaga,Kepa Arrizabalaga,,,2018_2019,100.0,EXACT_SOURCE_ID,APPROVED
plr_99a11ace,fpl,Mateo_Kovacic,Mateo Kovacic,,,2018_2019,100.0,EXACT_SOURCE_ID,APPROVED
plr_cb466124,fpl,Gonzalo_Higuaín,Gonzalo Higuaín,,,2018_2019,100.0,EXACT_SOURCE_ID,APPROVED
plr_298dd03d,fpl,Addji Keaninkin Marc-Israel_Guehi,Addji Keaninkin Marc-Israel Guehi,,,2018_2019,100.0,EXACT_SOURCE_ID,APPROVED
plr_de07a986,fpl,Wayne_Hennessey,Wayne Hennessey,,,2018_2019,100.0,EXACT_SOURCE_ID,APPROVED
plr_118c712c,fpl,Julian_Speroni,Julian Speroni,,,2018_2019,100.0,EXACT_SOURCE_ID,APPROVED
plr_8d8ea1ff,fpl,Vicente_Guaita,Vicente Guaita,,,2018_2019,100.0,EXACT_SOURCE_ID,APPROVED
plr_50efee62,fpl,James_Tomkins,James Tomkins,,,2018_2019,100.0,EXACT_SOURCE_ID,APPROVED
plr_c3b48477,fpl,Scott_Dann,Scott Dann,,,2018_2019,100.0,EXACT_SOURCE_ID,APPROVED
plr_0f6ce7b1,fpl,Martin_Kelly,Martin Kelly,,,2018_2019,100.0,EXACT_SOURCE_ID,APPROVED
plr_ac4709b6,fpl,Jeffrey_Schlupp,Jeffrey Schlupp,,,2018_2019,100.0,EXACT_SOURCE_ID,APPROVED
plr_1183b95e,fpl,Patrick_van Aanholt,Patrick van Aanholt,,,2018_2019,100.0,EXACT_SOURCE_ID,APPROVED
plr_fdf37817,fpl,Mamadou_Sakho,Mamadou Sakho,,,2018_2019,100.0,EXACT_SOURCE_ID,APPROVED
plr_ebcb60c4,fpl,Jairo_Riedewald,Jairo Riedewald,,,2018_2019,100.0,EXACT_SOURCE_ID,APPROVED
plr_b9cc9a07,fpl,Aaron_Wan-Bissaka,Aaron Wan-Bissaka,,,2018_2019,100.0,EXACT_SOURCE_ID,APPROVED
plr_c0c536dd,fpl,James_McArthur,James McArthur,,,2018_2019,100.0,EXACT_SOURCE_ID,APPROVED
plr_1f542b2d,fpl,Bakary_Sako,Bakary Sako,,,2018_2019,100.0,EXACT_SOURCE_ID,APPROVED
plr_b1716ce8,fpl,Andros_Townsend,Andros Townsend,,,2018_2019,100.0,EXACT_SOURCE_ID,APPROVED
plr_c1fd5ee1,fpl,Luka_Milivojevic,Luka Milivojevic,,,2018_2019,100.0,EXACT_SOURCE_ID,APPROVED
plr_b61af771,fpl,Wilfried_Zaha,Wilfried Zaha,,,2018_2019,100.0,EXACT_SOURCE_ID,APPROVED
plr_11054601,fpl,Christian_Benteke,Christian Benteke,,,2018_2019,100.0,EXACT_SOURCE_ID,APPROVED
plr_89dcee99,fpl,Alexander_Sørloth,Alexander Sørloth,,,2018_2019,100.0,EXACT_SOURCE_ID,APPROVED
plr_48cc406b,fpl,Cheikhou_Kouyaté,Cheikhou Kouyaté,,,2018_2019,100.0,EXACT_SOURCE_ID,APPROVED
plr_3acaf742,fpl,Joel_Ward,Joel Ward,,,2018_2019,100.0,EXACT_SOURCE_ID,APPROVED
plr_251eca56,fpl,Jaroslaw_Jach,Jaroslaw Jach,,,2018_2019,100.0,EXACT_SOURCE_ID,APPROVED
plr_26deef24,fpl,Pape_Souaré,Pape Souaré,,,2018_2019,100.0,EXACT_SOURCE_ID,APPROVED
plr_81f31007,fpl,Connor_Wickham,Connor Wickham,,,2018_2019,100.0,EXACT_SOURCE_ID,APPROVED
plr_79113137,fpl,Sullay_Kaikai,Sullay Kaikai,,,2018_2019,100.0,EXACT_SOURCE_ID,APPROVED
plr_c1f35599,fpl,Max_Meyer,Max Meyer,,,2018_2019,100.0,EXACT_SOURCE_ID,APPROVED
plr_04400911,fpl,Jordan_Ayew,Jordan Ayew,,,2018_2019,100.0,EXACT_SOURCE_ID,APPROVED
plr_941e9f78,fpl,Joe_Tupper,Joe Tupper,,,2018_2019,100.0,EXACT_SOURCE_ID,APPROVED
plr_49a6ff23,fpl,Lucas_Perri,Lucas Perri,,,2018_2019,100.0,EXACT_SOURCE_ID,APPROVED
plr_153f715d,fpl,Michy_Batshuayi,Michy Batshuayi,,,2018_2019,100.0,EXACT_SOURCE_ID,APPROVED
plr_44a6b76d,fpl,Sam_Woods,Sam Woods,,,2018_2019,100.0,EXACT_SOURCE_ID,APPROVED
plr_42044fe5,fpl,Luke_Dreher,Luke Dreher,,,2018_2019,100.0,EXACT_SOURCE_ID,APPROVED
plr_f702e28e,fpl,Nikola_Tavares,Nikola Tavares,,,2018_2019,100.0,EXACT_SOURCE_ID,APPROVED
plr_c5ebfde0,fpl,Jordan_Pickford,Jordan Pickford,,,2018_2019,100.0,EXACT_SOURCE_ID,APPROVED
plr_32fe933e,fpl,Maarten_Stekelenburg,Maarten Stekelenburg,,,2018_2019,100.0,EXACT_SOURCE_ID,APPROVED
plr_1a610229,fpl,Leighton_Baines,Leighton Baines,,,2018_2019,100.0,EXACT_SOURCE_ID,APPROVED
plr_6b0723b5,fpl,Seamus_Coleman,Seamus Coleman,,,2018_2019,100.0,EXACT_SOURCE_ID,APPROVED
plr_d65aef93,fpl,Phil_Jagielka,Phil Jagielka,,,2018_2019,100.0,EXACT_SOURCE_ID,APPROVED
plr_a731f038,fpl,Ashley_Williams,Ashley Williams,,,2018_2019,100.0,EXACT_SOURCE_ID,APPROVED
plr_ffa99396,fpl,Mason_Holgate,Mason Holgate,,,2018_2019,100.0,EXACT_SOURCE_ID,APPROVED
plr_6c8f13a9,fpl,Jonjoe_Kenny,Jonjoe Kenny,,,2018_2019,100.0,EXACT_SOURCE_ID,APPROVED
plr_161dd142,fpl,Michael_Keane,Michael Keane,,,2018_2019,100.0,EXACT_SOURCE_ID,APPROVED
plr_35c38f75,fpl,Cuco_Martina,Cuco Martina,,,2018_2019,100.0,EXACT_SOURCE_ID,APPROVED
plr_3f0f724c,fpl,Theo_Walcott,Theo Walcott,,,2018_2019,100.0,EXACT_SOURCE_ID,APPROVED
plr_df31ebae,fpl,Yannick_Bolasie,Yannick Bolasie,,,2018_2019,100.0,EXACT_SOURCE_ID,APPROVED
plr_0061283a,fpl,James_McCarthy,James McCarthy,,,2018_2019,100.0,EXACT_SOURCE_ID,APPROVED
plr_06208938,fpl,Morgan_Schneiderlin,Morgan Schneiderlin,,,2018_2019,100.0,EXACT_SOURCE_ID,APPROVED
plr_0d71f785,fpl,Idrissa_Gueye,Idrissa Gueye,,,2018_2019,100.0,EXACT_SOURCE_ID,APPROVED
plr_d30e5489,fpl,Tom_Davies,Tom Davies,,,2018_2019,100.0,EXACT_SOURCE_ID,APPROVED
plr_4e1069b9,fpl,Ademola_Lookman,Ademola Lookman,,,2018_2019,100.0,EXACT_SOURCE_ID,APPROVED
plr_6b07b640,fpl,Davy_Klaassen,Davy Klaassen,,,2018_2019,100.0,EXACT_SOURCE_ID,APPROVED
plr_625fce0f,fpl,Gylfi_Sigurdsson,Gylfi Sigurdsson,,,2018_2019,100.0,EXACT_SOURCE_ID,APPROVED
plr_2e655d1d,fpl,Nikola_Vlasic,Nikola Vlasic,,,2018_2019,100.0,EXACT_SOURCE_ID,APPROVED
plr_ad0785ee,fpl,Beni_Baningime,Beni Baningime,,,2018_2019,100.0,EXACT_SOURCE_ID,APPROVED
plr_399dc18b,fpl,Dominic_Calvert-Lewin,Dominic Calvert-Lewin,,,2018_2019,100.0,EXACT_SOURCE_ID,APPROVED
plr_ff9ef66a,fpl,Cenk_Tosun,Cenk Tosun,,,2018_2019,100.0,EXACT_SOURCE_ID,APPROVED
plr_52c0bbb5,fpl,Richarlison_de Andrade,Richarlison de Andrade,,,2018_2019,100.0,EXACT_SOURCE_ID,APPROVED
plr_0107d1cf,fpl,Kevin_Mirallas,Kevin Mirallas,,,2018_2019,100.0,EXACT_SOURCE_ID,APPROVED
plr_9dc75fe3,fpl,Sandro_Ramírez,Sandro Ramírez,,,2018_2019,100.0,EXACT_SOURCE_ID,APPROVED
plr_6face4a9,fpl,Lucas_Digne,Lucas Digne,,,2018_2019,100.0,EXACT_SOURCE_ID,APPROVED
plr_19e6c3ba,fpl,Yerry_Mina,Yerry Mina,,,2018_2019,100.0,EXACT_SOURCE_ID,APPROVED
plr_e7c63952,fpl,Bernard_Anício Caldeira Duarte,Bernard Anício Caldeira Duarte,,,2018_2019,100.0,EXACT_SOURCE_ID,APPROVED
plr_da25c5fa,fpl,André Filipe_Tavares Gomes,André Filipe Tavares Gomes,,,2018_2019,100.0,EXACT_SOURCE_ID,APPROVED
plr_d63a49be,fpl,Kurt_Zouma,Kurt Zouma,,,2018_2019,100.0,EXACT_SOURCE_ID,APPROVED
plr_30017acd,fpl,Kieran_Dowell,Kieran Dowell,,,2018_2019,100.0,EXACT_SOURCE_ID,APPROVED
plr_c19e3649,fpl,Tyias_Browning,Tyias Browning,,,2018_2019,100.0,EXACT_SOURCE_ID,APPROVED
plr_fc4996be,fpl,Calum_Chambers,Calum Chambers,,,2018_2019,100.0,EXACT_SOURCE_ID,APPROVED
plr_a14d2b61,fpl,Marcus_Bettinelli,Marcus Bettinelli,,,2018_2019,100.0,EXACT_SOURCE_ID,APPROVED
plr_c41ec98b,fpl,Tim_Ream,Tim Ream,,,2018_2019,100.0,EXACT_SOURCE_ID,APPROVED
plr_69052346,fpl,Denis_Odoi,Denis Odoi,,,2018_2019,100.0,EXACT_SOURCE_ID,APPROVED
plr_efe91b11,fpl,Tom_Cairney,Tom Cairney,,,2018_2019,100.0,EXACT_SOURCE_ID,APPROVED
plr_79421cb8,fpl,Kevin_McDonald,Kevin McDonald,,,2018_2019,100.0,EXACT_SOURCE_ID,APPROVED
plr_1b8f4c67,fpl,Ryan_Sessegnon,Ryan Sessegnon,,,2018_2019,100.0,EXACT_SOURCE_ID,APPROVED
plr_048a1491,fpl,Stefan_Johansen,Stefan Johansen,,,2018_2019,100.0,EXACT_SOURCE_ID,APPROVED
plr_964b005a,fpl,Floyd_Ayité,Floyd Ayité,,,2018_2019,100.0,EXACT_SOURCE_ID,APPROVED
plr_cdf0e3cd,fpl,Neeskens_Kebano,Neeskens Kebano,,,2018_2019,100.0,EXACT_SOURCE_ID,APPROVED
plr_d5991a02,fpl,Rui Pedro_da Rocha Fonte,Rui Pedro da Rocha Fonte,,,2018_2019,100.0,EXACT_SOURCE_ID,APPROVED
plr_5a8c03f0,fpl,Aboubakar_Kamara,Aboubakar Kamara,,,2018_2019,100.0,EXACT_SOURCE_ID,APPROVED
plr_ff89e002,fpl,Maxime_Le Marchand,Maxime Le Marchand,,,2018_2019,100.0,EXACT_SOURCE_ID,APPROVED
plr_48f1c362,fpl,Jean Michael_Seri,Jean Michael Seri,,,2018_2019,100.0,EXACT_SOURCE_ID,APPROVED
plr_3426b144,fpl,Cyrus_Christie,Cyrus Christie,,,2018_2019,100.0,EXACT_SOURCE_ID,APPROVED
plr_d6a607a1,fpl,Fabricio_Agosto Ramírez,Fabricio Agosto Ramírez,,,2018_2019,100.0,EXACT_SOURCE_ID,APPROVED
plr_5c0d9924,fpl,André_Schürrle,André Schürrle,,,2018_2019,100.0,EXACT_SOURCE_ID,APPROVED
plr_0b069697,fpl,Aleksandar_Mitrovic,Aleksandar Mitrovic,,,2018_2019,100.0,EXACT_SOURCE_ID,APPROVED
plr_9911a387,fpl,Alfie_Mawson,Alfie Mawson,,,2018_2019,100.0,EXACT_SOURCE_ID,APPROVED
plr_570ce681,fpl,Sergio_Rico,Sergio Rico,,,2018_2019,100.0,EXACT_SOURCE_ID,APPROVED
plr_c609ab88,fpl,Joe_Bryan,Joe Bryan,,,2018_2019,100.0,EXACT_SOURCE_ID,APPROVED
plr_3aff19d5,fpl,Timothy_Fosu-Mensah,Timothy Fosu-Mensah,,,2018_2019,100.0,EXACT_SOURCE_ID,APPROVED
plr_4588f307,fpl,André-Frank_Zambo Anguissa,André-Frank Zambo Anguissa,,,2018_2019,100.0,EXACT_SOURCE_ID,APPROVED
plr_2eb6d93e,fpl,Luciano_Vietto,Luciano Vietto,,,2018_2019,100.0,EXACT_SOURCE_ID,APPROVED
plr_a9c48f55,fpl,Ibrahima_Cissé,Ibrahima Cissé,,,2018_2019,100.0,EXACT_SOURCE_ID,APPROVED
plr_0cd17036,fpl,Zeze Steven_Sessegnon,Zeze Steven Sessegnon,,,2018_2019,100.0,EXACT_SOURCE_ID,APPROVED
plr_280548db,fpl,Ryan_Babel,Ryan Babel,,,2018_2019,100.0,EXACT_SOURCE_ID,APPROVED
plr_25eaca77,fpl,Håvard_Nordtveit,Håvard Nordtveit,,,2018_2019,100.0,EXACT_SOURCE_ID,APPROVED
plr_ef490467,fpl,Lazar_Markovic,Lazar Markovic,,,2018_2019,100.0,EXACT_SOURCE_ID,APPROVED
plr_b077ffa5,fpl,Harvey_Elliott,Harvey Elliott,,,2018_2019,100.0,EXACT_SOURCE_ID,APPROVED
plr_29277fdc,fpl,Luca_De La Torre,Luca De La Torre,,,2018_2019,100.0,EXACT_SOURCE_ID,APPROVED
plr_5d0d2c4c,fpl,Jason_Puncheon,Jason Puncheon,,,2018_2019,100.0,EXACT_SOURCE_ID,APPROVED
plr_aaa479d5,fpl,Ben_Hamer,Ben Hamer,,,2018_2019,100.0,EXACT_SOURCE_ID,APPROVED
plr_51a2507f,fpl,Jonas_Lössl,Jonas Lössl,,,2018_2019,100.0,EXACT_SOURCE_ID,APPROVED
plr_bf6ae55e,fpl,Christopher_Schindler,Christopher Schindler,,,2018_2019,100.0,EXACT_SOURCE_ID,APPROVED
plr_ad3652f5,fpl,Chris_Löwe,Chris Löwe,,,2018_2019,100.0,EXACT_SOURCE_ID,APPROVED
plr_d4a230d7,fpl,Tommy_Smith,Tommy Smith,,,2018_2019,100.0,EXACT_SOURCE_ID,APPROVED
plr_6736cf80,fpl,Mathias_Jorgensen,Mathias Jorgensen,,,2018_2019,100.0,EXACT_SOURCE_ID,APPROVED
plr_39f26118,fpl,Scott_Malone,Scott Malone,,,2018_2019,100.0,EXACT_SOURCE_ID,APPROVED
plr_cb9f6842,fpl,Florent_Hadergjonaj,Florent Hadergjonaj,,,2018_2019,100.0,EXACT_SOURCE_ID,APPROVED
plr_21ee61ef,fpl,Terence_Kongolo,Terence Kongolo,,,2018_2019,100.0,EXACT_SOURCE_ID,APPROVED
plr_2fd4092e,fpl,Aaron_Mooy,Aaron Mooy,,,2018_2019,100.0,EXACT_SOURCE_ID,APPROVED
plr_c5093729,fpl,Rajiv_van La Parra,Rajiv van La Parra,,,2018_2019,100.0,EXACT_SOURCE_ID,APPROVED
plr_75f22fe3,fpl,Jonathan_Hogg,Jonathan Hogg,,,2018_2019,100.0,EXACT_SOURCE_ID,APPROVED
plr_b966fd7c,fpl,Philip_Billing,Philip Billing,,,2018_2019,100.0,EXACT_SOURCE_ID,APPROVED
plr_93c18389,fpl,Tom_Ince,Tom Ince,,,2018_2019,100.0,EXACT_SOURCE_ID,APPROVED
plr_0acc101a,fpl,Danny_Williams,Danny Williams,,,2018_2019,100.0,EXACT_SOURCE_ID,APPROVED
plr_56a53446,fpl,Abdelhamid_Sabiri,Abdelhamid Sabiri,,,2018_2019,100.0,EXACT_SOURCE_ID,APPROVED
plr_c94506ed,fpl,Alex_Pritchard,Alex Pritchard,,,2018_2019,100.0,EXACT_SOURCE_ID,APPROVED
plr_589e4b01,fpl,Ramadan_Sobhi,Ramadan Sobhi,,,2018_2019,100.0,EXACT_SOURCE_ID,APPROVED
plr_356080e0,fpl,Juninho_Bacuna,Juninho Bacuna,,,2018_2019,100.0,EXACT_SOURCE_ID,APPROVED
plr_7364eb4d,fpl,Collin_Quaner,Collin Quaner,,,2018_2019,100.0,EXACT_SOURCE_ID,APPROVED
plr_9b227eca,fpl,Laurent_Depoitre,Laurent Depoitre,,,2018_2019,100.0,EXACT_SOURCE_ID,APPROVED
plr_e77b0ac8,fpl,Steve_Mounie,Steve Mounie,,,2018_2019,100.0,EXACT_SOURCE_ID,APPROVED
plr_10f347b1,fpl,Elias_Kachunga,Elias Kachunga,,,2018_2019,100.0,EXACT_SOURCE_ID,APPROVED
plr_d108932b,fpl,Erik_Durm,Erik Durm,,,2018_2019,100.0,EXACT_SOURCE_ID,APPROVED
plr_51391b30,fpl,Adama_Diakhaby,Adama Diakhaby,,,2018_2019,100.0,EXACT_SOURCE_ID,APPROVED
plr_ef63cbf4,fpl,Isaac_Mbenza,Isaac Mbenza,,,2018_2019,100.0,EXACT_SOURCE_ID,APPROVED
plr_df9eccf0,fpl,Jon Gorenc_Stankovic,Jon Gorenc Stankovic,,,2018_2019,100.0,EXACT_SOURCE_ID,APPROVED
plr_9d4f4295,fpl,Ryan_Schofield,Ryan Schofield,,,2018_2019,100.0,EXACT_SOURCE_ID,APPROVED
plr_49df5af6,fpl,Karlan_Grant,Karlan Grant,,,2018_2019,100.0,EXACT_SOURCE_ID,APPROVED
plr_275e541b,fpl,Joel_Coleman,Joel Coleman,,,2018_2019,100.0,EXACT_SOURCE_ID,APPROVED
plr_8ba17134,fpl,Demeaco_Duhaney,Demeaco Duhaney,,,2018_2019,100.0,EXACT_SOURCE_ID,APPROVED
plr_b639325b,fpl,Matthew_Daly,Matthew Daly,,,2018_2019,100.0,EXACT_SOURCE_ID,APPROVED
plr_6ea5f951,fpl,Aaron_Rowe,Aaron Rowe,,,2018_2019,100.0,EXACT_SOURCE_ID,APPROVED
plr_43e9fe5e,fpl,Kasper_Schmeichel,Kasper Schmeichel,,,2018_2019,100.0,EXACT_SOURCE_ID,APPROVED
plr_95c6f486,fpl,Eldin_Jakupovic,Eldin Jakupovic,,,2018_2019,100.0,EXACT_SOURCE_ID,APPROVED
plr_b0f6e271,fpl,Wes_Morgan,Wes Morgan,,,2018_2019,100.0,EXACT_SOURCE_ID,APPROVED
plr_79e7bfb0,fpl,Christian_Fuchs,Christian Fuchs,,,2018_2019,100.0,EXACT_SOURCE_ID,APPROVED
plr_37b5222f,fpl,Danny_Simpson,Danny Simpson,,,2018_2019,100.0,EXACT_SOURCE_ID,APPROVED
plr_1b53db53,fpl,Yohan_Benalouane,Yohan Benalouane,,,2018_2019,100.0,EXACT_SOURCE_ID,APPROVED
plr_e98c62ca,fpl,Benjamin_Chilwell,Benjamin Chilwell,,,2018_2019,100.0,EXACT_SOURCE_ID,APPROVED
plr_baacfe09,fpl,Harry_Maguire,Harry Maguire,,,2018_2019,100.0,EXACT_SOURCE_ID,APPROVED
plr_b02d0f56,fpl,Ricardo Domingos_Barbosa Pereira,Ricardo Domingos Barbosa Pereira,,,2018_2019,100.0,EXACT_SOURCE_ID,APPROVED
plr_59225587,fpl,Jonny_Evans,Jonny Evans,,,2018_2019,100.0,EXACT_SOURCE_ID,APPROVED
plr_f0d61714,fpl,Marc_Albrighton,Marc Albrighton,,,2018_2019,100.0,EXACT_SOURCE_ID,APPROVED
plr_fd24b1dc,fpl,Demarai_Gray,Demarai Gray,,,2018_2019,100.0,EXACT_SOURCE_ID,APPROVED
plr_fca72bf8,fpl,Daniel_Amartey,Daniel Amartey,,,2018_2019,100.0,EXACT_SOURCE_ID,APPROVED
plr_6720ba39,fpl,Wilfred_Ndidi,Wilfred Ndidi,,,2018_2019,100.0,EXACT_SOURCE_ID,APPROVED
plr_97187ae2,fpl,Vicente_Iborra,Vicente Iborra,,,2018_2019,100.0,EXACT_SOURCE_ID,APPROVED
plr_5ad43ecc,fpl,Matty_James,Matty James,,,2018_2019,100.0,EXACT_SOURCE_ID,APPROVED
plr_600cc0b0,fpl,Hamza_Choudhury,Hamza Choudhury,,,2018_2019,100.0,EXACT_SOURCE_ID,APPROVED
plr_b252be1c,fpl,Adrien Sebastian_Perruchet Silva,Adrien Sebastian Perruchet Silva,,,2018_2019,100.0,EXACT_SOURCE_ID,APPROVED
plr_8216d44e,fpl,Fousseni_Diabaté,Fousseni Diabaté,,,2018_2019,100.0,EXACT_SOURCE_ID,APPROVED
plr_eddd947f,fpl,James_Maddison,James Maddison,,,2018_2019,100.0,EXACT_SOURCE_ID,APPROVED
plr_d651b798,fpl,Jamie_Vardy,Jamie Vardy,,,2018_2019,100.0,EXACT_SOURCE_ID,APPROVED
plr_80d3a706,fpl,Shinji_Okazaki,Shinji Okazaki,,,2018_2019,100.0,EXACT_SOURCE_ID,APPROVED
plr_3e35016b,fpl,Kelechi_Iheanacho,Kelechi Iheanacho,,,2018_2019,100.0,EXACT_SOURCE_ID,APPROVED
plr_5ae882ae,fpl,Danny_Ward,Danny Ward,,,2018_2019,100.0,EXACT_SOURCE_ID,APPROVED
plr_805640dc,fpl,Rachid_Ghezzal,Rachid Ghezzal,,,2018_2019,100.0,EXACT_SOURCE_ID,APPROVED
plr_f77e6dcb,fpl,Filip_Benkovic,Filip Benkovic,,,2018_2019,100.0,EXACT_SOURCE_ID,APPROVED
plr_b148352f,fpl,Çaglar_Söyüncü,Çaglar Söyüncü,,,2018_2019,100.0,EXACT_SOURCE_ID,APPROVED
plr_49a2c216,fpl,Nampalys_Mendy,Nampalys Mendy,,,2018_2019,100.0,EXACT_SOURCE_ID,APPROVED
plr_a5e0b53f,fpl,Josh_Knight,Josh Knight,,,2018_2019,100.0,EXACT_SOURCE_ID,APPROVED
plr_0d90b276,fpl,Harvey_Barnes,Harvey Barnes,,,2018_2019,100.0,EXACT_SOURCE_ID,APPROVED
plr_97d99afb,fpl,Youri_Tielemans,Youri Tielemans,,,2018_2019,100.0,EXACT_SOURCE_ID,APPROVED
plr_da24d8fc,fpl,Simon_Mignolet,Simon Mignolet,,,2018_2019,100.0,EXACT_SOURCE_ID,APPROVED
plr_daf77a07,fpl,Loris_Karius,Loris Karius,,,2018_2019,100.0,EXACT_SOURCE_ID,APPROVED
plr_649a3758,fpl,Dejan_Lovren,Dejan Lovren,,,2018_2019,100.0,EXACT_SOURCE_ID,APPROVED
plr_872d206e,fpl,Alberto_Moreno,Alberto Moreno,,,2018_2019,100.0,EXACT_SOURCE_ID,APPROVED
plr_5f8de75d,fpl,Joseph_Gomez,Joseph Gomez,,,2018_2019,100.0,EXACT_SOURCE_ID,APPROVED
plr_13c773fc,fpl,Joel_Matip,Joel Matip,,,2018_2019,100.0,EXACT_SOURCE_ID,APPROVED
plr_a25fa6a7,fpl,Ragnar_Klavan,Ragnar Klavan,,,2018_2019,100.0,EXACT_SOURCE_ID,APPROVED
plr_7548a39f,fpl,Trent_Alexander-Arnold,Trent Alexander-Arnold,,,2018_2019,100.0,EXACT_SOURCE_ID,APPROVED
plr_79cf3151,fpl,Virgil_van Dijk,Virgil van Dijk,,,2018_2019,100.0,EXACT_SOURCE_ID,APPROVED
plr_a4d96cc6,fpl,Andrew_Robertson,Andrew Robertson,,,2018_2019,100.0,EXACT_SOURCE_ID,APPROVED
plr_ed2775ac,fpl,Alex_Oxlade-Chamberlain,Alex Oxlade-Chamberlain,,,2018_2019,100.0,EXACT_SOURCE_ID,APPROVED
plr_538f7a82,fpl,Jordan_Henderson,Jordan Henderson,,,2018_2019,100.0,EXACT_SOURCE_ID,APPROVED
plr_5c5b6f17,fpl,Adam_Lallana,Adam Lallana,,,2018_2019,100.0,EXACT_SOURCE_ID,APPROVED
plr_369f7aa4,fpl,Sadio_Mané,Sadio Mané,,,2018_2019,100.0,EXACT_SOURCE_ID,APPROVED
plr_4d61ae05,fpl,Georginio_Wijnaldum,Georginio Wijnaldum,,,2018_2019,100.0,EXACT_SOURCE_ID,APPROVED
plr_026e4eb9,fpl,Mohamed_Salah,Mohamed Salah,,,2018_2019,100.0,EXACT_SOURCE_ID,APPROVED
plr_833cc749,fpl,James_Milner,James Milner,,,2018_2019,100.0,EXACT_SOURCE_ID,APPROVED
plr_d6df57de,fpl,Fabio Henrique_Tavares,Fabio Henrique Tavares,,,2018_2019,100.0,EXACT_SOURCE_ID,APPROVED
plr_3f002143,fpl,Naby_Keita,Naby Keita,,,2018_2019,100.0,EXACT_SOURCE_ID,APPROVED
plr_7289db35,fpl,Roberto_Firmino,Roberto Firmino,,,2018_2019,100.0,EXACT_SOURCE_ID,APPROVED
plr_db541176,fpl,Xherdan_Shaqiri,Xherdan Shaqiri,,,2018_2019,100.0,EXACT_SOURCE_ID,APPROVED
plr_0849b0ba,fpl,Alisson_Ramses Becker,Alisson Ramses Becker,,,2018_2019,100.0,EXACT_SOURCE_ID,APPROVED
plr_40cab230,fpl,Daniel_Sturridge,Daniel Sturridge,,,2018_2019,100.0,EXACT_SOURCE_ID,APPROVED
plr_1d40f1b0,fpl,Divock_Origi,Divock Origi,,,2018_2019,100.0,EXACT_SOURCE_ID,APPROVED
plr_742f6d93,fpl,Rafael_Camacho,Rafael Camacho,,,2018_2019,100.0,EXACT_SOURCE_ID,APPROVED
plr_ef13bcea,fpl,Curtis_Jones,Curtis Jones,,,2018_2019,100.0,EXACT_SOURCE_ID,APPROVED
plr_8aea0b2c,fpl,Riyad_Mahrez,Riyad Mahrez,,,2018_2019,100.0,EXACT_SOURCE_ID,APPROVED
plr_4c9aca91,fpl,Ederson_Santana de Moraes,Ederson Santana de Moraes,,,2018_2019,100.0,EXACT_SOURCE_ID,APPROVED
plr_ce49eb7b,fpl,Claudio_Bravo,Claudio Bravo,,,2018_2019,100.0,EXACT_SOURCE_ID,APPROVED
plr_b64d71d4,fpl,John_Stones,John Stones,,,2018_2019,100.0,EXACT_SOURCE_ID,APPROVED
plr_0a3793db,fpl,Vincent_Kompany,Vincent Kompany,,,2018_2019,100.0,EXACT_SOURCE_ID,APPROVED
plr_1ef4e544,fpl,Nicolás_Otamendi,Nicolás Otamendi,,,2018_2019,100.0,EXACT_SOURCE_ID,APPROVED
plr_16eee15f,fpl,Kyle_Walker,Kyle Walker,,,2018_2019,100.0,EXACT_SOURCE_ID,APPROVED
plr_6d6bf4eb,fpl,Danilo Luiz_da Silva,Danilo Luiz da Silva,,,2018_2019,100.0,EXACT_SOURCE_ID,APPROVED
plr_f6e6a505,fpl,Benjamin_Mendy,Benjamin Mendy,,,2018_2019,100.0,EXACT_SOURCE_ID,APPROVED
plr_e05b1e07,fpl,Aymeric_Laporte,Aymeric Laporte,,,2018_2019,100.0,EXACT_SOURCE_ID,APPROVED
plr_d2e9662b,fpl,Fabian_Delph,Fabian Delph,,,2018_2019,100.0,EXACT_SOURCE_ID,APPROVED
plr_105aa3d9,fpl,Raheem_Sterling,Raheem Sterling,,,2018_2019,100.0,EXACT_SOURCE_ID,APPROVED
plr_6fc7b619,fpl,David_Silva,David Silva,,,2018_2019,100.0,EXACT_SOURCE_ID,APPROVED
plr_33d16a6f,fpl,Fernando_Luiz Rosa,Fernando Luiz Rosa,,,2018_2019,100.0,EXACT_SOURCE_ID,APPROVED
plr_6a336f47,fpl,Kevin_De Bruyne,Kevin De Bruyne,,,2018_2019,100.0,EXACT_SOURCE_ID,APPROVED
plr_2d7a71a3,fpl,Ilkay_Gündogan,Ilkay Gündogan,,,2018_2019,100.0,EXACT_SOURCE_ID,APPROVED
plr_dfb8d559,fpl,Leroy_Sané,Leroy Sané,,,2018_2019,100.0,EXACT_SOURCE_ID,APPROVED
plr_08c2eb1f,fpl,Bernardo Mota_Veiga de Carvalho e Silva,Bernardo Mota Veiga de Carvalho e Silva,,,2018_2019,100.0,EXACT_SOURCE_ID,APPROVED
plr_bed421dc,fpl,Phil_Foden,Phil Foden,,,2018_2019,100.0,EXACT_SOURCE_ID,APPROVED
plr_61c95bfd,fpl,Brahim_Diaz,Brahim Diaz,,,2018_2019,100.0,EXACT_SOURCE_ID,APPROVED
plr_05aeb8e0,fpl,Oleksandr_Zinchenko,Oleksandr Zinchenko,,,2018_2019,100.0,EXACT_SOURCE_ID,APPROVED
plr_3e0fc5e5,fpl,Sergio_Agüero,Sergio Agüero,,,2018_2019,100.0,EXACT_SOURCE_ID,APPROVED
plr_6af1e310,fpl,Gabriel Fernando_de Jesus,Gabriel Fernando de Jesus,,,2018_2019,100.0,EXACT_SOURCE_ID,APPROVED
plr_da872fd3,fpl,Arijanet_Muric,Arijanet Muric,,,2018_2019,100.0,EXACT_SOURCE_ID,APPROVED
plr_dc6c0e74,fpl,Philippe_Sandler,Philippe Sandler,,,2018_2019,100.0,EXACT_SOURCE_ID,APPROVED
plr_e0a054f0,fpl,David_de Gea,David de Gea,,,2018_2019,100.0,EXACT_SOURCE_ID,APPROVED
plr_ad26d9b8,fpl,Sergio_Romero,Sergio Romero,,,2018_2019,100.0,EXACT_SOURCE_ID,APPROVED
plr_8dda1b3e,fpl,Chris_Smalling,Chris Smalling,,,2018_2019,100.0,EXACT_SOURCE_ID,APPROVED
plr_472e5429,fpl,Phil_Jones,Phil Jones,,,2018_2019,100.0,EXACT_SOURCE_ID,APPROVED
plr_09b34bb8,fpl,Luke_Shaw,Luke Shaw,,,2018_2019,100.0,EXACT_SOURCE_ID,APPROVED
plr_67ffebd5,fpl,Marcos_Rojo,Marcos Rojo,,,2018_2019,100.0,EXACT_SOURCE_ID,APPROVED
plr_4f6b0803,fpl,Antonio_Valencia,Antonio Valencia,,,2018_2019,100.0,EXACT_SOURCE_ID,APPROVED
plr_71457ce8,fpl,Matteo_Darmian,Matteo Darmian,,,2018_2019,100.0,EXACT_SOURCE_ID,APPROVED
plr_d56f1341,fpl,Daley_Blind,Daley Blind,,,2018_2019,100.0,EXACT_SOURCE_ID,APPROVED
plr_54d64445,fpl,Eric_Bailly,Eric Bailly,,,2018_2019,100.0,EXACT_SOURCE_ID,APPROVED
plr_7f279865,fpl,Victor_Lindelöf,Victor Lindelöf,,,2018_2019,100.0,EXACT_SOURCE_ID,APPROVED
plr_68c4c447,fpl,Ashley_Young,Ashley Young,,,2018_2019,100.0,EXACT_SOURCE_ID,APPROVED
plr_9e2fb938,fpl,José Diogo_Dalot Teixeira,José Diogo Dalot Teixeira,,,2018_2019,100.0,EXACT_SOURCE_ID,APPROVED
plr_b3fa3efa,fpl,Alexis_Sánchez,Alexis Sánchez,,,2018_2019,100.0,EXACT_SOURCE_ID,APPROVED
plr_e1a145d8,fpl,Nemanja_Matic,Nemanja Matic,,,2018_2019,100.0,EXACT_SOURCE_ID,APPROVED
plr_3578df9b,fpl,Juan_Mata,Juan Mata,,,2018_2019,100.0,EXACT_SOURCE_ID,APPROVED
plr_1e2ebee6,fpl,Marouane_Fellaini,Marouane Fellaini,,,2018_2019,100.0,EXACT_SOURCE_ID,APPROVED
plr_00a03259,fpl,Ander_Herrera,Ander Herrera,,,2018_2019,100.0,EXACT_SOURCE_ID,APPROVED
plr_6251b786,fpl,Jesse_Lingard,Jesse Lingard,,,2018_2019,100.0,EXACT_SOURCE_ID,APPROVED
plr_356a3fe0,fpl,Anthony_Martial,Anthony Martial,,,2018_2019,100.0,EXACT_SOURCE_ID,APPROVED
plr_a916a9a3,fpl,Paul_Pogba,Paul Pogba,,,2018_2019,100.0,EXACT_SOURCE_ID,APPROVED
plr_1cd9942c,fpl,Scott_McTominay,Scott McTominay,,,2018_2019,100.0,EXACT_SOURCE_ID,APPROVED
plr_54b3cda9,fpl,Frederico_Rodrigues de Paula Santos,Frederico Rodrigues de Paula Santos,,,2018_2019,100.0,EXACT_SOURCE_ID,APPROVED
plr_52834f28,fpl,Marcus_Rashford,Marcus Rashford,,,2018_2019,100.0,EXACT_SOURCE_ID,APPROVED
plr_818e59dd,fpl,Romelu_Lukaku,Romelu Lukaku,,,2018_2019,100.0,EXACT_SOURCE_ID,APPROVED
plr_3bebb6c9,fpl,Andreas_Pereira,Andreas Pereira,,,2018_2019,100.0,EXACT_SOURCE_ID,APPROVED
plr_6cb18e9a,fpl,Lee_Grant,Lee Grant,,,2018_2019,100.0,EXACT_SOURCE_ID,APPROVED
plr_639f9320,fpl,Angel_Gomes,Angel Gomes,,,2018_2019,100.0,EXACT_SOURCE_ID,APPROVED
plr_0e1e2bc8,fpl,James_Garner,James Garner,,,2018_2019,100.0,EXACT_SOURCE_ID,APPROVED
plr_34c056af,fpl,Tahith_Chong,Tahith Chong,,,2018_2019,100.0,EXACT_SOURCE_ID,APPROVED
plr_736964ec,fpl,Mason_Greenwood,Mason Greenwood,,,2018_2019,100.0,EXACT_SOURCE_ID,APPROVED
plr_16fdc200,fpl,Robert_Elliot,Robert Elliot,,,2018_2019,100.0,EXACT_SOURCE_ID,APPROVED
plr_d11e0488,fpl,Karl_Darlow,Karl Darlow,,,2018_2019,100.0,EXACT_SOURCE_ID,APPROVED
plr_9749115d,fpl,Martin_Dubravka,Martin Dubravka,,,2018_2019,100.0,EXACT_SOURCE_ID,APPROVED
plr_c542991d,fpl,DeAndre_Yedlin,DeAndre Yedlin,,,2018_2019,100.0,EXACT_SOURCE_ID,APPROVED
plr_7f9b2945,fpl,Ciaran_Clark,Ciaran Clark,,,2018_2019,100.0,EXACT_SOURCE_ID,APPROVED
plr_db6eca67,fpl,Jamaal_Lascelles,Jamaal Lascelles,,,2018_2019,100.0,EXACT_SOURCE_ID,APPROVED
plr_671fe23f,fpl,Paul_Dummett,Paul Dummett,,,2018_2019,100.0,EXACT_SOURCE_ID,APPROVED
plr_7b6d5f4a,fpl,Florian_Lejeune,Florian Lejeune,,,2018_2019,100.0,EXACT_SOURCE_ID,APPROVED
plr_09f33d47,fpl,Javier_Manquillo,Javier Manquillo,,,2018_2019,100.0,EXACT_SOURCE_ID,APPROVED
plr_15120ccc,fpl,Chancel_Mbemba,Chancel Mbemba,,,2018_2019,100.0,EXACT_SOURCE_ID,APPROVED
plr_3085b659,fpl,Matt_Ritchie,Matt Ritchie,,,2018_2019,100.0,EXACT_SOURCE_ID,APPROVED
plr_abe4ca77,fpl,Jonjo_Shelvey,Jonjo Shelvey,,,2018_2019,100.0,EXACT_SOURCE_ID,APPROVED
plr_4208a251,fpl,Mohamed_Diamé,Mohamed Diamé,,,2018_2019,100.0,EXACT_SOURCE_ID,APPROVED
plr_fbc3b89c,fpl,Christian_Atsu,Christian Atsu,,,2018_2019,100.0,EXACT_SOURCE_ID,APPROVED
plr_b03effdc,fpl,Jacob_Murphy,Jacob Murphy,,,2018_2019,100.0,EXACT_SOURCE_ID,APPROVED
plr_80982b74,fpl,Mikel_Merino,Mikel Merino,,,2018_2019,100.0,EXACT_SOURCE_ID,APPROVED
plr_12ba7080,fpl,Isaac_Hayden,Isaac Hayden,,,2018_2019,100.0,EXACT_SOURCE_ID,APPROVED
plr_c949338c,fpl,Sung-yueng_Ki,Sung-yueng Ki,,,2018_2019,100.0,EXACT_SOURCE_ID,APPROVED
plr_3654f1a3,fpl,Dwight_Gayle,Dwight Gayle,,,2018_2019,100.0,EXACT_SOURCE_ID,APPROVED
plr_3a68ab01,fpl,Ayoze_Pérez,Ayoze Pérez,,,2018_2019,100.0,EXACT_SOURCE_ID,APPROVED
plr_bde8ba92,fpl,Jose Luis_Mato Sanmartín,Jose Luis Mato Sanmartín,,,2018_2019,100.0,EXACT_SOURCE_ID,APPROVED
plr_0c9c5d06,fpl,Robert Kenedy_Nunes do Nascimento,Robert Kenedy Nunes do Nascimento,,,2018_2019,100.0,EXACT_SOURCE_ID,APPROVED
plr_f8dd7e74,fpl,Fabian_Schär,Fabian Schär,,,2018_2019,100.0,EXACT_SOURCE_ID,APPROVED
plr_8b4df567,fpl,Yoshinori_Muto,Yoshinori Muto,,,2018_2019,100.0,EXACT_SOURCE_ID,APPROVED
plr_d1bd9bdb,fpl,Salomón_Rondón,Salomón Rondón,,,2018_2019,100.0,EXACT_SOURCE_ID,APPROVED
plr_b91e90c0,fpl,Federico_Fernández,Federico Fernández,,,2018_2019,100.0,EXACT_SOURCE_ID,APPROVED
plr_23cec891,fpl,Jamie_Sterry,Jamie Sterry,,,2018_2019,100.0,EXACT_SOURCE_ID,APPROVED
plr_ba2fc205,fpl,Sean_Longstaff,Sean Longstaff,,,2018_2019,100.0,EXACT_SOURCE_ID,APPROVED
plr_c3864398,fpl,Frederick_Woodman,Frederick Woodman,,,2018_2019,100.0,EXACT_SOURCE_ID,APPROVED
plr_f1d94330,fpl,Callum_Roberts,Callum Roberts,,,2018_2019,100.0,EXACT_SOURCE_ID,APPROVED
plr_683143fb,fpl,Miguel_Almirón,Miguel Almirón,,,2018_2019,100.0,EXACT_SOURCE_ID,APPROVED
plr_07013090,fpl,Antonio_Barreca,Antonio Barreca,,,2018_2019,100.0,EXACT_SOURCE_ID,APPROVED
plr_0f0b22ed,fpl,Kelland_Watts,Kelland Watts,,,2018_2019,100.0,EXACT_SOURCE_ID,APPROVED
plr_a597617f,fpl,Lewis_Cass,Lewis Cass,,,2018_2019,100.0,EXACT_SOURCE_ID,APPROVED
plr_eee31c87,fpl,Danny_Ings,Danny Ings,,,2018_2019,100.0,EXACT_SOURCE_ID,APPROVED
plr_24a1e062,fpl,Alex_McCarthy,Alex McCarthy,,,2018_2019,100.0,EXACT_SOURCE_ID,APPROVED
plr_97e401ea,fpl,Fraser_Forster,Fraser Forster,,,2018_2019,100.0,EXACT_SOURCE_ID,APPROVED
plr_57310b47,fpl,Ryan_Bertrand,Ryan Bertrand,,,2018_2019,100.0,EXACT_SOURCE_ID,APPROVED
plr_96cfbd37,fpl,Maya_Yoshida,Maya Yoshida,,,2018_2019,100.0,EXACT_SOURCE_ID,APPROVED
plr_3d7157e4,fpl,Cédric_Soares,Cédric Soares,,,2018_2019,100.0,EXACT_SOURCE_ID,APPROVED
plr_a2470ca3,fpl,Jack_Stephens,Jack Stephens,,,2018_2019,100.0,EXACT_SOURCE_ID,APPROVED
plr_9e73b010,fpl,Sam_McQueen,Sam McQueen,,,2018_2019,100.0,EXACT_SOURCE_ID,APPROVED
plr_c2a46a3f,fpl,Jan_Bednarek,Jan Bednarek,,,2018_2019,100.0,EXACT_SOURCE_ID,APPROVED
plr_d9109e60,fpl,Wesley_Hoedt,Wesley Hoedt,,,2018_2019,100.0,EXACT_SOURCE_ID,APPROVED
plr_313f12dc,fpl,Steven_Davis,Steven Davis,,,2018_2019,100.0,EXACT_SOURCE_ID,APPROVED
plr_936a5fc7,fpl,James_Ward-Prowse,James Ward-Prowse,,,2018_2019,100.0,EXACT_SOURCE_ID,APPROVED
plr_66370c23,fpl,Oriol_Romeu Vidal,Oriol Romeu Vidal,,,2018_2019,100.0,EXACT_SOURCE_ID,APPROVED
plr_ac7aacf2,fpl,Pierre-Emile_Højbjerg,Pierre-Emile Højbjerg,,,2018_2019,100.0,EXACT_SOURCE_ID,APPROVED
plr_a025e6c4,fpl,Sofiane_Boufal,Sofiane Boufal,,,2018_2019,100.0,EXACT_SOURCE_ID,APPROVED
plr_838fea8e,fpl,Joshua_Sims,Joshua Sims,,,2018_2019,100.0,EXACT_SOURCE_ID,APPROVED
plr_2f306129,fpl,Nathan_Redmond,Nathan Redmond,,,2018_2019,100.0,EXACT_SOURCE_ID,APPROVED
plr_68885946,fpl,Mario_Lemina,Mario Lemina,,,2018_2019,100.0,EXACT_SOURCE_ID,APPROVED
plr_3a776316,fpl,Stuart_Armstrong,Stuart Armstrong,,,2018_2019,100.0,EXACT_SOURCE_ID,APPROVED
plr_5d586ba2,fpl,Mohamed_Elyounoussi,Mohamed Elyounoussi,,,2018_2019,100.0,EXACT_SOURCE_ID,APPROVED
plr_c7f28865,fpl,Shane_Long,Shane Long,,,2018_2019,100.0,EXACT_SOURCE_ID,APPROVED
plr_ef8221c4,fpl,Charlie_Austin,Charlie Austin,,,2018_2019,100.0,EXACT_SOURCE_ID,APPROVED
plr_1eade641,fpl,Manolo_Gabbiadini,Manolo Gabbiadini,,,2018_2019,100.0,EXACT_SOURCE_ID,APPROVED
plr_6ca9fe9b,fpl,Guido_Carrillo,Guido Carrillo,,,2018_2019,100.0,EXACT_SOURCE_ID,APPROVED
plr_bbd4e8dc,fpl,Angus_Gunn,Angus Gunn,,,2018_2019,100.0,EXACT_SOURCE_ID,APPROVED
plr_219ef86c,fpl,Jannik_Vestergaard,Jannik Vestergaard,,,2018_2019,100.0,EXACT_SOURCE_ID,APPROVED
plr_198d4b01,fpl,Matt_Targett,Matt Targett,,,2018_2019,100.0,EXACT_SOURCE_ID,APPROVED
plr_cd2c67e2,fpl,Michael_Obafemi,Michael Obafemi,,,2018_2019,100.0,EXACT_SOURCE_ID,APPROVED
plr_6e664c42,fpl,Yan_Valery,Yan Valery,,,2018_2019,100.0,EXACT_SOURCE_ID,APPROVED
plr_f4c8a225,fpl,Tyreke_Johnson,Tyreke Johnson,,,2018_2019,100.0,EXACT_SOURCE_ID,APPROVED
plr_8fa0b2e7,fpl,Kayne_Ramsay,Kayne Ramsay,,,2018_2019,100.0,EXACT_SOURCE_ID,APPROVED
plr_3d579a18,fpl,Callum_Slattery,Callum Slattery,,,2018_2019,100.0,EXACT_SOURCE_ID,APPROVED
plr_4c0b1e3e,fpl,Sam_Gallagher,Sam Gallagher,,,2018_2019,100.0,EXACT_SOURCE_ID,APPROVED
plr_7523f873,fpl,Alfie_Jones,Alfie Jones,,,2018_2019,100.0,EXACT_SOURCE_ID,APPROVED
plr_63ae9a52,fpl,Hugo_Lloris,Hugo Lloris,,,2018_2019,100.0,EXACT_SOURCE_ID,APPROVED
plr_1e34a9f7,fpl,Michel_Vorm,Michel Vorm,,,2018_2019,100.0,EXACT_SOURCE_ID,APPROVED
plr_144ced4d,fpl,Toby_Alderweireld,Toby Alderweireld,,,2018_2019,100.0,EXACT_SOURCE_ID,APPROVED
plr_3fb2c357,fpl,Danny_Rose,Danny Rose,,,2018_2019,100.0,EXACT_SOURCE_ID,APPROVED
plr_e3701816,fpl,Jan_Vertonghen,Jan Vertonghen,,,2018_2019,100.0,EXACT_SOURCE_ID,APPROVED
plr_8928fbe8,fpl,Ben_Davies,Ben Davies,,,2018_2019,100.0,EXACT_SOURCE_ID,APPROVED
plr_f85d25e1,fpl,Kieran_Trippier,Kieran Trippier,,,2018_2019,100.0,EXACT_SOURCE_ID,APPROVED
plr_100c6f03,fpl,Kyle_Walker-Peters,Kyle Walker-Peters,,,2018_2019,100.0,EXACT_SOURCE_ID,APPROVED
plr_a602574f,fpl,Davinson_Sánchez,Davinson Sánchez,,,2018_2019,100.0,EXACT_SOURCE_ID,APPROVED
plr_ccef0fa9,fpl,Serge_Aurier,Serge Aurier,,,2018_2019,100.0,EXACT_SOURCE_ID,APPROVED
plr_c1330eb0,fpl,Eric_Dier,Eric Dier,,,2018_2019,100.0,EXACT_SOURCE_ID,APPROVED
plr_e0c1de2c,fpl,Mousa_Dembélé,Mousa Dembélé,,,2018_2019,100.0,EXACT_SOURCE_ID,APPROVED
plr_a06d98ce,fpl,Erik_Lamela,Erik Lamela,,,2018_2019,100.0,EXACT_SOURCE_ID,APPROVED
plr_f529b524,fpl,Christian_Eriksen,Christian Eriksen,,,2018_2019,100.0,EXACT_SOURCE_ID,APPROVED
plr_40b0a22d,fpl,Bamidele_Alli,Bamidele Alli,,,2018_2019,100.0,EXACT_SOURCE_ID,APPROVED
plr_f0424b10,fpl,Victor_Wanyama,Victor Wanyama,,,2018_2019,100.0,EXACT_SOURCE_ID,APPROVED
plr_7d82408d,fpl,Heung-Min_Son,Heung-Min Son,,,2018_2019,100.0,EXACT_SOURCE_ID,APPROVED
plr_e0a2290c,fpl,Harry_Winks,Harry Winks,,,2018_2019,100.0,EXACT_SOURCE_ID,APPROVED
plr_fdbc88df,fpl,Moussa_Sissoko,Moussa Sissoko,,,2018_2019,100.0,EXACT_SOURCE_ID,APPROVED
plr_9fc30f17,fpl,Lucas_Rodrigues Moura da Silva,Lucas Rodrigues Moura da Silva,,,2018_2019,100.0,EXACT_SOURCE_ID,APPROVED
plr_269fb425,fpl,Fernando_Llorente,Fernando Llorente,,,2018_2019,100.0,EXACT_SOURCE_ID,APPROVED
plr_e1332ae8,fpl,Harry_Kane,Harry Kane,,,2018_2019,100.0,EXACT_SOURCE_ID,APPROVED
plr_b6470895,fpl,Georges-Kévin_Nkoudou,Georges-Kévin Nkoudou,,,2018_2019,100.0,EXACT_SOURCE_ID,APPROVED
plr_c940eaf6,fpl,Luke_Amos,Luke Amos,,,2018_2019,100.0,EXACT_SOURCE_ID,APPROVED
plr_f069d9c1,fpl,Paulo_Gazzaniga,Paulo Gazzaniga,,,2018_2019,100.0,EXACT_SOURCE_ID,APPROVED
plr_5564ab09,fpl,Alfie_Whiteman,Alfie Whiteman,,,2018_2019,100.0,EXACT_SOURCE_ID,APPROVED
plr_6da0ec3c,fpl,Oliver_Skipp,Oliver Skipp,,,2018_2019,100.0,EXACT_SOURCE_ID,APPROVED
plr_df041bea,fpl,Juan_Foyth,Juan Foyth,,,2018_2019,100.0,EXACT_SOURCE_ID,APPROVED
plr_875d4382,fpl,Timothy_Eyoma,Timothy Eyoma,,,2018_2019,100.0,EXACT_SOURCE_ID,APPROVED
plr_f7129bf8,fpl,Kazaiah_Sterling,Kazaiah Sterling,,,2018_2019,100.0,EXACT_SOURCE_ID,APPROVED
plr_51398cdc,fpl,George_Marsh,George Marsh,,,2018_2019,100.0,EXACT_SOURCE_ID,APPROVED
plr_97eeadf5,fpl,Vincent_Janssen,Vincent Janssen,,,2018_2019,100.0,EXACT_SOURCE_ID,APPROVED
plr_583045ba,fpl,Heurelho_Gomes,Heurelho Gomes,,,2018_2019,100.0,EXACT_SOURCE_ID,APPROVED
plr_6d436e10,fpl,Pontus_Dahlberg,Pontus Dahlberg,,,2018_2019,100.0,EXACT_SOURCE_ID,APPROVED
plr_99a0b97b,fpl,Younes_Kaboul,Younes Kaboul,,,2018_2019,100.0,EXACT_SOURCE_ID,APPROVED
plr_4c1d3402,fpl,Craig_Cathcart,Craig Cathcart,,,2018_2019,100.0,EXACT_SOURCE_ID,APPROVED
plr_c111cd58,fpl,Sebastian_Prödl,Sebastian Prödl,,,2018_2019,100.0,EXACT_SOURCE_ID,APPROVED
plr_cad38e7e,fpl,José_Holebas,José Holebas,,,2018_2019,100.0,EXACT_SOURCE_ID,APPROVED
plr_365bb05e,fpl,Miguel_Britos,Miguel Britos,,,2018_2019,100.0,EXACT_SOURCE_ID,APPROVED
plr_54f47547,fpl,Christian_Kabasele,Christian Kabasele,,,2018_2019,100.0,EXACT_SOURCE_ID,APPROVED
plr_d472f9d0,fpl,Daryl_Janmaat,Daryl Janmaat,,,2018_2019,100.0,EXACT_SOURCE_ID,APPROVED
plr_673d46ff,fpl,Adrian_Mariappa,Adrian Mariappa,,,2018_2019,100.0,EXACT_SOURCE_ID,APPROVED
plr_794b7ad7,fpl,Francisco_Femenía Far,Francisco Femenía Far,,,2018_2019,100.0,EXACT_SOURCE_ID,APPROVED
plr_4973ad04,fpl,Marvin_Zeegelaar,Marvin Zeegelaar,,,2018_2019,100.0,EXACT_SOURCE_ID,APPROVED
plr_29d5fb1b,fpl,Marc_Navarro,Marc Navarro,,,2018_2019,100.0,EXACT_SOURCE_ID,APPROVED
plr_10f67678,fpl,Adam_Masina,Adam Masina,,,2018_2019,100.0,EXACT_SOURCE_ID,APPROVED
plr_d61c767a,fpl,Nathaniel_Chalobah,Nathaniel Chalobah,,,2018_2019,100.0,EXACT_SOURCE_ID,APPROVED
plr_4ae13af4,fpl,Tom_Cleverley,Tom Cleverley,,,2018_2019,100.0,EXACT_SOURCE_ID,APPROVED
plr_ab6d640c,fpl,Etienne_Capoue,Etienne Capoue,,,2018_2019,100.0,EXACT_SOURCE_ID,APPROVED
plr_920f9a89,fpl,Abdoulaye_Doucouré,Abdoulaye Doucouré,,,2018_2019,100.0,EXACT_SOURCE_ID,APPROVED
plr_059a0c35,fpl,Roberto_Pereyra,Roberto Pereyra,,,2018_2019,100.0,EXACT_SOURCE_ID,APPROVED
plr_40c995f5,fpl,Will_Hughes,Will Hughes,,,2018_2019,100.0,EXACT_SOURCE_ID,APPROVED
plr_2bcc1d60,fpl,Gerard_Deulofeu,Gerard Deulofeu,,,2018_2019,100.0,EXACT_SOURCE_ID,APPROVED
plr_2072d1cb,fpl,Andre_Gray,Andre Gray,,,2018_2019,100.0,EXACT_SOURCE_ID,APPROVED
plr_9c8c671e,fpl,Troy_Deeney,Troy Deeney,,,2018_2019,100.0,EXACT_SOURCE_ID,APPROVED
plr_7556f312,fpl,Stefano_Okaka,Stefano Okaka,,,2018_2019,100.0,EXACT_SOURCE_ID,APPROVED
plr_5c99aad1,fpl,Jerome_Sinclair,Jerome Sinclair,,,2018_2019,100.0,EXACT_SOURCE_ID,APPROVED
plr_14ef6691,fpl,Ben_Foster,Ben Foster,,,2018_2019,100.0,EXACT_SOURCE_ID,APPROVED
plr_6fefbeb3,fpl,Ken_Sema,Ken Sema,,,2018_2019,100.0,EXACT_SOURCE_ID,APPROVED
plr_00c94cee,fpl,Domingos_Quina,Domingos Quina,,,2018_2019,100.0,EXACT_SOURCE_ID,APPROVED
plr_f35b006f,fpl,Isaac_Success Ajayi,Isaac Success Ajayi,,,2018_2019,100.0,EXACT_SOURCE_ID,APPROVED
plr_05351ccb,fpl,Ben_Wilmot,Ben Wilmot,,,2018_2019,100.0,EXACT_SOURCE_ID,APPROVED
plr_dc60b2a4,fpl,Adalberto_Peñaranda,Adalberto Peñaranda,,,2018_2019,100.0,EXACT_SOURCE_ID,APPROVED
plr_6dbd5431,fpl,Adrián_San Miguel del Castillo,Adrián San Miguel del Castillo,,,2018_2019,100.0,EXACT_SOURCE_ID,APPROVED
plr_7cd03f7c,fpl,Lukasz_Fabianski,Lukasz Fabianski,,,2018_2019,100.0,EXACT_SOURCE_ID,APPROVED
plr_4ecad3b8,fpl,Winston_Reid,Winston Reid,,,2018_2019,100.0,EXACT_SOURCE_ID,APPROVED
plr_b63493e7,fpl,Aaron_Cresswell,Aaron Cresswell,,,2018_2019,100.0,EXACT_SOURCE_ID,APPROVED
plr_a57fdbd4,fpl,Angelo_Ogbonna,Angelo Ogbonna,,,2018_2019,100.0,EXACT_SOURCE_ID,APPROVED
plr_0d312432,fpl,Sam_Byram,Sam Byram,,,2018_2019,100.0,EXACT_SOURCE_ID,APPROVED
plr_9bb0f358,fpl,Pablo_Zabaleta,Pablo Zabaleta,,,2018_2019,100.0,EXACT_SOURCE_ID,APPROVED
plr_c58a7cc8,fpl,Declan_Rice,Declan Rice,,,2018_2019,100.0,EXACT_SOURCE_ID,APPROVED
plr_3854e802,fpl,Reece_Oxford,Reece Oxford,,,2018_2019,100.0,EXACT_SOURCE_ID,APPROVED
plr_79dfa87a,fpl,Ryan_Fredericks,Ryan Fredericks,,,2018_2019,100.0,EXACT_SOURCE_ID,APPROVED
plr_90c0a9f1,fpl,Issa_Diop,Issa Diop,,,2018_2019,100.0,EXACT_SOURCE_ID,APPROVED
plr_d7ec6d2c,fpl,Arthur_Masuaku,Arthur Masuaku,,,2018_2019,100.0,EXACT_SOURCE_ID,APPROVED
plr_b33184dc,fpl,Mark_Noble,Mark Noble,,,2018_2019,100.0,EXACT_SOURCE_ID,APPROVED
plr_e24aec7a,fpl,Pedro_Obiang,Pedro Obiang,,,2018_2019,100.0,EXACT_SOURCE_ID,APPROVED
plr_ed5bcf50,fpl,Manuel_Lanzini,Manuel Lanzini,,,2018_2019,100.0,EXACT_SOURCE_ID,APPROVED
plr_c201ba3e,fpl,Michail_Antonio,Michail Antonio,,,2018_2019,100.0,EXACT_SOURCE_ID,APPROVED
plr_1a9fe208,fpl,Edimilson_Fernandes,Edimilson Fernandes,,,2018_2019,100.0,EXACT_SOURCE_ID,APPROVED
plr_b8f9c714,fpl,Marko_Arnautovic,Marko Arnautovic,,,2018_2019,100.0,EXACT_SOURCE_ID,APPROVED
plr_92b7ec11,fpl,Andy_Carroll,Andy Carroll,,,2018_2019,100.0,EXACT_SOURCE_ID,APPROVED
plr_0a824e58,fpl,Javier_Hernández Balcázar,Javier Hernández Balcázar,,,2018_2019,100.0,EXACT_SOURCE_ID,APPROVED
plr_c12c754f,fpl,Jordan_Hugill,Jordan Hugill,,,2018_2019,100.0,EXACT_SOURCE_ID,APPROVED
plr_71a2d1c9,fpl,Jack_Wilshere,Jack Wilshere,,,2018_2019,100.0,EXACT_SOURCE_ID,APPROVED
plr_a2c9564b,fpl,Andriy_Yarmolenko,Andriy Yarmolenko,,,2018_2019,100.0,EXACT_SOURCE_ID,APPROVED
plr_cfbc0628,fpl,Fabián_Balbuena,Fabián Balbuena,,,2018_2019,100.0,EXACT_SOURCE_ID,APPROVED
plr_f5b1986c,fpl,Felipe Anderson_Pereira Gomes,Felipe Anderson Pereira Gomes,,,2018_2019,100.0,EXACT_SOURCE_ID,APPROVED
plr_9ce1d040,fpl,Robert_Snodgrass,Robert Snodgrass,,,2018_2019,100.0,EXACT_SOURCE_ID,APPROVED
plr_32384ed3,fpl,Lucas_Pérez,Lucas Pérez,,,2018_2019,100.0,EXACT_SOURCE_ID,APPROVED
plr_f1040d7b,fpl,Carlos_Sánchez,Carlos Sánchez,,,2018_2019,100.0,EXACT_SOURCE_ID,APPROVED
plr_d1c27c2b,fpl,Grady_Diangana,Grady Diangana,,,2018_2019,100.0,EXACT_SOURCE_ID,APPROVED
plr_dc66e1fb,fpl,Joe_Powell,Joe Powell,,,2018_2019,100.0,EXACT_SOURCE_ID,APPROVED
plr_75c2eaf5,fpl,Conor_Coventry,Conor Coventry,,,2018_2019,100.0,EXACT_SOURCE_ID,APPROVED
plr_db4e1dac,fpl,Alexandre Nascimento_Costa Silva,Alexandre Nascimento Costa Silva,,,2018_2019,100.0,EXACT_SOURCE_ID,APPROVED
plr_ab143f4a,fpl,Samir_Nasri,Samir Nasri,,,2018_2019,100.0,EXACT_SOURCE_ID,APPROVED
plr_c87bcddb,fpl,Ben_Johnson,Ben Johnson,,,2018_2019,100.0,EXACT_SOURCE_ID,APPROVED
plr_4ae25c58,fpl,Nathan_Holland,Nathan Holland,,,2018_2019,100.0,EXACT_SOURCE_ID,APPROVED
plr_b5e114d5,fpl,John_Ruddy,John Ruddy,,,2018_2019,100.0,EXACT_SOURCE_ID,APPROVED
plr_d6c51cd6,fpl,Will_Norris,Will Norris,,,2018_2019,100.0,EXACT_SOURCE_ID,APPROVED
plr_ccd9271d,fpl,Willy_Boly,Willy Boly,,,2018_2019,100.0,EXACT_SOURCE_ID,APPROVED
plr_3c55134e,fpl,Barry_Douglas,Barry Douglas,,,2018_2019,100.0,EXACT_SOURCE_ID,APPROVED
plr_f4bc4b00,fpl,Matt_Doherty,Matt Doherty,,,2018_2019,100.0,EXACT_SOURCE_ID,APPROVED
plr_d277726e,fpl,Romain_Saïss,Romain Saïss,,,2018_2019,100.0,EXACT_SOURCE_ID,APPROVED
plr_5384e59f,fpl,Ryan_Bennett,Ryan Bennett,,,2018_2019,100.0,EXACT_SOURCE_ID,APPROVED
plr_ce62070e,fpl,Danny_Batth,Danny Batth,,,2018_2019,100.0,EXACT_SOURCE_ID,APPROVED
plr_c883b27f,fpl,Roderick Jefferson_Gonçalves Miranda,Roderick Jefferson Gonçalves Miranda,,,2018_2019,100.0,EXACT_SOURCE_ID,APPROVED
plr_0c41a4ce,fpl,Conor_Coady,Conor Coady,,,2018_2019,100.0,EXACT_SOURCE_ID,APPROVED
plr_99dce76f,fpl,Rúben Gonçalo_Silva Nascimento Vinagre,Rúben Gonçalo Silva Nascimento Vinagre,,,2018_2019,100.0,EXACT_SOURCE_ID,APPROVED
plr_402c4293,fpl,Diogo_Jota,Diogo Jota,,,2018_2019,100.0,EXACT_SOURCE_ID,APPROVED
plr_dd6ec269,fpl,Rúben Diogo_da Silva Neves,Rúben Diogo da Silva Neves,,,2018_2019,100.0,EXACT_SOURCE_ID,APPROVED
plr_1438731a,fpl,Ivan_Cavaleiro,Ivan Cavaleiro,,,2018_2019,100.0,EXACT_SOURCE_ID,APPROVED
plr_17bce08f,fpl,Hélder_Costa,Hélder Costa,,,2018_2019,100.0,EXACT_SOURCE_ID,APPROVED
plr_7c13b581,fpl,Bright_Enobakhare,Bright Enobakhare,,,2018_2019,100.0,EXACT_SOURCE_ID,APPROVED
plr_b552a30b,fpl,Raúl_Jiménez,Raúl Jiménez,,,2018_2019,100.0,EXACT_SOURCE_ID,APPROVED
plr_c8bf144a,fpl,Bonatini Lohner Maia_Bonatini,Bonatini Lohner Maia Bonatini,,,2018_2019,100.0,EXACT_SOURCE_ID,APPROVED
plr_f923be04,fpl,Morgan_Gibbs-White,Morgan Gibbs-White,,,2018_2019,100.0,EXACT_SOURCE_ID,APPROVED
plr_a60fe08b,fpl,Rafa_Mir,Rafa Mir,,,2018_2019,100.0,EXACT_SOURCE_ID,APPROVED
plr_4febf44e,fpl,Rui Pedro_dos Santos Patrício,Rui Pedro dos Santos Patrício,,,2018_2019,100.0,EXACT_SOURCE_ID,APPROVED
plr_90331c53,fpl,João Filipe Iria_Santos Moutinho,João Filipe Iria Santos Moutinho,,,2018_2019,100.0,EXACT_SOURCE_ID,APPROVED
plr_9c8616ae,fpl,Jonathan_Castro Otto,Jonathan Castro Otto,,,2018_2019,100.0,EXACT_SOURCE_ID,APPROVED
plr_a3aa127d,fpl,Adama_Traoré,Adama Traoré,,,2018_2019,100.0,EXACT_SOURCE_ID,APPROVED
plr_2411b26a,fpl,Leander_Dendoncker,Leander Dendoncker,,,2018_2019,100.0,EXACT_SOURCE_ID,APPROVED
plr_cc2722c3,fpl,Kortney_Hause,Kortney Hause,,,2018_2019,100.0,EXACT_SOURCE_ID,APPROVED
plr_ee293bac,fpl,Ryan John_Giles,Ryan John Giles,,,2018_2019,100.0,EXACT_SOURCE_ID,APPROVED
plr_b2ca666a,fpl,Max_Kilman,Max Kilman,,,2018_2019,100.0,EXACT_SOURCE_ID,APPROVED
plr_5d5f38eb,fpl,Cameron_John,Cameron John,,,2018_2019,100.0,EXACT_SOURCE_ID,APPROVED
plr_9a7d432a,fpl,Shkodran_Mustafi,Shkodran Mustafi,,,2019_2020,100.0,EXACT_SOURCE_ID,APPROVED
plr_5a0ebbee,fpl,Héctor_Bellerín,Héctor Bellerín,,,2019_2020,100.0,EXACT_SOURCE_ID,APPROVED
plr_c01c0f34,fpl,Sead_Kolasinac,Sead Kolasinac,,,2019_2020,100.0,EXACT_SOURCE_ID,APPROVED
plr_392cba90,fpl,Ainsley_Maitland-Niles,Ainsley Maitland-Niles,,,2019_2020,100.0,EXACT_SOURCE_ID,APPROVED
plr_025ec52f,fpl,Sokratis_Papastathopoulos,Sokratis Papastathopoulos,,,2019_2020,100.0,EXACT_SOURCE_ID,APPROVED
plr_ef198175,fpl,Nacho_Monreal,Nacho Monreal,,,2019_2020,100.0,EXACT_SOURCE_ID,APPROVED
plr_b26384ba,fpl,Laurent_Koscielny,Laurent Koscielny,,,2019_2020,100.0,EXACT_SOURCE_ID,APPROVED
plr_6a0eb3a5,fpl,Konstantinos_Mavropanos,Konstantinos Mavropanos,,,2019_2020,100.0,EXACT_SOURCE_ID,APPROVED
plr_80802187,fpl,Carl_Jenkinson,Carl Jenkinson,,,2019_2020,100.0,EXACT_SOURCE_ID,APPROVED
plr_37d5e4c9,fpl,Rob_Holding,Rob Holding,,,2019_2020,100.0,EXACT_SOURCE_ID,APPROVED
plr_2f57aaa1,fpl,Pierre-Emerick_Aubameyang,Pierre-Emerick Aubameyang,,,2019_2020,100.0,EXACT_SOURCE_ID,APPROVED
plr_b2b0aad5,fpl,Alexandre_Lacazette,Alexandre Lacazette,,,2019_2020,100.0,EXACT_SOURCE_ID,APPROVED
plr_d84c055c,fpl,Edward_Nketiah,Edward Nketiah,,,2019_2020,100.0,EXACT_SOURCE_ID,APPROVED
plr_cb2e95da,fpl,Bernd_Leno,Bernd Leno,,,2019_2020,100.0,EXACT_SOURCE_ID,APPROVED
plr_92738bc5,fpl,Mesut_Özil,Mesut Özil,,,2019_2020,100.0,EXACT_SOURCE_ID,APPROVED
plr_fea6bbe6,fpl,Henrikh_Mkhitaryan,Henrikh Mkhitaryan,,,2019_2020,100.0,EXACT_SOURCE_ID,APPROVED
plr_5151239d,fpl,Granit_Xhaka,Granit Xhaka,,,2019_2020,100.0,EXACT_SOURCE_ID,APPROVED
plr_e7f93ff9,fpl,Lucas_Torreira,Lucas Torreira,,,2019_2020,100.0,EXACT_SOURCE_ID,APPROVED
plr_f4aa1c65,fpl,Mohamed_Elneny,Mohamed Elneny,,,2019_2020,100.0,EXACT_SOURCE_ID,APPROVED
plr_5148b62a,fpl,Matteo_Guendouzi,Matteo Guendouzi,,,2019_2020,100.0,EXACT_SOURCE_ID,APPROVED
plr_aaa5e414,fpl,David_Luiz Moreira Marinho,David Luiz Moreira Marinho,,,2019_2020,100.0,EXACT_SOURCE_ID,APPROVED
plr_544f1585,fpl,Emiliano_Martínez,Emiliano Martínez,,,2019_2020,100.0,EXACT_SOURCE_ID,APPROVED
plr_0c8aabc6,fpl,Calum_Chambers,Calum Chambers,,,2019_2020,100.0,EXACT_SOURCE_ID,APPROVED
plr_b5a99534,fpl,Daniel_Ceballos Fernández,Daniel Ceballos Fernández,,,2019_2020,100.0,EXACT_SOURCE_ID,APPROVED
plr_2c9d1626,fpl,Cédric_Soares,Cédric Soares,,,2019_2020,100.0,EXACT_SOURCE_ID,APPROVED
plr_10471fa2,fpl,Nicolas_Pépé,Nicolas Pépé,,,2019_2020,100.0,EXACT_SOURCE_ID,APPROVED
plr_7887878e,fpl,Reiss_Nelson,Reiss Nelson,,,2019_2020,100.0,EXACT_SOURCE_ID,APPROVED
plr_dc1b6445,fpl,Joseph_Willock,Joseph Willock,,,2019_2020,100.0,EXACT_SOURCE_ID,APPROVED
plr_d27bc6db,fpl,Gabriel Teodoro_Martinelli Silva,Gabriel Teodoro Martinelli Silva,,,2019_2020,100.0,EXACT_SOURCE_ID,APPROVED
plr_732bbb2c,fpl,Kieran_Tierney,Kieran Tierney,,,2019_2020,100.0,EXACT_SOURCE_ID,APPROVED
plr_b4f16d75,fpl,Bukayo_Saka,Bukayo Saka,,,2019_2020,100.0,EXACT_SOURCE_ID,APPROVED
plr_7df7ea53,fpl,Emile_Smith Rowe,Emile Smith Rowe,,,2019_2020,100.0,EXACT_SOURCE_ID,APPROVED
plr_1d330415,fpl,Tyreece_John-Jules,Tyreece John-Jules,,,2019_2020,100.0,EXACT_SOURCE_ID,APPROVED
plr_e7a66a7c,fpl,Pablo_Marí,Pablo Marí,,,2019_2020,100.0,EXACT_SOURCE_ID,APPROVED
plr_9591bae4,fpl,Zech_Medley,Zech Medley,,,2019_2020,100.0,EXACT_SOURCE_ID,APPROVED
plr_9995e0df,fpl,Matt_Macey,Matt Macey,,,2019_2020,100.0,EXACT_SOURCE_ID,APPROVED
plr_57355679,fpl,Matthew_Smith,Matthew Smith,,,2019_2020,100.0,EXACT_SOURCE_ID,APPROVED
plr_6e8a3fb6,fpl,Ahmed_El Mohamady,Ahmed El Mohamady,,,2019_2020,100.0,EXACT_SOURCE_ID,APPROVED
plr_5fffb888,fpl,James_Chester,James Chester,,,2019_2020,100.0,EXACT_SOURCE_ID,APPROVED
plr_19863cde,fpl,Neil_Taylor,Neil Taylor,,,2019_2020,100.0,EXACT_SOURCE_ID,APPROVED
plr_de063bc2,fpl,Kortney_Hause,Kortney Hause,,,2019_2020,100.0,EXACT_SOURCE_ID,APPROVED
plr_d2b2fc34,fpl,Jonathan_Kodjia,Jonathan Kodjia,,,2019_2020,100.0,EXACT_SOURCE_ID,APPROVED
plr_730530c1,fpl,Ørjan_Nyland,Ørjan Nyland,,,2019_2020,100.0,EXACT_SOURCE_ID,APPROVED
plr_dd59d8da,fpl,Conor_Hourihane,Conor Hourihane,,,2019_2020,100.0,EXACT_SOURCE_ID,APPROVED
plr_ee98921e,fpl,Jack_Grealish,Jack Grealish,,,2019_2020,100.0,EXACT_SOURCE_ID,APPROVED
plr_a82de73a,fpl,Anwar_El Ghazi,Anwar El Ghazi,,,2019_2020,100.0,EXACT_SOURCE_ID,APPROVED
plr_4403335a,fpl,John_McGinn,John McGinn,,,2019_2020,100.0,EXACT_SOURCE_ID,APPROVED
plr_748abafb,fpl,Andre_Green,Andre Green,,,2019_2020,100.0,EXACT_SOURCE_ID,APPROVED
plr_b3d62b7d,fpl,Birkir_Bjarnason,Birkir Bjarnason,,,2019_2020,100.0,EXACT_SOURCE_ID,APPROVED
plr_8fbffa8e,fpl,Keinan_Davis,Keinan Davis,,,2019_2020,100.0,EXACT_SOURCE_ID,APPROVED
plr_2e0e770b,fpl,Henri_Lansbury,Henri Lansbury,,,2019_2020,100.0,EXACT_SOURCE_ID,APPROVED
plr_a4a78e0a,fpl,José Ignacio_Peleteiro Romallo,José Ignacio Peleteiro Romallo,,,2019_2020,100.0,EXACT_SOURCE_ID,APPROVED
plr_bc1baf0b,fpl,Tom_Heaton,Tom Heaton,,,2019_2020,100.0,EXACT_SOURCE_ID,APPROVED
plr_0a9f02e0,fpl,Daniel_Drinkwater,Daniel Drinkwater,,,2019_2020,100.0,EXACT_SOURCE_ID,APPROVED
plr_749538c1,fpl,Matt_Targett,Matt Targett,,,2019_2020,100.0,EXACT_SOURCE_ID,APPROVED
plr_96d13ae1,fpl,Wesley_Moraes,Wesley Moraes,,,2019_2020,100.0,EXACT_SOURCE_ID,APPROVED
plr_6f31cabe,fpl,Jed_Steer,Jed Steer,,,2019_2020,100.0,EXACT_SOURCE_ID,APPROVED
plr_95c8c117,fpl,Tyrone_Mings,Tyrone Mings,,,2019_2020,100.0,EXACT_SOURCE_ID,APPROVED
plr_f8807897,fpl,Ezri_Konsa Ngoyo,Ezri Konsa Ngoyo,,,2019_2020,100.0,EXACT_SOURCE_ID,APPROVED
plr_1cfa8e56,fpl,Bjorn_Engels,Bjorn Engels,,,2019_2020,100.0,EXACT_SOURCE_ID,APPROVED
plr_195825f2,fpl,Frédéric_Guilbert,Frédéric Guilbert,,,2019_2020,100.0,EXACT_SOURCE_ID,APPROVED
plr_615b6876,fpl,Mahmoud Ahmed_Ibrahim Hassan,Mahmoud Ahmed Ibrahim Hassan,,,2019_2020,100.0,EXACT_SOURCE_ID,APPROVED
plr_d1da8ffe,fpl,Douglas Luiz_Soares de Paulo,Douglas Luiz Soares de Paulo,,,2019_2020,100.0,EXACT_SOURCE_ID,APPROVED
plr_a2e4f905,fpl,Lovre_Kalinic,Lovre Kalinic,,,2019_2020,100.0,EXACT_SOURCE_ID,APPROVED
plr_73c60311,fpl,Marvelous_Nakamba,Marvelous Nakamba,,,2019_2020,100.0,EXACT_SOURCE_ID,APPROVED
plr_002f6651,fpl,Indiana_Vassilev,Indiana Vassilev,,,2019_2020,100.0,EXACT_SOURCE_ID,APPROVED
plr_64311c11,fpl,José_Reina,José Reina,,,2019_2020,100.0,EXACT_SOURCE_ID,APPROVED
plr_7a6c7e15,fpl,Mbwana_Samatta,Mbwana Samatta,,,2019_2020,100.0,EXACT_SOURCE_ID,APPROVED
plr_db7b6bc0,fpl,Borja_González Tomás,Borja González Tomás,,,2019_2020,100.0,EXACT_SOURCE_ID,APPROVED
plr_e9ff1590,fpl,Kaine_Hayden,Kaine Hayden,,,2019_2020,100.0,EXACT_SOURCE_ID,APPROVED
plr_d84173c1,fpl,Steve_Cook,Steve Cook,,,2019_2020,100.0,EXACT_SOURCE_ID,APPROVED
plr_e92de438,fpl,Nathan_Aké,Nathan Aké,,,2019_2020,100.0,EXACT_SOURCE_ID,APPROVED
plr_f9225ffb,fpl,Charlie_Daniels,Charlie Daniels,,,2019_2020,100.0,EXACT_SOURCE_ID,APPROVED
plr_0e97e729,fpl,Chris_Mepham,Chris Mepham,,,2019_2020,100.0,EXACT_SOURCE_ID,APPROVED
plr_7ace284a,fpl,Simon_Francis,Simon Francis,,,2019_2020,100.0,EXACT_SOURCE_ID,APPROVED
plr_e7af0e38,fpl,Adam_Smith,Adam Smith,,,2019_2020,100.0,EXACT_SOURCE_ID,APPROVED
plr_560e09e5,fpl,Lloyd_Kelly,Lloyd Kelly,,,2019_2020,100.0,EXACT_SOURCE_ID,APPROVED
plr_f948a1ca,fpl,Diego_Rico,Diego Rico,,,2019_2020,100.0,EXACT_SOURCE_ID,APPROVED
plr_e7ccbcbb,fpl,Jack_Simpson,Jack Simpson,,,2019_2020,100.0,EXACT_SOURCE_ID,APPROVED
plr_69d060e3,fpl,Callum_Wilson,Callum Wilson,,,2019_2020,100.0,EXACT_SOURCE_ID,APPROVED
plr_60ec0b9d,fpl,Joshua_King,Joshua King,,,2019_2020,100.0,EXACT_SOURCE_ID,APPROVED
plr_48a7c94d,fpl,Dominic_Solanke,Dominic Solanke,,,2019_2020,100.0,EXACT_SOURCE_ID,APPROVED
plr_5718c9d0,fpl,Sam_Surridge,Sam Surridge,,,2019_2020,100.0,EXACT_SOURCE_ID,APPROVED
plr_ca3a62da,fpl,Asmir_Begovic,Asmir Begovic,,,2019_2020,100.0,EXACT_SOURCE_ID,APPROVED
plr_da777c41,fpl,Artur_Boruc,Artur Boruc,,,2019_2020,100.0,EXACT_SOURCE_ID,APPROVED
plr_4622c2e8,fpl,Mark_Travers,Mark Travers,,,2019_2020,100.0,EXACT_SOURCE_ID,APPROVED
plr_2239b360,fpl,Ryan_Fraser,Ryan Fraser,,,2019_2020,100.0,EXACT_SOURCE_ID,APPROVED
plr_651baab7,fpl,David_Brooks,David Brooks,,,2019_2020,100.0,EXACT_SOURCE_ID,APPROVED
plr_004e26fa,fpl,Junior_Stanislas,Junior Stanislas,,,2019_2020,100.0,EXACT_SOURCE_ID,APPROVED
plr_b50b429b,fpl,Jordon_Ibe,Jordon Ibe,,,2019_2020,100.0,EXACT_SOURCE_ID,APPROVED
plr_a8d95069,fpl,Lewis_Cook,Lewis Cook,,,2019_2020,100.0,EXACT_SOURCE_ID,APPROVED
plr_7189b5c6,fpl,Andrew_Surman,Andrew Surman,,,2019_2020,100.0,EXACT_SOURCE_ID,APPROVED
plr_9f644d62,fpl,Dan_Gosling,Dan Gosling,,,2019_2020,100.0,EXACT_SOURCE_ID,APPROVED
plr_1f9b83b6,fpl,Jefferson_Lerma,Jefferson Lerma,,,2019_2020,100.0,EXACT_SOURCE_ID,APPROVED
plr_b14c054d,fpl,Jack_Stacey,Jack Stacey,,,2019_2020,100.0,EXACT_SOURCE_ID,APPROVED
plr_441fad4e,fpl,Philip_Billing,Philip Billing,,,2019_2020,100.0,EXACT_SOURCE_ID,APPROVED
plr_b3abac56,fpl,Arnaut_Danjuma Groeneveld,Arnaut Danjuma Groeneveld,,,2019_2020,100.0,EXACT_SOURCE_ID,APPROVED
plr_658f15f6,fpl,Aaron_Ramsdale,Aaron Ramsdale,,,2019_2020,100.0,EXACT_SOURCE_ID,APPROVED
plr_04283c23,fpl,Harry_Wilson,Harry Wilson,,,2019_2020,100.0,EXACT_SOURCE_ID,APPROVED
plr_405bfb99,fpl,Christian_Saydee,Christian Saydee,,,2019_2020,100.0,EXACT_SOURCE_ID,APPROVED
plr_a9eaff24,fpl,Gavin_Kilkenny,Gavin Kilkenny,,,2019_2020,100.0,EXACT_SOURCE_ID,APPROVED
plr_1428f14e,fpl,Mihai-Alexandru_Dobre,Mihai-Alexandru Dobre,,,2019_2020,100.0,EXACT_SOURCE_ID,APPROVED
plr_cb4054f2,fpl,Shane_Duffy,Shane Duffy,,,2019_2020,100.0,EXACT_SOURCE_ID,APPROVED
plr_79f6dc80,fpl,Martín_Montoya,Martín Montoya,,,2019_2020,100.0,EXACT_SOURCE_ID,APPROVED
plr_ee34c0af,fpl,Bernardo_Fernandes da Silva Junior,Bernardo Fernandes da Silva Junior,,,2019_2020,100.0,EXACT_SOURCE_ID,APPROVED
plr_dd44fa23,fpl,Leon_Balogun,Leon Balogun,,,2019_2020,100.0,EXACT_SOURCE_ID,APPROVED
plr_65bb2c13,fpl,Gaëtan_Bong,Gaëtan Bong,,,2019_2020,100.0,EXACT_SOURCE_ID,APPROVED
plr_9a666597,fpl,Lewis_Dunk,Lewis Dunk,,,2019_2020,100.0,EXACT_SOURCE_ID,APPROVED
plr_ec79dff6,fpl,Matthew_Clarke,Matthew Clarke,,,2019_2020,100.0,EXACT_SOURCE_ID,APPROVED
plr_29dc68d1,fpl,Glenn_Murray,Glenn Murray,,,2019_2020,100.0,EXACT_SOURCE_ID,APPROVED
plr_ac34887e,fpl,Jürgen_Locadia,Jürgen Locadia,,,2019_2020,100.0,EXACT_SOURCE_ID,APPROVED
plr_08595b71,fpl,Florin_Andone,Florin Andone,,,2019_2020,100.0,EXACT_SOURCE_ID,APPROVED
plr_ca7953b4,fpl,Mathew_Ryan,Mathew Ryan,,,2019_2020,100.0,EXACT_SOURCE_ID,APPROVED
plr_3cb82f14,fpl,David_Button,David Button,,,2019_2020,100.0,EXACT_SOURCE_ID,APPROVED
plr_eee4ba71,fpl,Pascal_Groß,Pascal Groß,,,2019_2020,100.0,EXACT_SOURCE_ID,APPROVED
plr_78a08f00,fpl,Alireza_Jahanbakhsh,Alireza Jahanbakhsh,,,2019_2020,100.0,EXACT_SOURCE_ID,APPROVED
plr_08d122c7,fpl,José Heriberto_Izquierdo Mena,José Heriberto Izquierdo Mena,,,2019_2020,100.0,EXACT_SOURCE_ID,APPROVED
plr_5349c59b,fpl,Anthony_Knockaert,Anthony Knockaert,,,2019_2020,100.0,EXACT_SOURCE_ID,APPROVED
plr_5263a44d,fpl,Yves_Bissouma,Yves Bissouma,,,2019_2020,100.0,EXACT_SOURCE_ID,APPROVED
plr_238b663e,fpl,Davy_Pröpper,Davy Pröpper,,,2019_2020,100.0,EXACT_SOURCE_ID,APPROVED
plr_e9f46d01,fpl,Solomon_March,Solomon March,,,2019_2020,100.0,EXACT_SOURCE_ID,APPROVED
plr_e219d9da,fpl,Beram_Kayal,Beram Kayal,,,2019_2020,100.0,EXACT_SOURCE_ID,APPROVED
plr_c22af7d3,fpl,Dale_Stephens,Dale Stephens,,,2019_2020,100.0,EXACT_SOURCE_ID,APPROVED
plr_9c7fd488,fpl,Leandro_Trossard,Leandro Trossard,,,2019_2020,100.0,EXACT_SOURCE_ID,APPROVED
plr_3e59eea8,fpl,Dan_Burn,Dan Burn,,,2019_2020,100.0,EXACT_SOURCE_ID,APPROVED
plr_cb95cf6d,fpl,Adam_Webster,Adam Webster,,,2019_2020,100.0,EXACT_SOURCE_ID,APPROVED
plr_a2085edd,fpl,Neal_Maupay,Neal Maupay,,,2019_2020,100.0,EXACT_SOURCE_ID,APPROVED
plr_b8ac4ec7,fpl,Aaron_Mooy,Aaron Mooy,,,2019_2020,100.0,EXACT_SOURCE_ID,APPROVED
plr_13d6ceb8,fpl,Aaron_Connolly,Aaron Connolly,,,2019_2020,100.0,EXACT_SOURCE_ID,APPROVED
plr_e7ee76a6,fpl,Tudor_Baluta,Tudor Baluta,,,2019_2020,100.0,EXACT_SOURCE_ID,APPROVED
plr_2ae468a9,fpl,Steven_Alzate,Steven Alzate,,,2019_2020,100.0,EXACT_SOURCE_ID,APPROVED
plr_c7607bce,fpl,Ezequiel_Schelotto,Ezequiel Schelotto,,,2019_2020,100.0,EXACT_SOURCE_ID,APPROVED
plr_e59f0550,fpl,Tariq_Lamptey,Tariq Lamptey,,,2019_2020,100.0,EXACT_SOURCE_ID,APPROVED
plr_fac1aa20,fpl,Alexis_Mac Allister,Alexis Mac Allister,,,2019_2020,100.0,EXACT_SOURCE_ID,APPROVED
plr_f0ea90fc,fpl,Alex_Cochrane,Alex Cochrane,,,2019_2020,100.0,EXACT_SOURCE_ID,APPROVED
plr_df5a39fa,fpl,Ben_Mee,Ben Mee,,,2019_2020,100.0,EXACT_SOURCE_ID,APPROVED
plr_76c331a3,fpl,James_Tarkowski,James Tarkowski,,,2019_2020,100.0,EXACT_SOURCE_ID,APPROVED
plr_da0e5486,fpl,Matthew_Lowton,Matthew Lowton,,,2019_2020,100.0,EXACT_SOURCE_ID,APPROVED
plr_18e7ac7c,fpl,Phil_Bardsley,Phil Bardsley,,,2019_2020,100.0,EXACT_SOURCE_ID,APPROVED
plr_4b98bc57,fpl,Charlie_Taylor,Charlie Taylor,,,2019_2020,100.0,EXACT_SOURCE_ID,APPROVED
plr_1ccb2e9c,fpl,Kevin_Long,Kevin Long,,,2019_2020,100.0,EXACT_SOURCE_ID,APPROVED
plr_1028a9cd,fpl,Ben_Gibson,Ben Gibson,,,2019_2020,100.0,EXACT_SOURCE_ID,APPROVED
plr_0e030f44,fpl,Ashley_Barnes,Ashley Barnes,,,2019_2020,100.0,EXACT_SOURCE_ID,APPROVED
plr_15759244,fpl,Chris_Wood,Chris Wood,,,2019_2020,100.0,EXACT_SOURCE_ID,APPROVED
plr_d7a30cc3,fpl,Matej_Vydra,Matej Vydra,,,2019_2020,100.0,EXACT_SOURCE_ID,APPROVED
plr_256c5a5f,fpl,Nick_Pope,Nick Pope,,,2019_2020,100.0,EXACT_SOURCE_ID,APPROVED
plr_cde4e237,fpl,Joe_Hart,Joe Hart,,,2019_2020,100.0,EXACT_SOURCE_ID,APPROVED
plr_3812121d,fpl,Johann Berg_Gudmundsson,Johann Berg Gudmundsson,,,2019_2020,100.0,EXACT_SOURCE_ID,APPROVED
plr_b3d79119,fpl,Dwight_McNeil,Dwight McNeil,,,2019_2020,100.0,EXACT_SOURCE_ID,APPROVED
plr_7d3f3770,fpl,Robbie_Brady,Robbie Brady,,,2019_2020,100.0,EXACT_SOURCE_ID,APPROVED
plr_d525837d,fpl,Steven_Defour,Steven Defour,,,2019_2020,100.0,EXACT_SOURCE_ID,APPROVED
plr_091dba64,fpl,Jeff_Hendrick,Jeff Hendrick,,,2019_2020,100.0,EXACT_SOURCE_ID,APPROVED
plr_bc3d7cbe,fpl,Ashley_Westwood,Ashley Westwood,,,2019_2020,100.0,EXACT_SOURCE_ID,APPROVED
plr_b3b27182,fpl,Jack_Cork,Jack Cork,,,2019_2020,100.0,EXACT_SOURCE_ID,APPROVED
plr_7b5b7cc5,fpl,Aaron_Lennon,Aaron Lennon,,,2019_2020,100.0,EXACT_SOURCE_ID,APPROVED
plr_b0f9d10d,fpl,Erik_Pieters,Erik Pieters,,,2019_2020,100.0,EXACT_SOURCE_ID,APPROVED
plr_29ca1515,fpl,Jay_Rodriguez,Jay Rodriguez,,,2019_2020,100.0,EXACT_SOURCE_ID,APPROVED
plr_4cbcaf14,fpl,Bailey_Peacock-Farrell,Bailey Peacock-Farrell,,,2019_2020,100.0,EXACT_SOURCE_ID,APPROVED
plr_5832955a,fpl,Mace_Goodridge,Mace Goodridge,,,2019_2020,100.0,EXACT_SOURCE_ID,APPROVED
plr_4015dcab,fpl,Anthony_Driscoll-Glennon,Anthony Driscoll-Glennon,,,2019_2020,100.0,EXACT_SOURCE_ID,APPROVED
plr_b3d3f1d0,fpl,Abd-Al-Ali Morakinyo Olaposi_Koiki,Abd-Al-Ali Morakinyo Olaposi Koiki,,,2019_2020,100.0,EXACT_SOURCE_ID,APPROVED
plr_8d02bdef,fpl,Josh_Brownhill,Josh Brownhill,,,2019_2020,100.0,EXACT_SOURCE_ID,APPROVED
plr_a09ff2c7,fpl,Jimmy_Dunne,Jimmy Dunne,,,2019_2020,100.0,EXACT_SOURCE_ID,APPROVED
plr_676b11d7,fpl,Bobby_Thomas,Bobby Thomas,,,2019_2020,100.0,EXACT_SOURCE_ID,APPROVED
plr_ddaddd42,fpl,Max_Thompson,Max Thompson,,,2019_2020,100.0,EXACT_SOURCE_ID,APPROVED
plr_daa1c19e,fpl,Lukas_Jensen,Lukas Jensen,,,2019_2020,100.0,EXACT_SOURCE_ID,APPROVED
plr_7671721e,fpl,Josh_Benson,Josh Benson,,,2019_2020,100.0,EXACT_SOURCE_ID,APPROVED
plr_7ca19ff5,fpl,Joel_Mumbongo,Joel Mumbongo,,,2019_2020,100.0,EXACT_SOURCE_ID,APPROVED
plr_40e12851,fpl,Marcos_Alonso,Marcos Alonso,,,2019_2020,100.0,EXACT_SOURCE_ID,APPROVED
plr_2f100a72,fpl,Antonio_Rüdiger,Antonio Rüdiger,,,2019_2020,100.0,EXACT_SOURCE_ID,APPROVED
plr_38757e4f,fpl,César_Azpilicueta,César Azpilicueta,,,2019_2020,100.0,EXACT_SOURCE_ID,APPROVED
plr_0f64ffc4,fpl,Emerson_Palmieri dos Santos,Emerson Palmieri dos Santos,,,2019_2020,100.0,EXACT_SOURCE_ID,APPROVED
plr_90a006c7,fpl,Andreas_Christensen,Andreas Christensen,,,2019_2020,100.0,EXACT_SOURCE_ID,APPROVED
plr_82cf2b60,fpl,Davide_Zappacosta,Davide Zappacosta,,,2019_2020,100.0,EXACT_SOURCE_ID,APPROVED
plr_f0bb169f,fpl,Olivier_Giroud,Olivier Giroud,,,2019_2020,100.0,EXACT_SOURCE_ID,APPROVED
plr_48da0531,fpl,Kepa_Arrizabalaga,Kepa Arrizabalaga,,,2019_2020,100.0,EXACT_SOURCE_ID,APPROVED
plr_71107e77,fpl,Willy_Caballero,Willy Caballero,,,2019_2020,100.0,EXACT_SOURCE_ID,APPROVED
plr_c12ffbf6,fpl,Willian_Borges Da Silva,Willian Borges Da Silva,,,2019_2020,100.0,EXACT_SOURCE_ID,APPROVED
plr_6525094d,fpl,Pedro_Rodríguez Ledesma,Pedro Rodríguez Ledesma,,,2019_2020,100.0,EXACT_SOURCE_ID,APPROVED
plr_e80566a5,fpl,Ruben_Loftus-Cheek,Ruben Loftus-Cheek,,,2019_2020,100.0,EXACT_SOURCE_ID,APPROVED
plr_916a1162,fpl,Callum_Hudson-Odoi,Callum Hudson-Odoi,,,2019_2020,100.0,EXACT_SOURCE_ID,APPROVED
plr_a9ede3eb,fpl,Ross_Barkley,Ross Barkley,,,2019_2020,100.0,EXACT_SOURCE_ID,APPROVED
plr_485e6e8a,fpl,Jorge Luiz_Frello Filho,Jorge Luiz Frello Filho,,,2019_2020,100.0,EXACT_SOURCE_ID,APPROVED
plr_d4170fee,fpl,N'Golo_Kanté,N'Golo Kanté,,,2019_2020,100.0,EXACT_SOURCE_ID,APPROVED
plr_112ac4e4,fpl,Ethan_Ampadu,Ethan Ampadu,,,2019_2020,100.0,EXACT_SOURCE_ID,APPROVED
plr_5fb12128,fpl,Christian_Pulisic,Christian Pulisic,,,2019_2020,100.0,EXACT_SOURCE_ID,APPROVED
plr_8c81f5e9,fpl,Mateo_Kovacic,Mateo Kovacic,,,2019_2020,100.0,EXACT_SOURCE_ID,APPROVED
plr_b2b4f15b,fpl,Kurt_Zouma,Kurt Zouma,,,2019_2020,100.0,EXACT_SOURCE_ID,APPROVED
plr_bbe96b8c,fpl,Tammy_Abraham,Tammy Abraham,,,2019_2020,100.0,EXACT_SOURCE_ID,APPROVED
plr_a4cf3580,fpl,Michy_Batshuayi,Michy Batshuayi,,,2019_2020,100.0,EXACT_SOURCE_ID,APPROVED
plr_5d260965,fpl,Robert Kenedy_Nunes do Nascimento,Robert Kenedy Nunes do Nascimento,,,2019_2020,100.0,EXACT_SOURCE_ID,APPROVED
plr_22960927,fpl,Mason_Mount,Mason Mount,,,2019_2020,100.0,EXACT_SOURCE_ID,APPROVED
plr_496d6581,fpl,Reece_James,Reece James,,,2019_2020,100.0,EXACT_SOURCE_ID,APPROVED
plr_2657cf82,fpl,Fikayo_Tomori,Fikayo Tomori,,,2019_2020,100.0,EXACT_SOURCE_ID,APPROVED
plr_7e350dc4,fpl,Billy_Gilmour,Billy Gilmour,,,2019_2020,100.0,EXACT_SOURCE_ID,APPROVED
plr_f07d5934,fpl,Addji Keaninkin Marc-Israel_Guehi,Addji Keaninkin Marc-Israel Guehi,,,2019_2020,100.0,EXACT_SOURCE_ID,APPROVED
plr_7a4fc239,fpl,Faustino_Anjorin,Faustino Anjorin,,,2019_2020,100.0,EXACT_SOURCE_ID,APPROVED
plr_a1727b64,fpl,Armando_Broja,Armando Broja,,,2019_2020,100.0,EXACT_SOURCE_ID,APPROVED
plr_cdd267e0,fpl,Lewis_Bate,Lewis Bate,,,2019_2020,100.0,EXACT_SOURCE_ID,APPROVED
plr_9624ba0e,fpl,Patrick_van Aanholt,Patrick van Aanholt,,,2019_2020,100.0,EXACT_SOURCE_ID,APPROVED
plr_4fecd43d,fpl,James_Tomkins,James Tomkins,,,2019_2020,100.0,EXACT_SOURCE_ID,APPROVED
plr_85c9af64,fpl,Mamadou_Sakho,Mamadou Sakho,,,2019_2020,100.0,EXACT_SOURCE_ID,APPROVED
plr_05d3466d,fpl,Joel_Ward,Joel Ward,,,2019_2020,100.0,EXACT_SOURCE_ID,APPROVED
plr_a41b7526,fpl,Scott_Dann,Scott Dann,,,2019_2020,100.0,EXACT_SOURCE_ID,APPROVED
plr_32dd3ea1,fpl,Martin_Kelly,Martin Kelly,,,2019_2020,100.0,EXACT_SOURCE_ID,APPROVED
plr_7a1a7b3a,fpl,Christian_Benteke,Christian Benteke,,,2019_2020,100.0,EXACT_SOURCE_ID,APPROVED
plr_753abd94,fpl,Connor_Wickham,Connor Wickham,,,2019_2020,100.0,EXACT_SOURCE_ID,APPROVED
plr_37e7085f,fpl,Vicente_Guaita,Vicente Guaita,,,2019_2020,100.0,EXACT_SOURCE_ID,APPROVED
plr_0df984f6,fpl,Wayne_Hennessey,Wayne Hennessey,,,2019_2020,100.0,EXACT_SOURCE_ID,APPROVED
plr_e012a16c,fpl,Wilfried_Zaha,Wilfried Zaha,,,2019_2020,100.0,EXACT_SOURCE_ID,APPROVED
plr_a0692a7b,fpl,Luka_Milivojevic,Luka Milivojevic,,,2019_2020,100.0,EXACT_SOURCE_ID,APPROVED
plr_138545df,fpl,Andros_Townsend,Andros Townsend,,,2019_2020,100.0,EXACT_SOURCE_ID,APPROVED
plr_8d024ace,fpl,Max_Meyer,Max Meyer,,,2019_2020,100.0,EXACT_SOURCE_ID,APPROVED
plr_b7f2396f,fpl,Jeffrey_Schlupp,Jeffrey Schlupp,,,2019_2020,100.0,EXACT_SOURCE_ID,APPROVED
plr_94abbca6,fpl,James_McArthur,James McArthur,,,2019_2020,100.0,EXACT_SOURCE_ID,APPROVED
plr_021f0f85,fpl,Cheikhou_Kouyaté,Cheikhou Kouyaté,,,2019_2020,100.0,EXACT_SOURCE_ID,APPROVED
plr_2a69153b,fpl,Luke_Dreher,Luke Dreher,,,2019_2020,100.0,EXACT_SOURCE_ID,APPROVED
plr_2449d988,fpl,James_McCarthy,James McCarthy,,,2019_2020,100.0,EXACT_SOURCE_ID,APPROVED
plr_01b59b92,fpl,Jordan_Ayew,Jordan Ayew,,,2019_2020,100.0,EXACT_SOURCE_ID,APPROVED
plr_585b5aa6,fpl,Gary_Cahill,Gary Cahill,,,2019_2020,100.0,EXACT_SOURCE_ID,APPROVED
plr_31be08c4,fpl,Víctor_Camarasa,Víctor Camarasa,,,2019_2020,100.0,EXACT_SOURCE_ID,APPROVED
plr_8bc0451a,fpl,Jairo_Riedewald,Jairo Riedewald,,,2019_2020,100.0,EXACT_SOURCE_ID,APPROVED
plr_a57b4f27,fpl,Stephen_Henderson,Stephen Henderson,,,2019_2020,100.0,EXACT_SOURCE_ID,APPROVED
plr_b6115b77,fpl,Sam_Woods,Sam Woods,,,2019_2020,100.0,EXACT_SOURCE_ID,APPROVED
plr_454161ef,fpl,Tyrick_Mitchell,Tyrick Mitchell,,,2019_2020,100.0,EXACT_SOURCE_ID,APPROVED
plr_49f6deeb,fpl,Brandon_Pierrick,Brandon Pierrick,,,2019_2020,100.0,EXACT_SOURCE_ID,APPROVED
plr_568807f6,fpl,James_Daly,James Daly,,,2019_2020,100.0,EXACT_SOURCE_ID,APPROVED
plr_4089d14b,fpl,Nya_Kirby,Nya Kirby,,,2019_2020,100.0,EXACT_SOURCE_ID,APPROVED
plr_890672aa,fpl,Giovanni_McGregor,Giovanni McGregor,,,2019_2020,100.0,EXACT_SOURCE_ID,APPROVED
plr_77f3a070,fpl,Nikola_Tavares,Nikola Tavares,,,2019_2020,100.0,EXACT_SOURCE_ID,APPROVED
plr_cb912767,fpl,John-Kymani_Gordon,John-Kymani Gordon,,,2019_2020,100.0,EXACT_SOURCE_ID,APPROVED
plr_2e6be15c,fpl,Alex_Iwobi,Alex Iwobi,,,2019_2020,100.0,EXACT_SOURCE_ID,APPROVED
plr_a72e51d9,fpl,Lucas_Digne,Lucas Digne,,,2019_2020,100.0,EXACT_SOURCE_ID,APPROVED
plr_bc14a727,fpl,Yerry_Mina,Yerry Mina,,,2019_2020,100.0,EXACT_SOURCE_ID,APPROVED
plr_7faa096f,fpl,Michael_Keane,Michael Keane,,,2019_2020,100.0,EXACT_SOURCE_ID,APPROVED
plr_f36381c3,fpl,Seamus_Coleman,Seamus Coleman,,,2019_2020,100.0,EXACT_SOURCE_ID,APPROVED
plr_7e9bcb51,fpl,Leighton_Baines,Leighton Baines,,,2019_2020,100.0,EXACT_SOURCE_ID,APPROVED
plr_4918af43,fpl,Cenk_Tosun,Cenk Tosun,,,2019_2020,100.0,EXACT_SOURCE_ID,APPROVED
plr_92035224,fpl,Dominic_Calvert-Lewin,Dominic Calvert-Lewin,,,2019_2020,100.0,EXACT_SOURCE_ID,APPROVED
plr_48662845,fpl,Jordan_Pickford,Jordan Pickford,,,2019_2020,100.0,EXACT_SOURCE_ID,APPROVED
plr_1b3a482d,fpl,Maarten_Stekelenburg,Maarten Stekelenburg,,,2019_2020,100.0,EXACT_SOURCE_ID,APPROVED
plr_b0768044,fpl,Richarlison_de Andrade,Richarlison de Andrade,,,2019_2020,100.0,EXACT_SOURCE_ID,APPROVED
plr_73f623fb,fpl,Gylfi_Sigurdsson,Gylfi Sigurdsson,,,2019_2020,100.0,EXACT_SOURCE_ID,APPROVED
plr_a9a6c31c,fpl,Bernard_Anício Caldeira Duarte,Bernard Anício Caldeira Duarte,,,2019_2020,100.0,EXACT_SOURCE_ID,APPROVED
plr_73e02eb5,fpl,Theo_Walcott,Theo Walcott,,,2019_2020,100.0,EXACT_SOURCE_ID,APPROVED
plr_8ff5dcd0,fpl,Tom_Davies,Tom Davies,,,2019_2020,100.0,EXACT_SOURCE_ID,APPROVED
plr_4ef07116,fpl,Ademola_Lookman,Ademola Lookman,,,2019_2020,100.0,EXACT_SOURCE_ID,APPROVED
plr_defa9b89,fpl,Idrissa_Gueye,Idrissa Gueye,,,2019_2020,100.0,EXACT_SOURCE_ID,APPROVED
plr_45a39995,fpl,Morgan_Schneiderlin,Morgan Schneiderlin,,,2019_2020,100.0,EXACT_SOURCE_ID,APPROVED
plr_5e470d1f,fpl,Fabian_Delph,Fabian Delph,,,2019_2020,100.0,EXACT_SOURCE_ID,APPROVED
plr_34a9b1fd,fpl,André Filipe_Tavares Gomes,André Filipe Tavares Gomes,,,2019_2020,100.0,EXACT_SOURCE_ID,APPROVED
plr_519c4827,fpl,Lewis_Gibson,Lewis Gibson,,,2019_2020,100.0,EXACT_SOURCE_ID,APPROVED
plr_1137b8a3,fpl,Mason_Holgate,Mason Holgate,,,2019_2020,100.0,EXACT_SOURCE_ID,APPROVED
plr_88dd4703,fpl,Jonas_Lössl,Jonas Lössl,,,2019_2020,100.0,EXACT_SOURCE_ID,APPROVED
plr_9dd1ee31,fpl,Moise_Kean,Moise Kean,,,2019_2020,100.0,EXACT_SOURCE_ID,APPROVED
plr_e475a388,fpl,Jean-Philippe_Gbamin,Jean-Philippe Gbamin,,,2019_2020,100.0,EXACT_SOURCE_ID,APPROVED
plr_22fc351d,fpl,Djibril_Sidibé,Djibril Sidibé,,,2019_2020,100.0,EXACT_SOURCE_ID,APPROVED
plr_4208ef24,fpl,Beni_Baningime,Beni Baningime,,,2019_2020,100.0,EXACT_SOURCE_ID,APPROVED
plr_84b9ba63,fpl,Anthony_Gordon,Anthony Gordon,,,2019_2020,100.0,EXACT_SOURCE_ID,APPROVED
plr_2d12bcf1,fpl,Oumar_Niasse,Oumar Niasse,,,2019_2020,100.0,EXACT_SOURCE_ID,APPROVED
plr_ee3c9833,fpl,Rhu-endly_Martina,Rhu-endly Martina,,,2019_2020,100.0,EXACT_SOURCE_ID,APPROVED
plr_69de690c,fpl,João Manuel_Neves Virgínia,João Manuel Neves Virgínia,,,2019_2020,100.0,EXACT_SOURCE_ID,APPROVED
plr_b65a8734,fpl,Jarrad_Branthwaite,Jarrad Branthwaite,,,2019_2020,100.0,EXACT_SOURCE_ID,APPROVED
plr_872c17e5,fpl,Ellis_Simms,Ellis Simms,,,2019_2020,100.0,EXACT_SOURCE_ID,APPROVED
plr_ff3059f8,fpl,Ricardo Domingos_Barbosa Pereira,Ricardo Domingos Barbosa Pereira,,,2019_2020,100.0,EXACT_SOURCE_ID,APPROVED
plr_e23ba8c3,fpl,Benjamin_Chilwell,Benjamin Chilwell,,,2019_2020,100.0,EXACT_SOURCE_ID,APPROVED
plr_7c371aa4,fpl,Jonny_Evans,Jonny Evans,,,2019_2020,100.0,EXACT_SOURCE_ID,APPROVED
plr_f2a8f35c,fpl,Christian_Fuchs,Christian Fuchs,,,2019_2020,100.0,EXACT_SOURCE_ID,APPROVED
plr_ec3f8e39,fpl,Çaglar_Söyüncü,Çaglar Söyüncü,,,2019_2020,100.0,EXACT_SOURCE_ID,APPROVED
plr_837dc310,fpl,Wes_Morgan,Wes Morgan,,,2019_2020,100.0,EXACT_SOURCE_ID,APPROVED
plr_cd223ecb,fpl,Jamie_Vardy,Jamie Vardy,,,2019_2020,100.0,EXACT_SOURCE_ID,APPROVED
plr_ad6e3d24,fpl,Kelechi_Iheanacho,Kelechi Iheanacho,,,2019_2020,100.0,EXACT_SOURCE_ID,APPROVED
plr_44c73370,fpl,Kasper_Schmeichel,Kasper Schmeichel,,,2019_2020,100.0,EXACT_SOURCE_ID,APPROVED
plr_0a6d320d,fpl,Eldin_Jakupovic,Eldin Jakupovic,,,2019_2020,100.0,EXACT_SOURCE_ID,APPROVED
plr_56e5638a,fpl,Danny_Ward,Danny Ward,,,2019_2020,100.0,EXACT_SOURCE_ID,APPROVED
plr_5dd77f54,fpl,James_Maddison,James Maddison,,,2019_2020,100.0,EXACT_SOURCE_ID,APPROVED
plr_b56a5265,fpl,Harvey_Barnes,Harvey Barnes,,,2019_2020,100.0,EXACT_SOURCE_ID,APPROVED
plr_4586b377,fpl,Rachid_Ghezzal,Rachid Ghezzal,,,2019_2020,100.0,EXACT_SOURCE_ID,APPROVED
plr_e0bb67f4,fpl,Marc_Albrighton,Marc Albrighton,,,2019_2020,100.0,EXACT_SOURCE_ID,APPROVED
plr_ec32280e,fpl,Demarai_Gray,Demarai Gray,,,2019_2020,100.0,EXACT_SOURCE_ID,APPROVED
plr_8bf5b8f6,fpl,Wilfred_Ndidi,Wilfred Ndidi,,,2019_2020,100.0,EXACT_SOURCE_ID,APPROVED
plr_884228ff,fpl,Matty_James,Matty James,,,2019_2020,100.0,EXACT_SOURCE_ID,APPROVED
plr_ede910eb,fpl,Daniel_Amartey,Daniel Amartey,,,2019_2020,100.0,EXACT_SOURCE_ID,APPROVED
plr_34a5afbe,fpl,Nampalys_Mendy,Nampalys Mendy,,,2019_2020,100.0,EXACT_SOURCE_ID,APPROVED
plr_65859724,fpl,Hamza_Choudhury,Hamza Choudhury,,,2019_2020,100.0,EXACT_SOURCE_ID,APPROVED
plr_7256d498,fpl,Ayoze_Pérez,Ayoze Pérez,,,2019_2020,100.0,EXACT_SOURCE_ID,APPROVED
plr_6f7bef74,fpl,Ryan_Bennett,Ryan Bennett,,,2019_2020,100.0,EXACT_SOURCE_ID,APPROVED
plr_3227c75b,fpl,James_Justin,James Justin,,,2019_2020,100.0,EXACT_SOURCE_ID,APPROVED
plr_27e79178,fpl,Youri_Tielemans,Youri Tielemans,,,2019_2020,100.0,EXACT_SOURCE_ID,APPROVED
plr_68357a6d,fpl,Andy_King,Andy King,,,2019_2020,100.0,EXACT_SOURCE_ID,APPROVED
plr_ea1bf1b1,fpl,Dennis_Praet,Dennis Praet,,,2019_2020,100.0,EXACT_SOURCE_ID,APPROVED
plr_04fcef14,fpl,Filip_Benkovic,Filip Benkovic,,,2019_2020,100.0,EXACT_SOURCE_ID,APPROVED
plr_8f95c172,fpl,Luke_Thomas,Luke Thomas,,,2019_2020,100.0,EXACT_SOURCE_ID,APPROVED
plr_2d1bac50,fpl,George_Hirst,George Hirst,,,2019_2020,100.0,EXACT_SOURCE_ID,APPROVED
plr_f004b835,fpl,Darnell_Johnson,Darnell Johnson,,,2019_2020,100.0,EXACT_SOURCE_ID,APPROVED
plr_887cbcc4,fpl,Andrew_Robertson,Andrew Robertson,,,2019_2020,100.0,EXACT_SOURCE_ID,APPROVED
plr_4dc06f11,fpl,Trent_Alexander-Arnold,Trent Alexander-Arnold,,,2019_2020,100.0,EXACT_SOURCE_ID,APPROVED
plr_c3213d09,fpl,Virgil_van Dijk,Virgil van Dijk,,,2019_2020,100.0,EXACT_SOURCE_ID,APPROVED
plr_2bb408e0,fpl,Joseph_Gomez,Joseph Gomez,,,2019_2020,100.0,EXACT_SOURCE_ID,APPROVED
plr_73592ecf,fpl,Joel_Matip,Joel Matip,,,2019_2020,100.0,EXACT_SOURCE_ID,APPROVED
plr_cc20c957,fpl,Dejan_Lovren,Dejan Lovren,,,2019_2020,100.0,EXACT_SOURCE_ID,APPROVED
plr_e958afda,fpl,Roberto_Firmino,Roberto Firmino,,,2019_2020,100.0,EXACT_SOURCE_ID,APPROVED
plr_3e33e8a9,fpl,Divock_Origi,Divock Origi,,,2019_2020,100.0,EXACT_SOURCE_ID,APPROVED
plr_cad8bf4d,fpl,Alisson_Ramses Becker,Alisson Ramses Becker,,,2019_2020,100.0,EXACT_SOURCE_ID,APPROVED
plr_5a5a639f,fpl,Simon_Mignolet,Simon Mignolet,,,2019_2020,100.0,EXACT_SOURCE_ID,APPROVED
plr_2ea74fb2,fpl,Mohamed_Salah,Mohamed Salah,,,2019_2020,100.0,EXACT_SOURCE_ID,APPROVED
plr_f836e5b1,fpl,Sadio_Mané,Sadio Mané,,,2019_2020,100.0,EXACT_SOURCE_ID,APPROVED
plr_a2b8ff23,fpl,Alex_Oxlade-Chamberlain,Alex Oxlade-Chamberlain,,,2019_2020,100.0,EXACT_SOURCE_ID,APPROVED
plr_ed0878e4,fpl,Xherdan_Shaqiri,Xherdan Shaqiri,,,2019_2020,100.0,EXACT_SOURCE_ID,APPROVED
plr_6c4f55a5,fpl,Adam_Lallana,Adam Lallana,,,2019_2020,100.0,EXACT_SOURCE_ID,APPROVED
plr_bae294ac,fpl,Naby_Keita,Naby Keita,,,2019_2020,100.0,EXACT_SOURCE_ID,APPROVED
plr_4e93aab9,fpl,Fabio Henrique_Tavares,Fabio Henrique Tavares,,,2019_2020,100.0,EXACT_SOURCE_ID,APPROVED
plr_7b2652b2,fpl,Jordan_Henderson,Jordan Henderson,,,2019_2020,100.0,EXACT_SOURCE_ID,APPROVED
plr_7ff693ba,fpl,Georginio_Wijnaldum,Georginio Wijnaldum,,,2019_2020,100.0,EXACT_SOURCE_ID,APPROVED
plr_48f9d83e,fpl,James_Milner,James Milner,,,2019_2020,100.0,EXACT_SOURCE_ID,APPROVED
plr_d88f887f,fpl,Rafael_Camacho,Rafael Camacho,,,2019_2020,100.0,EXACT_SOURCE_ID,APPROVED
plr_7d0d0002,fpl,Rhian_Brewster,Rhian Brewster,,,2019_2020,100.0,EXACT_SOURCE_ID,APPROVED
plr_96e11d8e,fpl,Adrián_San Miguel del Castillo,Adrián San Miguel del Castillo,,,2019_2020,100.0,EXACT_SOURCE_ID,APPROVED
plr_cc558d8e,fpl,Andy_Lonergan,Andy Lonergan,,,2019_2020,100.0,EXACT_SOURCE_ID,APPROVED
plr_fc22c982,fpl,Caoimhin_Kelleher,Caoimhin Kelleher,,,2019_2020,100.0,EXACT_SOURCE_ID,APPROVED
plr_313e57f6,fpl,Harvey_Elliott,Harvey Elliott,,,2019_2020,100.0,EXACT_SOURCE_ID,APPROVED
plr_f57bd4ce,fpl,Curtis_Jones,Curtis Jones,,,2019_2020,100.0,EXACT_SOURCE_ID,APPROVED
plr_7cdbe839,fpl,Neco_Williams,Neco Williams,,,2019_2020,100.0,EXACT_SOURCE_ID,APPROVED
plr_5d5900a2,fpl,Nathaniel_Phillips,Nathaniel Phillips,,,2019_2020,100.0,EXACT_SOURCE_ID,APPROVED
plr_15e42035,fpl,Takumi_Minamino,Takumi Minamino,,,2019_2020,100.0,EXACT_SOURCE_ID,APPROVED
plr_e58a4908,fpl,Ki-Jana_Hoever,Ki-Jana Hoever,,,2019_2020,100.0,EXACT_SOURCE_ID,APPROVED
plr_f6d2dc12,fpl,Aymeric_Laporte,Aymeric Laporte,,,2019_2020,100.0,EXACT_SOURCE_ID,APPROVED
plr_23fb89c6,fpl,Kyle_Walker,Kyle Walker,,,2019_2020,100.0,EXACT_SOURCE_ID,APPROVED
plr_f03dc189,fpl,Benjamin_Mendy,Benjamin Mendy,,,2019_2020,100.0,EXACT_SOURCE_ID,APPROVED
plr_180e06c0,fpl,Oleksandr_Zinchenko,Oleksandr Zinchenko,,,2019_2020,100.0,EXACT_SOURCE_ID,APPROVED
plr_7c9cedbf,fpl,John_Stones,John Stones,,,2019_2020,100.0,EXACT_SOURCE_ID,APPROVED
plr_73f4acc6,fpl,Nicolás_Otamendi,Nicolás Otamendi,,,2019_2020,100.0,EXACT_SOURCE_ID,APPROVED
plr_9a150698,fpl,Danilo Luiz_da Silva,Danilo Luiz da Silva,,,2019_2020,100.0,EXACT_SOURCE_ID,APPROVED
plr_8a34c213,fpl,Sergio_Agüero,Sergio Agüero,,,2019_2020,100.0,EXACT_SOURCE_ID,APPROVED
plr_ce0c439a,fpl,Gabriel Fernando_de Jesus,Gabriel Fernando de Jesus,,,2019_2020,100.0,EXACT_SOURCE_ID,APPROVED
plr_08f623ce,fpl,Ederson_Santana de Moraes,Ederson Santana de Moraes,,,2019_2020,100.0,EXACT_SOURCE_ID,APPROVED
plr_b32734ba,fpl,Claudio_Bravo,Claudio Bravo,,,2019_2020,100.0,EXACT_SOURCE_ID,APPROVED
plr_ca95c32f,fpl,Raheem_Sterling,Raheem Sterling,,,2019_2020,100.0,EXACT_SOURCE_ID,APPROVED
plr_1f299b91,fpl,Kevin_De Bruyne,Kevin De Bruyne,,,2019_2020,100.0,EXACT_SOURCE_ID,APPROVED
plr_bf48ab5e,fpl,Leroy_Sané,Leroy Sané,,,2019_2020,100.0,EXACT_SOURCE_ID,APPROVED
plr_38d66193,fpl,Riyad_Mahrez,Riyad Mahrez,,,2019_2020,100.0,EXACT_SOURCE_ID,APPROVED
plr_482f06cf,fpl,Bernardo Mota_Veiga de Carvalho e Silva,Bernardo Mota Veiga de Carvalho e Silva,,,2019_2020,100.0,EXACT_SOURCE_ID,APPROVED
plr_6857889d,fpl,David_Silva,David Silva,,,2019_2020,100.0,EXACT_SOURCE_ID,APPROVED
plr_353ceb8c,fpl,Phil_Foden,Phil Foden,,,2019_2020,100.0,EXACT_SOURCE_ID,APPROVED
plr_721b370d,fpl,Fernando_Luiz Rosa,Fernando Luiz Rosa,,,2019_2020,100.0,EXACT_SOURCE_ID,APPROVED
plr_5a3f5113,fpl,Ilkay_Gündogan,Ilkay Gündogan,,,2019_2020,100.0,EXACT_SOURCE_ID,APPROVED
plr_0b7c2187,fpl,José Ángel_Esmorís Tasende,José Ángel Esmorís Tasende,,,2019_2020,100.0,EXACT_SOURCE_ID,APPROVED
plr_e3c76527,fpl,Rodrigo_Hernandez,Rodrigo Hernandez,,,2019_2020,100.0,EXACT_SOURCE_ID,APPROVED
plr_8a1dc85d,fpl,João Pedro Cavaco_Cancelo,João Pedro Cavaco Cancelo,,,2019_2020,100.0,EXACT_SOURCE_ID,APPROVED
plr_3bcccd90,fpl,Eric_Garcia,Eric Garcia,,,2019_2020,100.0,EXACT_SOURCE_ID,APPROVED
plr_520ab15b,fpl,Scott_Carson,Scott Carson,,,2019_2020,100.0,EXACT_SOURCE_ID,APPROVED
plr_662fdea6,fpl,Taylor_Harwood-Bellis,Taylor Harwood-Bellis,,,2019_2020,100.0,EXACT_SOURCE_ID,APPROVED
plr_92807238,fpl,Cole_Palmer,Cole Palmer,,,2019_2020,100.0,EXACT_SOURCE_ID,APPROVED
plr_c1c8a64e,fpl,Tommy_Doyle,Tommy Doyle,,,2019_2020,100.0,EXACT_SOURCE_ID,APPROVED
plr_b44ba65a,fpl,Aaron_Wan-Bissaka,Aaron Wan-Bissaka,,,2019_2020,100.0,EXACT_SOURCE_ID,APPROVED
plr_ebb2ea52,fpl,Harry_Maguire,Harry Maguire,,,2019_2020,100.0,EXACT_SOURCE_ID,APPROVED
plr_f30a6174,fpl,Chris_Smalling,Chris Smalling,,,2019_2020,100.0,EXACT_SOURCE_ID,APPROVED
plr_05759676,fpl,Ashley_Young,Ashley Young,,,2019_2020,100.0,EXACT_SOURCE_ID,APPROVED
plr_2b163c45,fpl,Victor_Lindelöf,Victor Lindelöf,,,2019_2020,100.0,EXACT_SOURCE_ID,APPROVED
plr_4a69013b,fpl,Luke_Shaw,Luke Shaw,,,2019_2020,100.0,EXACT_SOURCE_ID,APPROVED
plr_8456a55f,fpl,Marcos_Rojo,Marcos Rojo,,,2019_2020,100.0,EXACT_SOURCE_ID,APPROVED
plr_9cd0b2c1,fpl,Eric_Bailly,Eric Bailly,,,2019_2020,100.0,EXACT_SOURCE_ID,APPROVED
plr_afdbad00,fpl,José Diogo_Dalot Teixeira,José Diogo Dalot Teixeira,,,2019_2020,100.0,EXACT_SOURCE_ID,APPROVED
plr_659c4473,fpl,Matteo_Darmian,Matteo Darmian,,,2019_2020,100.0,EXACT_SOURCE_ID,APPROVED
plr_19d73aaa,fpl,Phil_Jones,Phil Jones,,,2019_2020,100.0,EXACT_SOURCE_ID,APPROVED
plr_29831028,fpl,Romelu_Lukaku,Romelu Lukaku,,,2019_2020,100.0,EXACT_SOURCE_ID,APPROVED
plr_e0c59d75,fpl,Marcus_Rashford,Marcus Rashford,,,2019_2020,100.0,EXACT_SOURCE_ID,APPROVED
plr_e5222477,fpl,Mason_Greenwood,Mason Greenwood,,,2019_2020,100.0,EXACT_SOURCE_ID,APPROVED
plr_0f9a53c4,fpl,David_de Gea,David de Gea,,,2019_2020,100.0,EXACT_SOURCE_ID,APPROVED
plr_1b8aa862,fpl,Sergio_Romero,Sergio Romero,,,2019_2020,100.0,EXACT_SOURCE_ID,APPROVED
plr_6d439c00,fpl,Lee_Grant,Lee Grant,,,2019_2020,100.0,EXACT_SOURCE_ID,APPROVED
plr_3a598a13,fpl,Paul_Pogba,Paul Pogba,,,2019_2020,100.0,EXACT_SOURCE_ID,APPROVED
plr_bcb187a0,fpl,Anthony_Martial,Anthony Martial,,,2019_2020,100.0,EXACT_SOURCE_ID,APPROVED
plr_790b5c2f,fpl,Alexis_Sánchez,Alexis Sánchez,,,2019_2020,100.0,EXACT_SOURCE_ID,APPROVED
plr_6ebadfd2,fpl,Jesse_Lingard,Jesse Lingard,,,2019_2020,100.0,EXACT_SOURCE_ID,APPROVED
plr_c6e8ef67,fpl,Juan_Mata,Juan Mata,,,2019_2020,100.0,EXACT_SOURCE_ID,APPROVED
plr_06a46691,fpl,Daniel_James,Daniel James,,,2019_2020,100.0,EXACT_SOURCE_ID,APPROVED
plr_120aa65d,fpl,Frederico_Rodrigues de Paula Santos,Frederico Rodrigues de Paula Santos,,,2019_2020,100.0,EXACT_SOURCE_ID,APPROVED
plr_ef78636d,fpl,Angel_Gomes,Angel Gomes,,,2019_2020,100.0,EXACT_SOURCE_ID,APPROVED
plr_35113c14,fpl,Andreas_Pereira,Andreas Pereira,,,2019_2020,100.0,EXACT_SOURCE_ID,APPROVED
plr_f4269e9d,fpl,Nemanja_Matic,Nemanja Matic,,,2019_2020,100.0,EXACT_SOURCE_ID,APPROVED
plr_3874bfb6,fpl,Scott_McTominay,Scott McTominay,,,2019_2020,100.0,EXACT_SOURCE_ID,APPROVED
plr_612cb118,fpl,Tahith_Chong,Tahith Chong,,,2019_2020,100.0,EXACT_SOURCE_ID,APPROVED
plr_13cd75c2,fpl,James_Garner,James Garner,,,2019_2020,100.0,EXACT_SOURCE_ID,APPROVED
plr_4826d903,fpl,Axel_Tuanzebe,Axel Tuanzebe,,,2019_2020,100.0,EXACT_SOURCE_ID,APPROVED
plr_6a112562,fpl,Brandon_Williams,Brandon Williams,,,2019_2020,100.0,EXACT_SOURCE_ID,APPROVED
plr_a3fb11c2,fpl,Bruno Miguel_Borges Fernandes,Bruno Miguel Borges Fernandes,,,2019_2020,100.0,EXACT_SOURCE_ID,APPROVED
plr_91c3f796,fpl,Odion_Ighalo,Odion Ighalo,,,2019_2020,100.0,EXACT_SOURCE_ID,APPROVED
plr_92caba5f,fpl,Timothy_Fosu-Mensah,Timothy Fosu-Mensah,,,2019_2020,100.0,EXACT_SOURCE_ID,APPROVED
plr_952fbc64,fpl,Matt_Ritchie,Matt Ritchie,,,2019_2020,100.0,EXACT_SOURCE_ID,APPROVED
plr_3cdb554f,fpl,Fabian_Schär,Fabian Schär,,,2019_2020,100.0,EXACT_SOURCE_ID,APPROVED
plr_49e4e60d,fpl,DeAndre_Yedlin,DeAndre Yedlin,,,2019_2020,100.0,EXACT_SOURCE_ID,APPROVED
plr_7c60217c,fpl,Federico_Fernández,Federico Fernández,,,2019_2020,100.0,EXACT_SOURCE_ID,APPROVED
plr_233aced3,fpl,Paul_Dummett,Paul Dummett,,,2019_2020,100.0,EXACT_SOURCE_ID,APPROVED
plr_dbd818ff,fpl,Javier_Manquillo,Javier Manquillo,,,2019_2020,100.0,EXACT_SOURCE_ID,APPROVED
plr_b201ea0c,fpl,Florian_Lejeune,Florian Lejeune,,,2019_2020,100.0,EXACT_SOURCE_ID,APPROVED
plr_c2a54c9f,fpl,Jamaal_Lascelles,Jamaal Lascelles,,,2019_2020,100.0,EXACT_SOURCE_ID,APPROVED
plr_1f075e9c,fpl,Ciaran_Clark,Ciaran Clark,,,2019_2020,100.0,EXACT_SOURCE_ID,APPROVED
plr_857fe42c,fpl,Yoshinori_Muto,Yoshinori Muto,,,2019_2020,100.0,EXACT_SOURCE_ID,APPROVED
plr_de1e900b,fpl,Jose Luis_Mato Sanmartín,Jose Luis Mato Sanmartín,,,2019_2020,100.0,EXACT_SOURCE_ID,APPROVED
plr_82d8a54e,fpl,Martin_Dubravka,Martin Dubravka,,,2019_2020,100.0,EXACT_SOURCE_ID,APPROVED
plr_62fdd3cf,fpl,Karl_Darlow,Karl Darlow,,,2019_2020,100.0,EXACT_SOURCE_ID,APPROVED
plr_7f459bfb,fpl,Frederick_Woodman,Frederick Woodman,,,2019_2020,100.0,EXACT_SOURCE_ID,APPROVED
plr_85a18404,fpl,Miguel_Almirón,Miguel Almirón,,,2019_2020,100.0,EXACT_SOURCE_ID,APPROVED
plr_36808acf,fpl,Christian_Atsu,Christian Atsu,,,2019_2020,100.0,EXACT_SOURCE_ID,APPROVED
plr_f37a7b7f,fpl,Sung-yueng_Ki,Sung-yueng Ki,,,2019_2020,100.0,EXACT_SOURCE_ID,APPROVED
plr_06314795,fpl,Jonjo_Shelvey,Jonjo Shelvey,,,2019_2020,100.0,EXACT_SOURCE_ID,APPROVED
plr_94c853c1,fpl,Sean_Longstaff,Sean Longstaff,,,2019_2020,100.0,EXACT_SOURCE_ID,APPROVED
plr_71218984,fpl,Isaac_Hayden,Isaac Hayden,,,2019_2020,100.0,EXACT_SOURCE_ID,APPROVED
plr_3a71c980,fpl,Danny_Rose,Danny Rose,,,2019_2020,100.0,EXACT_SOURCE_ID,APPROVED
plr_9d9ed213,fpl,Joelinton Cássio_Apolinário de Lira,Joelinton Cássio Apolinário de Lira,,,2019_2020,100.0,EXACT_SOURCE_ID,APPROVED
plr_36ad044e,fpl,Jack_Colback,Jack Colback,,,2019_2020,100.0,EXACT_SOURCE_ID,APPROVED
plr_646c761d,fpl,Jacob_Murphy,Jacob Murphy,,,2019_2020,100.0,EXACT_SOURCE_ID,APPROVED
plr_2b72cd2e,fpl,Jetro_Willems,Jetro Willems,,,2019_2020,100.0,EXACT_SOURCE_ID,APPROVED
plr_a1746f2e,fpl,Rolando_Aarons,Rolando Aarons,,,2019_2020,100.0,EXACT_SOURCE_ID,APPROVED
plr_40f7b308,fpl,Allan_Saint-Maximin,Allan Saint-Maximin,,,2019_2020,100.0,EXACT_SOURCE_ID,APPROVED
plr_0fdf4228,fpl,Emil_Krafth,Emil Krafth,,,2019_2020,100.0,EXACT_SOURCE_ID,APPROVED
plr_d6c06bd1,fpl,Andy_Carroll,Andy Carroll,,,2019_2020,100.0,EXACT_SOURCE_ID,APPROVED
plr_eb5688d3,fpl,Matthew_Longstaff,Matthew Longstaff,,,2019_2020,100.0,EXACT_SOURCE_ID,APPROVED
plr_b6af946d,fpl,Dwight_Gayle,Dwight Gayle,,,2019_2020,100.0,EXACT_SOURCE_ID,APPROVED
plr_6ba78c2f,fpl,Robert_Elliot,Robert Elliot,,,2019_2020,100.0,EXACT_SOURCE_ID,APPROVED
plr_df3ee396,fpl,Thomas_Allan,Thomas Allan,,,2019_2020,100.0,EXACT_SOURCE_ID,APPROVED
plr_b5257fb7,fpl,Kelland_Watts,Kelland Watts,,,2019_2020,100.0,EXACT_SOURCE_ID,APPROVED
plr_5b927960,fpl,Liam_Gibson,Liam Gibson,,,2019_2020,100.0,EXACT_SOURCE_ID,APPROVED
plr_a28be6a4,fpl,Nabil_Bentaleb,Nabil Bentaleb,,,2019_2020,100.0,EXACT_SOURCE_ID,APPROVED
plr_25d062dc,fpl,Valentino_Lazaro,Valentino Lazaro,,,2019_2020,100.0,EXACT_SOURCE_ID,APPROVED
plr_165e580c,fpl,Jack_Young,Jack Young,,,2019_2020,100.0,EXACT_SOURCE_ID,APPROVED
plr_7c3ea9b6,fpl,Timm_Klose,Timm Klose,,,2019_2020,100.0,EXACT_SOURCE_ID,APPROVED
plr_a1133c1d,fpl,Ben_Godfrey,Ben Godfrey,,,2019_2020,100.0,EXACT_SOURCE_ID,APPROVED
plr_763e6838,fpl,Maximillian_Aarons,Maximillian Aarons,,,2019_2020,100.0,EXACT_SOURCE_ID,APPROVED
plr_42c0a6ed,fpl,Christoph_Zimmermann,Christoph Zimmermann,,,2019_2020,100.0,EXACT_SOURCE_ID,APPROVED
plr_12aa06be,fpl,Jamal_Lewis,Jamal Lewis,,,2019_2020,100.0,EXACT_SOURCE_ID,APPROVED
plr_5737981b,fpl,Grant_Hanley,Grant Hanley,,,2019_2020,100.0,EXACT_SOURCE_ID,APPROVED
plr_4a2fe65c,fpl,Teemu_Pukki,Teemu Pukki,,,2019_2020,100.0,EXACT_SOURCE_ID,APPROVED
plr_61a6d1fc,fpl,Dennis_Srbeny,Dennis Srbeny,,,2019_2020,100.0,EXACT_SOURCE_ID,APPROVED
plr_80d879f8,fpl,Tim_Krul,Tim Krul,,,2019_2020,100.0,EXACT_SOURCE_ID,APPROVED
plr_c09d41c4,fpl,Michael_McGovern,Michael McGovern,,,2019_2020,100.0,EXACT_SOURCE_ID,APPROVED
plr_a339cc3b,fpl,Mario_Vrancic,Mario Vrancic,,,2019_2020,100.0,EXACT_SOURCE_ID,APPROVED
plr_8ed1b0e5,fpl,Emiliano_Buendía,Emiliano Buendía,,,2019_2020,100.0,EXACT_SOURCE_ID,APPROVED
plr_770cbb42,fpl,Onel_Hernández,Onel Hernández,,,2019_2020,100.0,EXACT_SOURCE_ID,APPROVED
plr_b981232a,fpl,Marco_Stiepermann,Marco Stiepermann,,,2019_2020,100.0,EXACT_SOURCE_ID,APPROVED
plr_1e0d674b,fpl,Kenny_McLean,Kenny McLean,,,2019_2020,100.0,EXACT_SOURCE_ID,APPROVED
plr_ee21492a,fpl,Todd_Cantwell,Todd Cantwell,,,2019_2020,100.0,EXACT_SOURCE_ID,APPROVED
plr_dbfa47d3,fpl,Moritz_Leitner,Moritz Leitner,,,2019_2020,100.0,EXACT_SOURCE_ID,APPROVED
plr_dcddbb38,fpl,Alexander_Tettey,Alexander Tettey,,,2019_2020,100.0,EXACT_SOURCE_ID,APPROVED
plr_9a0bcd68,fpl,Tom_Trybull,Tom Trybull,,,2019_2020,100.0,EXACT_SOURCE_ID,APPROVED
plr_7839b5d3,fpl,Josip_Drmic,Josip Drmic,,,2019_2020,100.0,EXACT_SOURCE_ID,APPROVED
plr_27a97d88,fpl,Patrick_Roberts,Patrick Roberts,,,2019_2020,100.0,EXACT_SOURCE_ID,APPROVED
plr_b7ed9d09,fpl,Ralf_Fahrmann,Ralf Fahrmann,,,2019_2020,100.0,EXACT_SOURCE_ID,APPROVED
plr_47da48a1,fpl,Sam_Byram,Sam Byram,,,2019_2020,100.0,EXACT_SOURCE_ID,APPROVED
plr_5578b651,fpl,Philip_Heise,Philip Heise,,,2019_2020,100.0,EXACT_SOURCE_ID,APPROVED
plr_a840dd4d,fpl,Ibrahim_Amadou,Ibrahim Amadou,,,2019_2020,100.0,EXACT_SOURCE_ID,APPROVED
plr_1818431c,fpl,Adam_Idah,Adam Idah,,,2019_2020,100.0,EXACT_SOURCE_ID,APPROVED
plr_caa2bcc8,fpl,Archie_Mair,Archie Mair,,,2019_2020,100.0,EXACT_SOURCE_ID,APPROVED
plr_3321f892,fpl,Akin_Famewo,Akin Famewo,,,2019_2020,100.0,EXACT_SOURCE_ID,APPROVED
plr_9d527562,fpl,Ondrej_Duda,Ondrej Duda,,,2019_2020,100.0,EXACT_SOURCE_ID,APPROVED
plr_17754e2c,fpl,Lukas_Rupp,Lukas Rupp,,,2019_2020,100.0,EXACT_SOURCE_ID,APPROVED
plr_27c89c9b,fpl,Josh_Martin,Josh Martin,,,2019_2020,100.0,EXACT_SOURCE_ID,APPROVED
plr_d06637c5,fpl,Jordan_Thomas,Jordan Thomas,,,2019_2020,100.0,EXACT_SOURCE_ID,APPROVED
plr_4e211b25,fpl,Daniel_Adshead,Daniel Adshead,,,2019_2020,100.0,EXACT_SOURCE_ID,APPROVED
plr_a4fc7a2c,fpl,Lys_Mousset,Lys Mousset,,,2019_2020,100.0,EXACT_SOURCE_ID,APPROVED
plr_e5994e8a,fpl,Enda_Stevens,Enda Stevens,,,2019_2020,100.0,EXACT_SOURCE_ID,APPROVED
plr_f806f3fc,fpl,Kieron_Freeman,Kieron Freeman,,,2019_2020,100.0,EXACT_SOURCE_ID,APPROVED
plr_73c42cdf,fpl,Jack_O'Connell,Jack O'Connell,,,2019_2020,100.0,EXACT_SOURCE_ID,APPROVED
plr_bbf0fb0d,fpl,George_Baldock,George Baldock,,,2019_2020,100.0,EXACT_SOURCE_ID,APPROVED
plr_2e98b98f,fpl,John_Egan,John Egan,,,2019_2020,100.0,EXACT_SOURCE_ID,APPROVED
plr_82abb29f,fpl,Richard_Stearman,Richard Stearman,,,2019_2020,100.0,EXACT_SOURCE_ID,APPROVED
plr_6bf2fefb,fpl,John_Lundstram,John Lundstram,,,2019_2020,100.0,EXACT_SOURCE_ID,APPROVED
plr_a48f7e39,fpl,Billy_Sharp,Billy Sharp,,,2019_2020,100.0,EXACT_SOURCE_ID,APPROVED
plr_89db9673,fpl,Jake_Eastwood,Jake Eastwood,,,2019_2020,100.0,EXACT_SOURCE_ID,APPROVED
plr_f1b62d41,fpl,Mark_Duffy,Mark Duffy,,,2019_2020,100.0,EXACT_SOURCE_ID,APPROVED
plr_4dd90c46,fpl,John_Fleck,John Fleck,,,2019_2020,100.0,EXACT_SOURCE_ID,APPROVED
plr_bdad5a63,fpl,Oliver_Norwood,Oliver Norwood,,,2019_2020,100.0,EXACT_SOURCE_ID,APPROVED
plr_9ab475dc,fpl,David_McGoldrick,David McGoldrick,,,2019_2020,100.0,EXACT_SOURCE_ID,APPROVED
plr_660c221c,fpl,Chris_Basham,Chris Basham,,,2019_2020,100.0,EXACT_SOURCE_ID,APPROVED
plr_f72f031e,fpl,Simon_Moore,Simon Moore,,,2019_2020,100.0,EXACT_SOURCE_ID,APPROVED
plr_6705854b,fpl,Luke_Freeman,Luke Freeman,,,2019_2020,100.0,EXACT_SOURCE_ID,APPROVED
plr_2245951f,fpl,Phil_Jagielka,Phil Jagielka,,,2019_2020,100.0,EXACT_SOURCE_ID,APPROVED
plr_e8b1efa4,fpl,Callum_Robinson,Callum Robinson,,,2019_2020,100.0,EXACT_SOURCE_ID,APPROVED
plr_b2043a25,fpl,Ravel_Morrison,Ravel Morrison,,,2019_2020,100.0,EXACT_SOURCE_ID,APPROVED
plr_7bf6790c,fpl,Dean_Henderson,Dean Henderson,,,2019_2020,100.0,EXACT_SOURCE_ID,APPROVED
plr_03f4b6a5,fpl,Ben_Osborn,Ben Osborn,,,2019_2020,100.0,EXACT_SOURCE_ID,APPROVED
plr_737d9406,fpl,Oliver_McBurnie,Oliver McBurnie,,,2019_2020,100.0,EXACT_SOURCE_ID,APPROVED
plr_85c68943,fpl,Michael_Verrips,Michael Verrips,,,2019_2020,100.0,EXACT_SOURCE_ID,APPROVED
plr_30efeb64,fpl,Muhamed_Bešić,Muhamed Bešić,,,2019_2020,100.0,EXACT_SOURCE_ID,APPROVED
plr_f5668199,fpl,Leon_Clarke,Leon Clarke,,,2019_2020,100.0,EXACT_SOURCE_ID,APPROVED
plr_fb02246d,fpl,Jack_Rodwell,Jack Rodwell,,,2019_2020,100.0,EXACT_SOURCE_ID,APPROVED
plr_2753084e,fpl,Jack_Robinson,Jack Robinson,,,2019_2020,100.0,EXACT_SOURCE_ID,APPROVED
plr_f0b96748,fpl,Sander_Berge,Sander Berge,,,2019_2020,100.0,EXACT_SOURCE_ID,APPROVED
plr_d6cfb269,fpl,Richairo_Zivkovic,Richairo Zivkovic,,,2019_2020,100.0,EXACT_SOURCE_ID,APPROVED
plr_fe12bd8c,fpl,Panagiotis_Retsos,Panagiotis Retsos,,,2019_2020,100.0,EXACT_SOURCE_ID,APPROVED
plr_63f14b9a,fpl,Jannik_Vestergaard,Jannik Vestergaard,,,2019_2020,100.0,EXACT_SOURCE_ID,APPROVED
plr_7fa7a82f,fpl,Ryan_Bertrand,Ryan Bertrand,,,2019_2020,100.0,EXACT_SOURCE_ID,APPROVED
plr_c4b38f03,fpl,Yan_Valery,Yan Valery,,,2019_2020,100.0,EXACT_SOURCE_ID,APPROVED
plr_2e690777,fpl,Jan_Bednarek,Jan Bednarek,,,2019_2020,100.0,EXACT_SOURCE_ID,APPROVED
plr_77e26536,fpl,Jack_Stephens,Jack Stephens,,,2019_2020,100.0,EXACT_SOURCE_ID,APPROVED
plr_570a5929,fpl,Maya_Yoshida,Maya Yoshida,,,2019_2020,100.0,EXACT_SOURCE_ID,APPROVED
plr_5e904196,fpl,Kayne_Ramsay,Kayne Ramsay,,,2019_2020,100.0,EXACT_SOURCE_ID,APPROVED
plr_96b753b6,fpl,Charlie_Austin,Charlie Austin,,,2019_2020,100.0,EXACT_SOURCE_ID,APPROVED
plr_f35cacfa,fpl,Danny_Ings,Danny Ings,,,2019_2020,100.0,EXACT_SOURCE_ID,APPROVED
plr_5b9b91bb,fpl,Michael_Obafemi,Michael Obafemi,,,2019_2020,100.0,EXACT_SOURCE_ID,APPROVED
plr_abae3c55,fpl,Shane_Long,Shane Long,,,2019_2020,100.0,EXACT_SOURCE_ID,APPROVED
plr_3afeb7ea,fpl,Sam_Gallagher,Sam Gallagher,,,2019_2020,100.0,EXACT_SOURCE_ID,APPROVED
plr_87142c30,fpl,Fraser_Forster,Fraser Forster,,,2019_2020,100.0,EXACT_SOURCE_ID,APPROVED
plr_e1a457bb,fpl,Alex_McCarthy,Alex McCarthy,,,2019_2020,100.0,EXACT_SOURCE_ID,APPROVED
plr_d7a926b8,fpl,Angus_Gunn,Angus Gunn,,,2019_2020,100.0,EXACT_SOURCE_ID,APPROVED
plr_d4e30ab2,fpl,Nathan_Redmond,Nathan Redmond,,,2019_2020,100.0,EXACT_SOURCE_ID,APPROVED
plr_0d091aa5,fpl,James_Ward-Prowse,James Ward-Prowse,,,2019_2020,100.0,EXACT_SOURCE_ID,APPROVED
plr_5595d76f,fpl,Mohamed_Elyounoussi,Mohamed Elyounoussi,,,2019_2020,100.0,EXACT_SOURCE_ID,APPROVED
plr_b8006ebc,fpl,Stuart_Armstrong,Stuart Armstrong,,,2019_2020,100.0,EXACT_SOURCE_ID,APPROVED
plr_d8b40850,fpl,Mario_Lemina,Mario Lemina,,,2019_2020,100.0,EXACT_SOURCE_ID,APPROVED
plr_8bc548fb,fpl,Pierre-Emile_Højbjerg,Pierre-Emile Højbjerg,,,2019_2020,100.0,EXACT_SOURCE_ID,APPROVED
plr_1fcc229d,fpl,Tyreke_Johnson,Tyreke Johnson,,,2019_2020,100.0,EXACT_SOURCE_ID,APPROVED
plr_200b6746,fpl,Callum_Slattery,Callum Slattery,,,2019_2020,100.0,EXACT_SOURCE_ID,APPROVED
plr_54023597,fpl,Oriol_Romeu Vidal,Oriol Romeu Vidal,,,2019_2020,100.0,EXACT_SOURCE_ID,APPROVED
plr_fbd29eeb,fpl,Kyle_Walker-Peters,Kyle Walker-Peters,,,2019_2020,100.0,EXACT_SOURCE_ID,APPROVED
plr_2ba3b31d,fpl,Che_Adams,Che Adams,,,2019_2020,100.0,EXACT_SOURCE_ID,APPROVED
plr_6c7e1835,fpl,Moussa_Djenepo,Moussa Djenepo,,,2019_2020,100.0,EXACT_SOURCE_ID,APPROVED
plr_7fb65103,fpl,Wesley_Hoedt,Wesley Hoedt,,,2019_2020,100.0,EXACT_SOURCE_ID,APPROVED
plr_b5b2cdc3,fpl,Sofiane_Boufal,Sofiane Boufal,,,2019_2020,100.0,EXACT_SOURCE_ID,APPROVED
plr_ee9308c2,fpl,Kevin_Danso,Kevin Danso,,,2019_2020,100.0,EXACT_SOURCE_ID,APPROVED
plr_dfa2c127,fpl,Daniel_N'Lundulu,Daniel N'Lundulu,,,2019_2020,100.0,EXACT_SOURCE_ID,APPROVED
plr_a93bd6e1,fpl,Harry_Lewis,Harry Lewis,,,2019_2020,100.0,EXACT_SOURCE_ID,APPROVED
plr_0e7fc8e3,fpl,William_Smallbone,William Smallbone,,,2019_2020,100.0,EXACT_SOURCE_ID,APPROVED
plr_2e77994b,fpl,Nathan_Tella,Nathan Tella,,,2019_2020,100.0,EXACT_SOURCE_ID,APPROVED
plr_09200389,fpl,Jake_Vokins,Jake Vokins,,,2019_2020,100.0,EXACT_SOURCE_ID,APPROVED
plr_56d6ec55,fpl,Alexandre_Jankewitz,Alexandre Jankewitz,,,2019_2020,100.0,EXACT_SOURCE_ID,APPROVED
plr_4aabde78,fpl,Will_Ferry,Will Ferry,,,2019_2020,100.0,EXACT_SOURCE_ID,APPROVED
plr_a40a07b3,fpl,Jacob_Maddox,Jacob Maddox,,,2019_2020,100.0,EXACT_SOURCE_ID,APPROVED
plr_1911f07b,fpl,Ben_Davies,Ben Davies,,,2019_2020,100.0,EXACT_SOURCE_ID,APPROVED
plr_71afa1b1,fpl,Jan_Vertonghen,Jan Vertonghen,,,2019_2020,100.0,EXACT_SOURCE_ID,APPROVED
plr_a5039c70,fpl,Toby_Alderweireld,Toby Alderweireld,,,2019_2020,100.0,EXACT_SOURCE_ID,APPROVED
plr_845443a3,fpl,Davinson_Sánchez,Davinson Sánchez,,,2019_2020,100.0,EXACT_SOURCE_ID,APPROVED
plr_a7e54609,fpl,Kieran_Trippier,Kieran Trippier,,,2019_2020,100.0,EXACT_SOURCE_ID,APPROVED
plr_2544c165,fpl,Juan_Foyth,Juan Foyth,,,2019_2020,100.0,EXACT_SOURCE_ID,APPROVED
plr_82aea942,fpl,Serge_Aurier,Serge Aurier,,,2019_2020,100.0,EXACT_SOURCE_ID,APPROVED
plr_849208d8,fpl,Harry_Kane,Harry Kane,,,2019_2020,100.0,EXACT_SOURCE_ID,APPROVED
plr_d0de4e9f,fpl,Vincent_Janssen,Vincent Janssen,,,2019_2020,100.0,EXACT_SOURCE_ID,APPROVED
plr_d9f3432e,fpl,Hugo_Lloris,Hugo Lloris,,,2019_2020,100.0,EXACT_SOURCE_ID,APPROVED
plr_a0aab7b6,fpl,Paulo_Gazzaniga,Paulo Gazzaniga,,,2019_2020,100.0,EXACT_SOURCE_ID,APPROVED
plr_d9817493,fpl,Heung-Min_Son,Heung-Min Son,,,2019_2020,100.0,EXACT_SOURCE_ID,APPROVED
plr_c1b0dd47,fpl,Christian_Eriksen,Christian Eriksen,,,2019_2020,100.0,EXACT_SOURCE_ID,APPROVED
plr_53721a36,fpl,Bamidele_Alli,Bamidele Alli,,,2019_2020,100.0,EXACT_SOURCE_ID,APPROVED
plr_28ba2fe0,fpl,Lucas_Rodrigues Moura da Silva,Lucas Rodrigues Moura da Silva,,,2019_2020,100.0,EXACT_SOURCE_ID,APPROVED
plr_5dd7fb80,fpl,Erik_Lamela,Erik Lamela,,,2019_2020,100.0,EXACT_SOURCE_ID,APPROVED
plr_3b7bfd91,fpl,Harry_Winks,Harry Winks,,,2019_2020,100.0,EXACT_SOURCE_ID,APPROVED
plr_d755f6f9,fpl,Victor_Wanyama,Victor Wanyama,,,2019_2020,100.0,EXACT_SOURCE_ID,APPROVED
plr_9bfd664b,fpl,Moussa_Sissoko,Moussa Sissoko,,,2019_2020,100.0,EXACT_SOURCE_ID,APPROVED
plr_eaf62399,fpl,Eric_Dier,Eric Dier,,,2019_2020,100.0,EXACT_SOURCE_ID,APPROVED
plr_d14a3456,fpl,Luke_Amos,Luke Amos,,,2019_2020,100.0,EXACT_SOURCE_ID,APPROVED
plr_baacf4d5,fpl,Oliver_Skipp,Oliver Skipp,,,2019_2020,100.0,EXACT_SOURCE_ID,APPROVED
plr_8050d42e,fpl,Tanguy_Ndombele,Tanguy Ndombele,,,2019_2020,100.0,EXACT_SOURCE_ID,APPROVED
plr_b3d323ce,fpl,Troy_Parrott,Troy Parrott,,,2019_2020,100.0,EXACT_SOURCE_ID,APPROVED
plr_edc2579b,fpl,Giovani_Lo Celso,Giovani Lo Celso,,,2019_2020,100.0,EXACT_SOURCE_ID,APPROVED
plr_403e1574,fpl,Ryan_Sessegnon,Ryan Sessegnon,,,2019_2020,100.0,EXACT_SOURCE_ID,APPROVED
plr_07ef1b0f,fpl,Georges-Kévin_Nkoudou,Georges-Kévin Nkoudou,,,2019_2020,100.0,EXACT_SOURCE_ID,APPROVED
plr_8a3c7e6a,fpl,Alfie_Whiteman,Alfie Whiteman,,,2019_2020,100.0,EXACT_SOURCE_ID,APPROVED
plr_833cdf60,fpl,Michel_Vorm,Michel Vorm,,,2019_2020,100.0,EXACT_SOURCE_ID,APPROVED
plr_c248e0da,fpl,Brandon_Austin,Brandon Austin,,,2019_2020,100.0,EXACT_SOURCE_ID,APPROVED
plr_ea3ba6b5,fpl,Japhet_Tanganga,Japhet Tanganga,,,2019_2020,100.0,EXACT_SOURCE_ID,APPROVED
plr_ab4049bf,fpl,Gedson_Carvalho Fernandes,Gedson Carvalho Fernandes,,,2019_2020,100.0,EXACT_SOURCE_ID,APPROVED
plr_2ccc3a8c,fpl,Steven_Bergwijn,Steven Bergwijn,,,2019_2020,100.0,EXACT_SOURCE_ID,APPROVED
plr_e9b5fa07,fpl,Harvey_White,Harvey White,,,2019_2020,100.0,EXACT_SOURCE_ID,APPROVED
plr_ba688344,fpl,Dennis_Cirkin,Dennis Cirkin,,,2019_2020,100.0,EXACT_SOURCE_ID,APPROVED
plr_9b9a0cd0,fpl,José_Holebas,José Holebas,,,2019_2020,100.0,EXACT_SOURCE_ID,APPROVED
plr_a3ae60b3,fpl,Christian_Kabasele,Christian Kabasele,,,2019_2020,100.0,EXACT_SOURCE_ID,APPROVED
plr_9d736e03,fpl,Adam_Masina,Adam Masina,,,2019_2020,100.0,EXACT_SOURCE_ID,APPROVED
plr_f55efa6b,fpl,Adrian_Mariappa,Adrian Mariappa,,,2019_2020,100.0,EXACT_SOURCE_ID,APPROVED
plr_98cd6b1d,fpl,Francisco_Femenía Far,Francisco Femenía Far,,,2019_2020,100.0,EXACT_SOURCE_ID,APPROVED
plr_6ac627f3,fpl,Craig_Cathcart,Craig Cathcart,,,2019_2020,100.0,EXACT_SOURCE_ID,APPROVED
plr_c5a14892,fpl,Daryl_Janmaat,Daryl Janmaat,,,2019_2020,100.0,EXACT_SOURCE_ID,APPROVED
plr_815e00d1,fpl,Marc_Navarro,Marc Navarro,,,2019_2020,100.0,EXACT_SOURCE_ID,APPROVED
plr_46ef53bc,fpl,Sebastian_Prödl,Sebastian Prödl,,,2019_2020,100.0,EXACT_SOURCE_ID,APPROVED
plr_ef746453,fpl,Troy_Deeney,Troy Deeney,,,2019_2020,100.0,EXACT_SOURCE_ID,APPROVED
plr_55a93d48,fpl,Gerard_Deulofeu,Gerard Deulofeu,,,2019_2020,100.0,EXACT_SOURCE_ID,APPROVED
plr_48047502,fpl,Andre_Gray,Andre Gray,,,2019_2020,100.0,EXACT_SOURCE_ID,APPROVED
plr_2a6a0d35,fpl,Isaac_Success Ajayi,Isaac Success Ajayi,,,2019_2020,100.0,EXACT_SOURCE_ID,APPROVED
plr_6c48ce7f,fpl,Ben_Foster,Ben Foster,,,2019_2020,100.0,EXACT_SOURCE_ID,APPROVED
plr_b16d5a81,fpl,Pontus_Dahlberg,Pontus Dahlberg,,,2019_2020,100.0,EXACT_SOURCE_ID,APPROVED
plr_3571e4d0,fpl,Abdoulaye_Doucouré,Abdoulaye Doucouré,,,2019_2020,100.0,EXACT_SOURCE_ID,APPROVED
plr_f6e289d3,fpl,Roberto_Pereyra,Roberto Pereyra,,,2019_2020,100.0,EXACT_SOURCE_ID,APPROVED
plr_d9a1af61,fpl,Will_Hughes,Will Hughes,,,2019_2020,100.0,EXACT_SOURCE_ID,APPROVED
plr_172e8741,fpl,Tom_Cleverley,Tom Cleverley,,,2019_2020,100.0,EXACT_SOURCE_ID,APPROVED
plr_72a886f2,fpl,Ken_Sema,Ken Sema,,,2019_2020,100.0,EXACT_SOURCE_ID,APPROVED
plr_80d6f5ee,fpl,Etienne_Capoue,Etienne Capoue,,,2019_2020,100.0,EXACT_SOURCE_ID,APPROVED
plr_41329e01,fpl,Nathaniel_Chalobah,Nathaniel Chalobah,,,2019_2020,100.0,EXACT_SOURCE_ID,APPROVED
plr_fe0f21ee,fpl,Domingos_Quina,Domingos Quina,,,2019_2020,100.0,EXACT_SOURCE_ID,APPROVED
plr_ea5eb2ac,fpl,Craig_Dawson,Craig Dawson,,,2019_2020,100.0,EXACT_SOURCE_ID,APPROVED
plr_e64a0cfc,fpl,Danny_Welbeck,Danny Welbeck,,,2019_2020,100.0,EXACT_SOURCE_ID,APPROVED
plr_d01d6c6d,fpl,Heurelho da Silva_Gomes,Heurelho da Silva Gomes,,,2019_2020,100.0,EXACT_SOURCE_ID,APPROVED
plr_8fb559cc,fpl,Ismaïla_Sarr,Ismaïla Sarr,,,2019_2020,100.0,EXACT_SOURCE_ID,APPROVED
plr_dd6a08e5,fpl,Dimitri_Foulquier,Dimitri Foulquier,,,2019_2020,100.0,EXACT_SOURCE_ID,APPROVED
plr_2583663a,fpl,Ayotomiwa_Dele-Bashiru,Ayotomiwa Dele-Bashiru,,,2019_2020,100.0,EXACT_SOURCE_ID,APPROVED
plr_dfacaaab,fpl,João Pedro_Junqueira de Jesus,João Pedro Junqueira de Jesus,,,2019_2020,100.0,EXACT_SOURCE_ID,APPROVED
plr_87f245ba,fpl,Ignacio_Pussetto,Ignacio Pussetto,,,2019_2020,100.0,EXACT_SOURCE_ID,APPROVED
plr_9ee13d80,fpl,Adalberto_Peñaranda,Adalberto Peñaranda,,,2019_2020,100.0,EXACT_SOURCE_ID,APPROVED
plr_99983f15,fpl,Aaron_Cresswell,Aaron Cresswell,,,2019_2020,100.0,EXACT_SOURCE_ID,APPROVED
plr_962daccd,fpl,Angelo_Ogbonna,Angelo Ogbonna,,,2019_2020,100.0,EXACT_SOURCE_ID,APPROVED
plr_44bd8b06,fpl,Arthur_Masuaku,Arthur Masuaku,,,2019_2020,100.0,EXACT_SOURCE_ID,APPROVED
plr_9b4ce0d7,fpl,Pablo_Zabaleta,Pablo Zabaleta,,,2019_2020,100.0,EXACT_SOURCE_ID,APPROVED
plr_69bebd02,fpl,Ryan_Fredericks,Ryan Fredericks,,,2019_2020,100.0,EXACT_SOURCE_ID,APPROVED
plr_f013a3e7,fpl,Issa_Diop,Issa Diop,,,2019_2020,100.0,EXACT_SOURCE_ID,APPROVED
plr_a5cae2ca,fpl,Fabián_Balbuena,Fabián Balbuena,,,2019_2020,100.0,EXACT_SOURCE_ID,APPROVED
plr_d7e366f0,fpl,Winston_Reid,Winston Reid,,,2019_2020,100.0,EXACT_SOURCE_ID,APPROVED
plr_3f9df728,fpl,Ben_Johnson,Ben Johnson,,,2019_2020,100.0,EXACT_SOURCE_ID,APPROVED
plr_8bd8370f,fpl,Marko_Arnautovic,Marko Arnautovic,,,2019_2020,100.0,EXACT_SOURCE_ID,APPROVED
plr_1c85cd03,fpl,Javier_Hernández Balcázar,Javier Hernández Balcázar,,,2019_2020,100.0,EXACT_SOURCE_ID,APPROVED
plr_9dc83f3e,fpl,Alexandre Nascimento_Costa Silva,Alexandre Nascimento Costa Silva,,,2019_2020,100.0,EXACT_SOURCE_ID,APPROVED
plr_cf787fd9,fpl,Lukasz_Fabianski,Lukasz Fabianski,,,2019_2020,100.0,EXACT_SOURCE_ID,APPROVED
plr_9d22c23d,fpl,Michail_Antonio,Michail Antonio,,,2019_2020,100.0,EXACT_SOURCE_ID,APPROVED
plr_2744271c,fpl,Felipe Anderson_Pereira Gomes,Felipe Anderson Pereira Gomes,,,2019_2020,100.0,EXACT_SOURCE_ID,APPROVED
plr_0e63390d,fpl,Manuel_Lanzini,Manuel Lanzini,,,2019_2020,100.0,EXACT_SOURCE_ID,APPROVED
plr_0237fe79,fpl,Andriy_Yarmolenko,Andriy Yarmolenko,,,2019_2020,100.0,EXACT_SOURCE_ID,APPROVED
plr_87f0c77e,fpl,Robert_Snodgrass,Robert Snodgrass,,,2019_2020,100.0,EXACT_SOURCE_ID,APPROVED
plr_08ba9645,fpl,Jack_Wilshere,Jack Wilshere,,,2019_2020,100.0,EXACT_SOURCE_ID,APPROVED
plr_6a0f573d,fpl,Declan_Rice,Declan Rice,,,2019_2020,100.0,EXACT_SOURCE_ID,APPROVED
plr_160612ca,fpl,Mark_Noble,Mark Noble,,,2019_2020,100.0,EXACT_SOURCE_ID,APPROVED
plr_8d569c7b,fpl,Carlos_Sánchez,Carlos Sánchez,,,2019_2020,100.0,EXACT_SOURCE_ID,APPROVED
plr_e483c4e8,fpl,Grady_Diangana,Grady Diangana,,,2019_2020,100.0,EXACT_SOURCE_ID,APPROVED
plr_3ed2bd72,fpl,Pablo_Fornals,Pablo Fornals,,,2019_2020,100.0,EXACT_SOURCE_ID,APPROVED
plr_edab1893,fpl,Pedro_Obiang,Pedro Obiang,,,2019_2020,100.0,EXACT_SOURCE_ID,APPROVED
plr_e34c47fb,fpl,Roberto_Jimenez Gago,Roberto Jimenez Gago,,,2019_2020,100.0,EXACT_SOURCE_ID,APPROVED
plr_78297c9c,fpl,Sébastien_Haller,Sébastien Haller,,,2019_2020,100.0,EXACT_SOURCE_ID,APPROVED
plr_65eeafd8,fpl,Albian_Ajeti,Albian Ajeti,,,2019_2020,100.0,EXACT_SOURCE_ID,APPROVED
plr_312147dd,fpl,David_Martin,David Martin,,,2019_2020,100.0,EXACT_SOURCE_ID,APPROVED
plr_32ca7812,fpl,Nathan_Holland,Nathan Holland,,,2019_2020,100.0,EXACT_SOURCE_ID,APPROVED
plr_3bc00dfd,fpl,Joseph_Anang,Joseph Anang,,,2019_2020,100.0,EXACT_SOURCE_ID,APPROVED
plr_ee2fbb03,fpl,Jeremy_Ngakia,Jeremy Ngakia,,,2019_2020,100.0,EXACT_SOURCE_ID,APPROVED
plr_0ae4313b,fpl,Gonçalo Bento_Soares Cardoso,Gonçalo Bento Soares Cardoso,,,2019_2020,100.0,EXACT_SOURCE_ID,APPROVED
plr_f3e8d38f,fpl,Bernardo_Costa Da Rosa,Bernardo Costa Da Rosa,,,2019_2020,100.0,EXACT_SOURCE_ID,APPROVED
plr_64a65720,fpl,Darren_Randolph,Darren Randolph,,,2019_2020,100.0,EXACT_SOURCE_ID,APPROVED
plr_b872433c,fpl,Tomas_Soucek,Tomas Soucek,,,2019_2020,100.0,EXACT_SOURCE_ID,APPROVED
plr_66a98d63,fpl,Jarrod_Bowen,Jarrod Bowen,,,2019_2020,100.0,EXACT_SOURCE_ID,APPROVED
plr_fc7b29fe,fpl,Alfie_Lewis,Alfie Lewis,,,2019_2020,100.0,EXACT_SOURCE_ID,APPROVED
plr_2c35db8f,fpl,Conor_Coventry,Conor Coventry,,,2019_2020,100.0,EXACT_SOURCE_ID,APPROVED
plr_04770b01,fpl,Matt_Doherty,Matt Doherty,,,2019_2020,100.0,EXACT_SOURCE_ID,APPROVED
plr_b0458f27,fpl,Jonathan_Castro Otto,Jonathan Castro Otto,,,2019_2020,100.0,EXACT_SOURCE_ID,APPROVED
plr_5a268bfe,fpl,Conor_Coady,Conor Coady,,,2019_2020,100.0,EXACT_SOURCE_ID,APPROVED
plr_a3075da9,fpl,Willy_Boly,Willy Boly,,,2019_2020,100.0,EXACT_SOURCE_ID,APPROVED
plr_e01d81ad,fpl,Rúben Gonçalo_Silva Nascimento Vinagre,Rúben Gonçalo Silva Nascimento Vinagre,,,2019_2020,100.0,EXACT_SOURCE_ID,APPROVED
plr_bb288989,fpl,Romain_Saïss,Romain Saïss,,,2019_2020,100.0,EXACT_SOURCE_ID,APPROVED
plr_4538230d,fpl,Max_Kilman,Max Kilman,,,2019_2020,100.0,EXACT_SOURCE_ID,APPROVED
plr_243db76c,fpl,Raúl_Jiménez,Raúl Jiménez,,,2019_2020,100.0,EXACT_SOURCE_ID,APPROVED
plr_98c8f8f3,fpl,Diogo_Jota,Diogo Jota,,,2019_2020,100.0,EXACT_SOURCE_ID,APPROVED
plr_ba999046,fpl,Rui Pedro_dos Santos Patrício,Rui Pedro dos Santos Patrício,,,2019_2020,100.0,EXACT_SOURCE_ID,APPROVED
plr_635dee57,fpl,John_Ruddy,John Ruddy,,,2019_2020,100.0,EXACT_SOURCE_ID,APPROVED
plr_814a654a,fpl,Will_Norris,Will Norris,,,2019_2020,100.0,EXACT_SOURCE_ID,APPROVED
plr_831d0395,fpl,Rúben Diogo_da Silva Neves,Rúben Diogo da Silva Neves,,,2019_2020,100.0,EXACT_SOURCE_ID,APPROVED
plr_ded60278,fpl,João Filipe Iria_Santos Moutinho,João Filipe Iria Santos Moutinho,,,2019_2020,100.0,EXACT_SOURCE_ID,APPROVED
plr_9f0c3ae8,fpl,Morgan_Gibbs-White,Morgan Gibbs-White,,,2019_2020,100.0,EXACT_SOURCE_ID,APPROVED
plr_8029791e,fpl,Adama_Traoré,Adama Traoré,,,2019_2020,100.0,EXACT_SOURCE_ID,APPROVED
plr_1421d07f,fpl,Hélder_Costa,Hélder Costa,,,2019_2020,100.0,EXACT_SOURCE_ID,APPROVED
plr_630b259c,fpl,Ivan_Cavaleiro,Ivan Cavaleiro,,,2019_2020,100.0,EXACT_SOURCE_ID,APPROVED
plr_2830091a,fpl,Leander_Dendoncker,Leander Dendoncker,,,2019_2020,100.0,EXACT_SOURCE_ID,APPROVED
plr_6350c8ad,fpl,Jesús_Vallejo Lázaro,Jesús Vallejo Lázaro,,,2019_2020,100.0,EXACT_SOURCE_ID,APPROVED
plr_7068a1e1,fpl,Patrick_Cutrone,Patrick Cutrone,,,2019_2020,100.0,EXACT_SOURCE_ID,APPROVED
plr_3838ae66,fpl,Pedro_Lomba Neto,Pedro Lomba Neto,,,2019_2020,100.0,EXACT_SOURCE_ID,APPROVED
plr_d8f34408,fpl,Bernard_Ashley-Seal,Bernard Ashley-Seal,,,2019_2020,100.0,EXACT_SOURCE_ID,APPROVED
plr_29933ff6,fpl,Taylor_Perry,Taylor Perry,,,2019_2020,100.0,EXACT_SOURCE_ID,APPROVED
plr_7f6671fd,fpl,Owen_Otasowie,Owen Otasowie,,,2019_2020,100.0,EXACT_SOURCE_ID,APPROVED
plr_33ad1500,fpl,Luke_Cundle,Luke Cundle,,,2019_2020,100.0,EXACT_SOURCE_ID,APPROVED
plr_de9368b1,fpl,Oskar_Buur,Oskar Buur,,,2019_2020,100.0,EXACT_SOURCE_ID,APPROVED
plr_81bd3dec,fpl,Ryan_Giles,Ryan Giles,,,2019_2020,100.0,EXACT_SOURCE_ID,APPROVED
plr_6a649e63,fpl,Bruno André_Cavaco Jordao,Bruno André Cavaco Jordao,,,2019_2020,100.0,EXACT_SOURCE_ID,APPROVED
plr_25862ce8,fpl,Daniel_Castelo Podence,Daniel Castelo Podence,,,2019_2020,100.0,EXACT_SOURCE_ID,APPROVED
plr_396ccfa2,fpl,Leonardo_Campana,Leonardo Campana,,,2019_2020,100.0,EXACT_SOURCE_ID,APPROVED
plr_8ca01e4c,fpl,Mesut_Özil,Mesut Özil,,,2020_2021,100.0,EXACT_SOURCE_ID,APPROVED
plr_f1fb4336,fpl,Sokratis_Papastathopoulos,Sokratis Papastathopoulos,,,2020_2021,100.0,EXACT_SOURCE_ID,APPROVED
plr_e5e96498,fpl,David_Luiz Moreira Marinho,David Luiz Moreira Marinho,,,2020_2021,100.0,EXACT_SOURCE_ID,APPROVED
plr_336f3a54,fpl,Pierre-Emerick_Aubameyang,Pierre-Emerick Aubameyang,,,2020_2021,100.0,EXACT_SOURCE_ID,APPROVED
plr_46c7ed67,fpl,Cédric_Soares,Cédric Soares,,,2020_2021,100.0,EXACT_SOURCE_ID,APPROVED
plr_afb4fa39,fpl,Alexandre_Lacazette,Alexandre Lacazette,,,2020_2021,100.0,EXACT_SOURCE_ID,APPROVED
plr_d345e0dc,fpl,Shkodran_Mustafi,Shkodran Mustafi,,,2020_2021,100.0,EXACT_SOURCE_ID,APPROVED
plr_fbee069f,fpl,Bernd_Leno,Bernd Leno,,,2020_2021,100.0,EXACT_SOURCE_ID,APPROVED
plr_8749e9c2,fpl,Granit_Xhaka,Granit Xhaka,,,2020_2021,100.0,EXACT_SOURCE_ID,APPROVED
plr_a576d35f,fpl,Pablo_Marí,Pablo Marí,,,2020_2021,100.0,EXACT_SOURCE_ID,APPROVED
plr_01e55b53,fpl,Héctor_Bellerín,Héctor Bellerín,,,2020_2021,100.0,EXACT_SOURCE_ID,APPROVED
plr_e9506d9a,fpl,Calum_Chambers,Calum Chambers,,,2020_2021,100.0,EXACT_SOURCE_ID,APPROVED
plr_64c4f855,fpl,Sead_Kolasinac,Sead Kolasinac,,,2020_2021,100.0,EXACT_SOURCE_ID,APPROVED
plr_2a6489b3,fpl,Rob_Holding,Rob Holding,,,2020_2021,100.0,EXACT_SOURCE_ID,APPROVED
plr_d7a31be6,fpl,Kieran_Tierney,Kieran Tierney,,,2020_2021,100.0,EXACT_SOURCE_ID,APPROVED
plr_d0ffa088,fpl,Nicolas_Pépé,Nicolas Pépé,,,2020_2021,100.0,EXACT_SOURCE_ID,APPROVED
plr_af9c7bb0,fpl,Lucas_Torreira,Lucas Torreira,,,2020_2021,100.0,EXACT_SOURCE_ID,APPROVED
plr_578cbdf3,fpl,Reiss_Nelson,Reiss Nelson,,,2020_2021,100.0,EXACT_SOURCE_ID,APPROVED
plr_d459d45b,fpl,Edward_Nketiah,Edward Nketiah,,,2020_2021,100.0,EXACT_SOURCE_ID,APPROVED
plr_82b63592,fpl,Emile_Smith Rowe,Emile Smith Rowe,,,2020_2021,100.0,EXACT_SOURCE_ID,APPROVED
plr_6660424b,fpl,Bukayo_Saka,Bukayo Saka,,,2020_2021,100.0,EXACT_SOURCE_ID,APPROVED
plr_5b9d6b5d,fpl,Matteo_Guendouzi,Matteo Guendouzi,,,2020_2021,100.0,EXACT_SOURCE_ID,APPROVED
plr_c8646960,fpl,Gabriel Teodoro_Martinelli Silva,Gabriel Teodoro Martinelli Silva,,,2020_2021,100.0,EXACT_SOURCE_ID,APPROVED
plr_f331e355,fpl,William_Saliba,William Saliba,,,2020_2021,100.0,EXACT_SOURCE_ID,APPROVED
plr_2dd968bd,fpl,Mathew_Ryan,Mathew Ryan,,,2020_2021,100.0,EXACT_SOURCE_ID,APPROVED
plr_90d47187,fpl,Willian_Borges Da Silva,Willian Borges Da Silva,,,2020_2021,100.0,EXACT_SOURCE_ID,APPROVED
plr_4f456209,fpl,Gabriel_Magalhães,Gabriel Magalhães,,,2020_2021,100.0,EXACT_SOURCE_ID,APPROVED
plr_cb77edda,fpl,Daniel_Ceballos Fernández,Daniel Ceballos Fernández,,,2020_2021,100.0,EXACT_SOURCE_ID,APPROVED
plr_3c04e26b,fpl,Mohamed Naser_El Sayed Elneny,Mohamed Naser El Sayed Elneny,,,2020_2021,100.0,EXACT_SOURCE_ID,APPROVED
plr_3b8aa497,fpl,Matt_Macey,Matt Macey,,,2020_2021,100.0,EXACT_SOURCE_ID,APPROVED
plr_eaa0237c,fpl,Rúnar Alex_Rúnarsson,Rúnar Alex Rúnarsson,,,2020_2021,100.0,EXACT_SOURCE_ID,APPROVED
plr_edc82139,fpl,Thomas_Partey,Thomas Partey,,,2020_2021,100.0,EXACT_SOURCE_ID,APPROVED
plr_c80cc009,fpl,Martin_Ødegaard,Martin Ødegaard,,,2020_2021,100.0,EXACT_SOURCE_ID,APPROVED
plr_d8631481,fpl,Miguel_Azeez,Miguel Azeez,,,2020_2021,100.0,EXACT_SOURCE_ID,APPROVED
plr_6ce84ed7,fpl,Emiliano_Martínez,Emiliano Martínez,,,2020_2021,100.0,EXACT_SOURCE_ID,APPROVED
plr_12d7ef58,fpl,Tom_Heaton,Tom Heaton,,,2020_2021,100.0,EXACT_SOURCE_ID,APPROVED
plr_0577423d,fpl,Ahmed_El Mohamady,Ahmed El Mohamady,,,2020_2021,100.0,EXACT_SOURCE_ID,APPROVED
plr_500860bb,fpl,Henri_Lansbury,Henri Lansbury,,,2020_2021,100.0,EXACT_SOURCE_ID,APPROVED
plr_c4388f94,fpl,Neil_Taylor,Neil Taylor,,,2020_2021,100.0,EXACT_SOURCE_ID,APPROVED
plr_3630d895,fpl,Jed_Steer,Jed Steer,,,2020_2021,100.0,EXACT_SOURCE_ID,APPROVED
plr_3d8d23e1,fpl,Conor_Hourihane,Conor Hourihane,,,2020_2021,100.0,EXACT_SOURCE_ID,APPROVED
plr_4e6f3f63,fpl,José Ignacio_Peleteiro Romallo,José Ignacio Peleteiro Romallo,,,2020_2021,100.0,EXACT_SOURCE_ID,APPROVED
plr_ae36d34c,fpl,Ørjan_Nyland,Ørjan Nyland,,,2020_2021,100.0,EXACT_SOURCE_ID,APPROVED
plr_be660ef5,fpl,Bjorn_Engels,Bjorn Engels,,,2020_2021,100.0,EXACT_SOURCE_ID,APPROVED
plr_3cded3e4,fpl,Jack_Grealish,Jack Grealish,,,2020_2021,100.0,EXACT_SOURCE_ID,APPROVED
plr_c73a895b,fpl,John_McGinn,John McGinn,,,2020_2021,100.0,EXACT_SOURCE_ID,APPROVED
plr_be3db92a,fpl,Kortney_Hause,Kortney Hause,,,2020_2021,100.0,EXACT_SOURCE_ID,APPROVED
plr_351486a3,fpl,Mahmoud Ahmed_Ibrahim Hassan,Mahmoud Ahmed Ibrahim Hassan,,,2020_2021,100.0,EXACT_SOURCE_ID,APPROVED
plr_5e1cfbd8,fpl,Tyrone_Mings,Tyrone Mings,,,2020_2021,100.0,EXACT_SOURCE_ID,APPROVED
plr_15449c58,fpl,Matt_Targett,Matt Targett,,,2020_2021,100.0,EXACT_SOURCE_ID,APPROVED
plr_0e0549a0,fpl,James_Bree,James Bree,,,2020_2021,100.0,EXACT_SOURCE_ID,APPROVED
plr_918d4966,fpl,Marvelous_Nakamba,Marvelous Nakamba,,,2020_2021,100.0,EXACT_SOURCE_ID,APPROVED
plr_ea2aecf2,fpl,Anwar_El Ghazi,Anwar El Ghazi,,,2020_2021,100.0,EXACT_SOURCE_ID,APPROVED
plr_067b16b0,fpl,Ezri_Konsa Ngoyo,Ezri Konsa Ngoyo,,,2020_2021,100.0,EXACT_SOURCE_ID,APPROVED
plr_74cce58d,fpl,Frédéric_Guilbert,Frédéric Guilbert,,,2020_2021,100.0,EXACT_SOURCE_ID,APPROVED
plr_6de3f1c3,fpl,Wesley_Moraes,Wesley Moraes,,,2020_2021,100.0,EXACT_SOURCE_ID,APPROVED
plr_e46b9437,fpl,Mbwana_Samatta,Mbwana Samatta,,,2020_2021,100.0,EXACT_SOURCE_ID,APPROVED
plr_7c0555f8,fpl,Keinan_Davis,Keinan Davis,,,2020_2021,100.0,EXACT_SOURCE_ID,APPROVED
plr_dd5a4a15,fpl,Indiana_Vassilev,Indiana Vassilev,,,2020_2021,100.0,EXACT_SOURCE_ID,APPROVED
plr_36505aac,fpl,Douglas Luiz_Soares de Paulo,Douglas Luiz Soares de Paulo,,,2020_2021,100.0,EXACT_SOURCE_ID,APPROVED
plr_e72aea78,fpl,Ross_Barkley,Ross Barkley,,,2020_2021,100.0,EXACT_SOURCE_ID,APPROVED
plr_8ffe1c86,fpl,Matthew_Cash,Matthew Cash,,,2020_2021,100.0,EXACT_SOURCE_ID,APPROVED
plr_60fb47e5,fpl,Ollie_Watkins,Ollie Watkins,,,2020_2021,100.0,EXACT_SOURCE_ID,APPROVED
plr_c68d6c16,fpl,Bertrand_Traoré,Bertrand Traoré,,,2020_2021,100.0,EXACT_SOURCE_ID,APPROVED
plr_2b8dd2b9,fpl,Jacob_Ramsey,Jacob Ramsey,,,2020_2021,100.0,EXACT_SOURCE_ID,APPROVED
plr_fcc0754e,fpl,Morgan_Sanson,Morgan Sanson,,,2020_2021,100.0,EXACT_SOURCE_ID,APPROVED
plr_c2e8fa10,fpl,Kaine_Hayden,Kaine Hayden,,,2020_2021,100.0,EXACT_SOURCE_ID,APPROVED
plr_05780f76,fpl,Carney_Chukwuemeka,Carney Chukwuemeka,,,2020_2021,100.0,EXACT_SOURCE_ID,APPROVED
plr_95bb9b80,fpl,Jaden_Philogene-Bidace,Jaden Philogene-Bidace,,,2020_2021,100.0,EXACT_SOURCE_ID,APPROVED
plr_9bb974f1,fpl,Glenn_Murray,Glenn Murray,,,2020_2021,100.0,EXACT_SOURCE_ID,APPROVED
plr_c8ac9c7c,fpl,Adam_Lallana,Adam Lallana,,,2020_2021,100.0,EXACT_SOURCE_ID,APPROVED
plr_e6aca181,fpl,Pascal_Groß,Pascal Groß,,,2020_2021,100.0,EXACT_SOURCE_ID,APPROVED
plr_f0a6b1d8,fpl,Shane_Duffy,Shane Duffy,,,2020_2021,100.0,EXACT_SOURCE_ID,APPROVED
plr_e0a83dca,fpl,Davy_Pröpper,Davy Pröpper,,,2020_2021,100.0,EXACT_SOURCE_ID,APPROVED
plr_7216d85e,fpl,Aaron_Mooy,Aaron Mooy,,,2020_2021,100.0,EXACT_SOURCE_ID,APPROVED
plr_b5b771b1,fpl,Dan_Burn,Dan Burn,,,2020_2021,100.0,EXACT_SOURCE_ID,APPROVED
plr_463d8870,fpl,Lewis_Dunk,Lewis Dunk,,,2020_2021,100.0,EXACT_SOURCE_ID,APPROVED
plr_9e87530d,fpl,Martín_Montoya,Martín Montoya,,,2020_2021,100.0,EXACT_SOURCE_ID,APPROVED
plr_c09db844,fpl,Florin_Andone,Florin Andone,,,2020_2021,100.0,EXACT_SOURCE_ID,APPROVED
plr_3e3f17cd,fpl,Solomon_March,Solomon March,,,2020_2021,100.0,EXACT_SOURCE_ID,APPROVED
plr_b7344446,fpl,Adam_Webster,Adam Webster,,,2020_2021,100.0,EXACT_SOURCE_ID,APPROVED
plr_f9252fd6,fpl,Joël_Veltman,Joël Veltman,,,2020_2021,100.0,EXACT_SOURCE_ID,APPROVED
plr_e9a25cba,fpl,Neal_Maupay,Neal Maupay,,,2020_2021,100.0,EXACT_SOURCE_ID,APPROVED
plr_72883066,fpl,Leandro_Trossard,Leandro Trossard,,,2020_2021,100.0,EXACT_SOURCE_ID,APPROVED
plr_dac439d8,fpl,Alireza_Jahanbakhsh,Alireza Jahanbakhsh,,,2020_2021,100.0,EXACT_SOURCE_ID,APPROVED
plr_df8ad3d8,fpl,José_Izquierdo,José Izquierdo,,,2020_2021,100.0,EXACT_SOURCE_ID,APPROVED
plr_a028cb92,fpl,Matthew_Clarke,Matthew Clarke,,,2020_2021,100.0,EXACT_SOURCE_ID,APPROVED
plr_53b39929,fpl,Ben_White,Ben White,,,2020_2021,100.0,EXACT_SOURCE_ID,APPROVED
plr_bcdbfc23,fpl,Bernardo_Fernandes da Silva Junior,Bernardo Fernandes da Silva Junior,,,2020_2021,100.0,EXACT_SOURCE_ID,APPROVED
plr_61f56cb3,fpl,Yves_Bissouma,Yves Bissouma,,,2020_2021,100.0,EXACT_SOURCE_ID,APPROVED
plr_57e7597d,fpl,Tariq_Lamptey,Tariq Lamptey,,,2020_2021,100.0,EXACT_SOURCE_ID,APPROVED
plr_7286e471,fpl,Aaron_Connolly,Aaron Connolly,,,2020_2021,100.0,EXACT_SOURCE_ID,APPROVED
plr_8a93fba4,fpl,Steven_Alzate,Steven Alzate,,,2020_2021,100.0,EXACT_SOURCE_ID,APPROVED
plr_7975ee3b,fpl,Alexis_Mac Allister,Alexis Mac Allister,,,2020_2021,100.0,EXACT_SOURCE_ID,APPROVED
plr_79d29f46,fpl,Christian_Walton,Christian Walton,,,2020_2021,100.0,EXACT_SOURCE_ID,APPROVED
plr_0b711bc8,fpl,Jason_Steele,Jason Steele,,,2020_2021,100.0,EXACT_SOURCE_ID,APPROVED
plr_69e1edb9,fpl,Jayson_Molumby,Jayson Molumby,,,2020_2021,100.0,EXACT_SOURCE_ID,APPROVED
plr_29b3267f,fpl,Andi_Zeqiri,Andi Zeqiri,,,2020_2021,100.0,EXACT_SOURCE_ID,APPROVED
plr_aaa9cf52,fpl,Danny_Welbeck,Danny Welbeck,,,2020_2021,100.0,EXACT_SOURCE_ID,APPROVED
plr_9a1ef932,fpl,Robert_Sánchez,Robert Sánchez,,,2020_2021,100.0,EXACT_SOURCE_ID,APPROVED
plr_0c703dfb,fpl,Percy_Tau,Percy Tau,,,2020_2021,100.0,EXACT_SOURCE_ID,APPROVED
plr_1d0743db,fpl,Jakub_Moder,Jakub Moder,,,2020_2021,100.0,EXACT_SOURCE_ID,APPROVED
plr_0992d61c,fpl,Reda_Khadra,Reda Khadra,,,2020_2021,100.0,EXACT_SOURCE_ID,APPROVED
plr_f5f3f308,fpl,Teddy_Jenks,Teddy Jenks,,,2020_2021,100.0,EXACT_SOURCE_ID,APPROVED
plr_e0c57b58,fpl,Max_Sanders,Max Sanders,,,2020_2021,100.0,EXACT_SOURCE_ID,APPROVED
plr_7f724bf8,fpl,Jensen_Weir,Jensen Weir,,,2020_2021,100.0,EXACT_SOURCE_ID,APPROVED
plr_c2dfeaa0,fpl,Thomas_McGill,Thomas McGill,,,2020_2021,100.0,EXACT_SOURCE_ID,APPROVED
plr_a5598aab,fpl,Michal_Karbownik,Michal Karbownik,,,2020_2021,100.0,EXACT_SOURCE_ID,APPROVED
plr_c795f503,fpl,Moisés_Caicedo,Moisés Caicedo,,,2020_2021,100.0,EXACT_SOURCE_ID,APPROVED
plr_92ddff3b,fpl,Dale_Stephens,Dale Stephens,,,2020_2021,100.0,EXACT_SOURCE_ID,APPROVED
plr_109a8623,fpl,James_Tarkowski,James Tarkowski,,,2020_2021,100.0,EXACT_SOURCE_ID,APPROVED
plr_93e487af,fpl,Phil_Bardsley,Phil Bardsley,,,2020_2021,100.0,EXACT_SOURCE_ID,APPROVED
plr_79d6f44e,fpl,Erik_Pieters,Erik Pieters,,,2020_2021,100.0,EXACT_SOURCE_ID,APPROVED
plr_4a4ca107,fpl,Jack_Cork,Jack Cork,,,2020_2021,100.0,EXACT_SOURCE_ID,APPROVED
plr_8350ab12,fpl,Kevin_Long,Kevin Long,,,2020_2021,100.0,EXACT_SOURCE_ID,APPROVED
plr_c0353d73,fpl,Jay_Rodriguez,Jay Rodriguez,,,2020_2021,100.0,EXACT_SOURCE_ID,APPROVED
plr_1e69e0e3,fpl,Ashley_Barnes,Ashley Barnes,,,2020_2021,100.0,EXACT_SOURCE_ID,APPROVED
plr_0c715f77,fpl,Ben_Mee,Ben Mee,,,2020_2021,100.0,EXACT_SOURCE_ID,APPROVED
plr_7b4b57a7,fpl,Ashley_Westwood,Ashley Westwood,,,2020_2021,100.0,EXACT_SOURCE_ID,APPROVED
plr_ac84ae28,fpl,Johann Berg_Gudmundsson,Johann Berg Gudmundsson,,,2020_2021,100.0,EXACT_SOURCE_ID,APPROVED
plr_798f9e5f,fpl,Chris_Wood,Chris Wood,,,2020_2021,100.0,EXACT_SOURCE_ID,APPROVED
plr_cc33a8cf,fpl,Matthew_Lowton,Matthew Lowton,,,2020_2021,100.0,EXACT_SOURCE_ID,APPROVED
plr_0dc253c2,fpl,Matej_Vydra,Matej Vydra,,,2020_2021,100.0,EXACT_SOURCE_ID,APPROVED
plr_16df6793,fpl,Ben_Gibson,Ben Gibson,,,2020_2021,100.0,EXACT_SOURCE_ID,APPROVED
plr_cba5817b,fpl,Robbie_Brady,Robbie Brady,,,2020_2021,100.0,EXACT_SOURCE_ID,APPROVED
plr_0c1b86d1,fpl,Nick_Pope,Nick Pope,,,2020_2021,100.0,EXACT_SOURCE_ID,APPROVED
plr_39e400e8,fpl,Charlie_Taylor,Charlie Taylor,,,2020_2021,100.0,EXACT_SOURCE_ID,APPROVED
plr_fcd20b78,fpl,Josh_Brownhill,Josh Brownhill,,,2020_2021,100.0,EXACT_SOURCE_ID,APPROVED
plr_b882118a,fpl,Bailey_Peacock-Farrell,Bailey Peacock-Farrell,,,2020_2021,100.0,EXACT_SOURCE_ID,APPROVED
plr_50a6dd8e,fpl,Dwight_McNeil,Dwight McNeil,,,2020_2021,100.0,EXACT_SOURCE_ID,APPROVED
plr_5cd01878,fpl,Jimmy_Dunne,Jimmy Dunne,,,2020_2021,100.0,EXACT_SOURCE_ID,APPROVED
plr_edef8798,fpl,Bobby_Thomas,Bobby Thomas,,,2020_2021,100.0,EXACT_SOURCE_ID,APPROVED
plr_ac2de6ee,fpl,Josh_Benson,Josh Benson,,,2020_2021,100.0,EXACT_SOURCE_ID,APPROVED
plr_de2cfa41,fpl,Anthony_Driscoll-Glennon,Anthony Driscoll-Glennon,,,2020_2021,100.0,EXACT_SOURCE_ID,APPROVED
plr_0fe64002,fpl,Mace_Goodridge,Mace Goodridge,,,2020_2021,100.0,EXACT_SOURCE_ID,APPROVED
plr_a2b63ee7,fpl,Will_Norris,Will Norris,,,2020_2021,100.0,EXACT_SOURCE_ID,APPROVED
plr_ddebc3a8,fpl,Max_Thompson,Max Thompson,,,2020_2021,100.0,EXACT_SOURCE_ID,APPROVED
plr_83e80228,fpl,Lewis_Richardson,Lewis Richardson,,,2020_2021,100.0,EXACT_SOURCE_ID,APPROVED
plr_fbf6b8e7,fpl,Anthony_Mancini,Anthony Mancini,,,2020_2021,100.0,EXACT_SOURCE_ID,APPROVED
plr_db6ca92a,fpl,Joel_Mumbongo,Joel Mumbongo,,,2020_2021,100.0,EXACT_SOURCE_ID,APPROVED
plr_f35ba9d0,fpl,Richard_Nartey,Richard Nartey,,,2020_2021,100.0,EXACT_SOURCE_ID,APPROVED
plr_e39bcdcf,fpl,Willy_Caballero,Willy Caballero,,,2020_2021,100.0,EXACT_SOURCE_ID,APPROVED
plr_636d9385,fpl,César_Azpilicueta,César Azpilicueta,,,2020_2021,100.0,EXACT_SOURCE_ID,APPROVED
plr_9da38b5e,fpl,Olivier_Giroud,Olivier Giroud,,,2020_2021,100.0,EXACT_SOURCE_ID,APPROVED
plr_3be5a07d,fpl,Marcos_Alonso,Marcos Alonso,,,2020_2021,100.0,EXACT_SOURCE_ID,APPROVED
plr_b4643b80,fpl,Jorge Luiz_Frello Filho,Jorge Luiz Frello Filho,,,2020_2021,100.0,EXACT_SOURCE_ID,APPROVED
plr_a62a071a,fpl,Mateo_Kovacic,Mateo Kovacic,,,2020_2021,100.0,EXACT_SOURCE_ID,APPROVED
plr_907cd3ce,fpl,Antonio_Rüdiger,Antonio Rüdiger,,,2020_2021,100.0,EXACT_SOURCE_ID,APPROVED
plr_a4e0bb6c,fpl,Kurt_Zouma,Kurt Zouma,,,2020_2021,100.0,EXACT_SOURCE_ID,APPROVED
plr_661cf5e4,fpl,Emerson_Palmieri dos Santos,Emerson Palmieri dos Santos,,,2020_2021,100.0,EXACT_SOURCE_ID,APPROVED
plr_29f1076f,fpl,Kepa_Arrizabalaga,Kepa Arrizabalaga,,,2020_2021,100.0,EXACT_SOURCE_ID,APPROVED
plr_af3f508d,fpl,N'Golo_Kanté,N'Golo Kanté,,,2020_2021,100.0,EXACT_SOURCE_ID,APPROVED
plr_3c46f015,fpl,Hakim_Ziyech,Hakim Ziyech,,,2020_2021,100.0,EXACT_SOURCE_ID,APPROVED
plr_374c8efc,fpl,Andreas_Christensen,Andreas Christensen,,,2020_2021,100.0,EXACT_SOURCE_ID,APPROVED
plr_be50c2b9,fpl,Timo_Werner,Timo Werner,,,2020_2021,100.0,EXACT_SOURCE_ID,APPROVED
plr_1a4e29b5,fpl,Tammy_Abraham,Tammy Abraham,,,2020_2021,100.0,EXACT_SOURCE_ID,APPROVED
plr_a2a4b173,fpl,Christian_Pulisic,Christian Pulisic,,,2020_2021,100.0,EXACT_SOURCE_ID,APPROVED
plr_ef316a79,fpl,Mason_Mount,Mason Mount,,,2020_2021,100.0,EXACT_SOURCE_ID,APPROVED
plr_7818c50e,fpl,Fikayo_Tomori,Fikayo Tomori,,,2020_2021,100.0,EXACT_SOURCE_ID,APPROVED
plr_9e8951bf,fpl,Callum_Hudson-Odoi,Callum Hudson-Odoi,,,2020_2021,100.0,EXACT_SOURCE_ID,APPROVED
plr_64db18fb,fpl,Reece_James,Reece James,,,2020_2021,100.0,EXACT_SOURCE_ID,APPROVED
plr_58b97c8d,fpl,Billy_Gilmour,Billy Gilmour,,,2020_2021,100.0,EXACT_SOURCE_ID,APPROVED
plr_5e968626,fpl,Benjamin_Chilwell,Benjamin Chilwell,,,2020_2021,100.0,EXACT_SOURCE_ID,APPROVED
plr_353caf99,fpl,Thiago_Thiago,Thiago Thiago,,,2020_2021,100.0,EXACT_SOURCE_ID,APPROVED
plr_2252608f,fpl,Kai_Havertz,Kai Havertz,,,2020_2021,100.0,EXACT_SOURCE_ID,APPROVED
plr_c361f5d5,fpl,Edouard_Mendy,Edouard Mendy,,,2020_2021,100.0,EXACT_SOURCE_ID,APPROVED
plr_3b13a1c8,fpl,Karlo_Ziger,Karlo Ziger,,,2020_2021,100.0,EXACT_SOURCE_ID,APPROVED
plr_1a0ad438,fpl,Faustino_Anjorin,Faustino Anjorin,,,2020_2021,100.0,EXACT_SOURCE_ID,APPROVED
plr_8d5ebed7,fpl,Valentino_Livramento,Valentino Livramento,,,2020_2021,100.0,EXACT_SOURCE_ID,APPROVED
plr_97acd18e,fpl,Michy_Batshuayi,Michy Batshuayi,,,2020_2021,100.0,EXACT_SOURCE_ID,APPROVED
plr_31244ce5,fpl,Gary_Cahill,Gary Cahill,,,2020_2021,100.0,EXACT_SOURCE_ID,APPROVED
plr_e615031d,fpl,Wayne_Hennessey,Wayne Hennessey,,,2020_2021,100.0,EXACT_SOURCE_ID,APPROVED
plr_6b67afcd,fpl,Mamadou_Sakho,Mamadou Sakho,,,2020_2021,100.0,EXACT_SOURCE_ID,APPROVED
plr_7e9c7af0,fpl,Vicente_Guaita,Vicente Guaita,,,2020_2021,100.0,EXACT_SOURCE_ID,APPROVED
plr_7add5395,fpl,James_Tomkins,James Tomkins,,,2020_2021,100.0,EXACT_SOURCE_ID,APPROVED
plr_c353b953,fpl,James_McArthur,James McArthur,,,2020_2021,100.0,EXACT_SOURCE_ID,APPROVED
plr_9f7b03ea,fpl,James_McCarthy,James McCarthy,,,2020_2021,100.0,EXACT_SOURCE_ID,APPROVED
plr_d126575b,fpl,Christian_Benteke,Christian Benteke,,,2020_2021,100.0,EXACT_SOURCE_ID,APPROVED
plr_54bf52d7,fpl,Cheikhou_Kouyaté,Cheikhou Kouyaté,,,2020_2021,100.0,EXACT_SOURCE_ID,APPROVED
plr_375eaa1a,fpl,Joel_Ward,Joel Ward,,,2020_2021,100.0,EXACT_SOURCE_ID,APPROVED
plr_e3384b33,fpl,Martin_Kelly,Martin Kelly,,,2020_2021,100.0,EXACT_SOURCE_ID,APPROVED
plr_c37fb231,fpl,Connor_Wickham,Connor Wickham,,,2020_2021,100.0,EXACT_SOURCE_ID,APPROVED
plr_91d1225c,fpl,Andros_Townsend,Andros Townsend,,,2020_2021,100.0,EXACT_SOURCE_ID,APPROVED
plr_4cbbe233,fpl,Luka_Milivojevic,Luka Milivojevic,,,2020_2021,100.0,EXACT_SOURCE_ID,APPROVED
plr_eb2a8bb3,fpl,Patrick_van Aanholt,Patrick van Aanholt,,,2020_2021,100.0,EXACT_SOURCE_ID,APPROVED
plr_d23eb3b6,fpl,Jordan_Ayew,Jordan Ayew,,,2020_2021,100.0,EXACT_SOURCE_ID,APPROVED
plr_704ec321,fpl,Wilfried_Zaha,Wilfried Zaha,,,2020_2021,100.0,EXACT_SOURCE_ID,APPROVED
plr_f3841daa,fpl,Jeffrey_Schlupp,Jeffrey Schlupp,,,2020_2021,100.0,EXACT_SOURCE_ID,APPROVED
plr_058085fe,fpl,Max_Meyer,Max Meyer,,,2020_2021,100.0,EXACT_SOURCE_ID,APPROVED
plr_19041649,fpl,Jairo_Riedewald,Jairo Riedewald,,,2020_2021,100.0,EXACT_SOURCE_ID,APPROVED
plr_cef76dbb,fpl,Nathan_Ferguson,Nathan Ferguson,,,2020_2021,100.0,EXACT_SOURCE_ID,APPROVED
plr_000877f3,fpl,Tyrick_Mitchell,Tyrick Mitchell,,,2020_2021,100.0,EXACT_SOURCE_ID,APPROVED
plr_dec3790b,fpl,Brandon_Pierrick,Brandon Pierrick,,,2020_2021,100.0,EXACT_SOURCE_ID,APPROVED
plr_ef917ec9,fpl,Scott_Dann,Scott Dann,,,2020_2021,100.0,EXACT_SOURCE_ID,APPROVED
plr_9caf8252,fpl,Eberechi_Eze,Eberechi Eze,,,2020_2021,100.0,EXACT_SOURCE_ID,APPROVED
plr_312e7953,fpl,Sam_Woods,Sam Woods,,,2020_2021,100.0,EXACT_SOURCE_ID,APPROVED
plr_83eeec1c,fpl,Ryan_Inniss,Ryan Inniss,,,2020_2021,100.0,EXACT_SOURCE_ID,APPROVED
plr_e2f9377c,fpl,Nathaniel_Clyne,Nathaniel Clyne,,,2020_2021,100.0,EXACT_SOURCE_ID,APPROVED
plr_fc7233ff,fpl,Stephen_Henderson,Stephen Henderson,,,2020_2021,100.0,EXACT_SOURCE_ID,APPROVED
plr_47e9f14f,fpl,Jack_Butland,Jack Butland,,,2020_2021,100.0,EXACT_SOURCE_ID,APPROVED
plr_fafbfb91,fpl,Jean-Philippe_Mateta,Jean-Philippe Mateta,,,2020_2021,100.0,EXACT_SOURCE_ID,APPROVED
plr_12c2f46f,fpl,Reece_Hannam,Reece Hannam,,,2020_2021,100.0,EXACT_SOURCE_ID,APPROVED
plr_887f749b,fpl,Jesurun_Rak-Sakyi,Jesurun Rak-Sakyi,,,2020_2021,100.0,EXACT_SOURCE_ID,APPROVED
plr_333faa17,fpl,Fabian_Delph,Fabian Delph,,,2020_2021,100.0,EXACT_SOURCE_ID,APPROVED
plr_b483a5ba,fpl,Gylfi_Sigurdsson,Gylfi Sigurdsson,,,2020_2021,100.0,EXACT_SOURCE_ID,APPROVED
plr_3961ea94,fpl,Jonas_Lössl,Jonas Lössl,,,2020_2021,100.0,EXACT_SOURCE_ID,APPROVED
plr_8d0574db,fpl,Seamus_Coleman,Seamus Coleman,,,2020_2021,100.0,EXACT_SOURCE_ID,APPROVED
plr_a7cd3206,fpl,Cenk_Tosun,Cenk Tosun,,,2020_2021,100.0,EXACT_SOURCE_ID,APPROVED
plr_35f9d8bc,fpl,Bernard_Anício Caldeira Duarte,Bernard Anício Caldeira Duarte,,,2020_2021,100.0,EXACT_SOURCE_ID,APPROVED
plr_a484fe99,fpl,Lucas_Digne,Lucas Digne,,,2020_2021,100.0,EXACT_SOURCE_ID,APPROVED
plr_378aa74b,fpl,Michael_Keane,Michael Keane,,,2020_2021,100.0,EXACT_SOURCE_ID,APPROVED
plr_4a9279f3,fpl,Jordan_Pickford,Jordan Pickford,,,2020_2021,100.0,EXACT_SOURCE_ID,APPROVED
plr_0f02b4d1,fpl,André Filipe_Tavares Gomes,André Filipe Tavares Gomes,,,2020_2021,100.0,EXACT_SOURCE_ID,APPROVED
plr_f3ccdd59,fpl,Alex_Iwobi,Alex Iwobi,,,2020_2021,100.0,EXACT_SOURCE_ID,APPROVED
plr_4d377dcd,fpl,Jonjoe_Kenny,Jonjoe Kenny,,,2020_2021,100.0,EXACT_SOURCE_ID,APPROVED
plr_b48b0d30,fpl,Jean-Philippe_Gbamin,Jean-Philippe Gbamin,,,2020_2021,100.0,EXACT_SOURCE_ID,APPROVED
plr_7c99be78,fpl,Yerry_Mina,Yerry Mina,,,2020_2021,100.0,EXACT_SOURCE_ID,APPROVED
plr_a744c5de,fpl,Tom_Davies,Tom Davies,,,2020_2021,100.0,EXACT_SOURCE_ID,APPROVED
plr_f1e96f8e,fpl,Dominic_Calvert-Lewin,Dominic Calvert-Lewin,,,2020_2021,100.0,EXACT_SOURCE_ID,APPROVED
plr_e588a81c,fpl,Mason_Holgate,Mason Holgate,,,2020_2021,100.0,EXACT_SOURCE_ID,APPROVED
plr_7a89ca88,fpl,Richarlison_de Andrade,Richarlison de Andrade,,,2020_2021,100.0,EXACT_SOURCE_ID,APPROVED
plr_e708fa9e,fpl,João_Virgínia,João Virgínia,,,2020_2021,100.0,EXACT_SOURCE_ID,APPROVED
plr_627d7f89,fpl,Anthony_Gordon,Anthony Gordon,,,2020_2021,100.0,EXACT_SOURCE_ID,APPROVED
plr_1bf0a914,fpl,Moise_Kean,Moise Kean,,,2020_2021,100.0,EXACT_SOURCE_ID,APPROVED
plr_24651113,fpl,Jarrad_Branthwaite,Jarrad Branthwaite,,,2020_2021,100.0,EXACT_SOURCE_ID,APPROVED
plr_fa3961b7,fpl,Allan_Marques Loureiro,Allan Marques Loureiro,,,2020_2021,100.0,EXACT_SOURCE_ID,APPROVED
plr_a0cf6c54,fpl,James_Rodríguez,James Rodríguez,,,2020_2021,100.0,EXACT_SOURCE_ID,APPROVED
plr_0ee97c7d,fpl,Abdoulaye_Doucouré,Abdoulaye Doucouré,,,2020_2021,100.0,EXACT_SOURCE_ID,APPROVED
plr_a5932c18,fpl,Niels_Nkounkou,Niels Nkounkou,,,2020_2021,100.0,EXACT_SOURCE_ID,APPROVED
plr_c3c64e08,fpl,Ben_Godfrey,Ben Godfrey,,,2020_2021,100.0,EXACT_SOURCE_ID,APPROVED
plr_f14d5a14,fpl,Robin_Olsen,Robin Olsen,,,2020_2021,100.0,EXACT_SOURCE_ID,APPROVED
plr_e682c174,fpl,Ellis_Simms,Ellis Simms,,,2020_2021,100.0,EXACT_SOURCE_ID,APPROVED
plr_6bdd5031,fpl,Tyler_Onyango,Tyler Onyango,,,2020_2021,100.0,EXACT_SOURCE_ID,APPROVED
plr_70f3fb3e,fpl,Joshua_King,Joshua King,,,2020_2021,100.0,EXACT_SOURCE_ID,APPROVED
plr_cf83ce31,fpl,Kyle_John,Kyle John,,,2020_2021,100.0,EXACT_SOURCE_ID,APPROVED
plr_c232b6bb,fpl,Nathan_Broadhead,Nathan Broadhead,,,2020_2021,100.0,EXACT_SOURCE_ID,APPROVED
plr_33e02a3c,fpl,Ryan_Astley,Ryan Astley,,,2020_2021,100.0,EXACT_SOURCE_ID,APPROVED
plr_e45d5794,fpl,Harry_Tyrer,Harry Tyrer,,,2020_2021,100.0,EXACT_SOURCE_ID,APPROVED
plr_0e49f943,fpl,Reece_Welch,Reece Welch,,,2020_2021,100.0,EXACT_SOURCE_ID,APPROVED
plr_e85d1170,fpl,Isaac_Price,Isaac Price,,,2020_2021,100.0,EXACT_SOURCE_ID,APPROVED
plr_c05b2476,fpl,Ruben_Loftus-Cheek,Ruben Loftus-Cheek,,,2020_2021,100.0,EXACT_SOURCE_ID,APPROVED
plr_98cc59b2,fpl,Fabricio_Agosto Ramírez,Fabricio Agosto Ramírez,,,2020_2021,100.0,EXACT_SOURCE_ID,APPROVED
plr_8cf84c36,fpl,Kevin_McDonald,Kevin McDonald,,,2020_2021,100.0,EXACT_SOURCE_ID,APPROVED
plr_06340ad7,fpl,Maxime_Le Marchand,Maxime Le Marchand,,,2020_2021,100.0,EXACT_SOURCE_ID,APPROVED
plr_b73b1891,fpl,Stefan_Johansen,Stefan Johansen,,,2020_2021,100.0,EXACT_SOURCE_ID,APPROVED
plr_f6c145ed,fpl,Tom_Cairney,Tom Cairney,,,2020_2021,100.0,EXACT_SOURCE_ID,APPROVED
plr_a7310362,fpl,Tim_Ream,Tim Ream,,,2020_2021,100.0,EXACT_SOURCE_ID,APPROVED
plr_ee397abb,fpl,Anthony_Knockaert,Anthony Knockaert,,,2020_2021,100.0,EXACT_SOURCE_ID,APPROVED
plr_41af90b5,fpl,Michael_Hector,Michael Hector,,,2020_2021,100.0,EXACT_SOURCE_ID,APPROVED
plr_927ca207,fpl,Cyrus_Christie,Cyrus Christie,,,2020_2021,100.0,EXACT_SOURCE_ID,APPROVED
plr_7fd0518d,fpl,Neeskens_Kebano,Neeskens Kebano,,,2020_2021,100.0,EXACT_SOURCE_ID,APPROVED
plr_01793771,fpl,Bobby_Decordova-Reid,Bobby Decordova-Reid,,,2020_2021,100.0,EXACT_SOURCE_ID,APPROVED
plr_e77959d1,fpl,Joe_Bryan,Joe Bryan,,,2020_2021,100.0,EXACT_SOURCE_ID,APPROVED
plr_6e6a84f8,fpl,Marcus_Bettinelli,Marcus Bettinelli,,,2020_2021,100.0,EXACT_SOURCE_ID,APPROVED
plr_d84f0880,fpl,Aleksandar_Mitrović,Aleksandar Mitrović,,,2020_2021,100.0,EXACT_SOURCE_ID,APPROVED
plr_b04f7af8,fpl,Alfie_Mawson,Alfie Mawson,,,2020_2021,100.0,EXACT_SOURCE_ID,APPROVED
plr_d44dc480,fpl,Marek_Rodák,Marek Rodák,,,2020_2021,100.0,EXACT_SOURCE_ID,APPROVED
plr_9bcb98e5,fpl,Ivan Ricardo_Neves Abreu Cavaleiro,Ivan Ricardo Neves Abreu Cavaleiro,,,2020_2021,100.0,EXACT_SOURCE_ID,APPROVED
plr_d9b94916,fpl,Josh_Onomah,Josh Onomah,,,2020_2021,100.0,EXACT_SOURCE_ID,APPROVED
plr_0b2d53f9,fpl,Jean Michaël_Seri,Jean Michaël Seri,,,2020_2021,100.0,EXACT_SOURCE_ID,APPROVED
plr_e4092d85,fpl,Aboubakar_Kamara,Aboubakar Kamara,,,2020_2021,100.0,EXACT_SOURCE_ID,APPROVED
plr_7ed9a96c,fpl,André-Frank_Zambo Anguissa,André-Frank Zambo Anguissa,,,2020_2021,100.0,EXACT_SOURCE_ID,APPROVED
plr_026ce522,fpl,Zeze Steven_Sessegnon,Zeze Steven Sessegnon,,,2020_2021,100.0,EXACT_SOURCE_ID,APPROVED
plr_f65813bf,fpl,Harrison_Reed,Harrison Reed,,,2020_2021,100.0,EXACT_SOURCE_ID,APPROVED
plr_c90504cd,fpl,Antonee_Robinson,Antonee Robinson,,,2020_2021,100.0,EXACT_SOURCE_ID,APPROVED
plr_5de82ff0,fpl,Mario_Lemina,Mario Lemina,,,2020_2021,100.0,EXACT_SOURCE_ID,APPROVED
plr_a3e2aa57,fpl,Alphonse_Areola,Alphonse Areola,,,2020_2021,100.0,EXACT_SOURCE_ID,APPROVED
plr_6b4300fe,fpl,Kenny_Tete,Kenny Tete,,,2020_2021,100.0,EXACT_SOURCE_ID,APPROVED
plr_f0ae3f07,fpl,Denis_Odoi,Denis Odoi,,,2020_2021,100.0,EXACT_SOURCE_ID,APPROVED
plr_5b11996f,fpl,Ademola_Lookman,Ademola Lookman,,,2020_2021,100.0,EXACT_SOURCE_ID,APPROVED
plr_f7016931,fpl,Ola_Aina,Ola Aina,,,2020_2021,100.0,EXACT_SOURCE_ID,APPROVED
plr_502e4810,fpl,Joachim_Andersen,Joachim Andersen,,,2020_2021,100.0,EXACT_SOURCE_ID,APPROVED
plr_e709d35a,fpl,Tosin_Adarabioyo,Tosin Adarabioyo,,,2020_2021,100.0,EXACT_SOURCE_ID,APPROVED
plr_dff030ea,fpl,Terence_Kongolo,Terence Kongolo,,,2020_2021,100.0,EXACT_SOURCE_ID,APPROVED
plr_b1308bd0,fpl,Josh_Maja,Josh Maja,,,2020_2021,100.0,EXACT_SOURCE_ID,APPROVED
plr_3523be83,fpl,Fabio_Carvalho,Fabio Carvalho,,,2020_2021,100.0,EXACT_SOURCE_ID,APPROVED
plr_a17021da,fpl,Sylvester_Jasper,Sylvester Jasper,,,2020_2021,100.0,EXACT_SOURCE_ID,APPROVED
plr_449bab99,fpl,Tyrese_Francois,Tyrese Francois,,,2020_2021,100.0,EXACT_SOURCE_ID,APPROVED
plr_54dade2e,fpl,Wes_Morgan,Wes Morgan,,,2020_2021,100.0,EXACT_SOURCE_ID,APPROVED
plr_c016e860,fpl,Kasper_Schmeichel,Kasper Schmeichel,,,2020_2021,100.0,EXACT_SOURCE_ID,APPROVED
plr_2664ca38,fpl,Christian_Fuchs,Christian Fuchs,,,2020_2021,100.0,EXACT_SOURCE_ID,APPROVED
plr_d5ec6962,fpl,Jonny_Evans,Jonny Evans,,,2020_2021,100.0,EXACT_SOURCE_ID,APPROVED
plr_2d1a08fa,fpl,Adrien_Silva,Adrien Silva,,,2020_2021,100.0,EXACT_SOURCE_ID,APPROVED
plr_d56968be,fpl,Marc_Albrighton,Marc Albrighton,,,2020_2021,100.0,EXACT_SOURCE_ID,APPROVED
plr_bdf3847c,fpl,Matty_James,Matty James,,,2020_2021,100.0,EXACT_SOURCE_ID,APPROVED
plr_7e1c5aca,fpl,Danny_Ward,Danny Ward,,,2020_2021,100.0,EXACT_SOURCE_ID,APPROVED
plr_ac91ede4,fpl,Jamie_Vardy,Jamie Vardy,,,2020_2021,100.0,EXACT_SOURCE_ID,APPROVED
plr_85021fa4,fpl,Dennis_Praet,Dennis Praet,,,2020_2021,100.0,EXACT_SOURCE_ID,APPROVED
plr_b75f49f3,fpl,Ricardo Domingos_Barbosa Pereira,Ricardo Domingos Barbosa Pereira,,,2020_2021,100.0,EXACT_SOURCE_ID,APPROVED
plr_97c5c30d,fpl,Daniel_Amartey,Daniel Amartey,,,2020_2021,100.0,EXACT_SOURCE_ID,APPROVED
plr_241b642a,fpl,Youri_Tielemans,Youri Tielemans,,,2020_2021,100.0,EXACT_SOURCE_ID,APPROVED
plr_a24440cc,fpl,Ayoze_Pérez,Ayoze Pérez,,,2020_2021,100.0,EXACT_SOURCE_ID,APPROVED
plr_3680092b,fpl,Demarai_Gray,Demarai Gray,,,2020_2021,100.0,EXACT_SOURCE_ID,APPROVED
plr_aa7b1a5e,fpl,James_Maddison,James Maddison,,,2020_2021,100.0,EXACT_SOURCE_ID,APPROVED
plr_caa70569,fpl,Kelechi_Iheanacho,Kelechi Iheanacho,,,2020_2021,100.0,EXACT_SOURCE_ID,APPROVED
plr_020be452,fpl,Hamza_Choudhury,Hamza Choudhury,,,2020_2021,100.0,EXACT_SOURCE_ID,APPROVED
plr_79b14052,fpl,Harvey_Barnes,Harvey Barnes,,,2020_2021,100.0,EXACT_SOURCE_ID,APPROVED
plr_9d7f3203,fpl,Wilfred_Ndidi,Wilfred Ndidi,,,2020_2021,100.0,EXACT_SOURCE_ID,APPROVED
plr_034e18f0,fpl,Filip_Benkovic,Filip Benkovic,,,2020_2021,100.0,EXACT_SOURCE_ID,APPROVED
plr_9b62290e,fpl,Çaglar_Söyüncü,Çaglar Söyüncü,,,2020_2021,100.0,EXACT_SOURCE_ID,APPROVED
plr_474a9298,fpl,James_Justin,James Justin,,,2020_2021,100.0,EXACT_SOURCE_ID,APPROVED
plr_4777d9d0,fpl,Luke_Thomas,Luke Thomas,,,2020_2021,100.0,EXACT_SOURCE_ID,APPROVED
plr_062aad17,fpl,Timothy_Castagne,Timothy Castagne,,,2020_2021,100.0,EXACT_SOURCE_ID,APPROVED
plr_c4d398c9,fpl,Nampalys_Mendy,Nampalys Mendy,,,2020_2021,100.0,EXACT_SOURCE_ID,APPROVED
plr_2397c42e,fpl,Cengiz_Ünder,Cengiz Ünder,,,2020_2021,100.0,EXACT_SOURCE_ID,APPROVED
plr_4dc1fd65,fpl,Wesley_Fofana,Wesley Fofana,,,2020_2021,100.0,EXACT_SOURCE_ID,APPROVED
plr_d59aeda4,fpl,Islam_Slimani,Islam Slimani,,,2020_2021,100.0,EXACT_SOURCE_ID,APPROVED
plr_87ca08cc,fpl,Vontae_Daley-Campbell,Vontae Daley-Campbell,,,2020_2021,100.0,EXACT_SOURCE_ID,APPROVED
plr_5a086917,fpl,Thakgalo_Leshabela,Thakgalo Leshabela,,,2020_2021,100.0,EXACT_SOURCE_ID,APPROVED
plr_4245047e,fpl,Sidnei_Tavares,Sidnei Tavares,,,2020_2021,100.0,EXACT_SOURCE_ID,APPROVED
plr_a85409df,fpl,Shane_Flynn,Shane Flynn,,,2020_2021,100.0,EXACT_SOURCE_ID,APPROVED
plr_7efb3610,fpl,Thanawat_Suengchitthawon,Thanawat Suengchitthawon,,,2020_2021,100.0,EXACT_SOURCE_ID,APPROVED
plr_b3a0c98d,fpl,Tawanda_Maswanhise,Tawanda Maswanhise,,,2020_2021,100.0,EXACT_SOURCE_ID,APPROVED
plr_d0045c0b,fpl,Pablo_Hernández Domínguez,Pablo Hernández Domínguez,,,2020_2021,100.0,EXACT_SOURCE_ID,APPROVED
plr_7cce4335,fpl,Francisco_Casilla Cortés,Francisco Casilla Cortés,,,2020_2021,100.0,EXACT_SOURCE_ID,APPROVED
plr_36a61f50,fpl,Liam_Cooper,Liam Cooper,,,2020_2021,100.0,EXACT_SOURCE_ID,APPROVED
plr_d9bbb634,fpl,Barry_Douglas,Barry Douglas,,,2020_2021,100.0,EXACT_SOURCE_ID,APPROVED
plr_98f1e394,fpl,Luke_Ayling,Luke Ayling,,,2020_2021,100.0,EXACT_SOURCE_ID,APPROVED
plr_d2e0ef41,fpl,Mateusz_Klich,Mateusz Klich,,,2020_2021,100.0,EXACT_SOURCE_ID,APPROVED
plr_26e000f3,fpl,Adam_Forshaw,Adam Forshaw,,,2020_2021,100.0,EXACT_SOURCE_ID,APPROVED
plr_ec0fcea1,fpl,Stuart_Dallas,Stuart Dallas,,,2020_2021,100.0,EXACT_SOURCE_ID,APPROVED
plr_7a09de5b,fpl,Ezgjan_Alioski,Ezgjan Alioski,,,2020_2021,100.0,EXACT_SOURCE_ID,APPROVED
plr_aec8a7bd,fpl,Patrick_Bamford,Patrick Bamford,,,2020_2021,100.0,EXACT_SOURCE_ID,APPROVED
plr_0d34d177,fpl,Jack_Harrison,Jack Harrison,,,2020_2021,100.0,EXACT_SOURCE_ID,APPROVED
plr_a721eda9,fpl,Kalvin_Phillips,Kalvin Phillips,,,2020_2021,100.0,EXACT_SOURCE_ID,APPROVED
plr_fb6389a0,fpl,Hélder Wander_Sousa de Azevedo e Costa,Hélder Wander Sousa de Azevedo e Costa,,,2020_2021,100.0,EXACT_SOURCE_ID,APPROVED
plr_a616e695,fpl,Tyler_Roberts,Tyler Roberts,,,2020_2021,100.0,EXACT_SOURCE_ID,APPROVED
plr_d8044f2d,fpl,Jay-Roy_Grot,Jay-Roy Grot,,,2020_2021,100.0,EXACT_SOURCE_ID,APPROVED
plr_bc384ffa,fpl,Kamil_Miazek,Kamil Miazek,,,2020_2021,100.0,EXACT_SOURCE_ID,APPROVED
plr_e9a984dc,fpl,Ian Carlo_Poveda-Ocampo,Ian Carlo Poveda-Ocampo,,,2020_2021,100.0,EXACT_SOURCE_ID,APPROVED
plr_3f1820b4,fpl,Jamie_Shackleton,Jamie Shackleton,,,2020_2021,100.0,EXACT_SOURCE_ID,APPROVED
plr_21823e84,fpl,Pascal_Struijk,Pascal Struijk,,,2020_2021,100.0,EXACT_SOURCE_ID,APPROVED
plr_c9c7a858,fpl,Jordan_Stevens,Jordan Stevens,,,2020_2021,100.0,EXACT_SOURCE_ID,APPROVED
plr_ab6ce4ea,fpl,Illan_Meslier,Illan Meslier,,,2020_2021,100.0,EXACT_SOURCE_ID,APPROVED
plr_9155d2f9,fpl,Leif_Davis,Leif Davis,,,2020_2021,100.0,EXACT_SOURCE_ID,APPROVED
plr_b9021453,fpl,Oliver_Casey,Oliver Casey,,,2020_2021,100.0,EXACT_SOURCE_ID,APPROVED
plr_9e1258d8,fpl,Robin_Koch,Robin Koch,,,2020_2021,100.0,EXACT_SOURCE_ID,APPROVED
plr_e76d1ffd,fpl,Rodrigo_Moreno,Rodrigo Moreno,,,2020_2021,100.0,EXACT_SOURCE_ID,APPROVED
plr_282adf2a,fpl,Elia_Caprile,Elia Caprile,,,2020_2021,100.0,EXACT_SOURCE_ID,APPROVED
plr_8ef46b22,fpl,Mateusz_Bogusz,Mateusz Bogusz,,,2020_2021,100.0,EXACT_SOURCE_ID,APPROVED
plr_daed29cf,fpl,Diego_Llorente,Diego Llorente,,,2020_2021,100.0,EXACT_SOURCE_ID,APPROVED
plr_0eaad073,fpl,Raphael_Dias Belloli,Raphael Dias Belloli,,,2020_2021,100.0,EXACT_SOURCE_ID,APPROVED
plr_1350e6c8,fpl,Jack_Jenkins,Jack Jenkins,,,2020_2021,100.0,EXACT_SOURCE_ID,APPROVED
plr_ee18a175,fpl,Niall_Huggins,Niall Huggins,,,2020_2021,100.0,EXACT_SOURCE_ID,APPROVED
plr_fe42270b,fpl,Charlie_Cresswell,Charlie Cresswell,,,2020_2021,100.0,EXACT_SOURCE_ID,APPROVED
plr_3d6a882e,fpl,Joe_Gelhardt,Joe Gelhardt,,,2020_2021,100.0,EXACT_SOURCE_ID,APPROVED
plr_7f028f04,fpl,Gaetano_Berardi,Gaetano Berardi,,,2020_2021,100.0,EXACT_SOURCE_ID,APPROVED
plr_66a07cf8,fpl,Sam_Greenwood,Sam Greenwood,,,2020_2021,100.0,EXACT_SOURCE_ID,APPROVED
plr_213d25dc,fpl,Crysencio_Summerville,Crysencio Summerville,,,2020_2021,100.0,EXACT_SOURCE_ID,APPROVED
plr_852fc8c3,fpl,Cody_Drameh,Cody Drameh,,,2020_2021,100.0,EXACT_SOURCE_ID,APPROVED
plr_55620fc9,fpl,James_Milner,James Milner,,,2020_2021,100.0,EXACT_SOURCE_ID,APPROVED
plr_684a2666,fpl,Konstantinos_Tsimikas,Konstantinos Tsimikas,,,2020_2021,100.0,EXACT_SOURCE_ID,APPROVED
plr_0dfd230a,fpl,Georginio_Wijnaldum,Georginio Wijnaldum,,,2020_2021,100.0,EXACT_SOURCE_ID,APPROVED
plr_3d749398,fpl,Jordan_Henderson,Jordan Henderson,,,2020_2021,100.0,EXACT_SOURCE_ID,APPROVED
plr_91b4510d,fpl,Adrián_San Miguel del Castillo,Adrián San Miguel del Castillo,,,2020_2021,100.0,EXACT_SOURCE_ID,APPROVED
plr_3025d61e,fpl,Joel_Matip,Joel Matip,,,2020_2021,100.0,EXACT_SOURCE_ID,APPROVED
plr_f62f682f,fpl,Xherdan_Shaqiri,Xherdan Shaqiri,,,2020_2021,100.0,EXACT_SOURCE_ID,APPROVED
plr_e0305ff7,fpl,Alex_Oxlade-Chamberlain,Alex Oxlade-Chamberlain,,,2020_2021,100.0,EXACT_SOURCE_ID,APPROVED
plr_cc1d6a65,fpl,Roberto_Firmino,Roberto Firmino,,,2020_2021,100.0,EXACT_SOURCE_ID,APPROVED
plr_a498d6a7,fpl,Virgil_van Dijk,Virgil van Dijk,,,2020_2021,100.0,EXACT_SOURCE_ID,APPROVED
plr_90dcba0f,fpl,Sadio_Mané,Sadio Mané,,,2020_2021,100.0,EXACT_SOURCE_ID,APPROVED
plr_b2bdc0af,fpl,Alisson_Ramses Becker,Alisson Ramses Becker,,,2020_2021,100.0,EXACT_SOURCE_ID,APPROVED
plr_e1819f01,fpl,Fabio Henrique_Tavares,Fabio Henrique Tavares,,,2020_2021,100.0,EXACT_SOURCE_ID,APPROVED
plr_962eeca2,fpl,Mohamed_Salah,Mohamed Salah,,,2020_2021,100.0,EXACT_SOURCE_ID,APPROVED
plr_60c2a2b7,fpl,Andrew_Robertson,Andrew Robertson,,,2020_2021,100.0,EXACT_SOURCE_ID,APPROVED
plr_1deed2bd,fpl,Divock_Origi,Divock Origi,,,2020_2021,100.0,EXACT_SOURCE_ID,APPROVED
plr_4be08100,fpl,Harry_Wilson,Harry Wilson,,,2020_2021,100.0,EXACT_SOURCE_ID,APPROVED
plr_7b1cbd6d,fpl,Trent_Alexander-Arnold,Trent Alexander-Arnold,,,2020_2021,100.0,EXACT_SOURCE_ID,APPROVED
plr_dd25bd2f,fpl,Joseph_Gomez,Joseph Gomez,,,2020_2021,100.0,EXACT_SOURCE_ID,APPROVED
plr_be8e97a0,fpl,Naby_Keita,Naby Keita,,,2020_2021,100.0,EXACT_SOURCE_ID,APPROVED
plr_122b7141,fpl,Curtis_Jones,Curtis Jones,,,2020_2021,100.0,EXACT_SOURCE_ID,APPROVED
plr_0faa05d8,fpl,Neco_Williams,Neco Williams,,,2020_2021,100.0,EXACT_SOURCE_ID,APPROVED
plr_cf806328,fpl,Harvey_Elliott,Harvey Elliott,,,2020_2021,100.0,EXACT_SOURCE_ID,APPROVED
plr_f76397bd,fpl,Diogo_Jota,Diogo Jota,,,2020_2021,100.0,EXACT_SOURCE_ID,APPROVED
plr_52c7bb54,fpl,Thiago_Alcántara do Nascimento,Thiago Alcántara do Nascimento,,,2020_2021,100.0,EXACT_SOURCE_ID,APPROVED
plr_5559254d,fpl,Caoimhin_Kelleher,Caoimhin Kelleher,,,2020_2021,100.0,EXACT_SOURCE_ID,APPROVED
plr_24047240,fpl,Nathaniel_Phillips,Nathaniel Phillips,,,2020_2021,100.0,EXACT_SOURCE_ID,APPROVED
plr_bfd1eb63,fpl,Rhys_Williams,Rhys Williams,,,2020_2021,100.0,EXACT_SOURCE_ID,APPROVED
plr_7394961c,fpl,Leighton_Clarkson,Leighton Clarkson,,,2020_2021,100.0,EXACT_SOURCE_ID,APPROVED
plr_144d3a5a,fpl,Jake_Cain,Jake Cain,,,2020_2021,100.0,EXACT_SOURCE_ID,APPROVED
plr_c2b64cfd,fpl,Ozan_Kabak,Ozan Kabak,,,2020_2021,100.0,EXACT_SOURCE_ID,APPROVED
plr_46c8d31d,fpl,Ben_Davies,Ben Davies,,,2020_2021,100.0,EXACT_SOURCE_ID,APPROVED
plr_865cc583,fpl,Liam_Hughes,Liam Hughes,,,2020_2021,100.0,EXACT_SOURCE_ID,APPROVED
plr_34852514,fpl,Jakub_Ojrzynski,Jakub Ojrzynski,,,2020_2021,100.0,EXACT_SOURCE_ID,APPROVED
plr_7f1b66a0,fpl,Ben_Woodburn,Ben Woodburn,,,2020_2021,100.0,EXACT_SOURCE_ID,APPROVED
plr_7b47204b,fpl,Billy_Koumetio,Billy Koumetio,,,2020_2021,100.0,EXACT_SOURCE_ID,APPROVED
plr_f58fdb08,fpl,Fernando_Luiz Rosa,Fernando Luiz Rosa,,,2020_2021,100.0,EXACT_SOURCE_ID,APPROVED
plr_108f600f,fpl,Claudio_Bravo,Claudio Bravo,,,2020_2021,100.0,EXACT_SOURCE_ID,APPROVED
plr_2a1c617b,fpl,Sergio_Agüero,Sergio Agüero,,,2020_2021,100.0,EXACT_SOURCE_ID,APPROVED
plr_01cd0637,fpl,Nicolás_Otamendi,Nicolás Otamendi,,,2020_2021,100.0,EXACT_SOURCE_ID,APPROVED
plr_bcfc3b34,fpl,Kyle_Walker,Kyle Walker,,,2020_2021,100.0,EXACT_SOURCE_ID,APPROVED
plr_4f5ead07,fpl,Ilkay_Gündogan,Ilkay Gündogan,,,2020_2021,100.0,EXACT_SOURCE_ID,APPROVED
plr_26b49d87,fpl,Kevin_De Bruyne,Kevin De Bruyne,,,2020_2021,100.0,EXACT_SOURCE_ID,APPROVED
plr_c48f2323,fpl,John_Stones,John Stones,,,2020_2021,100.0,EXACT_SOURCE_ID,APPROVED
plr_67a85100,fpl,Benjamin_Mendy,Benjamin Mendy,,,2020_2021,100.0,EXACT_SOURCE_ID,APPROVED
plr_bfc08612,fpl,Riyad_Mahrez,Riyad Mahrez,,,2020_2021,100.0,EXACT_SOURCE_ID,APPROVED
plr_dd7f1b49,fpl,Raheem_Sterling,Raheem Sterling,,,2020_2021,100.0,EXACT_SOURCE_ID,APPROVED
plr_8808bb6d,fpl,João Pedro Cavaco_Cancelo,João Pedro Cavaco Cancelo,,,2020_2021,100.0,EXACT_SOURCE_ID,APPROVED
plr_73f5799b,fpl,Ederson_Santana de Moraes,Ederson Santana de Moraes,,,2020_2021,100.0,EXACT_SOURCE_ID,APPROVED
plr_3f5eedfe,fpl,Nathan_Aké,Nathan Aké,,,2020_2021,100.0,EXACT_SOURCE_ID,APPROVED
plr_074b2d2f,fpl,Aymeric_Laporte,Aymeric Laporte,,,2020_2021,100.0,EXACT_SOURCE_ID,APPROVED
plr_a87ea106,fpl,Bernardo Mota_Veiga de Carvalho e Silva,Bernardo Mota Veiga de Carvalho e Silva,,,2020_2021,100.0,EXACT_SOURCE_ID,APPROVED
plr_0692357f,fpl,Gabriel Fernando_de Jesus,Gabriel Fernando de Jesus,,,2020_2021,100.0,EXACT_SOURCE_ID,APPROVED
plr_34410e9e,fpl,Oleksandr_Zinchenko,Oleksandr Zinchenko,,,2020_2021,100.0,EXACT_SOURCE_ID,APPROVED
plr_4418abb7,fpl,Phil_Foden,Phil Foden,,,2020_2021,100.0,EXACT_SOURCE_ID,APPROVED
plr_ff9a8711,fpl,Tommy_Doyle,Tommy Doyle,,,2020_2021,100.0,EXACT_SOURCE_ID,APPROVED
plr_0ac42dca,fpl,Rodrigo_Hernandez,Rodrigo Hernandez,,,2020_2021,100.0,EXACT_SOURCE_ID,APPROVED
plr_de402e8b,fpl,Ferran_Torres,Ferran Torres,,,2020_2021,100.0,EXACT_SOURCE_ID,APPROVED
plr_b8e56c95,fpl,Eric_Garcia,Eric Garcia,,,2020_2021,100.0,EXACT_SOURCE_ID,APPROVED
plr_95dda115,fpl,Adrián_Bernabé,Adrián Bernabé,,,2020_2021,100.0,EXACT_SOURCE_ID,APPROVED
plr_5a549c34,fpl,Zack_Steffen,Zack Steffen,,,2020_2021,100.0,EXACT_SOURCE_ID,APPROVED
plr_92304221,fpl,Liam_Delap,Liam Delap,,,2020_2021,100.0,EXACT_SOURCE_ID,APPROVED
plr_914e537d,fpl,Cole_Palmer,Cole Palmer,,,2020_2021,100.0,EXACT_SOURCE_ID,APPROVED
plr_7d821da9,fpl,Rúben Santos_Gato Alves Dias,Rúben Santos Gato Alves Dias,,,2020_2021,100.0,EXACT_SOURCE_ID,APPROVED
plr_e6fd72e4,fpl,James_Trafford,James Trafford,,,2020_2021,100.0,EXACT_SOURCE_ID,APPROVED
plr_c8213a41,fpl,Scott_Carson,Scott Carson,,,2020_2021,100.0,EXACT_SOURCE_ID,APPROVED
plr_674b0000,fpl,Felix_Nmecha,Felix Nmecha,,,2020_2021,100.0,EXACT_SOURCE_ID,APPROVED
plr_19169993,fpl,Luke_Mbete,Luke Mbete,,,2020_2021,100.0,EXACT_SOURCE_ID,APPROVED
plr_07126552,fpl,Taylor_Harwood-Bellis,Taylor Harwood-Bellis,,,2020_2021,100.0,EXACT_SOURCE_ID,APPROVED
plr_46dc100a,fpl,Claudio_Gomes,Claudio Gomes,,,2020_2021,100.0,EXACT_SOURCE_ID,APPROVED
plr_21d53b87,fpl,Sergio_Romero,Sergio Romero,,,2020_2021,100.0,EXACT_SOURCE_ID,APPROVED
plr_1c8a8cf6,fpl,Juan_Mata,Juan Mata,,,2020_2021,100.0,EXACT_SOURCE_ID,APPROVED
plr_50ab2c31,fpl,David_de Gea,David de Gea,,,2020_2021,100.0,EXACT_SOURCE_ID,APPROVED
plr_794e127e,fpl,Chris_Smalling,Chris Smalling,,,2020_2021,100.0,EXACT_SOURCE_ID,APPROVED
plr_5f2c2511,fpl,Odion_Ighalo,Odion Ighalo,,,2020_2021,100.0,EXACT_SOURCE_ID,APPROVED
plr_6310a880,fpl,Marcos_Rojo,Marcos Rojo,,,2020_2021,100.0,EXACT_SOURCE_ID,APPROVED
plr_32b238fb,fpl,Nemanja_Matic,Nemanja Matic,,,2020_2021,100.0,EXACT_SOURCE_ID,APPROVED
plr_d0a5315a,fpl,Paul_Pogba,Paul Pogba,,,2020_2021,100.0,EXACT_SOURCE_ID,APPROVED
plr_e9ea4df9,fpl,Phil_Jones,Phil Jones,,,2020_2021,100.0,EXACT_SOURCE_ID,APPROVED
plr_32d1563e,fpl,Harry_Maguire,Harry Maguire,,,2020_2021,100.0,EXACT_SOURCE_ID,APPROVED
plr_3313ae3c,fpl,Frederico_Rodrigues de Paula Santos,Frederico Rodrigues de Paula Santos,,,2020_2021,100.0,EXACT_SOURCE_ID,APPROVED
plr_95bff4ad,fpl,Luke_Shaw,Luke Shaw,,,2020_2021,100.0,EXACT_SOURCE_ID,APPROVED
plr_a2beb175,fpl,Bruno Miguel_Borges Fernandes,Bruno Miguel Borges Fernandes,,,2020_2021,100.0,EXACT_SOURCE_ID,APPROVED
plr_2144650a,fpl,Anthony_Martial,Anthony Martial,,,2020_2021,100.0,EXACT_SOURCE_ID,APPROVED
plr_7ab5eca5,fpl,Andreas_Pereira,Andreas Pereira,,,2020_2021,100.0,EXACT_SOURCE_ID,APPROVED
plr_733cc4b6,fpl,Dean_Henderson,Dean Henderson,,,2020_2021,100.0,EXACT_SOURCE_ID,APPROVED
plr_924bfa79,fpl,Marcus_Rashford,Marcus Rashford,,,2020_2021,100.0,EXACT_SOURCE_ID,APPROVED
plr_b410c737,fpl,Axel_Tuanzebe,Axel Tuanzebe,,,2020_2021,100.0,EXACT_SOURCE_ID,APPROVED
plr_c9d272ef,fpl,Victor_Lindelöf,Victor Lindelöf,,,2020_2021,100.0,EXACT_SOURCE_ID,APPROVED
plr_007313e4,fpl,Scott_McTominay,Scott McTominay,,,2020_2021,100.0,EXACT_SOURCE_ID,APPROVED
plr_538ff131,fpl,Eric_Bailly,Eric Bailly,,,2020_2021,100.0,EXACT_SOURCE_ID,APPROVED
plr_7e8bc77c,fpl,Daniel_James,Daniel James,,,2020_2021,100.0,EXACT_SOURCE_ID,APPROVED
plr_4cf9b861,fpl,Timothy_Fosu-Mensah,Timothy Fosu-Mensah,,,2020_2021,100.0,EXACT_SOURCE_ID,APPROVED
plr_59f42f06,fpl,Aaron_Wan-Bissaka,Aaron Wan-Bissaka,,,2020_2021,100.0,EXACT_SOURCE_ID,APPROVED
plr_ee3ec4d8,fpl,José Diogo_Dalot Teixeira,José Diogo Dalot Teixeira,,,2020_2021,100.0,EXACT_SOURCE_ID,APPROVED
plr_641f330b,fpl,Mason_Greenwood,Mason Greenwood,,,2020_2021,100.0,EXACT_SOURCE_ID,APPROVED
plr_6c145214,fpl,Tahith_Chong,Tahith Chong,,,2020_2021,100.0,EXACT_SOURCE_ID,APPROVED
plr_d63714ca,fpl,James_Garner,James Garner,,,2020_2021,100.0,EXACT_SOURCE_ID,APPROVED
plr_e1a4858d,fpl,Brandon_Williams,Brandon Williams,,,2020_2021,100.0,EXACT_SOURCE_ID,APPROVED
plr_700131f8,fpl,Teden_Mengi,Teden Mengi,,,2020_2021,100.0,EXACT_SOURCE_ID,APPROVED
plr_8b8cf281,fpl,Donny_van de Beek,Donny van de Beek,,,2020_2021,100.0,EXACT_SOURCE_ID,APPROVED
plr_b5ab7284,fpl,Alex Nicolao_Telles,Alex Nicolao Telles,,,2020_2021,100.0,EXACT_SOURCE_ID,APPROVED
plr_30bd7b8d,fpl,Edinson_Cavani,Edinson Cavani,,,2020_2021,100.0,EXACT_SOURCE_ID,APPROVED
plr_b7c7c881,fpl,Facundo_Pellistri,Facundo Pellistri,,,2020_2021,100.0,EXACT_SOURCE_ID,APPROVED
plr_9a1e9557,fpl,Lee_Grant,Lee Grant,,,2020_2021,100.0,EXACT_SOURCE_ID,APPROVED
plr_74b94270,fpl,Amad_Diallo,Amad Diallo,,,2020_2021,100.0,EXACT_SOURCE_ID,APPROVED
plr_e49d9f61,fpl,Shola_Shoretire,Shola Shoretire,,,2020_2021,100.0,EXACT_SOURCE_ID,APPROVED
plr_82330b0b,fpl,Nathan_Bishop,Nathan Bishop,,,2020_2021,100.0,EXACT_SOURCE_ID,APPROVED
plr_075e2c29,fpl,Anthony_Elanga,Anthony Elanga,,,2020_2021,100.0,EXACT_SOURCE_ID,APPROVED
plr_14ff245f,fpl,Hannibal_Mejbri,Hannibal Mejbri,,,2020_2021,100.0,EXACT_SOURCE_ID,APPROVED
plr_da1deca4,fpl,William_Fish,William Fish,,,2020_2021,100.0,EXACT_SOURCE_ID,APPROVED
plr_6e4ad12e,fpl,Joseph_Willock,Joseph Willock,,,2020_2021,100.0,EXACT_SOURCE_ID,APPROVED
plr_cf08a331,fpl,Andy_Carroll,Andy Carroll,,,2020_2021,100.0,EXACT_SOURCE_ID,APPROVED
plr_46b028bd,fpl,Jonjo_Shelvey,Jonjo Shelvey,,,2020_2021,100.0,EXACT_SOURCE_ID,APPROVED
plr_20ba5851,fpl,Matt_Ritchie,Matt Ritchie,,,2020_2021,100.0,EXACT_SOURCE_ID,APPROVED
plr_657f222c,fpl,Federico_Fernández,Federico Fernández,,,2020_2021,100.0,EXACT_SOURCE_ID,APPROVED
plr_61c31c9f,fpl,Ciaran_Clark,Ciaran Clark,,,2020_2021,100.0,EXACT_SOURCE_ID,APPROVED
plr_8dbd347f,fpl,Karl_Darlow,Karl Darlow,,,2020_2021,100.0,EXACT_SOURCE_ID,APPROVED
plr_2e21581e,fpl,Martin_Dubravka,Martin Dubravka,,,2020_2021,100.0,EXACT_SOURCE_ID,APPROVED
plr_34f583b1,fpl,Florian_Lejeune,Florian Lejeune,,,2020_2021,100.0,EXACT_SOURCE_ID,APPROVED
plr_c9598691,fpl,Jamaal_Lascelles,Jamaal Lascelles,,,2020_2021,100.0,EXACT_SOURCE_ID,APPROVED
plr_cbb5c127,fpl,Dwight_Gayle,Dwight Gayle,,,2020_2021,100.0,EXACT_SOURCE_ID,APPROVED
plr_e3fa1474,fpl,Christian_Atsu,Christian Atsu,,,2020_2021,100.0,EXACT_SOURCE_ID,APPROVED
plr_0ec376c7,fpl,Paul_Dummett,Paul Dummett,,,2020_2021,100.0,EXACT_SOURCE_ID,APPROVED
plr_d6d509ac,fpl,Javier_Manquillo,Javier Manquillo,,,2020_2021,100.0,EXACT_SOURCE_ID,APPROVED
plr_d0308cd6,fpl,Emil_Krafth,Emil Krafth,,,2020_2021,100.0,EXACT_SOURCE_ID,APPROVED
plr_43d1572b,fpl,Fabian_Schär,Fabian Schär,,,2020_2021,100.0,EXACT_SOURCE_ID,APPROVED
plr_79d26f3f,fpl,DeAndre_Yedlin,DeAndre Yedlin,,,2020_2021,100.0,EXACT_SOURCE_ID,APPROVED
plr_be34637d,fpl,Isaac_Hayden,Isaac Hayden,,,2020_2021,100.0,EXACT_SOURCE_ID,APPROVED
plr_a2eb1973,fpl,Rolando_Aarons,Rolando Aarons,,,2020_2021,100.0,EXACT_SOURCE_ID,APPROVED
plr_738dfd6c,fpl,Allan_Saint-Maximin,Allan Saint-Maximin,,,2020_2021,100.0,EXACT_SOURCE_ID,APPROVED
plr_7f36e333,fpl,Miguel_Almirón,Miguel Almirón,,,2020_2021,100.0,EXACT_SOURCE_ID,APPROVED
plr_e0a15d66,fpl,Joelinton Cássio_Apolinário de Lira,Joelinton Cássio Apolinário de Lira,,,2020_2021,100.0,EXACT_SOURCE_ID,APPROVED
plr_5bf3d5b2,fpl,Yoshinori_Muto,Yoshinori Muto,,,2020_2021,100.0,EXACT_SOURCE_ID,APPROVED
plr_39b97c30,fpl,Kelland_Watts,Kelland Watts,,,2020_2021,100.0,EXACT_SOURCE_ID,APPROVED
plr_0d112fcc,fpl,Sean_Longstaff,Sean Longstaff,,,2020_2021,100.0,EXACT_SOURCE_ID,APPROVED
plr_9704b517,fpl,Jeff_Hendrick,Jeff Hendrick,,,2020_2021,100.0,EXACT_SOURCE_ID,APPROVED
plr_b0e588bc,fpl,Matthew_Longstaff,Matthew Longstaff,,,2020_2021,100.0,EXACT_SOURCE_ID,APPROVED
plr_7e82c2b0,fpl,Mark_Gillespie,Mark Gillespie,,,2020_2021,100.0,EXACT_SOURCE_ID,APPROVED
plr_5b9ff132,fpl,Jacob_Murphy,Jacob Murphy,,,2020_2021,100.0,EXACT_SOURCE_ID,APPROVED
plr_3df0d96b,fpl,Callum_Wilson,Callum Wilson,,,2020_2021,100.0,EXACT_SOURCE_ID,APPROVED
plr_ece24b3c,fpl,Ryan_Fraser,Ryan Fraser,,,2020_2021,100.0,EXACT_SOURCE_ID,APPROVED
plr_3f52f329,fpl,Jamal_Lewis,Jamal Lewis,,,2020_2021,100.0,EXACT_SOURCE_ID,APPROVED
plr_f9e1465e,fpl,Elliot_Anderson,Elliot Anderson,,,2020_2021,100.0,EXACT_SOURCE_ID,APPROVED
plr_51c07822,fpl,Daniel_Langley,Daniel Langley,,,2020_2021,100.0,EXACT_SOURCE_ID,APPROVED
plr_55ffcfe6,fpl,Rhian_Brewster,Rhian Brewster,,,2020_2021,100.0,EXACT_SOURCE_ID,APPROVED
plr_b2cc9f0a,fpl,Billy_Sharp,Billy Sharp,,,2020_2021,100.0,EXACT_SOURCE_ID,APPROVED
plr_5e6ca5fd,fpl,David_McGoldrick,David McGoldrick,,,2020_2021,100.0,EXACT_SOURCE_ID,APPROVED
plr_f192dece,fpl,Chris_Basham,Chris Basham,,,2020_2021,100.0,EXACT_SOURCE_ID,APPROVED
plr_ccce6a9e,fpl,John_Fleck,John Fleck,,,2020_2021,100.0,EXACT_SOURCE_ID,APPROVED
plr_3929440f,fpl,Enda_Stevens,Enda Stevens,,,2020_2021,100.0,EXACT_SOURCE_ID,APPROVED
plr_12c388a1,fpl,Simon_Moore,Simon Moore,,,2020_2021,100.0,EXACT_SOURCE_ID,APPROVED
plr_4dd9d065,fpl,Oliver_Norwood,Oliver Norwood,,,2020_2021,100.0,EXACT_SOURCE_ID,APPROVED
plr_e7297fc1,fpl,Wes_Foderingham,Wes Foderingham,,,2020_2021,100.0,EXACT_SOURCE_ID,APPROVED
plr_59b47bc1,fpl,George_Baldock,George Baldock,,,2020_2021,100.0,EXACT_SOURCE_ID,APPROVED
plr_56dd2aa7,fpl,Jack_Robinson,Jack Robinson,,,2020_2021,100.0,EXACT_SOURCE_ID,APPROVED
plr_b5550dbd,fpl,John_Egan,John Egan,,,2020_2021,100.0,EXACT_SOURCE_ID,APPROVED
plr_909fb67a,fpl,Jack_O'Connell,Jack O'Connell,,,2020_2021,100.0,EXACT_SOURCE_ID,APPROVED
plr_5826f506,fpl,John_Lundstram,John Lundstram,,,2020_2021,100.0,EXACT_SOURCE_ID,APPROVED
plr_9ebef462,fpl,Ben_Osborn,Ben Osborn,,,2020_2021,100.0,EXACT_SOURCE_ID,APPROVED
plr_3e63e38c,fpl,Oliver_McBurnie,Oliver McBurnie,,,2020_2021,100.0,EXACT_SOURCE_ID,APPROVED
plr_aba75436,fpl,Lys_Mousset,Lys Mousset,,,2020_2021,100.0,EXACT_SOURCE_ID,APPROVED
plr_29a14bec,fpl,Sander_Berge,Sander Berge,,,2020_2021,100.0,EXACT_SOURCE_ID,APPROVED
plr_178fcfa8,fpl,Oliver_Burke,Oliver Burke,,,2020_2021,100.0,EXACT_SOURCE_ID,APPROVED
plr_5c223c13,fpl,Luke_Freeman,Luke Freeman,,,2020_2021,100.0,EXACT_SOURCE_ID,APPROVED
plr_882a419b,fpl,Aaron_Ramsdale,Aaron Ramsdale,,,2020_2021,100.0,EXACT_SOURCE_ID,APPROVED
plr_510f76d0,fpl,Ethan_Ampadu,Ethan Ampadu,,,2020_2021,100.0,EXACT_SOURCE_ID,APPROVED
plr_346e4a7e,fpl,Jayden_Bogle,Jayden Bogle,,,2020_2021,100.0,EXACT_SOURCE_ID,APPROVED
plr_a566a2db,fpl,Max_Lowe,Max Lowe,,,2020_2021,100.0,EXACT_SOURCE_ID,APPROVED
plr_4ce09cbc,fpl,Phil_Jagielka,Phil Jagielka,,,2020_2021,100.0,EXACT_SOURCE_ID,APPROVED
plr_e742f164,fpl,Michael_Verrips,Michael Verrips,,,2020_2021,100.0,EXACT_SOURCE_ID,APPROVED
plr_b0ec248a,fpl,Kean_Bryan,Kean Bryan,,,2020_2021,100.0,EXACT_SOURCE_ID,APPROVED
plr_79a29a11,fpl,Antwoine_Hackford,Antwoine Hackford,,,2020_2021,100.0,EXACT_SOURCE_ID,APPROVED
plr_4dea8812,fpl,Kyron_Gordon,Kyron Gordon,,,2020_2021,100.0,EXACT_SOURCE_ID,APPROVED
plr_912b22d5,fpl,Iliman_Ndiaye,Iliman Ndiaye,,,2020_2021,100.0,EXACT_SOURCE_ID,APPROVED
plr_f960df8c,fpl,Zak_Brunt,Zak Brunt,,,2020_2021,100.0,EXACT_SOURCE_ID,APPROVED
plr_8c19cb0f,fpl,Frankie_Maguire,Frankie Maguire,,,2020_2021,100.0,EXACT_SOURCE_ID,APPROVED
plr_bc42e1e2,fpl,Daniel_Jebbison,Daniel Jebbison,,,2020_2021,100.0,EXACT_SOURCE_ID,APPROVED
plr_1019b00e,fpl,Harry_Boyes,Harry Boyes,,,2020_2021,100.0,EXACT_SOURCE_ID,APPROVED
plr_8b04cda4,fpl,Femi_Seriki,Femi Seriki,,,2020_2021,100.0,EXACT_SOURCE_ID,APPROVED
plr_6bc98b8b,fpl,William_Osula,William Osula,,,2020_2021,100.0,EXACT_SOURCE_ID,APPROVED
plr_13751bb5,fpl,Theo_Walcott,Theo Walcott,,,2020_2021,100.0,EXACT_SOURCE_ID,APPROVED
plr_2aa264a2,fpl,Takumi_Minamino,Takumi Minamino,,,2020_2021,100.0,EXACT_SOURCE_ID,APPROVED
plr_392b789f,fpl,Shane_Long,Shane Long,,,2020_2021,100.0,EXACT_SOURCE_ID,APPROVED
plr_bdf4a35a,fpl,Ryan_Bertrand,Ryan Bertrand,,,2020_2021,100.0,EXACT_SOURCE_ID,APPROVED
plr_315d4171,fpl,Alex_McCarthy,Alex McCarthy,,,2020_2021,100.0,EXACT_SOURCE_ID,APPROVED
plr_39603596,fpl,Oriol_Romeu Vidal,Oriol Romeu Vidal,,,2020_2021,100.0,EXACT_SOURCE_ID,APPROVED
plr_4a3c95d7,fpl,Nathan_Redmond,Nathan Redmond,,,2020_2021,100.0,EXACT_SOURCE_ID,APPROVED
plr_285ab880,fpl,Danny_Ings,Danny Ings,,,2020_2021,100.0,EXACT_SOURCE_ID,APPROVED
plr_9f3797a0,fpl,Jack_Stephens,Jack Stephens,,,2020_2021,100.0,EXACT_SOURCE_ID,APPROVED
plr_11938605,fpl,Stuart_Armstrong,Stuart Armstrong,,,2020_2021,100.0,EXACT_SOURCE_ID,APPROVED
plr_66989195,fpl,Jannik_Vestergaard,Jannik Vestergaard,,,2020_2021,100.0,EXACT_SOURCE_ID,APPROVED
plr_4b30dbf1,fpl,James_Ward-Prowse,James Ward-Prowse,,,2020_2021,100.0,EXACT_SOURCE_ID,APPROVED
plr_8b272306,fpl,Angus_Gunn,Angus Gunn,,,2020_2021,100.0,EXACT_SOURCE_ID,APPROVED
plr_8b1f9e9a,fpl,Sofiane_Boufal,Sofiane Boufal,,,2020_2021,100.0,EXACT_SOURCE_ID,APPROVED
plr_a146657c,fpl,Josh_Sims,Josh Sims,,,2020_2021,100.0,EXACT_SOURCE_ID,APPROVED
plr_5472b11a,fpl,Kyle_Walker-Peters,Kyle Walker-Peters,,,2020_2021,100.0,EXACT_SOURCE_ID,APPROVED
plr_bc84c42a,fpl,Jan_Bednarek,Jan Bednarek,,,2020_2021,100.0,EXACT_SOURCE_ID,APPROVED
plr_46cd0677,fpl,Che_Adams,Che Adams,,,2020_2021,100.0,EXACT_SOURCE_ID,APPROVED
plr_b68813b3,fpl,Yan_Valery,Yan Valery,,,2020_2021,100.0,EXACT_SOURCE_ID,APPROVED
plr_a71eb8b1,fpl,William_Smallbone,William Smallbone,,,2020_2021,100.0,EXACT_SOURCE_ID,APPROVED
plr_b1f1eda3,fpl,Jake_Vokins,Jake Vokins,,,2020_2021,100.0,EXACT_SOURCE_ID,APPROVED
plr_07717003,fpl,Michael_Obafemi,Michael Obafemi,,,2020_2021,100.0,EXACT_SOURCE_ID,APPROVED
plr_23d99269,fpl,Moussa_Djenepo,Moussa Djenepo,,,2020_2021,100.0,EXACT_SOURCE_ID,APPROVED
plr_fb6890b8,fpl,Mohammed_Salisu,Mohammed Salisu,,,2020_2021,100.0,EXACT_SOURCE_ID,APPROVED
plr_e4aad05f,fpl,Fraser_Forster,Fraser Forster,,,2020_2021,100.0,EXACT_SOURCE_ID,APPROVED
plr_d2cae005,fpl,Nathan_Tella,Nathan Tella,,,2020_2021,100.0,EXACT_SOURCE_ID,APPROVED
plr_974e4a64,fpl,Ibrahima_Diallo,Ibrahima Diallo,,,2020_2021,100.0,EXACT_SOURCE_ID,APPROVED
plr_4ecc57a9,fpl,Daniel_N'Lundulu,Daniel N'Lundulu,,,2020_2021,100.0,EXACT_SOURCE_ID,APPROVED
plr_48dd4e67,fpl,Kayne_Ramsay,Kayne Ramsay,,,2020_2021,100.0,EXACT_SOURCE_ID,APPROVED
plr_51f294ab,fpl,Kgaogelo_Chauke,Kgaogelo Chauke,,,2020_2021,100.0,EXACT_SOURCE_ID,APPROVED
plr_ed85d2b5,fpl,Harry_Lewis,Harry Lewis,,,2020_2021,100.0,EXACT_SOURCE_ID,APPROVED
plr_25a96f0e,fpl,Will_Ferry,Will Ferry,,,2020_2021,100.0,EXACT_SOURCE_ID,APPROVED
plr_51f5f8fc,fpl,Allan_Tchaptchet,Allan Tchaptchet,,,2020_2021,100.0,EXACT_SOURCE_ID,APPROVED
plr_58de257d,fpl,Caleb_Watts,Caleb Watts,,,2020_2021,100.0,EXACT_SOURCE_ID,APPROVED
plr_f1a6b3db,fpl,Alexandre_Jankewitz,Alexandre Jankewitz,,,2020_2021,100.0,EXACT_SOURCE_ID,APPROVED
plr_bf03df1f,fpl,Ryan_Finnigan,Ryan Finnigan,,,2020_2021,100.0,EXACT_SOURCE_ID,APPROVED
plr_982a47a0,fpl,Hugo_Lloris,Hugo Lloris,,,2020_2021,100.0,EXACT_SOURCE_ID,APPROVED
plr_451ce9d3,fpl,Danny_Rose,Danny Rose,,,2020_2021,100.0,EXACT_SOURCE_ID,APPROVED
plr_4968850f,fpl,Moussa_Sissoko,Moussa Sissoko,,,2020_2021,100.0,EXACT_SOURCE_ID,APPROVED
plr_01fb7267,fpl,Toby_Alderweireld,Toby Alderweireld,,,2020_2021,100.0,EXACT_SOURCE_ID,APPROVED
plr_76276f1a,fpl,Erik_Lamela,Erik Lamela,,,2020_2021,100.0,EXACT_SOURCE_ID,APPROVED
plr_efd133f5,fpl,Harry_Kane,Harry Kane,,,2020_2021,100.0,EXACT_SOURCE_ID,APPROVED
plr_174b8041,fpl,Serge_Aurier,Serge Aurier,,,2020_2021,100.0,EXACT_SOURCE_ID,APPROVED
plr_9680542a,fpl,Heung-Min_Son,Heung-Min Son,,,2020_2021,100.0,EXACT_SOURCE_ID,APPROVED
plr_fe9f49b0,fpl,Eric_Dier,Eric Dier,,,2020_2021,100.0,EXACT_SOURCE_ID,APPROVED
plr_6e82c973,fpl,Lucas_Rodrigues Moura da Silva,Lucas Rodrigues Moura da Silva,,,2020_2021,100.0,EXACT_SOURCE_ID,APPROVED
plr_ae6c94bb,fpl,Paulo_Gazzaniga,Paulo Gazzaniga,,,2020_2021,100.0,EXACT_SOURCE_ID,APPROVED
plr_dd370405,fpl,Bamidele_Alli,Bamidele Alli,,,2020_2021,100.0,EXACT_SOURCE_ID,APPROVED
plr_f8fcb274,fpl,Ben_Davies,Ben Davies,,,2020_2021,100.0,EXACT_SOURCE_ID,APPROVED
plr_a1347e4b,fpl,Pierre-Emile_Højbjerg,Pierre-Emile Højbjerg,,,2020_2021,100.0,EXACT_SOURCE_ID,APPROVED
plr_68483280,fpl,Harry_Winks,Harry Winks,,,2020_2021,100.0,EXACT_SOURCE_ID,APPROVED
plr_007e5dd8,fpl,Davinson_Sánchez,Davinson Sánchez,,,2020_2021,100.0,EXACT_SOURCE_ID,APPROVED
plr_cffdff8e,fpl,Ryan_Sessegnon,Ryan Sessegnon,,,2020_2021,100.0,EXACT_SOURCE_ID,APPROVED
plr_b37b382b,fpl,Steven_Bergwijn,Steven Bergwijn,,,2020_2021,100.0,EXACT_SOURCE_ID,APPROVED
plr_279016fc,fpl,Gedson_Carvalho Fernandes,Gedson Carvalho Fernandes,,,2020_2021,100.0,EXACT_SOURCE_ID,APPROVED
plr_fbc183ec,fpl,Japhet_Tanganga,Japhet Tanganga,,,2020_2021,100.0,EXACT_SOURCE_ID,APPROVED
plr_0ed1d593,fpl,Giovani_Lo Celso,Giovani Lo Celso,,,2020_2021,100.0,EXACT_SOURCE_ID,APPROVED
plr_b96288e3,fpl,Oliver_Skipp,Oliver Skipp,,,2020_2021,100.0,EXACT_SOURCE_ID,APPROVED
plr_cac26686,fpl,Tanguy_Ndombele,Tanguy Ndombele,,,2020_2021,100.0,EXACT_SOURCE_ID,APPROVED
plr_b9171160,fpl,Juan_Foyth,Juan Foyth,,,2020_2021,100.0,EXACT_SOURCE_ID,APPROVED
plr_32f9d054,fpl,Matt_Doherty,Matt Doherty,,,2020_2021,100.0,EXACT_SOURCE_ID,APPROVED
plr_c3ab7bba,fpl,Joe_Hart,Joe Hart,,,2020_2021,100.0,EXACT_SOURCE_ID,APPROVED
plr_e81737e0,fpl,Cameron_Carter-Vickers,Cameron Carter-Vickers,,,2020_2021,100.0,EXACT_SOURCE_ID,APPROVED
plr_87cb672f,fpl,Sergio_Reguilón,Sergio Reguilón,,,2020_2021,100.0,EXACT_SOURCE_ID,APPROVED
plr_6d5a662a,fpl,Gareth_Bale,Gareth Bale,,,2020_2021,100.0,EXACT_SOURCE_ID,APPROVED
plr_fe3779ff,fpl,Carlos Vinicius_Alves Morais,Carlos Vinicius Alves Morais,,,2020_2021,100.0,EXACT_SOURCE_ID,APPROVED
plr_c1e41eae,fpl,Joe_Rodon,Joe Rodon,,,2020_2021,100.0,EXACT_SOURCE_ID,APPROVED
plr_3c7ea824,fpl,Alfie_Devine,Alfie Devine,,,2020_2021,100.0,EXACT_SOURCE_ID,APPROVED
plr_aba72f00,fpl,Dane_Scarlett,Dane Scarlett,,,2020_2021,100.0,EXACT_SOURCE_ID,APPROVED
plr_20d91bd8,fpl,Nile_John,Nile John,,,2020_2021,100.0,EXACT_SOURCE_ID,APPROVED
plr_49c78561,fpl,Ainsley_Maitland-Niles,Ainsley Maitland-Niles,,,2020_2021,100.0,EXACT_SOURCE_ID,APPROVED
plr_25a07455,fpl,David_Button,David Button,,,2020_2021,100.0,EXACT_SOURCE_ID,APPROVED
plr_d4f486a5,fpl,Callum_Robinson,Callum Robinson,,,2020_2021,100.0,EXACT_SOURCE_ID,APPROVED
plr_26329364,fpl,Kieran_Gibbs,Kieran Gibbs,,,2020_2021,100.0,EXACT_SOURCE_ID,APPROVED
plr_7157ecf7,fpl,Hal_Robson-Kanu,Hal Robson-Kanu,,,2020_2021,100.0,EXACT_SOURCE_ID,APPROVED
plr_cc99a7c1,fpl,Jake_Livermore,Jake Livermore,,,2020_2021,100.0,EXACT_SOURCE_ID,APPROVED
plr_def15834,fpl,Kamil_Grosicki,Kamil Grosicki,,,2020_2021,100.0,EXACT_SOURCE_ID,APPROVED
plr_82ba1ffc,fpl,Matt_Phillips,Matt Phillips,,,2020_2021,100.0,EXACT_SOURCE_ID,APPROVED
plr_f0e21d78,fpl,Kyle_Bartley,Kyle Bartley,,,2020_2021,100.0,EXACT_SOURCE_ID,APPROVED
plr_6d913436,fpl,Romaine_Sawyers,Romaine Sawyers,,,2020_2021,100.0,EXACT_SOURCE_ID,APPROVED
plr_99ec11c4,fpl,Ahmed El-Sayed_Hegazy,Ahmed El-Sayed Hegazy,,,2020_2021,100.0,EXACT_SOURCE_ID,APPROVED
plr_a0b5e1c6,fpl,Charlie_Austin,Charlie Austin,,,2020_2021,100.0,EXACT_SOURCE_ID,APPROVED
plr_abab11f9,fpl,Kenneth_Zohore,Kenneth Zohore,,,2020_2021,100.0,EXACT_SOURCE_ID,APPROVED
plr_3575396b,fpl,Sam_Johnstone,Sam Johnstone,,,2020_2021,100.0,EXACT_SOURCE_ID,APPROVED
plr_31770158,fpl,Conor_Townsend,Conor Townsend,,,2020_2021,100.0,EXACT_SOURCE_ID,APPROVED
plr_51c15581,fpl,Oluwasemilogo Adesewo Ibidapo_Ajayi,Oluwasemilogo Adesewo Ibidapo Ajayi,,,2020_2021,100.0,EXACT_SOURCE_ID,APPROVED
plr_b250ca28,fpl,Jonathan_Leko,Jonathan Leko,,,2020_2021,100.0,EXACT_SOURCE_ID,APPROVED
plr_ba43543c,fpl,Kyle_Edwards,Kyle Edwards,,,2020_2021,100.0,EXACT_SOURCE_ID,APPROVED
plr_c41cea4f,fpl,Darnell_Furlong,Darnell Furlong,,,2020_2021,100.0,EXACT_SOURCE_ID,APPROVED
plr_60eb7df2,fpl,Sam_Field,Sam Field,,,2020_2021,100.0,EXACT_SOURCE_ID,APPROVED
plr_c828877d,fpl,Dara_O'Shea,Dara O'Shea,,,2020_2021,100.0,EXACT_SOURCE_ID,APPROVED
plr_cf980af5,fpl,Rekeem_Harper,Rekeem Harper,,,2020_2021,100.0,EXACT_SOURCE_ID,APPROVED
plr_6dba5be3,fpl,Robert_Snodgrass,Robert Snodgrass,,,2020_2021,100.0,EXACT_SOURCE_ID,APPROVED
plr_c3c93a05,fpl,Grady_Diangana,Grady Diangana,,,2020_2021,100.0,EXACT_SOURCE_ID,APPROVED
plr_332d2522,fpl,Matheus_Pereira,Matheus Pereira,,,2020_2021,100.0,EXACT_SOURCE_ID,APPROVED
plr_f974fc7b,fpl,Cedric_Kipre,Cedric Kipre,,,2020_2021,100.0,EXACT_SOURCE_ID,APPROVED
plr_e6b22a37,fpl,Branislav_Ivanovic,Branislav Ivanovic,,,2020_2021,100.0,EXACT_SOURCE_ID,APPROVED
plr_3598de66,fpl,Conor_Gallagher,Conor Gallagher,,,2020_2021,100.0,EXACT_SOURCE_ID,APPROVED
plr_44fdc421,fpl,Filip_Krovinovic,Filip Krovinovic,,,2020_2021,100.0,EXACT_SOURCE_ID,APPROVED
plr_59c470b7,fpl,Karlan_Grant,Karlan Grant,,,2020_2021,100.0,EXACT_SOURCE_ID,APPROVED
plr_e1acc1e4,fpl,Lee_Peltier,Lee Peltier,,,2020_2021,100.0,EXACT_SOURCE_ID,APPROVED
plr_3cb08597,fpl,Cheikh_Diaby,Cheikh Diaby,,,2020_2021,100.0,EXACT_SOURCE_ID,APPROVED
plr_1723a916,fpl,Andy_Lonergan,Andy Lonergan,,,2020_2021,100.0,EXACT_SOURCE_ID,APPROVED
plr_259bf79e,fpl,Mbaye_Diagne,Mbaye Diagne,,,2020_2021,100.0,EXACT_SOURCE_ID,APPROVED
plr_20e210b9,fpl,Okay_Yokuslu,Okay Yokuslu,,,2020_2021,100.0,EXACT_SOURCE_ID,APPROVED
plr_689ca8be,fpl,Caleb_Taylor,Caleb Taylor,,,2020_2021,100.0,EXACT_SOURCE_ID,APPROVED
plr_e449ddb4,fpl,Taylor_Gardner-Hickman,Taylor Gardner-Hickman,,,2020_2021,100.0,EXACT_SOURCE_ID,APPROVED
plr_cb0f8b8b,fpl,Toby_King,Toby King,,,2020_2021,100.0,EXACT_SOURCE_ID,APPROVED
plr_dd72e42f,fpl,Tim_Iroegbunam,Tim Iroegbunam,,,2020_2021,100.0,EXACT_SOURCE_ID,APPROVED
plr_9fe39f74,fpl,Jesse_Lingard,Jesse Lingard,,,2020_2021,100.0,EXACT_SOURCE_ID,APPROVED
plr_e2dad607,fpl,Mark_Noble,Mark Noble,,,2020_2021,100.0,EXACT_SOURCE_ID,APPROVED
plr_d333d2f9,fpl,David_Martin,David Martin,,,2020_2021,100.0,EXACT_SOURCE_ID,APPROVED
plr_c0be2b4a,fpl,Darren_Randolph,Darren Randolph,,,2020_2021,100.0,EXACT_SOURCE_ID,APPROVED
plr_e9d29df6,fpl,Lukasz_Fabianski,Lukasz Fabianski,,,2020_2021,100.0,EXACT_SOURCE_ID,APPROVED
plr_0a9efe09,fpl,Angelo_Ogbonna,Angelo Ogbonna,,,2020_2021,100.0,EXACT_SOURCE_ID,APPROVED
plr_64d3fb79,fpl,Roberto_Jimenez Gago,Roberto Jimenez Gago,,,2020_2021,100.0,EXACT_SOURCE_ID,APPROVED
plr_fd6523f7,fpl,Jack_Wilshere,Jack Wilshere,,,2020_2021,100.0,EXACT_SOURCE_ID,APPROVED
plr_157337d8,fpl,Aaron_Cresswell,Aaron Cresswell,,,2020_2021,100.0,EXACT_SOURCE_ID,APPROVED
plr_414ee64d,fpl,Andriy_Yarmolenko,Andriy Yarmolenko,,,2020_2021,100.0,EXACT_SOURCE_ID,APPROVED
plr_7d76d817,fpl,Michail_Antonio,Michail Antonio,,,2020_2021,100.0,EXACT_SOURCE_ID,APPROVED
plr_b55e240a,fpl,Ryan_Fredericks,Ryan Fredericks,,,2020_2021,100.0,EXACT_SOURCE_ID,APPROVED
plr_280f02b3,fpl,Manuel_Lanzini,Manuel Lanzini,,,2020_2021,100.0,EXACT_SOURCE_ID,APPROVED
plr_b1920ffe,fpl,Felipe Anderson_Pereira Gomes,Felipe Anderson Pereira Gomes,,,2020_2021,100.0,EXACT_SOURCE_ID,APPROVED
plr_cde5c85f,fpl,Sébastien_Haller,Sébastien Haller,,,2020_2021,100.0,EXACT_SOURCE_ID,APPROVED
plr_a695b2f1,fpl,Arthur_Masuaku,Arthur Masuaku,,,2020_2021,100.0,EXACT_SOURCE_ID,APPROVED
plr_dd716efe,fpl,Fabián_Balbuena,Fabián Balbuena,,,2020_2021,100.0,EXACT_SOURCE_ID,APPROVED
plr_ba29b048,fpl,Jordan_Hugill,Jordan Hugill,,,2020_2021,100.0,EXACT_SOURCE_ID,APPROVED
plr_e551f6f7,fpl,Jarrod_Bowen,Jarrod Bowen,,,2020_2021,100.0,EXACT_SOURCE_ID,APPROVED
plr_9683831e,fpl,Albian_Ajeti,Albian Ajeti,,,2020_2021,100.0,EXACT_SOURCE_ID,APPROVED
plr_43440291,fpl,Declan_Rice,Declan Rice,,,2020_2021,100.0,EXACT_SOURCE_ID,APPROVED
plr_d269d250,fpl,Tomas_Soucek,Tomas Soucek,,,2020_2021,100.0,EXACT_SOURCE_ID,APPROVED
plr_f5560a26,fpl,Pablo_Fornals,Pablo Fornals,,,2020_2021,100.0,EXACT_SOURCE_ID,APPROVED
plr_0a3959ac,fpl,Issa_Diop,Issa Diop,,,2020_2021,100.0,EXACT_SOURCE_ID,APPROVED
plr_d0cc90af,fpl,Ben_Johnson,Ben Johnson,,,2020_2021,100.0,EXACT_SOURCE_ID,APPROVED
plr_f603521b,fpl,Vladimir_Coufal,Vladimir Coufal,,,2020_2021,100.0,EXACT_SOURCE_ID,APPROVED
plr_0c0ee52a,fpl,Craig_Dawson,Craig Dawson,,,2020_2021,100.0,EXACT_SOURCE_ID,APPROVED
plr_853b998e,fpl,Saïd_Benrahma,Saïd Benrahma,,,2020_2021,100.0,EXACT_SOURCE_ID,APPROVED
plr_a27799ef,fpl,Frederik_Alves,Frederik Alves,,,2020_2021,100.0,EXACT_SOURCE_ID,APPROVED
plr_aba7d2bf,fpl,Ademipo_Odubeko,Ademipo Odubeko,,,2020_2021,100.0,EXACT_SOURCE_ID,APPROVED
plr_aabe856b,fpl,Conor_Coventry,Conor Coventry,,,2020_2021,100.0,EXACT_SOURCE_ID,APPROVED
plr_9b1b9971,fpl,Jamal_Baptiste,Jamal Baptiste,,,2020_2021,100.0,EXACT_SOURCE_ID,APPROVED
plr_cf1f0b81,fpl,Nathan_Trott,Nathan Trott,,,2020_2021,100.0,EXACT_SOURCE_ID,APPROVED
plr_d04f158a,fpl,John_Ruddy,John Ruddy,,,2020_2021,100.0,EXACT_SOURCE_ID,APPROVED
plr_be514896,fpl,João Filipe Iria_Santos Moutinho,João Filipe Iria Santos Moutinho,,,2020_2021,100.0,EXACT_SOURCE_ID,APPROVED
plr_0b245662,fpl,Rui Pedro_dos Santos Patrício,Rui Pedro dos Santos Patrício,,,2020_2021,100.0,EXACT_SOURCE_ID,APPROVED
plr_e8571774,fpl,Ryan_Bennett,Ryan Bennett,,,2020_2021,100.0,EXACT_SOURCE_ID,APPROVED
plr_d427723e,fpl,Willy_Boly,Willy Boly,,,2020_2021,100.0,EXACT_SOURCE_ID,APPROVED
plr_70251eb5,fpl,Conor_Coady,Conor Coady,,,2020_2021,100.0,EXACT_SOURCE_ID,APPROVED
plr_e90b0fea,fpl,Raúl_Jiménez,Raúl Jiménez,,,2020_2021,100.0,EXACT_SOURCE_ID,APPROVED
plr_14e2786c,fpl,Romain_Saïss,Romain Saïss,,,2020_2021,100.0,EXACT_SOURCE_ID,APPROVED
plr_ff095f82,fpl,Jonathan_Castro Otto,Jonathan Castro Otto,,,2020_2021,100.0,EXACT_SOURCE_ID,APPROVED
plr_6bcbb576,fpl,Léo_Bonatini,Léo Bonatini,,,2020_2021,100.0,EXACT_SOURCE_ID,APPROVED
plr_73f5750c,fpl,Leander_Dendoncker,Leander Dendoncker,,,2020_2021,100.0,EXACT_SOURCE_ID,APPROVED
plr_4a5b7d83,fpl,Adama_Traoré,Adama Traoré,,,2020_2021,100.0,EXACT_SOURCE_ID,APPROVED
plr_5182af3c,fpl,Rúben Diogo_da Silva Neves,Rúben Diogo da Silva Neves,,,2020_2021,100.0,EXACT_SOURCE_ID,APPROVED
plr_ac2f37ee,fpl,Oskar_Buur,Oskar Buur,,,2020_2021,100.0,EXACT_SOURCE_ID,APPROVED
plr_73b95b55,fpl,Daniel_Castelo Podence,Daniel Castelo Podence,,,2020_2021,100.0,EXACT_SOURCE_ID,APPROVED
plr_ce798fbd,fpl,Max_Kilman,Max Kilman,,,2020_2021,100.0,EXACT_SOURCE_ID,APPROVED
plr_8f346f26,fpl,Rúben Gonçalo_Silva Nascimento Vinagre,Rúben Gonçalo Silva Nascimento Vinagre,,,2020_2021,100.0,EXACT_SOURCE_ID,APPROVED
plr_ba32ab70,fpl,Matija_Sarkic,Matija Sarkic,,,2020_2021,100.0,EXACT_SOURCE_ID,APPROVED
plr_8de051df,fpl,Morgan_Gibbs-White,Morgan Gibbs-White,,,2020_2021,100.0,EXACT_SOURCE_ID,APPROVED
plr_2d94ffe3,fpl,Pedro_Lomba Neto,Pedro Lomba Neto,,,2020_2021,100.0,EXACT_SOURCE_ID,APPROVED
plr_a05be961,fpl,Bruno André_Cavaco Jordao,Bruno André Cavaco Jordao,,,2020_2021,100.0,EXACT_SOURCE_ID,APPROVED
plr_37fb54f2,fpl,Leonardo_Campana,Leonardo Campana,,,2020_2021,100.0,EXACT_SOURCE_ID,APPROVED
plr_1d196211,fpl,Fabio_Silva,Fabio Silva,,,2020_2021,100.0,EXACT_SOURCE_ID,APPROVED
plr_96405cfa,fpl,Fernando_Marçal,Fernando Marçal,,,2020_2021,100.0,EXACT_SOURCE_ID,APPROVED
plr_6f15426d,fpl,Vitor_Ferreira,Vitor Ferreira,,,2020_2021,100.0,EXACT_SOURCE_ID,APPROVED
plr_e2767302,fpl,Ki-Jana_Hoever,Ki-Jana Hoever,,,2020_2021,100.0,EXACT_SOURCE_ID,APPROVED
plr_73cce49b,fpl,Nélson_Cabral Semedo,Nélson Cabral Semedo,,,2020_2021,100.0,EXACT_SOURCE_ID,APPROVED
plr_24086800,fpl,Meritan_Shabani,Meritan Shabani,,,2020_2021,100.0,EXACT_SOURCE_ID,APPROVED
plr_28b0bd5a,fpl,Rayan_Ait Nouri,Rayan Ait Nouri,,,2020_2021,100.0,EXACT_SOURCE_ID,APPROVED
plr_b531ea63,fpl,Owen_Otasowie,Owen Otasowie,,,2020_2021,100.0,EXACT_SOURCE_ID,APPROVED
plr_aaa8ad1b,fpl,Theo_Corbeanu,Theo Corbeanu,,,2020_2021,100.0,EXACT_SOURCE_ID,APPROVED
plr_b6cb4864,fpl,Taylor_Perry,Taylor Perry,,,2020_2021,100.0,EXACT_SOURCE_ID,APPROVED
plr_303daa5e,fpl,Luke_Cundle,Luke Cundle,,,2020_2021,100.0,EXACT_SOURCE_ID,APPROVED
plr_ca975e7a,fpl,Lewis_Richards,Lewis Richards,,,2020_2021,100.0,EXACT_SOURCE_ID,APPROVED
plr_61cf5914,fpl,Christian_Marques,Christian Marques,,,2020_2021,100.0,EXACT_SOURCE_ID,APPROVED
plr_92f4b28f,fpl,Andreas_Söndergaard,Andreas Söndergaard,,,2020_2021,100.0,EXACT_SOURCE_ID,APPROVED
plr_54d6d243,fpl,Patrick_Cutrone,Patrick Cutrone,,,2020_2021,100.0,EXACT_SOURCE_ID,APPROVED
plr_6d406c73,fpl,Nigel_Lonwijk,Nigel Lonwijk,,,2020_2021,100.0,EXACT_SOURCE_ID,APPROVED
plr_ecad7ebf,fpl,Willian José_Da Silva,Willian José Da Silva,,,2020_2021,100.0,EXACT_SOURCE_ID,APPROVED
plr_4369e4d7,fpl,Hugo_Bueno,Hugo Bueno,,,2020_2021,100.0,EXACT_SOURCE_ID,APPROVED
plr_ba6dc226,fpl,Bernd_Leno,Bernd Leno,,,2021_2022,100.0,EXACT_SOURCE_ID,APPROVED
plr_324c1d80,fpl,Rúnar Alex_Rúnarsson,Rúnar Alex Rúnarsson,,,2021_2022,100.0,EXACT_SOURCE_ID,APPROVED
plr_16f80818,fpl,Willian_Borges Da Silva,Willian Borges Da Silva,,,2021_2022,100.0,EXACT_SOURCE_ID,APPROVED
plr_c1b96ef6,fpl,Pierre-Emerick_Aubameyang,Pierre-Emerick Aubameyang,,,2021_2022,100.0,EXACT_SOURCE_ID,APPROVED
plr_575c30f5,fpl,Cédric_Soares,Cédric Soares,,,2021_2022,100.0,EXACT_SOURCE_ID,APPROVED
plr_009d331b,fpl,Alexandre_Lacazette,Alexandre Lacazette,,,2021_2022,100.0,EXACT_SOURCE_ID,APPROVED
plr_7a074e6e,fpl,Granit_Xhaka,Granit Xhaka,,,2021_2022,100.0,EXACT_SOURCE_ID,APPROVED
plr_07936f22,fpl,Pablo_Marí,Pablo Marí,,,2021_2022,100.0,EXACT_SOURCE_ID,APPROVED
plr_b02ec8ab,fpl,Héctor_Bellerín,Héctor Bellerín,,,2021_2022,100.0,EXACT_SOURCE_ID,APPROVED
plr_1f539221,fpl,Sead_Kolasinac,Sead Kolasinac,,,2021_2022,100.0,EXACT_SOURCE_ID,APPROVED
plr_1d21fce3,fpl,Mohamed Naser_El Sayed Elneny,Mohamed Naser El Sayed Elneny,,,2021_2022,100.0,EXACT_SOURCE_ID,APPROVED
plr_8bb04ac4,fpl,Ainsley_Maitland-Niles,Ainsley Maitland-Niles,,,2021_2022,100.0,EXACT_SOURCE_ID,APPROVED
plr_75fc177b,fpl,Rob_Holding,Rob Holding,,,2021_2022,100.0,EXACT_SOURCE_ID,APPROVED
plr_6d04cd45,fpl,Thomas_Partey,Thomas Partey,,,2021_2022,100.0,EXACT_SOURCE_ID,APPROVED
plr_19759780,fpl,Kieran_Tierney,Kieran Tierney,,,2021_2022,100.0,EXACT_SOURCE_ID,APPROVED
plr_c7fa4b2c,fpl,Nicolas_Pépé,Nicolas Pépé,,,2021_2022,100.0,EXACT_SOURCE_ID,APPROVED
plr_4f499a09,fpl,Lucas_Torreira,Lucas Torreira,,,2021_2022,100.0,EXACT_SOURCE_ID,APPROVED
plr_e495a629,fpl,Edward_Nketiah,Edward Nketiah,,,2021_2022,100.0,EXACT_SOURCE_ID,APPROVED
plr_41c13082,fpl,Emile_Smith Rowe,Emile Smith Rowe,,,2021_2022,100.0,EXACT_SOURCE_ID,APPROVED
plr_9046d1f9,fpl,Bukayo_Saka,Bukayo Saka,,,2021_2022,100.0,EXACT_SOURCE_ID,APPROVED
plr_9306d6f5,fpl,Gabriel_Magalhães,Gabriel Magalhães,,,2021_2022,100.0,EXACT_SOURCE_ID,APPROVED
plr_dab601da,fpl,Konstantinos_Mavropanos,Konstantinos Mavropanos,,,2021_2022,100.0,EXACT_SOURCE_ID,APPROVED
plr_17759ef5,fpl,Mattéo_Guendouzi,Mattéo Guendouzi,,,2021_2022,100.0,EXACT_SOURCE_ID,APPROVED
plr_6799bae1,fpl,Gabriel Teodoro_Martinelli Silva,Gabriel Teodoro Martinelli Silva,,,2021_2022,100.0,EXACT_SOURCE_ID,APPROVED
plr_0877063a,fpl,William_Saliba,William Saliba,,,2021_2022,100.0,EXACT_SOURCE_ID,APPROVED
plr_dabacad7,fpl,Ben_White,Ben White,,,2021_2022,100.0,EXACT_SOURCE_ID,APPROVED
plr_5fc05833,fpl,Nuno_Varela Tavares,Nuno Varela Tavares,,,2021_2022,100.0,EXACT_SOURCE_ID,APPROVED
plr_4f7ebeaa,fpl,Albert_Sambi Lokonga,Albert Sambi Lokonga,,,2021_2022,100.0,EXACT_SOURCE_ID,APPROVED
plr_05b88612,fpl,Folarin_Balogun,Folarin Balogun,,,2021_2022,100.0,EXACT_SOURCE_ID,APPROVED
plr_21153a8e,fpl,Reiss_Nelson,Reiss Nelson,,,2021_2022,100.0,EXACT_SOURCE_ID,APPROVED
plr_946b687f,fpl,Karl_Hein,Karl Hein,,,2021_2022,100.0,EXACT_SOURCE_ID,APPROVED
plr_4275fa01,fpl,Martin_Ødegaard,Martin Ødegaard,,,2021_2022,100.0,EXACT_SOURCE_ID,APPROVED
plr_7ed50f7b,fpl,Aaron_Ramsdale,Aaron Ramsdale,,,2021_2022,100.0,EXACT_SOURCE_ID,APPROVED
plr_1e2387d0,fpl,Arthur_Okonkwo,Arthur Okonkwo,,,2021_2022,100.0,EXACT_SOURCE_ID,APPROVED
plr_ffbab246,fpl,Takehiro_Tomiyasu,Takehiro Tomiyasu,,,2021_2022,100.0,EXACT_SOURCE_ID,APPROVED
plr_f9feb19c,fpl,Charlie_Patino,Charlie Patino,,,2021_2022,100.0,EXACT_SOURCE_ID,APPROVED
plr_b28c6133,fpl,Omari_Hutchinson,Omari Hutchinson,,,2021_2022,100.0,EXACT_SOURCE_ID,APPROVED
plr_ded2c891,fpl,Salah-Eddine_Oulad M'hand,Salah-Eddine Oulad M'hand,,,2021_2022,100.0,EXACT_SOURCE_ID,APPROVED
plr_618fcadb,fpl,Mika_Biereth,Mika Biereth,,,2021_2022,100.0,EXACT_SOURCE_ID,APPROVED
plr_dc035a0f,fpl,Ryan_Alebiosu,Ryan Alebiosu,,,2021_2022,100.0,EXACT_SOURCE_ID,APPROVED
plr_b751aa87,fpl,Zach_Awe,Zach Awe,,,2021_2022,100.0,EXACT_SOURCE_ID,APPROVED
plr_66bb1ff3,fpl,Zak_Swanson,Zak Swanson,,,2021_2022,100.0,EXACT_SOURCE_ID,APPROVED
plr_e95f0411,fpl,Mazeed_Ogungbo,Mazeed Ogungbo,,,2021_2022,100.0,EXACT_SOURCE_ID,APPROVED
plr_8b45345b,fpl,Marcelo_Flores,Marcelo Flores,,,2021_2022,100.0,EXACT_SOURCE_ID,APPROVED
plr_cfca29ec,fpl,Miguel_Azeez,Miguel Azeez,,,2021_2022,100.0,EXACT_SOURCE_ID,APPROVED
plr_76bf21c8,fpl,Alex_Kirk,Alex Kirk,,,2021_2022,100.0,EXACT_SOURCE_ID,APPROVED
plr_69be10b5,fpl,Calum_Chambers,Calum Chambers,,,2021_2022,100.0,EXACT_SOURCE_ID,APPROVED
plr_bdadaff1,fpl,Jed_Steer,Jed Steer,,,2021_2022,100.0,EXACT_SOURCE_ID,APPROVED
plr_4c243d2b,fpl,Conor_Hourihane,Conor Hourihane,,,2021_2022,100.0,EXACT_SOURCE_ID,APPROVED
plr_0f9a7324,fpl,Emiliano_Martínez,Emiliano Martínez,,,2021_2022,100.0,EXACT_SOURCE_ID,APPROVED
plr_2c61a1c6,fpl,Björn_Engels,Björn Engels,,,2021_2022,100.0,EXACT_SOURCE_ID,APPROVED
plr_97c20402,fpl,Bertrand_Traoré,Bertrand Traoré,,,2021_2022,100.0,EXACT_SOURCE_ID,APPROVED
plr_af1ca28d,fpl,Morgan_Sanson,Morgan Sanson,,,2021_2022,100.0,EXACT_SOURCE_ID,APPROVED
plr_b80b178b,fpl,John_McGinn,John McGinn,,,2021_2022,100.0,EXACT_SOURCE_ID,APPROVED
plr_47ba0c28,fpl,Kortney_Hause,Kortney Hause,,,2021_2022,100.0,EXACT_SOURCE_ID,APPROVED
plr_b2ae3cd9,fpl,Mahmoud Ahmed_Ibrahim Hassan,Mahmoud Ahmed Ibrahim Hassan,,,2021_2022,100.0,EXACT_SOURCE_ID,APPROVED
plr_2a1cceba,fpl,Tyrone_Mings,Tyrone Mings,,,2021_2022,100.0,EXACT_SOURCE_ID,APPROVED
plr_f62bf7c1,fpl,Ollie_Watkins,Ollie Watkins,,,2021_2022,100.0,EXACT_SOURCE_ID,APPROVED
plr_79a574cf,fpl,Marvelous_Nakamba,Marvelous Nakamba,,,2021_2022,100.0,EXACT_SOURCE_ID,APPROVED
plr_856c6932,fpl,Emiliano_Buendía Stati,Emiliano Buendía Stati,,,2021_2022,100.0,EXACT_SOURCE_ID,APPROVED
plr_ceecf8ab,fpl,Matthew_Cash,Matthew Cash,,,2021_2022,100.0,EXACT_SOURCE_ID,APPROVED
plr_6fca36f8,fpl,Ezri_Konsa Ngoyo,Ezri Konsa Ngoyo,,,2021_2022,100.0,EXACT_SOURCE_ID,APPROVED
plr_199625c1,fpl,Frédéric_Guilbert,Frédéric Guilbert,,,2021_2022,100.0,EXACT_SOURCE_ID,APPROVED
plr_f3e2c44b,fpl,Wesley_Moraes,Wesley Moraes,,,2021_2022,100.0,EXACT_SOURCE_ID,APPROVED
plr_05f136cc,fpl,Mbwana Ally_Samatta,Mbwana Ally Samatta,,,2021_2022,100.0,EXACT_SOURCE_ID,APPROVED
plr_bf0dc4a8,fpl,Keinan_Davis,Keinan Davis,,,2021_2022,100.0,EXACT_SOURCE_ID,APPROVED
plr_224cb649,fpl,Douglas Luiz_Soares de Paulo,Douglas Luiz Soares de Paulo,,,2021_2022,100.0,EXACT_SOURCE_ID,APPROVED
plr_fd69e239,fpl,Jacob_Ramsey,Jacob Ramsey,,,2021_2022,100.0,EXACT_SOURCE_ID,APPROVED
plr_53414c88,fpl,Ashley_Young,Ashley Young,,,2021_2022,100.0,EXACT_SOURCE_ID,APPROVED
plr_c092db73,fpl,Lucas_Digne,Lucas Digne,,,2021_2022,100.0,EXACT_SOURCE_ID,APPROVED
plr_186f2d5c,fpl,Danny_Ings,Danny Ings,,,2021_2022,100.0,EXACT_SOURCE_ID,APPROVED
plr_4f6c54ae,fpl,Leon_Bailey,Leon Bailey,,,2021_2022,100.0,EXACT_SOURCE_ID,APPROVED
plr_c3944c1f,fpl,Aaron_Ramsey,Aaron Ramsey,,,2021_2022,100.0,EXACT_SOURCE_ID,APPROVED
plr_4325001a,fpl,Jaden_Philogene-Bidace,Jaden Philogene-Bidace,,,2021_2022,100.0,EXACT_SOURCE_ID,APPROVED
plr_640190f2,fpl,Carney_Chukwuemeka,Carney Chukwuemeka,,,2021_2022,100.0,EXACT_SOURCE_ID,APPROVED
plr_f4399801,fpl,Cameron_Archer,Cameron Archer,,,2021_2022,100.0,EXACT_SOURCE_ID,APPROVED
plr_cae338cb,fpl,Viljami_Sinisalo,Viljami Sinisalo,,,2021_2022,100.0,EXACT_SOURCE_ID,APPROVED
plr_bb525c72,fpl,Lamare_Bogarde,Lamare Bogarde,,,2021_2022,100.0,EXACT_SOURCE_ID,APPROVED
plr_2e60dc70,fpl,Tim_Iroegbunam,Tim Iroegbunam,,,2021_2022,100.0,EXACT_SOURCE_ID,APPROVED
plr_7f42ad4d,fpl,Filip_Marschall,Filip Marschall,,,2021_2022,100.0,EXACT_SOURCE_ID,APPROVED
plr_ff649b8c,fpl,Josh_Feeney,Josh Feeney,,,2021_2022,100.0,EXACT_SOURCE_ID,APPROVED
plr_2528b8e0,fpl,Philippe_Coutinho Correia,Philippe Coutinho Correia,,,2021_2022,100.0,EXACT_SOURCE_ID,APPROVED
plr_75d310d3,fpl,Kaine_Hayden,Kaine Hayden,,,2021_2022,100.0,EXACT_SOURCE_ID,APPROVED
plr_ec05e60f,fpl,Robin_Olsen,Robin Olsen,,,2021_2022,100.0,EXACT_SOURCE_ID,APPROVED
plr_2e0e058d,fpl,Benjamin_Chrisene,Benjamin Chrisene,,,2021_2022,100.0,EXACT_SOURCE_ID,APPROVED
plr_c4185370,fpl,Tommi_O'Reilly,Tommi O'Reilly,,,2021_2022,100.0,EXACT_SOURCE_ID,APPROVED
plr_8a88b301,fpl,Pontus_Jansson,Pontus Jansson,,,2021_2022,100.0,EXACT_SOURCE_ID,APPROVED
plr_029b2ea7,fpl,Christian_Nørgaard,Christian Nørgaard,,,2021_2022,100.0,EXACT_SOURCE_ID,APPROVED
plr_58ba4b80,fpl,Ivan_Toney,Ivan Toney,,,2021_2022,100.0,EXACT_SOURCE_ID,APPROVED
plr_422a59e4,fpl,Tariqe_Fosu-Henry,Tariqe Fosu-Henry,,,2021_2022,100.0,EXACT_SOURCE_ID,APPROVED
plr_f72dc2e5,fpl,David_Raya Martin,David Raya Martin,,,2021_2022,100.0,EXACT_SOURCE_ID,APPROVED
plr_549001fa,fpl,Sergi_Canós,Sergi Canós,,,2021_2022,100.0,EXACT_SOURCE_ID,APPROVED
plr_45314dab,fpl,Pelenda Joshua_Dasilva,Pelenda Joshua Dasilva,,,2021_2022,100.0,EXACT_SOURCE_ID,APPROVED
plr_051f2849,fpl,Rico_Henry,Rico Henry,,,2021_2022,100.0,EXACT_SOURCE_ID,APPROVED
plr_b581a768,fpl,Vitaly_Janelt,Vitaly Janelt,,,2021_2022,100.0,EXACT_SOURCE_ID,APPROVED
plr_a084db7e,fpl,Saman_Ghoddos,Saman Ghoddos,,,2021_2022,100.0,EXACT_SOURCE_ID,APPROVED
plr_9660b2bc,fpl,Mathias_Jensen,Mathias Jensen,,,2021_2022,100.0,EXACT_SOURCE_ID,APPROVED
plr_d9698762,fpl,Charlie_Goode,Charlie Goode,,,2021_2022,100.0,EXACT_SOURCE_ID,APPROVED
plr_e6cabd43,fpl,Marcus_Forss,Marcus Forss,,,2021_2022,100.0,EXACT_SOURCE_ID,APPROVED
plr_b1c4f45e,fpl,Mads_Roerslev Rasmussen,Mads Roerslev Rasmussen,,,2021_2022,100.0,EXACT_SOURCE_ID,APPROVED
plr_0eff10a4,fpl,Mads_Bech Sørensen,Mads Bech Sørensen,,,2021_2022,100.0,EXACT_SOURCE_ID,APPROVED
plr_d4e55497,fpl,Ethan_Pinnock,Ethan Pinnock,,,2021_2022,100.0,EXACT_SOURCE_ID,APPROVED
plr_c67e84b0,fpl,Ellery_Balcombe,Ellery Balcombe,,,2021_2022,100.0,EXACT_SOURCE_ID,APPROVED
plr_0187e258,fpl,Jan_Zamburek,Jan Zamburek,,,2021_2022,100.0,EXACT_SOURCE_ID,APPROVED
plr_5fdfefdf,fpl,Patrik_Gunnarsson,Patrik Gunnarsson,,,2021_2022,100.0,EXACT_SOURCE_ID,APPROVED
plr_484684f5,fpl,Halil_Dervişoğlu,Halil Dervişoğlu,,,2021_2022,100.0,EXACT_SOURCE_ID,APPROVED
plr_dc53e5ae,fpl,Bryan_Mbeumo,Bryan Mbeumo,,,2021_2022,100.0,EXACT_SOURCE_ID,APPROVED
plr_e49151a3,fpl,Mads_Bidstrup,Mads Bidstrup,,,2021_2022,100.0,EXACT_SOURCE_ID,APPROVED
plr_258a34e6,fpl,Frank_Onyeka,Frank Onyeka,,,2021_2022,100.0,EXACT_SOURCE_ID,APPROVED
plr_422824a3,fpl,Kristoffer_Ajer,Kristoffer Ajer,,,2021_2022,100.0,EXACT_SOURCE_ID,APPROVED
plr_1bd0d717,fpl,Dominic_Thompson,Dominic Thompson,,,2021_2022,100.0,EXACT_SOURCE_ID,APPROVED
plr_fd7aaf72,fpl,Shandon_Baptiste,Shandon Baptiste,,,2021_2022,100.0,EXACT_SOURCE_ID,APPROVED
plr_4de1884b,fpl,Yoane_Wissa,Yoane Wissa,,,2021_2022,100.0,EXACT_SOURCE_ID,APPROVED
plr_8a0547f9,fpl,Álvaro_Fernández,Álvaro Fernández,,,2021_2022,100.0,EXACT_SOURCE_ID,APPROVED
plr_99e2d8a9,fpl,Finley_Stevens,Finley Stevens,,,2021_2022,100.0,EXACT_SOURCE_ID,APPROVED
plr_edb71096,fpl,Mathias_Jorgensen,Mathias Jorgensen,,,2021_2022,100.0,EXACT_SOURCE_ID,APPROVED
plr_d4221244,fpl,Paris_Maghoma,Paris Maghoma,,,2021_2022,100.0,EXACT_SOURCE_ID,APPROVED
plr_140e036d,fpl,Matthew_Cox,Matthew Cox,,,2021_2022,100.0,EXACT_SOURCE_ID,APPROVED
plr_bad00700,fpl,Maxwell_Haygarth,Maxwell Haygarth,,,2021_2022,100.0,EXACT_SOURCE_ID,APPROVED
plr_5aab9094,fpl,Nathan_Young-Coombes,Nathan Young-Coombes,,,2021_2022,100.0,EXACT_SOURCE_ID,APPROVED
plr_a7bb9b95,fpl,Myles_Peart-Harris,Myles Peart-Harris,,,2021_2022,100.0,EXACT_SOURCE_ID,APPROVED
plr_969e1656,fpl,Jonas_Lössl,Jonas Lössl,,,2021_2022,100.0,EXACT_SOURCE_ID,APPROVED
plr_db85421e,fpl,Christian_Eriksen,Christian Eriksen,,,2021_2022,100.0,EXACT_SOURCE_ID,APPROVED
plr_feb09c35,fpl,Julian_Jeanvier,Julian Jeanvier,,,2021_2022,100.0,EXACT_SOURCE_ID,APPROVED
plr_69404e2f,fpl,Adam_Lallana,Adam Lallana,,,2021_2022,100.0,EXACT_SOURCE_ID,APPROVED
plr_99e3e7a9,fpl,Jason_Steele,Jason Steele,,,2021_2022,100.0,EXACT_SOURCE_ID,APPROVED
plr_53b3d5c8,fpl,Pascal_Groß,Pascal Groß,,,2021_2022,100.0,EXACT_SOURCE_ID,APPROVED
plr_9ac03e31,fpl,Shane_Duffy,Shane Duffy,,,2021_2022,100.0,EXACT_SOURCE_ID,APPROVED
plr_047f0623,fpl,Davy_Pröpper,Davy Pröpper,,,2021_2022,100.0,EXACT_SOURCE_ID,APPROVED
plr_92d26c82,fpl,Lewis_Dunk,Lewis Dunk,,,2021_2022,100.0,EXACT_SOURCE_ID,APPROVED
plr_124ba265,fpl,Solomon_March,Solomon March,,,2021_2022,100.0,EXACT_SOURCE_ID,APPROVED
plr_722b129b,fpl,Adam_Webster,Adam Webster,,,2021_2022,100.0,EXACT_SOURCE_ID,APPROVED
plr_d9b9d326,fpl,Joël_Veltman,Joël Veltman,,,2021_2022,100.0,EXACT_SOURCE_ID,APPROVED
plr_be9ef6b4,fpl,Neal_Maupay,Neal Maupay,,,2021_2022,100.0,EXACT_SOURCE_ID,APPROVED
plr_baa7df05,fpl,Leandro_Trossard,Leandro Trossard,,,2021_2022,100.0,EXACT_SOURCE_ID,APPROVED
plr_2cf1a31b,fpl,Mathew_Ryan,Mathew Ryan,,,2021_2022,100.0,EXACT_SOURCE_ID,APPROVED
plr_9de67afd,fpl,Alireza_Jahanbakhsh,Alireza Jahanbakhsh,,,2021_2022,100.0,EXACT_SOURCE_ID,APPROVED
plr_39c360df,fpl,Bernardo_Fernandes Da Silva Junior,Bernardo Fernandes Da Silva Junior,,,2021_2022,100.0,EXACT_SOURCE_ID,APPROVED
plr_9ae50171,fpl,Robert_Sánchez,Robert Sánchez,,,2021_2022,100.0,EXACT_SOURCE_ID,APPROVED
plr_85eca013,fpl,Yves_Bissouma,Yves Bissouma,,,2021_2022,100.0,EXACT_SOURCE_ID,APPROVED
plr_7c605626,fpl,Tariq_Lamptey,Tariq Lamptey,,,2021_2022,100.0,EXACT_SOURCE_ID,APPROVED
plr_416ebe5f,fpl,Aaron_Connolly,Aaron Connolly,,,2021_2022,100.0,EXACT_SOURCE_ID,APPROVED
plr_b183cff6,fpl,Steven_Alzate,Steven Alzate,,,2021_2022,100.0,EXACT_SOURCE_ID,APPROVED
plr_a7905d85,fpl,Alexis_Mac Allister,Alexis Mac Allister,,,2021_2022,100.0,EXACT_SOURCE_ID,APPROVED
plr_47ce5e6d,fpl,Jakub_Moder,Jakub Moder,,,2021_2022,100.0,EXACT_SOURCE_ID,APPROVED
plr_57a59d45,fpl,Danny_Welbeck,Danny Welbeck,,,2021_2022,100.0,EXACT_SOURCE_ID,APPROVED
plr_e10bd51a,fpl,Enock_Mwepu,Enock Mwepu,,,2021_2022,100.0,EXACT_SOURCE_ID,APPROVED
plr_0a6b8ac7,fpl,Kjell_Scherpen,Kjell Scherpen,,,2021_2022,100.0,EXACT_SOURCE_ID,APPROVED
plr_bed7298d,fpl,Florin_Andone,Florin Andone,,,2021_2022,100.0,EXACT_SOURCE_ID,APPROVED
plr_bcde3239,fpl,Andi_Zeqiri,Andi Zeqiri,,,2021_2022,100.0,EXACT_SOURCE_ID,APPROVED
plr_e2617819,fpl,Michal_Karbownik,Michal Karbownik,,,2021_2022,100.0,EXACT_SOURCE_ID,APPROVED
plr_55d795b7,fpl,Taylor_Richards,Taylor Richards,,,2021_2022,100.0,EXACT_SOURCE_ID,APPROVED
plr_7e528fb7,fpl,Moisés_Caicedo,Moisés Caicedo,,,2021_2022,100.0,EXACT_SOURCE_ID,APPROVED
plr_88ee70da,fpl,Haydon_Roberts,Haydon Roberts,,,2021_2022,100.0,EXACT_SOURCE_ID,APPROVED
plr_80d468fa,fpl,Marc_Cucurella,Marc Cucurella,,,2021_2022,100.0,EXACT_SOURCE_ID,APPROVED
plr_c6509a79,fpl,Jürgen_Locadia,Jürgen Locadia,,,2021_2022,100.0,EXACT_SOURCE_ID,APPROVED
plr_a15797bf,fpl,Jeremy_Sarmiento,Jeremy Sarmiento,,,2021_2022,100.0,EXACT_SOURCE_ID,APPROVED
plr_cd77cac2,fpl,Ed_Turns,Ed Turns,,,2021_2022,100.0,EXACT_SOURCE_ID,APPROVED
plr_9740b5c6,fpl,Marc_Leonard,Marc Leonard,,,2021_2022,100.0,EXACT_SOURCE_ID,APPROVED
plr_7f47ad56,fpl,Evan_Ferguson,Evan Ferguson,,,2021_2022,100.0,EXACT_SOURCE_ID,APPROVED
plr_f23f55c6,fpl,Thomas_McGill,Thomas McGill,,,2021_2022,100.0,EXACT_SOURCE_ID,APPROVED
plr_33322b82,fpl,Odeluga_Offiah,Odeluga Offiah,,,2021_2022,100.0,EXACT_SOURCE_ID,APPROVED
plr_19143a51,fpl,James_Tarkowski,James Tarkowski,,,2021_2022,100.0,EXACT_SOURCE_ID,APPROVED
plr_ac3c5620,fpl,Phil_Bardsley,Phil Bardsley,,,2021_2022,100.0,EXACT_SOURCE_ID,APPROVED
plr_1154234e,fpl,Erik_Pieters,Erik Pieters,,,2021_2022,100.0,EXACT_SOURCE_ID,APPROVED
plr_26e40c3e,fpl,Jack_Cork,Jack Cork,,,2021_2022,100.0,EXACT_SOURCE_ID,APPROVED
plr_8b2f0850,fpl,Dale_Stephens,Dale Stephens,,,2021_2022,100.0,EXACT_SOURCE_ID,APPROVED
plr_c9f999b9,fpl,Kevin_Long,Kevin Long,,,2021_2022,100.0,EXACT_SOURCE_ID,APPROVED
plr_3c924fc5,fpl,Jay_Rodriguez,Jay Rodriguez,,,2021_2022,100.0,EXACT_SOURCE_ID,APPROVED
plr_9a2d8da7,fpl,Ashley_Barnes,Ashley Barnes,,,2021_2022,100.0,EXACT_SOURCE_ID,APPROVED
plr_1ed00b57,fpl,Ben_Mee,Ben Mee,,,2021_2022,100.0,EXACT_SOURCE_ID,APPROVED
plr_8a3c2afa,fpl,Ashley_Westwood,Ashley Westwood,,,2021_2022,100.0,EXACT_SOURCE_ID,APPROVED
plr_6b44045d,fpl,Johann Berg_Gudmundsson,Johann Berg Gudmundsson,,,2021_2022,100.0,EXACT_SOURCE_ID,APPROVED
plr_65fff381,fpl,Matthew_Lowton,Matthew Lowton,,,2021_2022,100.0,EXACT_SOURCE_ID,APPROVED
plr_e6d00b83,fpl,Matej_Vydra,Matej Vydra,,,2021_2022,100.0,EXACT_SOURCE_ID,APPROVED
plr_56b0b101,fpl,Nick_Pope,Nick Pope,,,2021_2022,100.0,EXACT_SOURCE_ID,APPROVED
plr_2e5618ed,fpl,Charlie_Taylor,Charlie Taylor,,,2021_2022,100.0,EXACT_SOURCE_ID,APPROVED
plr_7ccbbfc4,fpl,Will_Norris,Will Norris,,,2021_2022,100.0,EXACT_SOURCE_ID,APPROVED
plr_075c844f,fpl,Josh_Brownhill,Josh Brownhill,,,2021_2022,100.0,EXACT_SOURCE_ID,APPROVED
plr_812a0509,fpl,Josh_Benson,Josh Benson,,,2021_2022,100.0,EXACT_SOURCE_ID,APPROVED
plr_c0454a67,fpl,Bailey_Peacock-Farrell,Bailey Peacock-Farrell,,,2021_2022,100.0,EXACT_SOURCE_ID,APPROVED
plr_2496d367,fpl,Dwight_McNeil,Dwight McNeil,,,2021_2022,100.0,EXACT_SOURCE_ID,APPROVED
plr_a7a8e27e,fpl,Nathan_Collins,Nathan Collins,,,2021_2022,100.0,EXACT_SOURCE_ID,APPROVED
plr_cc923701,fpl,Wayne_Hennessey,Wayne Hennessey,,,2021_2022,100.0,EXACT_SOURCE_ID,APPROVED
plr_99fdf97b,fpl,Lewis_Richardson,Lewis Richardson,,,2021_2022,100.0,EXACT_SOURCE_ID,APPROVED
plr_d6a1c100,fpl,Bobby_Thomas,Bobby Thomas,,,2021_2022,100.0,EXACT_SOURCE_ID,APPROVED
plr_a1b17c5a,fpl,Owen_Dodgson,Owen Dodgson,,,2021_2022,100.0,EXACT_SOURCE_ID,APPROVED
plr_fc13e07a,fpl,Aaron_Lennon,Aaron Lennon,,,2021_2022,100.0,EXACT_SOURCE_ID,APPROVED
plr_dc2e718e,fpl,Maxwel_Cornet,Maxwel Cornet,,,2021_2022,100.0,EXACT_SOURCE_ID,APPROVED
plr_2f62c95e,fpl,Connor_Roberts,Connor Roberts,,,2021_2022,100.0,EXACT_SOURCE_ID,APPROVED
plr_779bd682,fpl,Wout_Weghorst,Wout Weghorst,,,2021_2022,100.0,EXACT_SOURCE_ID,APPROVED
plr_7625f454,fpl,Sam_Waller,Sam Waller,,,2021_2022,100.0,EXACT_SOURCE_ID,APPROVED
plr_93a07ab5,fpl,Dara_Costelloe,Dara Costelloe,,,2021_2022,100.0,EXACT_SOURCE_ID,APPROVED
plr_03c821bd,fpl,Joseph_McGlynn,Joseph McGlynn,,,2021_2022,100.0,EXACT_SOURCE_ID,APPROVED
plr_31939bb2,fpl,Anthony_Mancini,Anthony Mancini,,,2021_2022,100.0,EXACT_SOURCE_ID,APPROVED
plr_27c07b48,fpl,César_Azpilicueta,César Azpilicueta,,,2021_2022,100.0,EXACT_SOURCE_ID,APPROVED
plr_b5a61b9b,fpl,Olivier_Giroud,Olivier Giroud,,,2021_2022,100.0,EXACT_SOURCE_ID,APPROVED
plr_3d60cd55,fpl,Thiago_Emiliano da Silva,Thiago Emiliano da Silva,,,2021_2022,100.0,EXACT_SOURCE_ID,APPROVED
plr_d989ee81,fpl,Marcos_Alonso,Marcos Alonso,,,2021_2022,100.0,EXACT_SOURCE_ID,APPROVED
plr_d447f5b6,fpl,Jorge Luiz_Frello Filho,Jorge Luiz Frello Filho,,,2021_2022,100.0,EXACT_SOURCE_ID,APPROVED
plr_0aef8c07,fpl,Ross_Barkley,Ross Barkley,,,2021_2022,100.0,EXACT_SOURCE_ID,APPROVED
plr_15641d4e,fpl,Mateo_Kovacic,Mateo Kovacic,,,2021_2022,100.0,EXACT_SOURCE_ID,APPROVED
plr_edc4c0a9,fpl,Michy_Batshuayi,Michy Batshuayi,,,2021_2022,100.0,EXACT_SOURCE_ID,APPROVED
plr_ea87a362,fpl,Antonio_Rüdiger,Antonio Rüdiger,,,2021_2022,100.0,EXACT_SOURCE_ID,APPROVED
plr_c0b6795a,fpl,Kepa_Arrizabalaga,Kepa Arrizabalaga,,,2021_2022,100.0,EXACT_SOURCE_ID,APPROVED
plr_38c7228d,fpl,N'Golo_Kanté,N'Golo Kanté,,,2021_2022,100.0,EXACT_SOURCE_ID,APPROVED
plr_b390d8c7,fpl,Hakim_Ziyech,Hakim Ziyech,,,2021_2022,100.0,EXACT_SOURCE_ID,APPROVED
plr_80eca6cf,fpl,Ruben_Loftus-Cheek,Ruben Loftus-Cheek,,,2021_2022,100.0,EXACT_SOURCE_ID,APPROVED
plr_0f120fda,fpl,Andreas_Christensen,Andreas Christensen,,,2021_2022,100.0,EXACT_SOURCE_ID,APPROVED
plr_390ef63e,fpl,Timo_Werner,Timo Werner,,,2021_2022,100.0,EXACT_SOURCE_ID,APPROVED
plr_a1d99e09,fpl,Benjamin_Chilwell,Benjamin Chilwell,,,2021_2022,100.0,EXACT_SOURCE_ID,APPROVED
plr_344b033a,fpl,Tammy_Abraham,Tammy Abraham,,,2021_2022,100.0,EXACT_SOURCE_ID,APPROVED
plr_23a96cd3,fpl,Christian_Pulisic,Christian Pulisic,,,2021_2022,100.0,EXACT_SOURCE_ID,APPROVED
plr_e2b6e7d6,fpl,Mason_Mount,Mason Mount,,,2021_2022,100.0,EXACT_SOURCE_ID,APPROVED
plr_14bff80e,fpl,Ethan_Ampadu,Ethan Ampadu,,,2021_2022,100.0,EXACT_SOURCE_ID,APPROVED
plr_0788ba18,fpl,Callum_Hudson-Odoi,Callum Hudson-Odoi,,,2021_2022,100.0,EXACT_SOURCE_ID,APPROVED
plr_45c18e59,fpl,Kai_Havertz,Kai Havertz,,,2021_2022,100.0,EXACT_SOURCE_ID,APPROVED
plr_2cb9f518,fpl,Reece_James,Reece James,,,2021_2022,100.0,EXACT_SOURCE_ID,APPROVED
plr_8f23c965,fpl,Edouard_Mendy,Edouard Mendy,,,2021_2022,100.0,EXACT_SOURCE_ID,APPROVED
plr_9bb42042,fpl,Malang_Sarr,Malang Sarr,,,2021_2022,100.0,EXACT_SOURCE_ID,APPROVED
plr_82fd23e2,fpl,Trevoh_Chalobah,Trevoh Chalobah,,,2021_2022,100.0,EXACT_SOURCE_ID,APPROVED
plr_36e9fcc6,fpl,Romelu_Lukaku,Romelu Lukaku,,,2021_2022,100.0,EXACT_SOURCE_ID,APPROVED
plr_deecb64e,fpl,Emerson_Palmieri dos Santos,Emerson Palmieri dos Santos,,,2021_2022,100.0,EXACT_SOURCE_ID,APPROVED
plr_55f01b67,fpl,Saúl_Ñíguez,Saúl Ñíguez,,,2021_2022,100.0,EXACT_SOURCE_ID,APPROVED
plr_78f619aa,fpl,Marcus_Bettinelli,Marcus Bettinelli,,,2021_2022,100.0,EXACT_SOURCE_ID,APPROVED
plr_686214d5,fpl,Lewis_Hall,Lewis Hall,,,2021_2022,100.0,EXACT_SOURCE_ID,APPROVED
plr_2004ad7a,fpl,Harvey_Vale,Harvey Vale,,,2021_2022,100.0,EXACT_SOURCE_ID,APPROVED
plr_abc417f2,fpl,Robert Kenedy_Nunes do Nascimento,Robert Kenedy Nunes do Nascimento,,,2021_2022,100.0,EXACT_SOURCE_ID,APPROVED
plr_0626fb67,fpl,Conor_Gallagher,Conor Gallagher,,,2021_2022,100.0,EXACT_SOURCE_ID,APPROVED
plr_d93b2d40,fpl,Vicente_Guaita,Vicente Guaita,,,2021_2022,100.0,EXACT_SOURCE_ID,APPROVED
plr_f071052d,fpl,James_Tomkins,James Tomkins,,,2021_2022,100.0,EXACT_SOURCE_ID,APPROVED
plr_095d3e2e,fpl,James_McArthur,James McArthur,,,2021_2022,100.0,EXACT_SOURCE_ID,APPROVED
plr_bb4b90c6,fpl,Christian_Benteke,Christian Benteke,,,2021_2022,100.0,EXACT_SOURCE_ID,APPROVED
plr_e0ac13a7,fpl,Cheikhou_Kouyaté,Cheikhou Kouyaté,,,2021_2022,100.0,EXACT_SOURCE_ID,APPROVED
plr_6c8e730d,fpl,Martin_Kelly,Martin Kelly,,,2021_2022,100.0,EXACT_SOURCE_ID,APPROVED
plr_b340627b,fpl,Luka_Milivojevic,Luka Milivojevic,,,2021_2022,100.0,EXACT_SOURCE_ID,APPROVED
plr_d8e6eda3,fpl,Jordan_Ayew,Jordan Ayew,,,2021_2022,100.0,EXACT_SOURCE_ID,APPROVED
plr_a1c97339,fpl,Wilfried_Zaha,Wilfried Zaha,,,2021_2022,100.0,EXACT_SOURCE_ID,APPROVED
plr_ebc42821,fpl,Jeffrey_Schlupp,Jeffrey Schlupp,,,2021_2022,100.0,EXACT_SOURCE_ID,APPROVED
plr_158a661c,fpl,Jack_Butland,Jack Butland,,,2021_2022,100.0,EXACT_SOURCE_ID,APPROVED
plr_89741d30,fpl,Jairo_Riedewald,Jairo Riedewald,,,2021_2022,100.0,EXACT_SOURCE_ID,APPROVED
plr_e0254cba,fpl,Jarosław_Jach,Jarosław Jach,,,2021_2022,100.0,EXACT_SOURCE_ID,APPROVED
plr_7e7f2b54,fpl,Jean-Philippe_Mateta,Jean-Philippe Mateta,,,2021_2022,100.0,EXACT_SOURCE_ID,APPROVED
plr_4757eba1,fpl,Eberechi_Eze,Eberechi Eze,,,2021_2022,100.0,EXACT_SOURCE_ID,APPROVED
plr_b462cac1,fpl,Nathan_Ferguson,Nathan Ferguson,,,2021_2022,100.0,EXACT_SOURCE_ID,APPROVED
plr_ffabee2c,fpl,Tyrick_Mitchell,Tyrick Mitchell,,,2021_2022,100.0,EXACT_SOURCE_ID,APPROVED
plr_c2ceefd4,fpl,Will_Hughes,Will Hughes,,,2021_2022,100.0,EXACT_SOURCE_ID,APPROVED
plr_f92c2078,fpl,Michael_Olise,Michael Olise,,,2021_2022,100.0,EXACT_SOURCE_ID,APPROVED
plr_01bb6ef3,fpl,Joel_Ward,Joel Ward,,,2021_2022,100.0,EXACT_SOURCE_ID,APPROVED
plr_b6854220,fpl,Marc_Guéhi,Marc Guéhi,,,2021_2022,100.0,EXACT_SOURCE_ID,APPROVED
plr_e6d2942e,fpl,Joachim_Andersen,Joachim Andersen,,,2021_2022,100.0,EXACT_SOURCE_ID,APPROVED
plr_8123d5e9,fpl,Nathaniel_Clyne,Nathaniel Clyne,,,2021_2022,100.0,EXACT_SOURCE_ID,APPROVED
plr_1c2f3dc8,fpl,Reece_Hannam,Reece Hannam,,,2021_2022,100.0,EXACT_SOURCE_ID,APPROVED
plr_d8f48470,fpl,Jesurun_Rak-Sakyi,Jesurun Rak-Sakyi,,,2021_2022,100.0,EXACT_SOURCE_ID,APPROVED
plr_990fb1f6,fpl,Robert_Street,Robert Street,,,2021_2022,100.0,EXACT_SOURCE_ID,APPROVED
plr_0294885f,fpl,Scott_Banks,Scott Banks,,,2021_2022,100.0,EXACT_SOURCE_ID,APPROVED
plr_5a9d85f1,fpl,Remi_Matthews,Remi Matthews,,,2021_2022,100.0,EXACT_SOURCE_ID,APPROVED
plr_80bff014,fpl,Odsonne_Edouard,Odsonne Edouard,,,2021_2022,100.0,EXACT_SOURCE_ID,APPROVED
plr_98f3ae29,fpl,Tayo_Adaramola,Tayo Adaramola,,,2021_2022,100.0,EXACT_SOURCE_ID,APPROVED
plr_1f920d21,fpl,Anwar_El Ghazi,Anwar El Ghazi,,,2021_2022,100.0,EXACT_SOURCE_ID,APPROVED
plr_b60c58c3,fpl,Fabian_Delph,Fabian Delph,,,2021_2022,100.0,EXACT_SOURCE_ID,APPROVED
plr_b37d98e5,fpl,Gylfi_Sigurdsson,Gylfi Sigurdsson,,,2021_2022,100.0,EXACT_SOURCE_ID,APPROVED
plr_bda65dd4,fpl,Seamus_Coleman,Seamus Coleman,,,2021_2022,100.0,EXACT_SOURCE_ID,APPROVED
plr_ac7aff73,fpl,James_Rodríguez,James Rodríguez,,,2021_2022,100.0,EXACT_SOURCE_ID,APPROVED
plr_c2d154bc,fpl,Bernard_Anício Caldeira Duarte,Bernard Anício Caldeira Duarte,,,2021_2022,100.0,EXACT_SOURCE_ID,APPROVED
plr_c4c8c5e9,fpl,Michael_Keane,Michael Keane,,,2021_2022,100.0,EXACT_SOURCE_ID,APPROVED
plr_3a37f5bb,fpl,Jordan_Pickford,Jordan Pickford,,,2021_2022,100.0,EXACT_SOURCE_ID,APPROVED
plr_2f338734,fpl,Allan_Marques Loureiro,Allan Marques Loureiro,,,2021_2022,100.0,EXACT_SOURCE_ID,APPROVED
plr_de75d325,fpl,André Filipe_Tavares Gomes,André Filipe Tavares Gomes,,,2021_2022,100.0,EXACT_SOURCE_ID,APPROVED
plr_d5fef6e3,fpl,Abdoulaye_Doucouré,Abdoulaye Doucouré,,,2021_2022,100.0,EXACT_SOURCE_ID,APPROVED
plr_c89984c2,fpl,Alex_Iwobi,Alex Iwobi,,,2021_2022,100.0,EXACT_SOURCE_ID,APPROVED
plr_b0540d99,fpl,Yerry_Mina,Yerry Mina,,,2021_2022,100.0,EXACT_SOURCE_ID,APPROVED
plr_8d62700e,fpl,Tom_Davies,Tom Davies,,,2021_2022,100.0,EXACT_SOURCE_ID,APPROVED
plr_2f94a135,fpl,Dominic_Calvert-Lewin,Dominic Calvert-Lewin,,,2021_2022,100.0,EXACT_SOURCE_ID,APPROVED
plr_0dd9361f,fpl,Mason_Holgate,Mason Holgate,,,2021_2022,100.0,EXACT_SOURCE_ID,APPROVED
plr_c7e0b689,fpl,Ben_Godfrey,Ben Godfrey,,,2021_2022,100.0,EXACT_SOURCE_ID,APPROVED
plr_ecaed822,fpl,Richarlison_de Andrade,Richarlison de Andrade,,,2021_2022,100.0,EXACT_SOURCE_ID,APPROVED
plr_bcb94a38,fpl,João_Virgínia,João Virgínia,,,2021_2022,100.0,EXACT_SOURCE_ID,APPROVED
plr_da12e5a0,fpl,Donny_van de Beek,Donny van de Beek,,,2021_2022,100.0,EXACT_SOURCE_ID,APPROVED
plr_eb3ec8f4,fpl,Bamidele_Alli,Bamidele Alli,,,2021_2022,100.0,EXACT_SOURCE_ID,APPROVED
plr_3977acea,fpl,Asmir_Begović,Asmir Begović,,,2021_2022,100.0,EXACT_SOURCE_ID,APPROVED
plr_457d73ab,fpl,Andros_Townsend,Andros Townsend,,,2021_2022,100.0,EXACT_SOURCE_ID,APPROVED
plr_af057f8c,fpl,Demarai_Gray,Demarai Gray,,,2021_2022,100.0,EXACT_SOURCE_ID,APPROVED
plr_583863c9,fpl,Jonjoe_Kenny,Jonjoe Kenny,,,2021_2022,100.0,EXACT_SOURCE_ID,APPROVED
plr_f1b4117b,fpl,Anthony_Gordon,Anthony Gordon,,,2021_2022,100.0,EXACT_SOURCE_ID,APPROVED
plr_09fa639c,fpl,Jean-Philippe_Gbamin,Jean-Philippe Gbamin,,,2021_2022,100.0,EXACT_SOURCE_ID,APPROVED
plr_1b75dfa6,fpl,Jarrad_Branthwaite,Jarrad Branthwaite,,,2021_2022,100.0,EXACT_SOURCE_ID,APPROVED
plr_3633cf58,fpl,Nathan_Broadhead,Nathan Broadhead,,,2021_2022,100.0,EXACT_SOURCE_ID,APPROVED
plr_c1ae9e7d,fpl,Moise_Kean,Moise Kean,,,2021_2022,100.0,EXACT_SOURCE_ID,APPROVED
plr_b90a0189,fpl,Niels_Nkounkou,Niels Nkounkou,,,2021_2022,100.0,EXACT_SOURCE_ID,APPROVED
plr_f8917edc,fpl,Andy_Lonergan,Andy Lonergan,,,2021_2022,100.0,EXACT_SOURCE_ID,APPROVED
plr_612a03c3,fpl,Salomón_Rondón,Salomón Rondón,,,2021_2022,100.0,EXACT_SOURCE_ID,APPROVED
plr_cc15baf5,fpl,Ellis_Simms,Ellis Simms,,,2021_2022,100.0,EXACT_SOURCE_ID,APPROVED
plr_79deebd9,fpl,Lewis_Dobbin,Lewis Dobbin,,,2021_2022,100.0,EXACT_SOURCE_ID,APPROVED
plr_6553419e,fpl,Charlie_Whitaker,Charlie Whitaker,,,2021_2022,100.0,EXACT_SOURCE_ID,APPROVED
plr_e7f0f791,fpl,Harry_Tyrer,Harry Tyrer,,,2021_2022,100.0,EXACT_SOURCE_ID,APPROVED
plr_eefecbc8,fpl,Cenk_Tosun,Cenk Tosun,,,2021_2022,100.0,EXACT_SOURCE_ID,APPROVED
plr_c04b0d5d,fpl,Reece_Welch,Reece Welch,,,2021_2022,100.0,EXACT_SOURCE_ID,APPROVED
plr_a63ca01b,fpl,Tyler_Onyango,Tyler Onyango,,,2021_2022,100.0,EXACT_SOURCE_ID,APPROVED
plr_fe4f9a98,fpl,Nathan_Patterson,Nathan Patterson,,,2021_2022,100.0,EXACT_SOURCE_ID,APPROVED
plr_a7d60257,fpl,Vitalii_Mykolenko,Vitalii Mykolenko,,,2021_2022,100.0,EXACT_SOURCE_ID,APPROVED
plr_af08de81,fpl,Isaac_Price,Isaac Price,,,2021_2022,100.0,EXACT_SOURCE_ID,APPROVED
plr_4bbc44d1,fpl,Kasper_Schmeichel,Kasper Schmeichel,,,2021_2022,100.0,EXACT_SOURCE_ID,APPROVED
plr_b5653fbc,fpl,Jonny_Evans,Jonny Evans,,,2021_2022,100.0,EXACT_SOURCE_ID,APPROVED
plr_57ebff18,fpl,Marc_Albrighton,Marc Albrighton,,,2021_2022,100.0,EXACT_SOURCE_ID,APPROVED
plr_708c59cd,fpl,Nampalys_Mendy,Nampalys Mendy,,,2021_2022,100.0,EXACT_SOURCE_ID,APPROVED
plr_80409cef,fpl,Danny_Ward,Danny Ward,,,2021_2022,100.0,EXACT_SOURCE_ID,APPROVED
plr_831efe7f,fpl,Jamie_Vardy,Jamie Vardy,,,2021_2022,100.0,EXACT_SOURCE_ID,APPROVED
plr_97ee6618,fpl,Dennis_Praet,Dennis Praet,,,2021_2022,100.0,EXACT_SOURCE_ID,APPROVED
plr_da8e7ca8,fpl,Ricardo Domingos_Barbosa Pereira,Ricardo Domingos Barbosa Pereira,,,2021_2022,100.0,EXACT_SOURCE_ID,APPROVED
plr_ae64cd66,fpl,Daniel_Amartey,Daniel Amartey,,,2021_2022,100.0,EXACT_SOURCE_ID,APPROVED
plr_f020e6c2,fpl,Timothy_Castagne,Timothy Castagne,,,2021_2022,100.0,EXACT_SOURCE_ID,APPROVED
plr_5b768862,fpl,Youri_Tielemans,Youri Tielemans,,,2021_2022,100.0,EXACT_SOURCE_ID,APPROVED
plr_10036558,fpl,Ayoze_Pérez,Ayoze Pérez,,,2021_2022,100.0,EXACT_SOURCE_ID,APPROVED
plr_cbde5979,fpl,James_Maddison,James Maddison,,,2021_2022,100.0,EXACT_SOURCE_ID,APPROVED
plr_125bd257,fpl,Kelechi_Iheanacho,Kelechi Iheanacho,,,2021_2022,100.0,EXACT_SOURCE_ID,APPROVED
plr_2669d226,fpl,Hamza_Choudhury,Hamza Choudhury,,,2021_2022,100.0,EXACT_SOURCE_ID,APPROVED
plr_24600a0a,fpl,Harvey_Barnes,Harvey Barnes,,,2021_2022,100.0,EXACT_SOURCE_ID,APPROVED
plr_afe817ca,fpl,Wilfred_Ndidi,Wilfred Ndidi,,,2021_2022,100.0,EXACT_SOURCE_ID,APPROVED
plr_bac8464a,fpl,Çaglar_Söyüncü,Çaglar Söyüncü,,,2021_2022,100.0,EXACT_SOURCE_ID,APPROVED
plr_f098cf43,fpl,James_Justin,James Justin,,,2021_2022,100.0,EXACT_SOURCE_ID,APPROVED
plr_b7dc9a36,fpl,Luke_Thomas,Luke Thomas,,,2021_2022,100.0,EXACT_SOURCE_ID,APPROVED
plr_28b2d462,fpl,Wesley_Fofana,Wesley Fofana,,,2021_2022,100.0,EXACT_SOURCE_ID,APPROVED
plr_e058f77c,fpl,Jannik_Vestergaard,Jannik Vestergaard,,,2021_2022,100.0,EXACT_SOURCE_ID,APPROVED
plr_0102bc6e,fpl,Patson_Daka,Patson Daka,,,2021_2022,100.0,EXACT_SOURCE_ID,APPROVED
plr_1e590ab9,fpl,Boubakary_Soumaré,Boubakary Soumaré,,,2021_2022,100.0,EXACT_SOURCE_ID,APPROVED
plr_798c0dd7,fpl,Ryan_Bertrand,Ryan Bertrand,,,2021_2022,100.0,EXACT_SOURCE_ID,APPROVED
plr_ec309acd,fpl,Kiernan_Dewsbury-Hall,Kiernan Dewsbury-Hall,,,2021_2022,100.0,EXACT_SOURCE_ID,APPROVED
plr_a77655a1,fpl,Eldin_Jakupovic,Eldin Jakupovic,,,2021_2022,100.0,EXACT_SOURCE_ID,APPROVED
plr_1280992e,fpl,Ademola_Lookman,Ademola Lookman,,,2021_2022,100.0,EXACT_SOURCE_ID,APPROVED
plr_e32093d4,fpl,Vontae_Daley-Campbell,Vontae Daley-Campbell,,,2021_2022,100.0,EXACT_SOURCE_ID,APPROVED
plr_718612a3,fpl,Ben_Nelson,Ben Nelson,,,2021_2022,100.0,EXACT_SOURCE_ID,APPROVED
plr_1498efe9,fpl,Lewis_Brunt,Lewis Brunt,,,2021_2022,100.0,EXACT_SOURCE_ID,APPROVED
plr_a279efc2,fpl,Kasey_McAteer,Kasey McAteer,,,2021_2022,100.0,EXACT_SOURCE_ID,APPROVED
plr_e6812350,fpl,Pablo_Hernández Domínguez,Pablo Hernández Domínguez,,,2021_2022,100.0,EXACT_SOURCE_ID,APPROVED
plr_1b946ded,fpl,Francisco_Casilla Cortés,Francisco Casilla Cortés,,,2021_2022,100.0,EXACT_SOURCE_ID,APPROVED
plr_dd94e2e2,fpl,Liam_Cooper,Liam Cooper,,,2021_2022,100.0,EXACT_SOURCE_ID,APPROVED
plr_6e226980,fpl,Luke_Ayling,Luke Ayling,,,2021_2022,100.0,EXACT_SOURCE_ID,APPROVED
plr_3a50e448,fpl,Mateusz_Klich,Mateusz Klich,,,2021_2022,100.0,EXACT_SOURCE_ID,APPROVED
plr_5c8d4b96,fpl,Rodrigo_Moreno,Rodrigo Moreno,,,2021_2022,100.0,EXACT_SOURCE_ID,APPROVED
plr_4ed314fa,fpl,Stuart_Dallas,Stuart Dallas,,,2021_2022,100.0,EXACT_SOURCE_ID,APPROVED
plr_b68d381d,fpl,Patrick_Bamford,Patrick Bamford,,,2021_2022,100.0,EXACT_SOURCE_ID,APPROVED
plr_73c87733,fpl,Diego_Llorente,Diego Llorente,,,2021_2022,100.0,EXACT_SOURCE_ID,APPROVED
plr_5cc11b4c,fpl,Kalvin_Phillips,Kalvin Phillips,,,2021_2022,100.0,EXACT_SOURCE_ID,APPROVED
plr_d3f48a06,fpl,Hélder Wander_Sousa de Azevedo e Costa,Hélder Wander Sousa de Azevedo e Costa,,,2021_2022,100.0,EXACT_SOURCE_ID,APPROVED
plr_fd62753d,fpl,Tyler_Roberts,Tyler Roberts,,,2021_2022,100.0,EXACT_SOURCE_ID,APPROVED
plr_a7365bbb,fpl,Robin_Koch,Robin Koch,,,2021_2022,100.0,EXACT_SOURCE_ID,APPROVED
plr_3332936f,fpl,Ian Carlo_Poveda-Ocampo,Ian Carlo Poveda-Ocampo,,,2021_2022,100.0,EXACT_SOURCE_ID,APPROVED
plr_232d2505,fpl,Raphael_Dias Belloli,Raphael Dias Belloli,,,2021_2022,100.0,EXACT_SOURCE_ID,APPROVED
plr_18aa9ab9,fpl,Jamie_Shackleton,Jamie Shackleton,,,2021_2022,100.0,EXACT_SOURCE_ID,APPROVED
plr_07598b9e,fpl,Pascal_Struijk,Pascal Struijk,,,2021_2022,100.0,EXACT_SOURCE_ID,APPROVED
plr_4a0d1f3b,fpl,Illan_Meslier,Illan Meslier,,,2021_2022,100.0,EXACT_SOURCE_ID,APPROVED
plr_c54b22be,fpl,Jack_Harrison,Jack Harrison,,,2021_2022,100.0,EXACT_SOURCE_ID,APPROVED
plr_0bb8a855,fpl,Daniel_James,Daniel James,,,2021_2022,100.0,EXACT_SOURCE_ID,APPROVED
plr_a0f5107a,fpl,Héctor Junior_Firpo Adames,Héctor Junior Firpo Adames,,,2021_2022,100.0,EXACT_SOURCE_ID,APPROVED
plr_cbdb48b4,fpl,Kristoffer_Klaesson,Kristoffer Klaesson,,,2021_2022,100.0,EXACT_SOURCE_ID,APPROVED
plr_2ce9abb9,fpl,Sam_Greenwood,Sam Greenwood,,,2021_2022,100.0,EXACT_SOURCE_ID,APPROVED
plr_a18aca16,fpl,Crysencio_Summerville,Crysencio Summerville,,,2021_2022,100.0,EXACT_SOURCE_ID,APPROVED
plr_5abd6fb4,fpl,Adam_Forshaw,Adam Forshaw,,,2021_2022,100.0,EXACT_SOURCE_ID,APPROVED
plr_058366a6,fpl,Cody_Drameh,Cody Drameh,,,2021_2022,100.0,EXACT_SOURCE_ID,APPROVED
plr_c2323862,fpl,Charlie_Cresswell,Charlie Cresswell,,,2021_2022,100.0,EXACT_SOURCE_ID,APPROVED
plr_77e2d7fa,fpl,Liam_McCarron,Liam McCarron,,,2021_2022,100.0,EXACT_SOURCE_ID,APPROVED
plr_8340993a,fpl,Joe_Gelhardt,Joe Gelhardt,,,2021_2022,100.0,EXACT_SOURCE_ID,APPROVED
plr_7adb69a2,fpl,Nohan_Kenneh,Nohan Kenneh,,,2021_2022,100.0,EXACT_SOURCE_ID,APPROVED
plr_5d68cec4,fpl,Stuart_McKinstry,Stuart McKinstry,,,2021_2022,100.0,EXACT_SOURCE_ID,APPROVED
plr_05a42ba3,fpl,Leo Fuhr_Hjelde,Leo Fuhr Hjelde,,,2021_2022,100.0,EXACT_SOURCE_ID,APPROVED
plr_b4b18fca,fpl,Lewis_Bate,Lewis Bate,,,2021_2022,100.0,EXACT_SOURCE_ID,APPROVED
plr_5657fe83,fpl,Jack_Jenkins,Jack Jenkins,,,2021_2022,100.0,EXACT_SOURCE_ID,APPROVED
plr_4123bded,fpl,Kris_Moore,Kris Moore,,,2021_2022,100.0,EXACT_SOURCE_ID,APPROVED
plr_be8b52dc,fpl,Archie_Gray,Archie Gray,,,2021_2022,100.0,EXACT_SOURCE_ID,APPROVED
plr_fc62e78c,fpl,James_Milner,James Milner,,,2021_2022,100.0,EXACT_SOURCE_ID,APPROVED
plr_29525769,fpl,Jordan_Henderson,Jordan Henderson,,,2021_2022,100.0,EXACT_SOURCE_ID,APPROVED
plr_9493a752,fpl,Adrián_San Miguel del Castillo,Adrián San Miguel del Castillo,,,2021_2022,100.0,EXACT_SOURCE_ID,APPROVED
plr_4c560fa6,fpl,Joel_Matip,Joel Matip,,,2021_2022,100.0,EXACT_SOURCE_ID,APPROVED
plr_66b3049e,fpl,Thiago_Alcántara do Nascimento,Thiago Alcántara do Nascimento,,,2021_2022,100.0,EXACT_SOURCE_ID,APPROVED
plr_a815aba7,fpl,Xherdan_Shaqiri,Xherdan Shaqiri,,,2021_2022,100.0,EXACT_SOURCE_ID,APPROVED
plr_512f6330,fpl,Alex_Oxlade-Chamberlain,Alex Oxlade-Chamberlain,,,2021_2022,100.0,EXACT_SOURCE_ID,APPROVED
plr_3cbd3013,fpl,Roberto_Firmino,Roberto Firmino,,,2021_2022,100.0,EXACT_SOURCE_ID,APPROVED
plr_acb925b1,fpl,Virgil_van Dijk,Virgil van Dijk,,,2021_2022,100.0,EXACT_SOURCE_ID,APPROVED
plr_28cb602e,fpl,Sadio_Mané,Sadio Mané,,,2021_2022,100.0,EXACT_SOURCE_ID,APPROVED
plr_d60d1a16,fpl,Alisson_Ramses Becker,Alisson Ramses Becker,,,2021_2022,100.0,EXACT_SOURCE_ID,APPROVED
plr_b11f589c,fpl,Fabio Henrique_Tavares,Fabio Henrique Tavares,,,2021_2022,100.0,EXACT_SOURCE_ID,APPROVED
plr_74015aec,fpl,Mohamed_Salah,Mohamed Salah,,,2021_2022,100.0,EXACT_SOURCE_ID,APPROVED
plr_8fc9c677,fpl,Andrew_Robertson,Andrew Robertson,,,2021_2022,100.0,EXACT_SOURCE_ID,APPROVED
plr_7782b473,fpl,Divock_Origi,Divock Origi,,,2021_2022,100.0,EXACT_SOURCE_ID,APPROVED
plr_e3e0b92b,fpl,Takumi_Minamino,Takumi Minamino,,,2021_2022,100.0,EXACT_SOURCE_ID,APPROVED
plr_39b46333,fpl,Trent_Alexander-Arnold,Trent Alexander-Arnold,,,2021_2022,100.0,EXACT_SOURCE_ID,APPROVED
plr_473bf7ca,fpl,Joseph_Gomez,Joseph Gomez,,,2021_2022,100.0,EXACT_SOURCE_ID,APPROVED
plr_d74f750e,fpl,Naby_Keita,Naby Keita,,,2021_2022,100.0,EXACT_SOURCE_ID,APPROVED
plr_0df85b0c,fpl,Diogo_Jota,Diogo Jota,,,2021_2022,100.0,EXACT_SOURCE_ID,APPROVED
plr_e11968c2,fpl,Nathaniel_Phillips,Nathaniel Phillips,,,2021_2022,100.0,EXACT_SOURCE_ID,APPROVED
plr_23920959,fpl,Caoimhin_Kelleher,Caoimhin Kelleher,,,2021_2022,100.0,EXACT_SOURCE_ID,APPROVED
plr_2322c1a4,fpl,Ibrahima_Konaté,Ibrahima Konaté,,,2021_2022,100.0,EXACT_SOURCE_ID,APPROVED
plr_b20f0f4d,fpl,Curtis_Jones,Curtis Jones,,,2021_2022,100.0,EXACT_SOURCE_ID,APPROVED
plr_c96f99c6,fpl,Konstantinos_Tsimikas,Konstantinos Tsimikas,,,2021_2022,100.0,EXACT_SOURCE_ID,APPROVED
plr_8c00b708,fpl,Neco_Williams,Neco Williams,,,2021_2022,100.0,EXACT_SOURCE_ID,APPROVED
plr_5c347a54,fpl,Rhys_Williams,Rhys Williams,,,2021_2022,100.0,EXACT_SOURCE_ID,APPROVED
plr_bf0618bf,fpl,Ben_Davies,Ben Davies,,,2021_2022,100.0,EXACT_SOURCE_ID,APPROVED
plr_dab60483,fpl,Harvey_Elliott,Harvey Elliott,,,2021_2022,100.0,EXACT_SOURCE_ID,APPROVED
plr_411af5c5,fpl,Ben_Woodburn,Ben Woodburn,,,2021_2022,100.0,EXACT_SOURCE_ID,APPROVED
plr_5cc75402,fpl,Tyler_Morton,Tyler Morton,,,2021_2022,100.0,EXACT_SOURCE_ID,APPROVED
plr_0d33fafe,fpl,Kaide_Gordon,Kaide Gordon,,,2021_2022,100.0,EXACT_SOURCE_ID,APPROVED
plr_571a29d9,fpl,Conor_Bradley,Conor Bradley,,,2021_2022,100.0,EXACT_SOURCE_ID,APPROVED
plr_a04b221a,fpl,Owen_Beck,Owen Beck,,,2021_2022,100.0,EXACT_SOURCE_ID,APPROVED
plr_16af3634,fpl,Marcelo_de Araújo Pitaluga Filho,Marcelo de Araújo Pitaluga Filho,,,2021_2022,100.0,EXACT_SOURCE_ID,APPROVED
plr_d0a4245c,fpl,Jarell_Quansah,Jarell Quansah,,,2021_2022,100.0,EXACT_SOURCE_ID,APPROVED
plr_84d480d9,fpl,Luis_Díaz,Luis Díaz,,,2021_2022,100.0,EXACT_SOURCE_ID,APPROVED
plr_669d3160,fpl,Jack_Grealish,Jack Grealish,,,2021_2022,100.0,EXACT_SOURCE_ID,APPROVED
plr_3d781cdb,fpl,Kyle_Walker,Kyle Walker,,,2021_2022,100.0,EXACT_SOURCE_ID,APPROVED
plr_791f15f8,fpl,Ilkay_Gündogan,Ilkay Gündogan,,,2021_2022,100.0,EXACT_SOURCE_ID,APPROVED
plr_cb6898d5,fpl,Kevin_De Bruyne,Kevin De Bruyne,,,2021_2022,100.0,EXACT_SOURCE_ID,APPROVED
plr_c949c65e,fpl,John_Stones,John Stones,,,2021_2022,100.0,EXACT_SOURCE_ID,APPROVED
plr_8c723fa5,fpl,Benjamin_Mendy,Benjamin Mendy,,,2021_2022,100.0,EXACT_SOURCE_ID,APPROVED
plr_c5924452,fpl,Riyad_Mahrez,Riyad Mahrez,,,2021_2022,100.0,EXACT_SOURCE_ID,APPROVED
plr_b8bb9eeb,fpl,Raheem_Sterling,Raheem Sterling,,,2021_2022,100.0,EXACT_SOURCE_ID,APPROVED
plr_3b4405d8,fpl,João Pedro Cavaco_Cancelo,João Pedro Cavaco Cancelo,,,2021_2022,100.0,EXACT_SOURCE_ID,APPROVED
plr_813f8311,fpl,Ederson_Santana de Moraes,Ederson Santana de Moraes,,,2021_2022,100.0,EXACT_SOURCE_ID,APPROVED
plr_dfdabb8a,fpl,Nathan_Aké,Nathan Aké,,,2021_2022,100.0,EXACT_SOURCE_ID,APPROVED
plr_8b8942f6,fpl,Aymeric_Laporte,Aymeric Laporte,,,2021_2022,100.0,EXACT_SOURCE_ID,APPROVED
plr_46e46d01,fpl,Zack_Steffen,Zack Steffen,,,2021_2022,100.0,EXACT_SOURCE_ID,APPROVED
plr_30b3ff3d,fpl,Bernardo Mota_Veiga de Carvalho e Silva,Bernardo Mota Veiga de Carvalho e Silva,,,2021_2022,100.0,EXACT_SOURCE_ID,APPROVED
plr_28205f8c,fpl,Rúben Santos_Gato Alves Dias,Rúben Santos Gato Alves Dias,,,2021_2022,100.0,EXACT_SOURCE_ID,APPROVED
plr_eeb4321a,fpl,Gabriel Fernando_de Jesus,Gabriel Fernando de Jesus,,,2021_2022,100.0,EXACT_SOURCE_ID,APPROVED
plr_91ba0cda,fpl,Oleksandr_Zinchenko,Oleksandr Zinchenko,,,2021_2022,100.0,EXACT_SOURCE_ID,APPROVED
plr_0140639b,fpl,Phil_Foden,Phil Foden,,,2021_2022,100.0,EXACT_SOURCE_ID,APPROVED
plr_99bd5c6c,fpl,Rodrigo_Hernandez,Rodrigo Hernandez,,,2021_2022,100.0,EXACT_SOURCE_ID,APPROVED
plr_20e74026,fpl,Ferran_Torres,Ferran Torres,,,2021_2022,100.0,EXACT_SOURCE_ID,APPROVED
plr_ad10025f,fpl,Fernando_Luiz Rosa,Fernando Luiz Rosa,,,2021_2022,100.0,EXACT_SOURCE_ID,APPROVED
plr_961cd14d,fpl,Cole_Palmer,Cole Palmer,,,2021_2022,100.0,EXACT_SOURCE_ID,APPROVED
plr_cc7031e4,fpl,Samuel_Edozie,Samuel Edozie,,,2021_2022,100.0,EXACT_SOURCE_ID,APPROVED
plr_30812b84,fpl,Tommy_Doyle,Tommy Doyle,,,2021_2022,100.0,EXACT_SOURCE_ID,APPROVED
plr_b68c78e5,fpl,Scott_Carson,Scott Carson,,,2021_2022,100.0,EXACT_SOURCE_ID,APPROVED
plr_57a72a9f,fpl,Luke_Mbete,Luke Mbete,,,2021_2022,100.0,EXACT_SOURCE_ID,APPROVED
plr_719e3eee,fpl,Joshua_Wilson-Esbrand,Joshua Wilson-Esbrand,,,2021_2022,100.0,EXACT_SOURCE_ID,APPROVED
plr_cc00d4b1,fpl,Romeo_Lavia,Romeo Lavia,,,2021_2022,100.0,EXACT_SOURCE_ID,APPROVED
plr_98188066,fpl,Cieran_Slicker,Cieran Slicker,,,2021_2022,100.0,EXACT_SOURCE_ID,APPROVED
plr_87340b35,fpl,James_McAtee,James McAtee,,,2021_2022,100.0,EXACT_SOURCE_ID,APPROVED
plr_24f2e20c,fpl,Conrad_Egan-Riley,Conrad Egan-Riley,,,2021_2022,100.0,EXACT_SOURCE_ID,APPROVED
plr_b48c198b,fpl,Kayky da Silva_Chagas,Kayky da Silva Chagas,,,2021_2022,100.0,EXACT_SOURCE_ID,APPROVED
plr_538ca6db,fpl,Liam_Delap,Liam Delap,,,2021_2022,100.0,EXACT_SOURCE_ID,APPROVED
plr_1c128283,fpl,Edinson_Cavani,Edinson Cavani,,,2021_2022,100.0,EXACT_SOURCE_ID,APPROVED
plr_6afa4817,fpl,David_de Gea,David de Gea,,,2021_2022,100.0,EXACT_SOURCE_ID,APPROVED
plr_2c239f32,fpl,Nemanja_Matic,Nemanja Matic,,,2021_2022,100.0,EXACT_SOURCE_ID,APPROVED
plr_4a89e08d,fpl,Paul_Pogba,Paul Pogba,,,2021_2022,100.0,EXACT_SOURCE_ID,APPROVED
plr_3eb80d31,fpl,Harry_Maguire,Harry Maguire,,,2021_2022,100.0,EXACT_SOURCE_ID,APPROVED
plr_e365f4b6,fpl,Frederico_Rodrigues de Paula Santos,Frederico Rodrigues de Paula Santos,,,2021_2022,100.0,EXACT_SOURCE_ID,APPROVED
plr_2dd03da7,fpl,Luke_Shaw,Luke Shaw,,,2021_2022,100.0,EXACT_SOURCE_ID,APPROVED
plr_c9e1c1f3,fpl,Jesse_Lingard,Jesse Lingard,,,2021_2022,100.0,EXACT_SOURCE_ID,APPROVED
plr_3d582616,fpl,Bruno Miguel_Borges Fernandes,Bruno Miguel Borges Fernandes,,,2021_2022,100.0,EXACT_SOURCE_ID,APPROVED
plr_e98ae65e,fpl,Anthony_Martial,Anthony Martial,,,2021_2022,100.0,EXACT_SOURCE_ID,APPROVED
plr_92e5017a,fpl,Alex Nicolao_Telles,Alex Nicolao Telles,,,2021_2022,100.0,EXACT_SOURCE_ID,APPROVED
plr_465b9b7d,fpl,Dean_Henderson,Dean Henderson,,,2021_2022,100.0,EXACT_SOURCE_ID,APPROVED
plr_91172a0e,fpl,Marcus_Rashford,Marcus Rashford,,,2021_2022,100.0,EXACT_SOURCE_ID,APPROVED
plr_809c0648,fpl,Axel_Tuanzebe,Axel Tuanzebe,,,2021_2022,100.0,EXACT_SOURCE_ID,APPROVED
plr_39796cce,fpl,Victor_Lindelöf,Victor Lindelöf,,,2021_2022,100.0,EXACT_SOURCE_ID,APPROVED
plr_86df467d,fpl,Scott_McTominay,Scott McTominay,,,2021_2022,100.0,EXACT_SOURCE_ID,APPROVED
plr_4c168c6a,fpl,Eric_Bailly,Eric Bailly,,,2021_2022,100.0,EXACT_SOURCE_ID,APPROVED
plr_3ab6aa0a,fpl,Aaron_Wan-Bissaka,Aaron Wan-Bissaka,,,2021_2022,100.0,EXACT_SOURCE_ID,APPROVED
plr_6b3533f7,fpl,Mason_Greenwood,Mason Greenwood,,,2021_2022,100.0,EXACT_SOURCE_ID,APPROVED
plr_49238d1f,fpl,Juan_Mata,Juan Mata,,,2021_2022,100.0,EXACT_SOURCE_ID,APPROVED
plr_00992bc2,fpl,Jadon_Sancho,Jadon Sancho,,,2021_2022,100.0,EXACT_SOURCE_ID,APPROVED
plr_e9a09b6e,fpl,Tom_Heaton,Tom Heaton,,,2021_2022,100.0,EXACT_SOURCE_ID,APPROVED
plr_f9f3dbb1,fpl,José Diogo_Dalot Teixeira,José Diogo Dalot Teixeira,,,2021_2022,100.0,EXACT_SOURCE_ID,APPROVED
plr_f8c84f9a,fpl,Andreas_Pereira,Andreas Pereira,,,2021_2022,100.0,EXACT_SOURCE_ID,APPROVED
plr_ae597795,fpl,Anthony_Elanga,Anthony Elanga,,,2021_2022,100.0,EXACT_SOURCE_ID,APPROVED
plr_770b636f,fpl,Raphaël_Varane,Raphaël Varane,,,2021_2022,100.0,EXACT_SOURCE_ID,APPROVED
plr_ec0321e8,fpl,Cristiano Ronaldo_dos Santos Aveiro,Cristiano Ronaldo dos Santos Aveiro,,,2021_2022,100.0,EXACT_SOURCE_ID,APPROVED
plr_b28ba595,fpl,Phil_Jones,Phil Jones,,,2021_2022,100.0,EXACT_SOURCE_ID,APPROVED
plr_aea2b1e2,fpl,Amad_Diallo,Amad Diallo,,,2021_2022,100.0,EXACT_SOURCE_ID,APPROVED
plr_e475072d,fpl,Hannibal_Mejbri,Hannibal Mejbri,,,2021_2022,100.0,EXACT_SOURCE_ID,APPROVED
plr_78e8f2e4,fpl,Alejandro_Garnacho Ferreyra,Alejandro Garnacho Ferreyra,,,2021_2022,100.0,EXACT_SOURCE_ID,APPROVED
plr_a32a6963,fpl,Shola_Shoretire,Shola Shoretire,,,2021_2022,100.0,EXACT_SOURCE_ID,APPROVED
plr_418d4bb7,fpl,Álvaro_Fernández,Álvaro Fernández,,,2021_2022,100.0,EXACT_SOURCE_ID,APPROVED
plr_ae6dcb5c,fpl,Charlie_Savage,Charlie Savage,,,2021_2022,100.0,EXACT_SOURCE_ID,APPROVED
plr_0293e8c7,fpl,Joseph_Willock,Joseph Willock,,,2021_2022,100.0,EXACT_SOURCE_ID,APPROVED
plr_058d4081,fpl,Matt_Targett,Matt Targett,,,2021_2022,100.0,EXACT_SOURCE_ID,APPROVED
plr_1cd120c8,fpl,Dan_Burn,Dan Burn,,,2021_2022,100.0,EXACT_SOURCE_ID,APPROVED
plr_95ae7078,fpl,Chris_Wood,Chris Wood,,,2021_2022,100.0,EXACT_SOURCE_ID,APPROVED
plr_94e41215,fpl,Jonjo_Shelvey,Jonjo Shelvey,,,2021_2022,100.0,EXACT_SOURCE_ID,APPROVED
plr_6a630e15,fpl,Matt_Ritchie,Matt Ritchie,,,2021_2022,100.0,EXACT_SOURCE_ID,APPROVED
plr_74daa864,fpl,Ciaran_Clark,Ciaran Clark,,,2021_2022,100.0,EXACT_SOURCE_ID,APPROVED
plr_56f777a6,fpl,Karl_Darlow,Karl Darlow,,,2021_2022,100.0,EXACT_SOURCE_ID,APPROVED
plr_c9996280,fpl,Martin_Dubravka,Martin Dubravka,,,2021_2022,100.0,EXACT_SOURCE_ID,APPROVED
plr_a59e05d4,fpl,Callum_Wilson,Callum Wilson,,,2021_2022,100.0,EXACT_SOURCE_ID,APPROVED
plr_ff408dcb,fpl,Jeff_Hendrick,Jeff Hendrick,,,2021_2022,100.0,EXACT_SOURCE_ID,APPROVED
plr_4f2c4dbc,fpl,Ryan_Fraser,Ryan Fraser,,,2021_2022,100.0,EXACT_SOURCE_ID,APPROVED
plr_1e2587c1,fpl,Jamaal_Lascelles,Jamaal Lascelles,,,2021_2022,100.0,EXACT_SOURCE_ID,APPROVED
plr_e0d98a4b,fpl,Dwight_Gayle,Dwight Gayle,,,2021_2022,100.0,EXACT_SOURCE_ID,APPROVED
plr_b53c925c,fpl,Paul_Dummett,Paul Dummett,,,2021_2022,100.0,EXACT_SOURCE_ID,APPROVED
plr_858f1ea0,fpl,Javier_Manquillo,Javier Manquillo,,,2021_2022,100.0,EXACT_SOURCE_ID,APPROVED
plr_fd22b909,fpl,Emil_Krafth,Emil Krafth,,,2021_2022,100.0,EXACT_SOURCE_ID,APPROVED
plr_a1a41b4e,fpl,Jacob_Murphy,Jacob Murphy,,,2021_2022,100.0,EXACT_SOURCE_ID,APPROVED
plr_2341241a,fpl,Fabian_Schär,Fabian Schär,,,2021_2022,100.0,EXACT_SOURCE_ID,APPROVED
plr_1dc6572f,fpl,Isaac_Hayden,Isaac Hayden,,,2021_2022,100.0,EXACT_SOURCE_ID,APPROVED
plr_d97da073,fpl,Allan_Saint-Maximin,Allan Saint-Maximin,,,2021_2022,100.0,EXACT_SOURCE_ID,APPROVED
plr_65b56c44,fpl,Miguel_Almirón,Miguel Almirón,,,2021_2022,100.0,EXACT_SOURCE_ID,APPROVED
plr_6053cc3b,fpl,Sean_Longstaff,Sean Longstaff,,,2021_2022,100.0,EXACT_SOURCE_ID,APPROVED
plr_4b36e4f2,fpl,Joelinton Cássio_Apolinário de Lira,Joelinton Cássio Apolinário de Lira,,,2021_2022,100.0,EXACT_SOURCE_ID,APPROVED
plr_8039f960,fpl,Jamal_Lewis,Jamal Lewis,,,2021_2022,100.0,EXACT_SOURCE_ID,APPROVED
plr_5a061ad9,fpl,Matthew_Longstaff,Matthew Longstaff,,,2021_2022,100.0,EXACT_SOURCE_ID,APPROVED
plr_a7167959,fpl,Federico_Fernández,Federico Fernández,,,2021_2022,100.0,EXACT_SOURCE_ID,APPROVED
plr_1b8b2897,fpl,Freddie_Woodman,Freddie Woodman,,,2021_2022,100.0,EXACT_SOURCE_ID,APPROVED
plr_18594231,fpl,Mark_Gillespie,Mark Gillespie,,,2021_2022,100.0,EXACT_SOURCE_ID,APPROVED
plr_22323164,fpl,Joe_White,Joe White,,,2021_2022,100.0,EXACT_SOURCE_ID,APPROVED
plr_8abdf504,fpl,Elliot_Anderson,Elliot Anderson,,,2021_2022,100.0,EXACT_SOURCE_ID,APPROVED
plr_d3a03fd2,fpl,Kieran_Trippier,Kieran Trippier,,,2021_2022,100.0,EXACT_SOURCE_ID,APPROVED
plr_11f04020,fpl,Bruno_Guimarães Rodriguez Moura,Bruno Guimarães Rodriguez Moura,,,2021_2022,100.0,EXACT_SOURCE_ID,APPROVED
plr_2230b4b2,fpl,Lucas_De Bolle,Lucas De Bolle,,,2021_2022,100.0,EXACT_SOURCE_ID,APPROVED
plr_9b03e4fb,fpl,Billy_Gilmour,Billy Gilmour,,,2021_2022,100.0,EXACT_SOURCE_ID,APPROVED
plr_61fc3570,fpl,Brandon_Williams,Brandon Williams,,,2021_2022,100.0,EXACT_SOURCE_ID,APPROVED
plr_b20f9748,fpl,Michael_McGovern,Michael McGovern,,,2021_2022,100.0,EXACT_SOURCE_ID,APPROVED
plr_184f319b,fpl,Tim_Krul,Tim Krul,,,2021_2022,100.0,EXACT_SOURCE_ID,APPROVED
plr_68341f3c,fpl,Teemu_Pukki,Teemu Pukki,,,2021_2022,100.0,EXACT_SOURCE_ID,APPROVED
plr_526e098e,fpl,Marco_Stiepermann,Marco Stiepermann,,,2021_2022,100.0,EXACT_SOURCE_ID,APPROVED
plr_82566ba5,fpl,Lukas_Rupp,Lukas Rupp,,,2021_2022,100.0,EXACT_SOURCE_ID,APPROVED
plr_0e9cf481,fpl,Kenny_McLean,Kenny McLean,,,2021_2022,100.0,EXACT_SOURCE_ID,APPROVED
plr_5eedb181,fpl,Grant_Hanley,Grant Hanley,,,2021_2022,100.0,EXACT_SOURCE_ID,APPROVED
plr_b4818c4f,fpl,Onel_Hernández,Onel Hernández,,,2021_2022,100.0,EXACT_SOURCE_ID,APPROVED
plr_167cafa7,fpl,Sam_Byram,Sam Byram,,,2021_2022,100.0,EXACT_SOURCE_ID,APPROVED
plr_6ff09649,fpl,Jordan_Hugill,Jordan Hugill,,,2021_2022,100.0,EXACT_SOURCE_ID,APPROVED
plr_82c030b1,fpl,Kieran_Dowell,Kieran Dowell,,,2021_2022,100.0,EXACT_SOURCE_ID,APPROVED
plr_499f947f,fpl,Christoph_Zimmermann,Christoph Zimmermann,,,2021_2022,100.0,EXACT_SOURCE_ID,APPROVED
plr_7279f9bb,fpl,Todd_Cantwell,Todd Cantwell,,,2021_2022,100.0,EXACT_SOURCE_ID,APPROVED
plr_641cfebf,fpl,Max_Aarons,Max Aarons,,,2021_2022,100.0,EXACT_SOURCE_ID,APPROVED
plr_b8329121,fpl,Jacob_Sørensen,Jacob Sørensen,,,2021_2022,100.0,EXACT_SOURCE_ID,APPROVED
plr_1fd76409,fpl,Przemyslaw_Placheta,Przemyslaw Placheta,,,2021_2022,100.0,EXACT_SOURCE_ID,APPROVED
plr_d3fd02be,fpl,Adam_Idah,Adam Idah,,,2021_2022,100.0,EXACT_SOURCE_ID,APPROVED
plr_715234f4,fpl,Josh_Martin,Josh Martin,,,2021_2022,100.0,EXACT_SOURCE_ID,APPROVED
plr_4e219dd4,fpl,Andrew_Omobamidele,Andrew Omobamidele,,,2021_2022,100.0,EXACT_SOURCE_ID,APPROVED
plr_e48a9618,fpl,Angus_Gunn,Angus Gunn,,,2021_2022,100.0,EXACT_SOURCE_ID,APPROVED
plr_1cacd0d5,fpl,Milot_Rashica,Milot Rashica,,,2021_2022,100.0,EXACT_SOURCE_ID,APPROVED
plr_c7010e66,fpl,Ben_Gibson,Ben Gibson,,,2021_2022,100.0,EXACT_SOURCE_ID,APPROVED
plr_a0f47c45,fpl,Dimitris_Giannoulis,Dimitris Giannoulis,,,2021_2022,100.0,EXACT_SOURCE_ID,APPROVED
plr_238a53bf,fpl,Pierre_Lees-Melou,Pierre Lees-Melou,,,2021_2022,100.0,EXACT_SOURCE_ID,APPROVED
plr_7823db2c,fpl,Bali_Mumba,Bali Mumba,,,2021_2022,100.0,EXACT_SOURCE_ID,APPROVED
plr_dfd32001,fpl,Joshua_Sargent,Joshua Sargent,,,2021_2022,100.0,EXACT_SOURCE_ID,APPROVED
plr_e8471035,fpl,Christos_Tzolis,Christos Tzolis,,,2021_2022,100.0,EXACT_SOURCE_ID,APPROVED
plr_394bc491,fpl,Ozan_Kabak,Ozan Kabak,,,2021_2022,100.0,EXACT_SOURCE_ID,APPROVED
plr_b91fcd95,fpl,Mathias_Normann,Mathias Normann,,,2021_2022,100.0,EXACT_SOURCE_ID,APPROVED
plr_92c95fad,fpl,Jonathan_Tomkinson,Jonathan Tomkinson,,,2021_2022,100.0,EXACT_SOURCE_ID,APPROVED
plr_23c75005,fpl,Jonathan_Rowe,Jonathan Rowe,,,2021_2022,100.0,EXACT_SOURCE_ID,APPROVED
plr_e48e4795,fpl,Thomas_Dickson-Peters,Thomas Dickson-Peters,,,2021_2022,100.0,EXACT_SOURCE_ID,APPROVED
plr_a0589d1c,fpl,Jon_McCracken,Jon McCracken,,,2021_2022,100.0,EXACT_SOURCE_ID,APPROVED
plr_d8cb1ee6,fpl,Liam_Gibbs,Liam Gibbs,,,2021_2022,100.0,EXACT_SOURCE_ID,APPROVED
plr_e4461c56,fpl,Abu_Kamara,Abu Kamara,,,2021_2022,100.0,EXACT_SOURCE_ID,APPROVED
plr_d7dd3a0a,fpl,Tony_Springett,Tony Springett,,,2021_2022,100.0,EXACT_SOURCE_ID,APPROVED
plr_44d2ba02,fpl,Theo_Walcott,Theo Walcott,,,2021_2022,100.0,EXACT_SOURCE_ID,APPROVED
plr_e984761d,fpl,Fraser_Forster,Fraser Forster,,,2021_2022,100.0,EXACT_SOURCE_ID,APPROVED
plr_532a18c0,fpl,Alex_McCarthy,Alex McCarthy,,,2021_2022,100.0,EXACT_SOURCE_ID,APPROVED
plr_cc5b2987,fpl,Oriol_Romeu Vidal,Oriol Romeu Vidal,,,2021_2022,100.0,EXACT_SOURCE_ID,APPROVED
plr_28f64b2a,fpl,Nathan_Redmond,Nathan Redmond,,,2021_2022,100.0,EXACT_SOURCE_ID,APPROVED
plr_e5be8afa,fpl,Jack_Stephens,Jack Stephens,,,2021_2022,100.0,EXACT_SOURCE_ID,APPROVED
plr_6fcca05f,fpl,Stuart_Armstrong,Stuart Armstrong,,,2021_2022,100.0,EXACT_SOURCE_ID,APPROVED
plr_fa6ad558,fpl,James_Ward-Prowse,James Ward-Prowse,,,2021_2022,100.0,EXACT_SOURCE_ID,APPROVED
plr_081f4003,fpl,Kyle_Walker-Peters,Kyle Walker-Peters,,,2021_2022,100.0,EXACT_SOURCE_ID,APPROVED
plr_91e9f6a8,fpl,Jan_Bednarek,Jan Bednarek,,,2021_2022,100.0,EXACT_SOURCE_ID,APPROVED
plr_e4706cf3,fpl,Daniel_N'Lundulu,Daniel N'Lundulu,,,2021_2022,100.0,EXACT_SOURCE_ID,APPROVED
plr_2e78ddd5,fpl,Che_Adams,Che Adams,,,2021_2022,100.0,EXACT_SOURCE_ID,APPROVED
plr_39e66697,fpl,Nathan_Tella,Nathan Tella,,,2021_2022,100.0,EXACT_SOURCE_ID,APPROVED
plr_33dccccd,fpl,William_Smallbone,William Smallbone,,,2021_2022,100.0,EXACT_SOURCE_ID,APPROVED
plr_6bff44df,fpl,Michael_Obafemi,Michael Obafemi,,,2021_2022,100.0,EXACT_SOURCE_ID,APPROVED
plr_c39fa837,fpl,Ibrahima_Diallo,Ibrahima Diallo,,,2021_2022,100.0,EXACT_SOURCE_ID,APPROVED
plr_bbdd3249,fpl,Moussa_Djenepo,Moussa Djenepo,,,2021_2022,100.0,EXACT_SOURCE_ID,APPROVED
plr_31d2a4a6,fpl,Mohammed_Salisu,Mohammed Salisu,,,2021_2022,100.0,EXACT_SOURCE_ID,APPROVED
plr_b79ce40b,fpl,Romain_Perraud,Romain Perraud,,,2021_2022,100.0,EXACT_SOURCE_ID,APPROVED
plr_80976ef1,fpl,Tino_Livramento,Tino Livramento,,,2021_2022,100.0,EXACT_SOURCE_ID,APPROVED
plr_1db87b1a,fpl,Mohamed_Elyounoussi,Mohamed Elyounoussi,,,2021_2022,100.0,EXACT_SOURCE_ID,APPROVED
plr_df191cc7,fpl,Armando_Broja,Armando Broja,,,2021_2022,100.0,EXACT_SOURCE_ID,APPROVED
plr_12976342,fpl,Shane_Long,Shane Long,,,2021_2022,100.0,EXACT_SOURCE_ID,APPROVED
plr_d563759e,fpl,Adam_Armstrong,Adam Armstrong,,,2021_2022,100.0,EXACT_SOURCE_ID,APPROVED
plr_b68f97e9,fpl,Yan_Valery,Yan Valery,,,2021_2022,100.0,EXACT_SOURCE_ID,APPROVED
plr_53af93c0,fpl,Lyanco Evangelista_Silveira Neves Vojnovic,Lyanco Evangelista Silveira Neves Vojnovic,,,2021_2022,100.0,EXACT_SOURCE_ID,APPROVED
plr_b50a959a,fpl,Harry_Lewis,Harry Lewis,,,2021_2022,100.0,EXACT_SOURCE_ID,APPROVED
plr_4ff89a08,fpl,Willy_Caballero,Willy Caballero,,,2021_2022,100.0,EXACT_SOURCE_ID,APPROVED
plr_ef7a9734,fpl,Dynel_Simeu,Dynel Simeu,,,2021_2022,100.0,EXACT_SOURCE_ID,APPROVED
plr_a5a4067d,fpl,Thierry_Small,Thierry Small,,,2021_2022,100.0,EXACT_SOURCE_ID,APPROVED
plr_e0b96e8a,fpl,Kgaogelo_Chauke,Kgaogelo Chauke,,,2021_2022,100.0,EXACT_SOURCE_ID,APPROVED
plr_df700f13,fpl,Tyler_Dibling,Tyler Dibling,,,2021_2022,100.0,EXACT_SOURCE_ID,APPROVED
plr_67a3486b,fpl,Joe_Hart,Joe Hart,,,2021_2022,100.0,EXACT_SOURCE_ID,APPROVED
plr_97bc0580,fpl,Hugo_Lloris,Hugo Lloris,,,2021_2022,100.0,EXACT_SOURCE_ID,APPROVED
plr_0bd8e670,fpl,Toby_Alderweireld,Toby Alderweireld,,,2021_2022,100.0,EXACT_SOURCE_ID,APPROVED
plr_d55904d4,fpl,Erik_Lamela,Erik Lamela,,,2021_2022,100.0,EXACT_SOURCE_ID,APPROVED
plr_2e29c4b3,fpl,Harry_Kane,Harry Kane,,,2021_2022,100.0,EXACT_SOURCE_ID,APPROVED
plr_a5347724,fpl,Serge_Aurier,Serge Aurier,,,2021_2022,100.0,EXACT_SOURCE_ID,APPROVED
plr_f7e93b01,fpl,Heung-Min_Son,Heung-Min Son,,,2021_2022,100.0,EXACT_SOURCE_ID,APPROVED
plr_bd892b2b,fpl,Matt_Doherty,Matt Doherty,,,2021_2022,100.0,EXACT_SOURCE_ID,APPROVED
plr_f8f6a3cf,fpl,Eric_Dier,Eric Dier,,,2021_2022,100.0,EXACT_SOURCE_ID,APPROVED
plr_842b3339,fpl,Lucas_Rodrigues Moura da Silva,Lucas Rodrigues Moura da Silva,,,2021_2022,100.0,EXACT_SOURCE_ID,APPROVED
plr_5a8c6e58,fpl,Ben_Davies,Ben Davies,,,2021_2022,100.0,EXACT_SOURCE_ID,APPROVED
plr_4d4f56d5,fpl,Pierre-Emile_Højbjerg,Pierre-Emile Højbjerg,,,2021_2022,100.0,EXACT_SOURCE_ID,APPROVED
plr_da9d0e75,fpl,Harry_Winks,Harry Winks,,,2021_2022,100.0,EXACT_SOURCE_ID,APPROVED
plr_b8ef6cfa,fpl,Davinson_Sánchez,Davinson Sánchez,,,2021_2022,100.0,EXACT_SOURCE_ID,APPROVED
plr_a07690bf,fpl,Ryan_Sessegnon,Ryan Sessegnon,,,2021_2022,100.0,EXACT_SOURCE_ID,APPROVED
plr_67ee22c8,fpl,Steven_Bergwijn,Steven Bergwijn,,,2021_2022,100.0,EXACT_SOURCE_ID,APPROVED
plr_893b73bd,fpl,Sergio_Reguilón,Sergio Reguilón,,,2021_2022,100.0,EXACT_SOURCE_ID,APPROVED
plr_e54a0e35,fpl,Japhet_Tanganga,Japhet Tanganga,,,2021_2022,100.0,EXACT_SOURCE_ID,APPROVED
plr_9338c373,fpl,Giovani_Lo Celso,Giovani Lo Celso,,,2021_2022,100.0,EXACT_SOURCE_ID,APPROVED
plr_ff2a80fe,fpl,Oliver_Skipp,Oliver Skipp,,,2021_2022,100.0,EXACT_SOURCE_ID,APPROVED
plr_fd032aef,fpl,Joe_Rodon,Joe Rodon,,,2021_2022,100.0,EXACT_SOURCE_ID,APPROVED
plr_f1d59455,fpl,Tanguy_Ndombele,Tanguy Ndombele,,,2021_2022,100.0,EXACT_SOURCE_ID,APPROVED
plr_e8db260f,fpl,Pierluigi_Gollini,Pierluigi Gollini,,,2021_2022,100.0,EXACT_SOURCE_ID,APPROVED
plr_75947643,fpl,Bryan_Gil Salvatierra,Bryan Gil Salvatierra,,,2021_2022,100.0,EXACT_SOURCE_ID,APPROVED
plr_2bf05d91,fpl,Cristian_Romero,Cristian Romero,,,2021_2022,100.0,EXACT_SOURCE_ID,APPROVED
plr_dfb3e9cf,fpl,Dane_Scarlett,Dane Scarlett,,,2021_2022,100.0,EXACT_SOURCE_ID,APPROVED
plr_8f59958c,fpl,Emerson Aparecido_Leite de Souza Junior,Emerson Aparecido Leite de Souza Junior,,,2021_2022,100.0,EXACT_SOURCE_ID,APPROVED
plr_02d3576d,fpl,Dilan_Markanday,Dilan Markanday,,,2021_2022,100.0,EXACT_SOURCE_ID,APPROVED
plr_fb90d44e,fpl,Tobi_Omole,Tobi Omole,,,2021_2022,100.0,EXACT_SOURCE_ID,APPROVED
plr_a1448a64,fpl,Brandon_Austin,Brandon Austin,,,2021_2022,100.0,EXACT_SOURCE_ID,APPROVED
plr_11e6718e,fpl,Harvey_White,Harvey White,,,2021_2022,100.0,EXACT_SOURCE_ID,APPROVED
plr_fd8827a0,fpl,Dejan_Kulusevski,Dejan Kulusevski,,,2021_2022,100.0,EXACT_SOURCE_ID,APPROVED
plr_1bbf72d3,fpl,Rodrigo_Bentancur,Rodrigo Bentancur,,,2021_2022,100.0,EXACT_SOURCE_ID,APPROVED
plr_b1d600a6,fpl,Alfie_Devine,Alfie Devine,,,2021_2022,100.0,EXACT_SOURCE_ID,APPROVED
plr_707241db,fpl,Jamie_Bowden,Jamie Bowden,,,2021_2022,100.0,EXACT_SOURCE_ID,APPROVED
plr_7bfd06a3,fpl,Marcel_Lavinier,Marcel Lavinier,,,2021_2022,100.0,EXACT_SOURCE_ID,APPROVED
plr_35bed7c8,fpl,Matthew_Craig,Matthew Craig,,,2021_2022,100.0,EXACT_SOURCE_ID,APPROVED
plr_a10c4603,fpl,Moussa_Sissoko,Moussa Sissoko,,,2021_2022,100.0,EXACT_SOURCE_ID,APPROVED
plr_d06a0422,fpl,Ben_Foster,Ben Foster,,,2021_2022,100.0,EXACT_SOURCE_ID,APPROVED
plr_72e3155c,fpl,Danny_Rose,Danny Rose,,,2021_2022,100.0,EXACT_SOURCE_ID,APPROVED
plr_6163ad07,fpl,Dan_Gosling,Dan Gosling,,,2021_2022,100.0,EXACT_SOURCE_ID,APPROVED
plr_6d0b0664,fpl,Craig_Cathcart,Craig Cathcart,,,2021_2022,100.0,EXACT_SOURCE_ID,APPROVED
plr_02ab709f,fpl,Troy_Deeney,Troy Deeney,,,2021_2022,100.0,EXACT_SOURCE_ID,APPROVED
plr_ef17713a,fpl,Tom_Cleverley,Tom Cleverley,,,2021_2022,100.0,EXACT_SOURCE_ID,APPROVED
plr_1949daa0,fpl,Francisco_Femenía Far,Francisco Femenía Far,,,2021_2022,100.0,EXACT_SOURCE_ID,APPROVED
plr_1b5eec6f,fpl,Andre_Gray,Andre Gray,,,2021_2022,100.0,EXACT_SOURCE_ID,APPROVED
plr_6ee98c7f,fpl,Christian_Kabasele,Christian Kabasele,,,2021_2022,100.0,EXACT_SOURCE_ID,APPROVED
plr_e5192853,fpl,Nathaniel_Chalobah,Nathaniel Chalobah,,,2021_2022,100.0,EXACT_SOURCE_ID,APPROVED
plr_f5b2474f,fpl,William_Troost-Ekong,William Troost-Ekong,,,2021_2022,100.0,EXACT_SOURCE_ID,APPROVED
plr_ad5e87e9,fpl,Stipe_Perica,Stipe Perica,,,2021_2022,100.0,EXACT_SOURCE_ID,APPROVED
plr_e40ec0e3,fpl,Daniel_Bachmann,Daniel Bachmann,,,2021_2022,100.0,EXACT_SOURCE_ID,APPROVED
plr_0233e914,fpl,Adam_Masina,Adam Masina,,,2021_2022,100.0,EXACT_SOURCE_ID,APPROVED
plr_8148f53d,fpl,Ken_Sema,Ken Sema,,,2021_2022,100.0,EXACT_SOURCE_ID,APPROVED
plr_53da3266,fpl,Philip_Zinckernagel,Philip Zinckernagel,,,2021_2022,100.0,EXACT_SOURCE_ID,APPROVED
plr_34f6977d,fpl,Isaac_Success Ajayi,Isaac Success Ajayi,,,2021_2022,100.0,EXACT_SOURCE_ID,APPROVED
plr_282e36c3,fpl,Ayotomiwa_Dele-Bashiru,Ayotomiwa Dele-Bashiru,,,2021_2022,100.0,EXACT_SOURCE_ID,APPROVED
plr_6ce4be14,fpl,Ashley_Fletcher,Ashley Fletcher,,,2021_2022,100.0,EXACT_SOURCE_ID,APPROVED
plr_4f8fb6e7,fpl,Francisco_Sierralta,Francisco Sierralta,,,2021_2022,100.0,EXACT_SOURCE_ID,APPROVED
plr_1ed87323,fpl,Domingos_Quina,Domingos Quina,,,2021_2022,100.0,EXACT_SOURCE_ID,APPROVED
plr_619aff01,fpl,Marc_Navarro,Marc Navarro,,,2021_2022,100.0,EXACT_SOURCE_ID,APPROVED
plr_6bee7f23,fpl,Ismaila_Sarr,Ismaila Sarr,,,2021_2022,100.0,EXACT_SOURCE_ID,APPROVED
plr_903a3d6e,fpl,Jeremy_Ngakia,Jeremy Ngakia,,,2021_2022,100.0,EXACT_SOURCE_ID,APPROVED
plr_f4ee4648,fpl,Ben_Wilmot,Ben Wilmot,,,2021_2022,100.0,EXACT_SOURCE_ID,APPROVED
plr_aec66d77,fpl,Joseph_Hungbo,Joseph Hungbo,,,2021_2022,100.0,EXACT_SOURCE_ID,APPROVED
plr_ee1f9465,fpl,Imrân_Louza,Imrân Louza,,,2021_2022,100.0,EXACT_SOURCE_ID,APPROVED
plr_faabd5b8,fpl,João Pedro_Junqueira de Jesus,João Pedro Junqueira de Jesus,,,2021_2022,100.0,EXACT_SOURCE_ID,APPROVED
plr_ea3fe70a,fpl,Kwadwo_Baah,Kwadwo Baah,,,2021_2022,100.0,EXACT_SOURCE_ID,APPROVED
plr_f2484e59,fpl,Emmanuel_Dennis,Emmanuel Dennis,,,2021_2022,100.0,EXACT_SOURCE_ID,APPROVED
plr_147f7a96,fpl,Matthew_Pollock,Matthew Pollock,,,2021_2022,100.0,EXACT_SOURCE_ID,APPROVED
plr_c5d403c2,fpl,Oghenekaro Peter_Etebo,Oghenekaro Peter Etebo,,,2021_2022,100.0,EXACT_SOURCE_ID,APPROVED
plr_fb326ee8,fpl,Joshua_King,Joshua King,,,2021_2022,100.0,EXACT_SOURCE_ID,APPROVED
plr_c2190657,fpl,Adedapo_Awokoya-Mebude,Adedapo Awokoya-Mebude,,,2021_2022,100.0,EXACT_SOURCE_ID,APPROVED
plr_0a7da649,fpl,Juan Camilo_Hernández Suárez,Juan Camilo Hernández Suárez,,,2021_2022,100.0,EXACT_SOURCE_ID,APPROVED
plr_a33970ff,fpl,Juraj_Kucka,Juraj Kucka,,,2021_2022,100.0,EXACT_SOURCE_ID,APPROVED
plr_68d8f9cb,fpl,Ozan_Tufan,Ozan Tufan,,,2021_2022,100.0,EXACT_SOURCE_ID,APPROVED
plr_7b381f07,fpl,Robert_Elliot,Robert Elliot,,,2021_2022,100.0,EXACT_SOURCE_ID,APPROVED
plr_cb89a4e7,fpl,Nicolas_Nkoulou,Nicolas Nkoulou,,,2021_2022,100.0,EXACT_SOURCE_ID,APPROVED
plr_479f2cf7,fpl,James_Morris,James Morris,,,2021_2022,100.0,EXACT_SOURCE_ID,APPROVED
plr_bb23e953,fpl,Vincent_Angelini,Vincent Angelini,,,2021_2022,100.0,EXACT_SOURCE_ID,APPROVED
plr_b8a32a1d,fpl,Kamil_Conteh,Kamil Conteh,,,2021_2022,100.0,EXACT_SOURCE_ID,APPROVED
plr_65b7b9e0,fpl,Hassane_Kamara,Hassane Kamara,,,2021_2022,100.0,EXACT_SOURCE_ID,APPROVED
plr_4c491625,fpl,Samir_Caetano de Souza Santos,Samir Caetano de Souza Santos,,,2021_2022,100.0,EXACT_SOURCE_ID,APPROVED
plr_66c32bef,fpl,Edo_Kayembe,Edo Kayembe,,,2021_2022,100.0,EXACT_SOURCE_ID,APPROVED
plr_0f9fdd5c,fpl,Samuel_Kalu,Samuel Kalu,,,2021_2022,100.0,EXACT_SOURCE_ID,APPROVED
plr_41a357e6,fpl,Shaqai_Forde,Shaqai Forde,,,2021_2022,100.0,EXACT_SOURCE_ID,APPROVED
plr_52626dd7,fpl,Tiago_Çukur,Tiago Çukur,,,2021_2022,100.0,EXACT_SOURCE_ID,APPROVED
plr_1a5ec321,fpl,Adrian_Blake,Adrian Blake,,,2021_2022,100.0,EXACT_SOURCE_ID,APPROVED
plr_3f8c5fec,fpl,Jack_Grieves,Jack Grieves,,,2021_2022,100.0,EXACT_SOURCE_ID,APPROVED
plr_68fd432c,fpl,Kurt_Zouma,Kurt Zouma,,,2021_2022,100.0,EXACT_SOURCE_ID,APPROVED
plr_c168f9f2,fpl,Mark_Noble,Mark Noble,,,2021_2022,100.0,EXACT_SOURCE_ID,APPROVED
plr_49079127,fpl,Darren_Randolph,Darren Randolph,,,2021_2022,100.0,EXACT_SOURCE_ID,APPROVED
plr_121884b7,fpl,Lukasz_Fabianski,Lukasz Fabianski,,,2021_2022,100.0,EXACT_SOURCE_ID,APPROVED
plr_80d7a446,fpl,Angelo_Ogbonna,Angelo Ogbonna,,,2021_2022,100.0,EXACT_SOURCE_ID,APPROVED
plr_c581c9d1,fpl,Winston_Reid,Winston Reid,,,2021_2022,100.0,EXACT_SOURCE_ID,APPROVED
plr_2fe01518,fpl,Aaron_Cresswell,Aaron Cresswell,,,2021_2022,100.0,EXACT_SOURCE_ID,APPROVED
plr_5970ca85,fpl,Andriy_Yarmolenko,Andriy Yarmolenko,,,2021_2022,100.0,EXACT_SOURCE_ID,APPROVED
plr_7e8e3567,fpl,Michail_Antonio,Michail Antonio,,,2021_2022,100.0,EXACT_SOURCE_ID,APPROVED
plr_1088de4b,fpl,Craig_Dawson,Craig Dawson,,,2021_2022,100.0,EXACT_SOURCE_ID,APPROVED
plr_bedf2653,fpl,Ryan_Fredericks,Ryan Fredericks,,,2021_2022,100.0,EXACT_SOURCE_ID,APPROVED
plr_e1696a8b,fpl,Manuel_Lanzini,Manuel Lanzini,,,2021_2022,100.0,EXACT_SOURCE_ID,APPROVED
plr_cb30301d,fpl,Arthur_Masuaku,Arthur Masuaku,,,2021_2022,100.0,EXACT_SOURCE_ID,APPROVED
plr_eace7033,fpl,Vladimir_Coufal,Vladimir Coufal,,,2021_2022,100.0,EXACT_SOURCE_ID,APPROVED
plr_6c6ac8bf,fpl,Saïd_Benrahma,Saïd Benrahma,,,2021_2022,100.0,EXACT_SOURCE_ID,APPROVED
plr_0b4a9a80,fpl,Jarrod_Bowen,Jarrod Bowen,,,2021_2022,100.0,EXACT_SOURCE_ID,APPROVED
plr_3780b0ac,fpl,Declan_Rice,Declan Rice,,,2021_2022,100.0,EXACT_SOURCE_ID,APPROVED
plr_b83fa4a3,fpl,Tomas_Soucek,Tomas Soucek,,,2021_2022,100.0,EXACT_SOURCE_ID,APPROVED
plr_357b7b24,fpl,Pablo_Fornals,Pablo Fornals,,,2021_2022,100.0,EXACT_SOURCE_ID,APPROVED
plr_68c22624,fpl,Issa_Diop,Issa Diop,,,2021_2022,100.0,EXACT_SOURCE_ID,APPROVED
plr_08cdcdbc,fpl,Ben_Johnson,Ben Johnson,,,2021_2022,100.0,EXACT_SOURCE_ID,APPROVED
plr_054a489d,fpl,Alphonse_Areola,Alphonse Areola,,,2021_2022,100.0,EXACT_SOURCE_ID,APPROVED
plr_748e1d14,fpl,Frederik_Alves,Frederik Alves,,,2021_2022,100.0,EXACT_SOURCE_ID,APPROVED
plr_7973d9c5,fpl,Conor_Coventry,Conor Coventry,,,2021_2022,100.0,EXACT_SOURCE_ID,APPROVED
plr_4602e7ee,fpl,Jamal_Baptiste,Jamal Baptiste,,,2021_2022,100.0,EXACT_SOURCE_ID,APPROVED
plr_89929aaf,fpl,Nikola_Vlasic,Nikola Vlasic,,,2021_2022,100.0,EXACT_SOURCE_ID,APPROVED
plr_ba5aa623,fpl,Alex_Kral,Alex Kral,,,2021_2022,100.0,EXACT_SOURCE_ID,APPROVED
plr_d8884269,fpl,Harrison_Ashby,Harrison Ashby,,,2021_2022,100.0,EXACT_SOURCE_ID,APPROVED
plr_f0a52aec,fpl,Sonny_Perkins,Sonny Perkins,,,2021_2022,100.0,EXACT_SOURCE_ID,APPROVED
plr_5c6251ee,fpl,Ajibola_Alese,Ajibola Alese,,,2021_2022,100.0,EXACT_SOURCE_ID,APPROVED
plr_1f0cb8e7,fpl,Armstrong_Oko-Flex,Armstrong Oko-Flex,,,2021_2022,100.0,EXACT_SOURCE_ID,APPROVED
plr_c18fd9ea,fpl,Pierre_Ekwah,Pierre Ekwah,,,2021_2022,100.0,EXACT_SOURCE_ID,APPROVED
plr_b20bfa1e,fpl,Daniel_Chesters,Daniel Chesters,,,2021_2022,100.0,EXACT_SOURCE_ID,APPROVED
plr_e1a86220,fpl,João Filipe Iria_Santos Moutinho,João Filipe Iria Santos Moutinho,,,2021_2022,100.0,EXACT_SOURCE_ID,APPROVED
plr_8ad21f5a,fpl,Rui Pedro_dos Santos Patrício,Rui Pedro dos Santos Patrício,,,2021_2022,100.0,EXACT_SOURCE_ID,APPROVED
plr_8c2ccf4a,fpl,Willy_Boly,Willy Boly,,,2021_2022,100.0,EXACT_SOURCE_ID,APPROVED
plr_dad0727b,fpl,Conor_Coady,Conor Coady,,,2021_2022,100.0,EXACT_SOURCE_ID,APPROVED
plr_2d6d26f1,fpl,Raúl_Jiménez,Raúl Jiménez,,,2021_2022,100.0,EXACT_SOURCE_ID,APPROVED
plr_27458c3e,fpl,Romain_Saïss,Romain Saïss,,,2021_2022,100.0,EXACT_SOURCE_ID,APPROVED
plr_dd78cfdf,fpl,Fernando_Marçal,Fernando Marçal,,,2021_2022,100.0,EXACT_SOURCE_ID,APPROVED
plr_cd4e4863,fpl,Jonathan_Castro Otto,Jonathan Castro Otto,,,2021_2022,100.0,EXACT_SOURCE_ID,APPROVED
plr_bb609fd5,fpl,Leander_Dendoncker,Leander Dendoncker,,,2021_2022,100.0,EXACT_SOURCE_ID,APPROVED
plr_cc31e774,fpl,Adama_Traoré,Adama Traoré,,,2021_2022,100.0,EXACT_SOURCE_ID,APPROVED
plr_08263f80,fpl,Rúben Diogo_da Silva Neves,Rúben Diogo da Silva Neves,,,2021_2022,100.0,EXACT_SOURCE_ID,APPROVED
plr_1fdef7eb,fpl,Nélson_Cabral Semedo,Nélson Cabral Semedo,,,2021_2022,100.0,EXACT_SOURCE_ID,APPROVED
plr_76877191,fpl,Daniel_Castelo Podence,Daniel Castelo Podence,,,2021_2022,100.0,EXACT_SOURCE_ID,APPROVED
plr_a623ff63,fpl,Max_Kilman,Max Kilman,,,2021_2022,100.0,EXACT_SOURCE_ID,APPROVED
plr_37a83624,fpl,Morgan_Gibbs-White,Morgan Gibbs-White,,,2021_2022,100.0,EXACT_SOURCE_ID,APPROVED
plr_6dd82638,fpl,Pedro_Lomba Neto,Pedro Lomba Neto,,,2021_2022,100.0,EXACT_SOURCE_ID,APPROVED
plr_66f741e1,fpl,Owen_Otasowie,Owen Otasowie,,,2021_2022,100.0,EXACT_SOURCE_ID,APPROVED
plr_e4e4a10d,fpl,Ki-Jana_Hoever,Ki-Jana Hoever,,,2021_2022,100.0,EXACT_SOURCE_ID,APPROVED
plr_1613ad30,fpl,Andreas_Söndergaard,Andreas Söndergaard,,,2021_2022,100.0,EXACT_SOURCE_ID,APPROVED
plr_5b8af3bd,fpl,Fabio_Silva,Fabio Silva,,,2021_2022,100.0,EXACT_SOURCE_ID,APPROVED
plr_a0f58ecb,fpl,Yerson_Mosquera Valdelamar,Yerson Mosquera Valdelamar,,,2021_2022,100.0,EXACT_SOURCE_ID,APPROVED
plr_2d59b965,fpl,John_Ruddy,John Ruddy,,,2021_2022,100.0,EXACT_SOURCE_ID,APPROVED
plr_68becce0,fpl,Francisco_Machado Mota de Castro Trincão,Francisco Machado Mota de Castro Trincão,,,2021_2022,100.0,EXACT_SOURCE_ID,APPROVED
plr_ac5d0e21,fpl,Rayan_Ait Nouri,Rayan Ait Nouri,,,2021_2022,100.0,EXACT_SOURCE_ID,APPROVED
plr_895b190a,fpl,José_Malheiro de Sá,José Malheiro de Sá,,,2021_2022,100.0,EXACT_SOURCE_ID,APPROVED
plr_9c5c599b,fpl,Patrick_Cutrone,Patrick Cutrone,,,2021_2022,100.0,EXACT_SOURCE_ID,APPROVED
plr_d44993c1,fpl,Luke_Cundle,Luke Cundle,,,2021_2022,100.0,EXACT_SOURCE_ID,APPROVED
plr_1285370b,fpl,Chem_Campbell,Chem Campbell,,,2021_2022,100.0,EXACT_SOURCE_ID,APPROVED
plr_3053d71b,fpl,Christian_Marques,Christian Marques,,,2021_2022,100.0,EXACT_SOURCE_ID,APPROVED
plr_33bad45f,fpl,Hee-Chan_Hwang,Hee-Chan Hwang,,,2021_2022,100.0,EXACT_SOURCE_ID,APPROVED
plr_966c6a25,fpl,Louie_Moulden,Louie Moulden,,,2021_2022,100.0,EXACT_SOURCE_ID,APPROVED
plr_46c97c70,fpl,James_Storer,James Storer,,,2021_2022,100.0,EXACT_SOURCE_ID,APPROVED
plr_f8014677,fpl,Hugo_Bueno,Hugo Bueno,,,2021_2022,100.0,EXACT_SOURCE_ID,APPROVED
plr_5fecd208,fpl,Bruno André_Cavaco Jordão,Bruno André Cavaco Jordão,,,2021_2022,100.0,EXACT_SOURCE_ID,APPROVED
plr_6a580054,fpl,Toti António_Gomes,Toti António Gomes,,,2021_2022,100.0,EXACT_SOURCE_ID,APPROVED
plr_a69bf2cf,fpl,Dion_Sanderson,Dion Sanderson,,,2021_2022,100.0,EXACT_SOURCE_ID,APPROVED
plr_277a0a34,fpl,Ryan_Giles,Ryan Giles,,,2021_2022,100.0,EXACT_SOURCE_ID,APPROVED
plr_94c764cf,fpl,Francisco Jorge_Tomás Oliveira,Francisco Jorge Tomás Oliveira,,,2021_2022,100.0,EXACT_SOURCE_ID,APPROVED
plr_82f9da27,fpl,Granit_Xhaka,Granit Xhaka,,,2022_2023,100.0,EXACT_SOURCE_ID,APPROVED
plr_e7032cdf,fpl,Mohamed_Elneny,Mohamed Elneny,,,2022_2023,100.0,EXACT_SOURCE_ID,APPROVED
plr_027ed339,fpl,Rob_Holding,Rob Holding,,,2022_2023,100.0,EXACT_SOURCE_ID,APPROVED
plr_a99d16ce,fpl,Thomas_Partey,Thomas Partey,,,2022_2023,100.0,EXACT_SOURCE_ID,APPROVED
plr_28bcd2a6,fpl,Martin_Ødegaard,Martin Ødegaard,,,2022_2023,100.0,EXACT_SOURCE_ID,APPROVED
plr_7fb49d38,fpl,Kieran_Tierney,Kieran Tierney,,,2022_2023,100.0,EXACT_SOURCE_ID,APPROVED
plr_64e79c5f,fpl,Nicolas_Pépé,Nicolas Pépé,,,2022_2023,100.0,EXACT_SOURCE_ID,APPROVED
plr_7dbd0f35,fpl,Benjamin_White,Benjamin White,,,2022_2023,100.0,EXACT_SOURCE_ID,APPROVED
plr_832991e3,fpl,Eddie_Nketiah,Eddie Nketiah,,,2022_2023,100.0,EXACT_SOURCE_ID,APPROVED
plr_fe5e36b5,fpl,Emile_Smith Rowe,Emile Smith Rowe,,,2022_2023,100.0,EXACT_SOURCE_ID,APPROVED
plr_06bcf317,fpl,Bukayo_Saka,Bukayo Saka,,,2022_2023,100.0,EXACT_SOURCE_ID,APPROVED
plr_d7401531,fpl,Takehiro_Tomiyasu,Takehiro Tomiyasu,,,2022_2023,100.0,EXACT_SOURCE_ID,APPROVED
plr_bc074348,fpl,Aaron_Ramsdale,Aaron Ramsdale,,,2022_2023,100.0,EXACT_SOURCE_ID,APPROVED
plr_7c4133ea,fpl,Gabriel_dos Santos Magalhães,Gabriel dos Santos Magalhães,,,2022_2023,100.0,EXACT_SOURCE_ID,APPROVED
plr_f75759ba,fpl,Nuno_Varela Tavares,Nuno Varela Tavares,,,2022_2023,100.0,EXACT_SOURCE_ID,APPROVED
plr_b2bb11e2,fpl,Gabriel_Martinelli Silva,Gabriel Martinelli Silva,,,2022_2023,100.0,EXACT_SOURCE_ID,APPROVED
plr_44d0743d,fpl,Pablo_Marí Villar,Pablo Marí Villar,,,2022_2023,100.0,EXACT_SOURCE_ID,APPROVED
plr_f5d3c776,fpl,Lucas_Torreira di Pascua,Lucas Torreira di Pascua,,,2022_2023,100.0,EXACT_SOURCE_ID,APPROVED
plr_ec072ef1,fpl,Reiss_Nelson,Reiss Nelson,,,2022_2023,100.0,EXACT_SOURCE_ID,APPROVED
plr_92735ac1,fpl,Matt_Turner,Matt Turner,,,2022_2023,100.0,EXACT_SOURCE_ID,APPROVED
plr_3d9d98de,fpl,Fábio_Ferreira Vieira,Fábio Ferreira Vieira,,,2022_2023,100.0,EXACT_SOURCE_ID,APPROVED
plr_18aeb676,fpl,William_Saliba,William Saliba,,,2022_2023,100.0,EXACT_SOURCE_ID,APPROVED
plr_2fb192e5,fpl,Marcus_Oliveira Alencar,Marcus Oliveira Alencar,,,2022_2023,100.0,EXACT_SOURCE_ID,APPROVED
plr_713717b9,fpl,Gabriel_Fernando de Jesus,Gabriel Fernando de Jesus,,,2022_2023,100.0,EXACT_SOURCE_ID,APPROVED
plr_a891da84,fpl,Leandro_Trossard,Leandro Trossard,,,2022_2023,100.0,EXACT_SOURCE_ID,APPROVED
plr_593c8f8c,fpl,Jorge Luiz_Frello Filho,Jorge Luiz Frello Filho,,,2022_2023,100.0,EXACT_SOURCE_ID,APPROVED
plr_71fcd3d7,fpl,Oleksandr_Zinchenko,Oleksandr Zinchenko,,,2022_2023,100.0,EXACT_SOURCE_ID,APPROVED
plr_420771d9,fpl,Matthew_Smith,Matthew Smith,,,2022_2023,100.0,EXACT_SOURCE_ID,APPROVED
plr_c5ff1ce2,fpl,Ethan_Nwaneri,Ethan Nwaneri,,,2022_2023,100.0,EXACT_SOURCE_ID,APPROVED
plr_0acfc2e4,fpl,Lino_Sousa,Lino Sousa,,,2022_2023,100.0,EXACT_SOURCE_ID,APPROVED
plr_bcdb5476,fpl,Karl_Hein,Karl Hein,,,2022_2023,100.0,EXACT_SOURCE_ID,APPROVED
plr_5d6fa656,fpl,Amario_Cozier-Duberry,Amario Cozier-Duberry,,,2022_2023,100.0,EXACT_SOURCE_ID,APPROVED
plr_a697c722,fpl,Nathan_Butler-Oyedeji,Nathan Butler-Oyedeji,,,2022_2023,100.0,EXACT_SOURCE_ID,APPROVED
plr_ac8a4052,fpl,Jakub_Kiwior,Jakub Kiwior,,,2022_2023,100.0,EXACT_SOURCE_ID,APPROVED
plr_a094340b,fpl,Reuell_Walters,Reuell Walters,,,2022_2023,100.0,EXACT_SOURCE_ID,APPROVED
plr_0311fcd6,fpl,Mauro_Bandeira,Mauro Bandeira,,,2022_2023,100.0,EXACT_SOURCE_ID,APPROVED
plr_330ffa85,fpl,Philippe_Coutinho Correia,Philippe Coutinho Correia,,,2022_2023,100.0,EXACT_SOURCE_ID,APPROVED
plr_28d84c18,fpl,Emiliano_Martínez Romero,Emiliano Martínez Romero,,,2022_2023,100.0,EXACT_SOURCE_ID,APPROVED
plr_5a450a1a,fpl,Calum_Chambers,Calum Chambers,,,2022_2023,100.0,EXACT_SOURCE_ID,APPROVED
plr_aece5317,fpl,Lucas_Digne,Lucas Digne,,,2022_2023,100.0,EXACT_SOURCE_ID,APPROVED
plr_02792891,fpl,Bertrand_Traoré,Bertrand Traoré,,,2022_2023,100.0,EXACT_SOURCE_ID,APPROVED
plr_ecb192bf,fpl,Robin_Olsen,Robin Olsen,,,2022_2023,100.0,EXACT_SOURCE_ID,APPROVED
plr_b5a34965,fpl,Morgan_Sanson,Morgan Sanson,,,2022_2023,100.0,EXACT_SOURCE_ID,APPROVED
plr_241173b3,fpl,John_McGinn,John McGinn,,,2022_2023,100.0,EXACT_SOURCE_ID,APPROVED
plr_e78790c1,fpl,Kortney_Hause,Kortney Hause,,,2022_2023,100.0,EXACT_SOURCE_ID,APPROVED
plr_633032c5,fpl,Tyrone_Mings,Tyrone Mings,,,2022_2023,100.0,EXACT_SOURCE_ID,APPROVED
plr_79d4ff65,fpl,Ollie_Watkins,Ollie Watkins,,,2022_2023,100.0,EXACT_SOURCE_ID,APPROVED
plr_7ff892c1,fpl,Marvelous_Nakamba,Marvelous Nakamba,,,2022_2023,100.0,EXACT_SOURCE_ID,APPROVED
plr_b984b859,fpl,Emiliano_Buendía Stati,Emiliano Buendía Stati,,,2022_2023,100.0,EXACT_SOURCE_ID,APPROVED
plr_4eb5dfb5,fpl,Matty_Cash,Matty Cash,,,2022_2023,100.0,EXACT_SOURCE_ID,APPROVED
plr_d6ecc2b1,fpl,Ezri_Konsa Ngoyo,Ezri Konsa Ngoyo,,,2022_2023,100.0,EXACT_SOURCE_ID,APPROVED
plr_8a91386f,fpl,Leon_Bailey,Leon Bailey,,,2022_2023,100.0,EXACT_SOURCE_ID,APPROVED
plr_6d58f723,fpl,Douglas Luiz_Soares de Paulo,Douglas Luiz Soares de Paulo,,,2022_2023,100.0,EXACT_SOURCE_ID,APPROVED
plr_c3bc91b2,fpl,Jacob_Ramsey,Jacob Ramsey,,,2022_2023,100.0,EXACT_SOURCE_ID,APPROVED
plr_b4c11367,fpl,Tim_Iroegbunam,Tim Iroegbunam,,,2022_2023,100.0,EXACT_SOURCE_ID,APPROVED
plr_803be117,fpl,Diego Carlos_Santos Silva,Diego Carlos Santos Silva,,,2022_2023,100.0,EXACT_SOURCE_ID,APPROVED
plr_1d80f52a,fpl,Anwar_El Ghazi,Anwar El Ghazi,,,2022_2023,100.0,EXACT_SOURCE_ID,APPROVED
plr_6b875d3d,fpl,Keinan_Davis,Keinan Davis,,,2022_2023,100.0,EXACT_SOURCE_ID,APPROVED
plr_c73f60dc,fpl,Boubacar_Kamara,Boubacar Kamara,,,2022_2023,100.0,EXACT_SOURCE_ID,APPROVED
plr_e55c6d3d,fpl,Cameron_Archer,Cameron Archer,,,2022_2023,100.0,EXACT_SOURCE_ID,APPROVED
plr_c10daf1b,fpl,Jaden_Philogene-Bidace,Jaden Philogene-Bidace,,,2022_2023,100.0,EXACT_SOURCE_ID,APPROVED
plr_6ca5006a,fpl,Frédéric_Guilbert,Frédéric Guilbert,,,2022_2023,100.0,EXACT_SOURCE_ID,APPROVED
plr_b08a01a4,fpl,Leander_Dendoncker,Leander Dendoncker,,,2022_2023,100.0,EXACT_SOURCE_ID,APPROVED
plr_d24e6153,fpl,Ludwig_Augustinsson,Ludwig Augustinsson,,,2022_2023,100.0,EXACT_SOURCE_ID,APPROVED
plr_8afc4838,fpl,Kaine_Kesler Hayden,Kaine Kesler Hayden,,,2022_2023,100.0,EXACT_SOURCE_ID,APPROVED
plr_c9e22449,fpl,Ashley_Young,Ashley Young,,,2022_2023,100.0,EXACT_SOURCE_ID,APPROVED
plr_7fcfdef5,fpl,Lamare_Bogarde,Lamare Bogarde,,,2022_2023,100.0,EXACT_SOURCE_ID,APPROVED
plr_e9aa1274,fpl,Filip_Marschall,Filip Marschall,,,2022_2023,100.0,EXACT_SOURCE_ID,APPROVED
plr_5a4b443d,fpl,Kadan_Young,Kadan Young,,,2022_2023,100.0,EXACT_SOURCE_ID,APPROVED
plr_9a2ef6f7,fpl,Alexandre_Moreno Lopera,Alexandre Moreno Lopera,,,2022_2023,100.0,EXACT_SOURCE_ID,APPROVED
plr_44d65dae,fpl,Viljami_Sinisalo,Viljami Sinisalo,,,2022_2023,100.0,EXACT_SOURCE_ID,APPROVED
plr_5c2535bc,fpl,Jhon_Durán,Jhon Durán,,,2022_2023,100.0,EXACT_SOURCE_ID,APPROVED
plr_2182e302,fpl,Sil_Swinkels,Sil Swinkels,,,2022_2023,100.0,EXACT_SOURCE_ID,APPROVED
plr_557a2d62,fpl,Oliwier_Zych,Oliwier Zych,,,2022_2023,100.0,EXACT_SOURCE_ID,APPROVED
plr_3f810116,fpl,James_Wright,James Wright,,,2022_2023,100.0,EXACT_SOURCE_ID,APPROVED
plr_16d22131,fpl,Sebastian_Revan,Sebastian Revan,,,2022_2023,100.0,EXACT_SOURCE_ID,APPROVED
plr_0eea5465,fpl,Travis_Patterson,Travis Patterson,,,2022_2023,100.0,EXACT_SOURCE_ID,APPROVED
plr_953ff0eb,fpl,Tommi_O'Reilly,Tommi O'Reilly,,,2022_2023,100.0,EXACT_SOURCE_ID,APPROVED
plr_ca1c6eaa,fpl,Adam_Smith,Adam Smith,,,2022_2023,100.0,EXACT_SOURCE_ID,APPROVED
plr_f48b2f52,fpl,Junior_Stanislas,Junior Stanislas,,,2022_2023,100.0,EXACT_SOURCE_ID,APPROVED
plr_78d1abbe,fpl,Ryan_Fredericks,Ryan Fredericks,,,2022_2023,100.0,EXACT_SOURCE_ID,APPROVED
plr_6d0f83c0,fpl,David_Brooks,David Brooks,,,2022_2023,100.0,EXACT_SOURCE_ID,APPROVED
plr_839110fe,fpl,Jamal_Lowe,Jamal Lowe,,,2022_2023,100.0,EXACT_SOURCE_ID,APPROVED
plr_e6a21ac0,fpl,Kieffer_Moore,Kieffer Moore,,,2022_2023,100.0,EXACT_SOURCE_ID,APPROVED
plr_9441251c,fpl,Emiliano_Marcondes,Emiliano Marcondes,,,2022_2023,100.0,EXACT_SOURCE_ID,APPROVED
plr_425159fd,fpl,Jefferson_Lerma Solís,Jefferson Lerma Solís,,,2022_2023,100.0,EXACT_SOURCE_ID,APPROVED
plr_ba86beca,fpl,Jack_Stacey,Jack Stacey,,,2022_2023,100.0,EXACT_SOURCE_ID,APPROVED
plr_eadaace0,fpl,Dominic_Solanke,Dominic Solanke,,,2022_2023,100.0,EXACT_SOURCE_ID,APPROVED
plr_46f87b63,fpl,Lewis_Cook,Lewis Cook,,,2022_2023,100.0,EXACT_SOURCE_ID,APPROVED
plr_0505158f,fpl,Ben_Pearson,Ben Pearson,,,2022_2023,100.0,EXACT_SOURCE_ID,APPROVED
plr_34f65f1e,fpl,Ryan_Christie,Ryan Christie,,,2022_2023,100.0,EXACT_SOURCE_ID,APPROVED
plr_8a245b99,fpl,Philip_Billing,Philip Billing,,,2022_2023,100.0,EXACT_SOURCE_ID,APPROVED
plr_766a317c,fpl,Chris_Mepham,Chris Mepham,,,2022_2023,100.0,EXACT_SOURCE_ID,APPROVED
plr_abd2e1bd,fpl,Mark_Travers,Mark Travers,,,2022_2023,100.0,EXACT_SOURCE_ID,APPROVED
plr_05689c23,fpl,Lloyd_Kelly,Lloyd Kelly,,,2022_2023,100.0,EXACT_SOURCE_ID,APPROVED
plr_d5b1cc05,fpl,Siriki_Dembélé,Siriki Dembélé,,,2022_2023,100.0,EXACT_SOURCE_ID,APPROVED
plr_77290ee1,fpl,Jaidon_Anthony,Jaidon Anthony,,,2022_2023,100.0,EXACT_SOURCE_ID,APPROVED
plr_f96d7e85,fpl,Jordan_Zemura,Jordan Zemura,,,2022_2023,100.0,EXACT_SOURCE_ID,APPROVED
plr_7265b6ab,fpl,Will_Dennis,Will Dennis,,,2022_2023,100.0,EXACT_SOURCE_ID,APPROVED
plr_752827fa,fpl,Jack_Stephens,Jack Stephens,,,2022_2023,100.0,EXACT_SOURCE_ID,APPROVED
plr_3487425b,fpl,Joe_Rothwell,Joe Rothwell,,,2022_2023,100.0,EXACT_SOURCE_ID,APPROVED
plr_25dc5606,fpl,Marcus_Tavernier,Marcus Tavernier,,,2022_2023,100.0,EXACT_SOURCE_ID,APPROVED
plr_f9e9d397,fpl,James_Hill,James Hill,,,2022_2023,100.0,EXACT_SOURCE_ID,APPROVED
plr_5a0d01cc,fpl,Darren_Randolph,Darren Randolph,,,2022_2023,100.0,EXACT_SOURCE_ID,APPROVED
plr_29dd1dff,fpl,Norberto_Murara Neto,Norberto Murara Neto,,,2022_2023,100.0,EXACT_SOURCE_ID,APPROVED
plr_82682055,fpl,Marcos_Senesi,Marcos Senesi,,,2022_2023,100.0,EXACT_SOURCE_ID,APPROVED
plr_c179a3b5,fpl,Christian_Saydee,Christian Saydee,,,2022_2023,100.0,EXACT_SOURCE_ID,APPROVED
plr_ec533740,fpl,Owen_Bevan,Owen Bevan,,,2022_2023,100.0,EXACT_SOURCE_ID,APPROVED
plr_1d606a8e,fpl,Cameron_Plain,Cameron Plain,,,2022_2023,100.0,EXACT_SOURCE_ID,APPROVED
plr_61a91e22,fpl,Daniel_Adu-Adjei,Daniel Adu-Adjei,,,2022_2023,100.0,EXACT_SOURCE_ID,APPROVED
plr_6b3130ae,fpl,Michael_Dacosta Gonzalez,Michael Dacosta Gonzalez,,,2022_2023,100.0,EXACT_SOURCE_ID,APPROVED
plr_b768fd28,fpl,Dominic_Sadi,Dominic Sadi,,,2022_2023,100.0,EXACT_SOURCE_ID,APPROVED
plr_f157540e,fpl,Dango_Ouattara,Dango Ouattara,,,2022_2023,100.0,EXACT_SOURCE_ID,APPROVED
plr_3923e3ab,fpl,Euan_Pollock,Euan Pollock,,,2022_2023,100.0,EXACT_SOURCE_ID,APPROVED
plr_be360f0c,fpl,Antoine_Semenyo,Antoine Semenyo,,,2022_2023,100.0,EXACT_SOURCE_ID,APPROVED
plr_01563834,fpl,Matías_Viña,Matías Viña,,,2022_2023,100.0,EXACT_SOURCE_ID,APPROVED
plr_343d8308,fpl,Illia_Zabarnyi,Illia Zabarnyi,,,2022_2023,100.0,EXACT_SOURCE_ID,APPROVED
plr_16bb55cb,fpl,Hamed_Traorè,Hamed Traorè,,,2022_2023,100.0,EXACT_SOURCE_ID,APPROVED
plr_f55ec412,fpl,Ben_Greenwood,Ben Greenwood,,,2022_2023,100.0,EXACT_SOURCE_ID,APPROVED
plr_c003c481,fpl,Max_Kinsey-Wellings,Max Kinsey-Wellings,,,2022_2023,100.0,EXACT_SOURCE_ID,APPROVED
plr_28a11820,fpl,Pontus_Jansson,Pontus Jansson,,,2022_2023,100.0,EXACT_SOURCE_ID,APPROVED
plr_821111f6,fpl,Christian_Nørgaard,Christian Nørgaard,,,2022_2023,100.0,EXACT_SOURCE_ID,APPROVED
plr_2ec3a572,fpl,Ivan_Toney,Ivan Toney,,,2022_2023,100.0,EXACT_SOURCE_ID,APPROVED
plr_9bdf9ae9,fpl,David_Raya Martin,David Raya Martin,,,2022_2023,100.0,EXACT_SOURCE_ID,APPROVED
plr_303051b8,fpl,Sergi_Canós Tenés,Sergi Canós Tenés,,,2022_2023,100.0,EXACT_SOURCE_ID,APPROVED
plr_523357db,fpl,Josh_Dasilva,Josh Dasilva,,,2022_2023,100.0,EXACT_SOURCE_ID,APPROVED
plr_f94a7c46,fpl,Kristoffer_Ajer,Kristoffer Ajer,,,2022_2023,100.0,EXACT_SOURCE_ID,APPROVED
plr_d2ec0752,fpl,Rico_Henry,Rico Henry,,,2022_2023,100.0,EXACT_SOURCE_ID,APPROVED
plr_a427ef9c,fpl,Vitaly_Janelt,Vitaly Janelt,,,2022_2023,100.0,EXACT_SOURCE_ID,APPROVED
plr_754e8ae9,fpl,Saman_Ghoddos,Saman Ghoddos,,,2022_2023,100.0,EXACT_SOURCE_ID,APPROVED
plr_7f7c0498,fpl,Mathias_Jensen,Mathias Jensen,,,2022_2023,100.0,EXACT_SOURCE_ID,APPROVED
plr_e37653e1,fpl,Yoane_Wissa,Yoane Wissa,,,2022_2023,100.0,EXACT_SOURCE_ID,APPROVED
plr_80661759,fpl,Mads_Roerslev Rasmussen,Mads Roerslev Rasmussen,,,2022_2023,100.0,EXACT_SOURCE_ID,APPROVED
plr_a16ca02d,fpl,Mads_Bech Sørensen,Mads Bech Sørensen,,,2022_2023,100.0,EXACT_SOURCE_ID,APPROVED
plr_f77b388d,fpl,Ethan_Pinnock,Ethan Pinnock,,,2022_2023,100.0,EXACT_SOURCE_ID,APPROVED
plr_bf8f7bbc,fpl,Frank_Onyeka,Frank Onyeka,,,2022_2023,100.0,EXACT_SOURCE_ID,APPROVED
plr_61a7997a,fpl,Shandon_Baptiste,Shandon Baptiste,,,2022_2023,100.0,EXACT_SOURCE_ID,APPROVED
plr_23c3bcb3,fpl,Bryan_Mbeumo,Bryan Mbeumo,,,2022_2023,100.0,EXACT_SOURCE_ID,APPROVED
plr_1b54b8ba,fpl,Charlie_Goode,Charlie Goode,,,2022_2023,100.0,EXACT_SOURCE_ID,APPROVED
plr_7407f32d,fpl,Marcus_Forss,Marcus Forss,,,2022_2023,100.0,EXACT_SOURCE_ID,APPROVED
plr_134c795b,fpl,Dominic_Thompson,Dominic Thompson,,,2022_2023,100.0,EXACT_SOURCE_ID,APPROVED
plr_c1f09ab8,fpl,Mads_Bidstrup,Mads Bidstrup,,,2022_2023,100.0,EXACT_SOURCE_ID,APPROVED
plr_480ed383,fpl,Ellery_Balcombe,Ellery Balcombe,,,2022_2023,100.0,EXACT_SOURCE_ID,APPROVED
plr_0635713a,fpl,Aaron_Hickey,Aaron Hickey,,,2022_2023,100.0,EXACT_SOURCE_ID,APPROVED
plr_fea88e89,fpl,Keane_Lewis-Potter,Keane Lewis-Potter,,,2022_2023,100.0,EXACT_SOURCE_ID,APPROVED
plr_362e7a22,fpl,Thomas_Strakosha,Thomas Strakosha,,,2022_2023,100.0,EXACT_SOURCE_ID,APPROVED
plr_1c7e9633,fpl,Ben_Mee,Ben Mee,,,2022_2023,100.0,EXACT_SOURCE_ID,APPROVED
plr_aa057502,fpl,Fin_Stevens,Fin Stevens,,,2022_2023,100.0,EXACT_SOURCE_ID,APPROVED
plr_5f9ddcab,fpl,Halil_Dervişoğlu,Halil Dervişoğlu,,,2022_2023,100.0,EXACT_SOURCE_ID,APPROVED
plr_ecb6a357,fpl,Mikkel_Damsgaard,Mikkel Damsgaard,,,2022_2023,100.0,EXACT_SOURCE_ID,APPROVED
plr_2f5fbe19,fpl,Mathias_Jorgensen,Mathias Jorgensen,,,2022_2023,100.0,EXACT_SOURCE_ID,APPROVED
plr_5863d09f,fpl,Ryan_Trevitt,Ryan Trevitt,,,2022_2023,100.0,EXACT_SOURCE_ID,APPROVED
plr_18074226,fpl,Matthew_Cox,Matthew Cox,,,2022_2023,100.0,EXACT_SOURCE_ID,APPROVED
plr_8450d06e,fpl,Tristan_Crama,Tristan Crama,,,2022_2023,100.0,EXACT_SOURCE_ID,APPROVED
plr_88e94c74,fpl,Yegor_Yarmolyuk,Yegor Yarmolyuk,,,2022_2023,100.0,EXACT_SOURCE_ID,APPROVED
plr_75544f5c,fpl,Kevin_Schade,Kevin Schade,,,2022_2023,100.0,EXACT_SOURCE_ID,APPROVED
plr_d10a8915,fpl,Michael_Olakigbe,Michael Olakigbe,,,2022_2023,100.0,EXACT_SOURCE_ID,APPROVED
plr_02ad1eea,fpl,Adam_Lallana,Adam Lallana,,,2022_2023,100.0,EXACT_SOURCE_ID,APPROVED
plr_68b70f45,fpl,Jason_Steele,Jason Steele,,,2022_2023,100.0,EXACT_SOURCE_ID,APPROVED
plr_c51fe61e,fpl,Danny_Welbeck,Danny Welbeck,,,2022_2023,100.0,EXACT_SOURCE_ID,APPROVED
plr_e6309b38,fpl,Pascal_Groß,Pascal Groß,,,2022_2023,100.0,EXACT_SOURCE_ID,APPROVED
plr_b69d9e28,fpl,Lewis_Dunk,Lewis Dunk,,,2022_2023,100.0,EXACT_SOURCE_ID,APPROVED
plr_f80c9818,fpl,Solly_March,Solly March,,,2022_2023,100.0,EXACT_SOURCE_ID,APPROVED
plr_155feac3,fpl,Adam_Webster,Adam Webster,,,2022_2023,100.0,EXACT_SOURCE_ID,APPROVED
plr_a7bc6848,fpl,Joël_Veltman,Joël Veltman,,,2022_2023,100.0,EXACT_SOURCE_ID,APPROVED
plr_a9c07a0d,fpl,Robert_Sánchez,Robert Sánchez,,,2022_2023,100.0,EXACT_SOURCE_ID,APPROVED
plr_a49bc15d,fpl,Tariq_Lamptey,Tariq Lamptey,,,2022_2023,100.0,EXACT_SOURCE_ID,APPROVED
plr_bafac924,fpl,Steven_Alzate,Steven Alzate,,,2022_2023,100.0,EXACT_SOURCE_ID,APPROVED
plr_67887d57,fpl,Alexis_Mac Allister,Alexis Mac Allister,,,2022_2023,100.0,EXACT_SOURCE_ID,APPROVED
plr_576f0301,fpl,Jakub_Moder,Jakub Moder,,,2022_2023,100.0,EXACT_SOURCE_ID,APPROVED
plr_5602166a,fpl,Enock_Mwepu,Enock Mwepu,,,2022_2023,100.0,EXACT_SOURCE_ID,APPROVED
plr_1169a7e8,fpl,Jeremy_Sarmiento Morante,Jeremy Sarmiento Morante,,,2022_2023,100.0,EXACT_SOURCE_ID,APPROVED
plr_44f6c01c,fpl,Moisés_Caicedo Corozo,Moisés Caicedo Corozo,,,2022_2023,100.0,EXACT_SOURCE_ID,APPROVED
plr_9c9791f8,fpl,Taylor_Richards,Taylor Richards,,,2022_2023,100.0,EXACT_SOURCE_ID,APPROVED
plr_2cba783e,fpl,Haydon_Roberts,Haydon Roberts,,,2022_2023,100.0,EXACT_SOURCE_ID,APPROVED
plr_52047160,fpl,Deniz_Undav,Deniz Undav,,,2022_2023,100.0,EXACT_SOURCE_ID,APPROVED
plr_82f41541,fpl,Kaoru_Mitoma,Kaoru Mitoma,,,2022_2023,100.0,EXACT_SOURCE_ID,APPROVED
plr_d9ecd9de,fpl,Julio_Enciso,Julio Enciso,,,2022_2023,100.0,EXACT_SOURCE_ID,APPROVED
plr_0ad14bd4,fpl,Kacper_Kozłowski,Kacper Kozłowski,,,2022_2023,100.0,EXACT_SOURCE_ID,APPROVED
plr_0e071eed,fpl,Billy_Gilmour,Billy Gilmour,,,2022_2023,100.0,EXACT_SOURCE_ID,APPROVED
plr_687be528,fpl,Kjell_Scherpen,Kjell Scherpen,,,2022_2023,100.0,EXACT_SOURCE_ID,APPROVED
plr_e5040e88,fpl,Matt_Clarke,Matt Clarke,,,2022_2023,100.0,EXACT_SOURCE_ID,APPROVED
plr_095db400,fpl,Jan Paul_van Hecke,Jan Paul van Hecke,,,2022_2023,100.0,EXACT_SOURCE_ID,APPROVED
plr_dbdc688a,fpl,Levi_Colwill,Levi Colwill,,,2022_2023,100.0,EXACT_SOURCE_ID,APPROVED
plr_809868c9,fpl,Pervis_Estupiñán,Pervis Estupiñán,,,2022_2023,100.0,EXACT_SOURCE_ID,APPROVED
plr_7b8de7f1,fpl,Evan_Ferguson,Evan Ferguson,,,2022_2023,100.0,EXACT_SOURCE_ID,APPROVED
plr_683c2a5a,fpl,Ed_Turns,Ed Turns,,,2022_2023,100.0,EXACT_SOURCE_ID,APPROVED
plr_92b1e106,fpl,Andrew_Moran,Andrew Moran,,,2022_2023,100.0,EXACT_SOURCE_ID,APPROVED
plr_4a772443,fpl,James_Furlong,James Furlong,,,2022_2023,100.0,EXACT_SOURCE_ID,APPROVED
plr_ff2c01a3,fpl,Jack_Hinshelwood,Jack Hinshelwood,,,2022_2023,100.0,EXACT_SOURCE_ID,APPROVED
plr_6ad8b559,fpl,Facundo_Buonanotte,Facundo Buonanotte,,,2022_2023,100.0,EXACT_SOURCE_ID,APPROVED
plr_a1d9dc7e,fpl,Yasin_Ayari,Yasin Ayari,,,2022_2023,100.0,EXACT_SOURCE_ID,APPROVED
plr_ba7376c9,fpl,Odeluga_Offiah,Odeluga Offiah,,,2022_2023,100.0,EXACT_SOURCE_ID,APPROVED
plr_dbc2c5f3,fpl,Tom_McGill,Tom McGill,,,2022_2023,100.0,EXACT_SOURCE_ID,APPROVED
plr_49a8f580,fpl,Cameron_Peupion,Cameron Peupion,,,2022_2023,100.0,EXACT_SOURCE_ID,APPROVED
plr_06209665,fpl,Imari_Samuels,Imari Samuels,,,2022_2023,100.0,EXACT_SOURCE_ID,APPROVED
plr_a93b81c0,fpl,Carney_Chukwuemeka,Carney Chukwuemeka,,,2022_2023,100.0,EXACT_SOURCE_ID,APPROVED
plr_db97861b,fpl,Marc_Cucurella Saseta,Marc Cucurella Saseta,,,2022_2023,100.0,EXACT_SOURCE_ID,APPROVED
plr_1236da38,fpl,César_Azpilicueta,César Azpilicueta,,,2022_2023,100.0,EXACT_SOURCE_ID,APPROVED
plr_f98f18dd,fpl,Thiago_Emiliano da Silva,Thiago Emiliano da Silva,,,2022_2023,100.0,EXACT_SOURCE_ID,APPROVED
plr_84684497,fpl,Marcos_Alonso,Marcos Alonso,,,2022_2023,100.0,EXACT_SOURCE_ID,APPROVED
plr_48bf9d8e,fpl,Ross_Barkley,Ross Barkley,,,2022_2023,100.0,EXACT_SOURCE_ID,APPROVED
plr_cf15d5e4,fpl,Mateo_Kovacic,Mateo Kovacic,,,2022_2023,100.0,EXACT_SOURCE_ID,APPROVED
plr_95588321,fpl,Kepa_Arrizabalaga,Kepa Arrizabalaga,,,2022_2023,100.0,EXACT_SOURCE_ID,APPROVED
plr_fdf9d38e,fpl,N'Golo_Kanté,N'Golo Kanté,,,2022_2023,100.0,EXACT_SOURCE_ID,APPROVED
plr_75ecdfde,fpl,Hakim_Ziyech,Hakim Ziyech,,,2022_2023,100.0,EXACT_SOURCE_ID,APPROVED
plr_b7d07ad4,fpl,Ruben_Loftus-Cheek,Ruben Loftus-Cheek,,,2022_2023,100.0,EXACT_SOURCE_ID,APPROVED
plr_8c88410d,fpl,Timo_Werner,Timo Werner,,,2022_2023,100.0,EXACT_SOURCE_ID,APPROVED
plr_2c73c04b,fpl,Robert Kenedy_Nunes do Nascimento,Robert Kenedy Nunes do Nascimento,,,2022_2023,100.0,EXACT_SOURCE_ID,APPROVED
plr_4e192697,fpl,Ben_Chilwell,Ben Chilwell,,,2022_2023,100.0,EXACT_SOURCE_ID,APPROVED
plr_699ad911,fpl,Christian_Pulisic,Christian Pulisic,,,2022_2023,100.0,EXACT_SOURCE_ID,APPROVED
plr_2ebc9769,fpl,Trevoh_Chalobah,Trevoh Chalobah,,,2022_2023,100.0,EXACT_SOURCE_ID,APPROVED
plr_4367a7c4,fpl,Mason_Mount,Mason Mount,,,2022_2023,100.0,EXACT_SOURCE_ID,APPROVED
plr_53122f21,fpl,Malang_Sarr,Malang Sarr,,,2022_2023,100.0,EXACT_SOURCE_ID,APPROVED
plr_ef02ebcb,fpl,Callum_Hudson-Odoi,Callum Hudson-Odoi,,,2022_2023,100.0,EXACT_SOURCE_ID,APPROVED
plr_a257cc9d,fpl,Kai_Havertz,Kai Havertz,,,2022_2023,100.0,EXACT_SOURCE_ID,APPROVED
plr_0b62db33,fpl,Reece_James,Reece James,,,2022_2023,100.0,EXACT_SOURCE_ID,APPROVED
plr_5551d5df,fpl,Edouard_Mendy,Edouard Mendy,,,2022_2023,100.0,EXACT_SOURCE_ID,APPROVED
plr_a7d7a061,fpl,Conor_Gallagher,Conor Gallagher,,,2022_2023,100.0,EXACT_SOURCE_ID,APPROVED
plr_aa42c3fc,fpl,Armando_Broja,Armando Broja,,,2022_2023,100.0,EXACT_SOURCE_ID,APPROVED
plr_e35abdc9,fpl,Ethan_Ampadu,Ethan Ampadu,,,2022_2023,100.0,EXACT_SOURCE_ID,APPROVED
plr_16abe460,fpl,Wesley_Fofana,Wesley Fofana,,,2022_2023,100.0,EXACT_SOURCE_ID,APPROVED
plr_6696e402,fpl,Raheem_Sterling,Raheem Sterling,,,2022_2023,100.0,EXACT_SOURCE_ID,APPROVED
plr_b44b069c,fpl,Kalidou_Koulibaly,Kalidou Koulibaly,,,2022_2023,100.0,EXACT_SOURCE_ID,APPROVED
plr_d6bece92,fpl,Harvey_Vale,Harvey Vale,,,2022_2023,100.0,EXACT_SOURCE_ID,APPROVED
plr_4fd0f29e,fpl,Denis_Zakaria,Denis Zakaria,,,2022_2023,100.0,EXACT_SOURCE_ID,APPROVED
plr_3901e0e2,fpl,Pierre-Emerick_Aubameyang,Pierre-Emerick Aubameyang,,,2022_2023,100.0,EXACT_SOURCE_ID,APPROVED
plr_e3b391b4,fpl,Marcus_Bettinelli,Marcus Bettinelli,,,2022_2023,100.0,EXACT_SOURCE_ID,APPROVED
plr_126061e3,fpl,Omari_Hutchinson,Omari Hutchinson,,,2022_2023,100.0,EXACT_SOURCE_ID,APPROVED
plr_4af65fd3,fpl,Lewis_Hall,Lewis Hall,,,2022_2023,100.0,EXACT_SOURCE_ID,APPROVED
plr_f28f6232,fpl,Bashir_Humphreys,Bashir Humphreys,,,2022_2023,100.0,EXACT_SOURCE_ID,APPROVED
plr_986140fa,fpl,David Datro_Fofana,David Datro Fofana,,,2022_2023,100.0,EXACT_SOURCE_ID,APPROVED
plr_8ceb6854,fpl,Benoît_Badiashile,Benoît Badiashile,,,2022_2023,100.0,EXACT_SOURCE_ID,APPROVED
plr_7c0af26d,fpl,João_Félix Sequeira,João Félix Sequeira,,,2022_2023,100.0,EXACT_SOURCE_ID,APPROVED
plr_24a26523,fpl,Mykhailo_Mudryk,Mykhailo Mudryk,,,2022_2023,100.0,EXACT_SOURCE_ID,APPROVED
plr_8d7392b9,fpl,Andrey_Nascimento dos Santos,Andrey Nascimento dos Santos,,,2022_2023,100.0,EXACT_SOURCE_ID,APPROVED
plr_3d0202b7,fpl,Noni_Madueke,Noni Madueke,,,2022_2023,100.0,EXACT_SOURCE_ID,APPROVED
plr_e2ec4fd4,fpl,Enzo_Fernández,Enzo Fernández,,,2022_2023,100.0,EXACT_SOURCE_ID,APPROVED
plr_cfd25af9,fpl,Ethan_Wady,Ethan Wady,,,2022_2023,100.0,EXACT_SOURCE_ID,APPROVED
plr_efeba1c1,fpl,Alfie_Gilchrist,Alfie Gilchrist,,,2022_2023,100.0,EXACT_SOURCE_ID,APPROVED
plr_34e99677,fpl,Albert_Sambi Lokonga,Albert Sambi Lokonga,,,2022_2023,100.0,EXACT_SOURCE_ID,APPROVED
plr_d3b0d223,fpl,Vicente_Guaita,Vicente Guaita,,,2022_2023,100.0,EXACT_SOURCE_ID,APPROVED
plr_10f8a7fb,fpl,James_Tomkins,James Tomkins,,,2022_2023,100.0,EXACT_SOURCE_ID,APPROVED
plr_75fff9fc,fpl,James_McArthur,James McArthur,,,2022_2023,100.0,EXACT_SOURCE_ID,APPROVED
plr_501441df,fpl,Christian_Benteke,Christian Benteke,,,2022_2023,100.0,EXACT_SOURCE_ID,APPROVED
plr_f5b1f03e,fpl,Joel_Ward,Joel Ward,,,2022_2023,100.0,EXACT_SOURCE_ID,APPROVED
plr_51b5f001,fpl,Nathaniel_Clyne,Nathaniel Clyne,,,2022_2023,100.0,EXACT_SOURCE_ID,APPROVED
plr_71be3d76,fpl,Luka_Milivojevic,Luka Milivojevic,,,2022_2023,100.0,EXACT_SOURCE_ID,APPROVED
plr_1e7cad7b,fpl,Jordan_Ayew,Jordan Ayew,,,2022_2023,100.0,EXACT_SOURCE_ID,APPROVED
plr_eb417772,fpl,Wilfried_Zaha,Wilfried Zaha,,,2022_2023,100.0,EXACT_SOURCE_ID,APPROVED
plr_8d02de53,fpl,Jeffrey_Schlupp,Jeffrey Schlupp,,,2022_2023,100.0,EXACT_SOURCE_ID,APPROVED
plr_fa7a4495,fpl,Will_Hughes,Will Hughes,,,2022_2023,100.0,EXACT_SOURCE_ID,APPROVED
plr_01de86ca,fpl,Jairo_Riedewald,Jairo Riedewald,,,2022_2023,100.0,EXACT_SOURCE_ID,APPROVED
plr_a5e7b1e6,fpl,Joachim_Andersen,Joachim Andersen,,,2022_2023,100.0,EXACT_SOURCE_ID,APPROVED
plr_5218cced,fpl,Odsonne_Edouard,Odsonne Edouard,,,2022_2023,100.0,EXACT_SOURCE_ID,APPROVED
plr_a18bff8f,fpl,Marc_Guéhi,Marc Guéhi,,,2022_2023,100.0,EXACT_SOURCE_ID,APPROVED
plr_08f4a580,fpl,Jean-Philippe_Mateta,Jean-Philippe Mateta,,,2022_2023,100.0,EXACT_SOURCE_ID,APPROVED
plr_5343a7e4,fpl,Eberechi_Eze,Eberechi Eze,,,2022_2023,100.0,EXACT_SOURCE_ID,APPROVED
plr_fff8d2dd,fpl,Tyrick_Mitchell,Tyrick Mitchell,,,2022_2023,100.0,EXACT_SOURCE_ID,APPROVED
plr_850ad803,fpl,Michael_Olise,Michael Olise,,,2022_2023,100.0,EXACT_SOURCE_ID,APPROVED
plr_03f431d3,fpl,Jesurun_Rak-Sakyi,Jesurun Rak-Sakyi,,,2022_2023,100.0,EXACT_SOURCE_ID,APPROVED
plr_89b7cf23,fpl,Malcolm_Ebiowei,Malcolm Ebiowei,,,2022_2023,100.0,EXACT_SOURCE_ID,APPROVED
plr_a6d0a351,fpl,Nathan_Ferguson,Nathan Ferguson,,,2022_2023,100.0,EXACT_SOURCE_ID,APPROVED
plr_6b66d935,fpl,Sam_Johnstone,Sam Johnstone,,,2022_2023,100.0,EXACT_SOURCE_ID,APPROVED
plr_f1b76464,fpl,Remi_Matthews,Remi Matthews,,,2022_2023,100.0,EXACT_SOURCE_ID,APPROVED
plr_410c3ed6,fpl,Luke_Plange,Luke Plange,,,2022_2023,100.0,EXACT_SOURCE_ID,APPROVED
plr_edb90011,fpl,Cheick_Doucouré,Cheick Doucouré,,,2022_2023,100.0,EXACT_SOURCE_ID,APPROVED
plr_efa4c0fd,fpl,Chris_Richards,Chris Richards,,,2022_2023,100.0,EXACT_SOURCE_ID,APPROVED
plr_b43f1891,fpl,Joseph_Whitworth,Joseph Whitworth,,,2022_2023,100.0,EXACT_SOURCE_ID,APPROVED
plr_2984a598,fpl,Kaden_Rodney,Kaden Rodney,,,2022_2023,100.0,EXACT_SOURCE_ID,APPROVED
plr_322042bc,fpl,Killian_Phillips,Killian Phillips,,,2022_2023,100.0,EXACT_SOURCE_ID,APPROVED
plr_cfeee230,fpl,John-Kymani_Gordon,John-Kymani Gordon,,,2022_2023,100.0,EXACT_SOURCE_ID,APPROVED
plr_074aaa1f,fpl,Kofi_Balmer,Kofi Balmer,,,2022_2023,100.0,EXACT_SOURCE_ID,APPROVED
plr_bb22d288,fpl,Owen_Goodman,Owen Goodman,,,2022_2023,100.0,EXACT_SOURCE_ID,APPROVED
plr_d8302a96,fpl,Jack_Wells-Morrison,Jack Wells-Morrison,,,2022_2023,100.0,EXACT_SOURCE_ID,APPROVED
plr_df9b3d1d,fpl,David_Ozoh,David Ozoh,,,2022_2023,100.0,EXACT_SOURCE_ID,APPROVED
plr_a73c449d,fpl,Naouirou_Ahamada,Naouirou Ahamada,,,2022_2023,100.0,EXACT_SOURCE_ID,APPROVED
plr_2226bb26,fpl,Tayo_Adaramola,Tayo Adaramola,,,2022_2023,100.0,EXACT_SOURCE_ID,APPROVED
plr_2116dda6,fpl,Neal_Maupay,Neal Maupay,,,2022_2023,100.0,EXACT_SOURCE_ID,APPROVED
plr_f50a579b,fpl,Asmir_Begović,Asmir Begović,,,2022_2023,100.0,EXACT_SOURCE_ID,APPROVED
plr_25d9f12d,fpl,Salomón_Rondón,Salomón Rondón,,,2022_2023,100.0,EXACT_SOURCE_ID,APPROVED
plr_9f57a7bd,fpl,Seamus_Coleman,Seamus Coleman,,,2022_2023,100.0,EXACT_SOURCE_ID,APPROVED
plr_44334f8f,fpl,Andros_Townsend,Andros Townsend,,,2022_2023,100.0,EXACT_SOURCE_ID,APPROVED
plr_33c418fc,fpl,Michael_Keane,Michael Keane,,,2022_2023,100.0,EXACT_SOURCE_ID,APPROVED
plr_7d660ce9,fpl,Dele_Alli,Dele Alli,,,2022_2023,100.0,EXACT_SOURCE_ID,APPROVED
plr_613734db,fpl,Jordan_Pickford,Jordan Pickford,,,2022_2023,100.0,EXACT_SOURCE_ID,APPROVED
plr_53db0713,fpl,Allan_Marques Loureiro,Allan Marques Loureiro,,,2022_2023,100.0,EXACT_SOURCE_ID,APPROVED
plr_69bef26a,fpl,André_Tavares Gomes,André Tavares Gomes,,,2022_2023,100.0,EXACT_SOURCE_ID,APPROVED
plr_3462bf1a,fpl,Abdoulaye_Doucouré,Abdoulaye Doucouré,,,2022_2023,100.0,EXACT_SOURCE_ID,APPROVED
plr_b2f46b7d,fpl,Alex_Iwobi,Alex Iwobi,,,2022_2023,100.0,EXACT_SOURCE_ID,APPROVED
plr_1f43a367,fpl,Jean-Philippe_Gbamin,Jean-Philippe Gbamin,,,2022_2023,100.0,EXACT_SOURCE_ID,APPROVED
plr_2262a79a,fpl,Yerry_Mina,Yerry Mina,,,2022_2023,100.0,EXACT_SOURCE_ID,APPROVED
plr_5f99545e,fpl,Demarai_Gray,Demarai Gray,,,2022_2023,100.0,EXACT_SOURCE_ID,APPROVED
plr_4374fee8,fpl,Tom_Davies,Tom Davies,,,2022_2023,100.0,EXACT_SOURCE_ID,APPROVED
plr_1afc771f,fpl,Dominic_Calvert-Lewin,Dominic Calvert-Lewin,,,2022_2023,100.0,EXACT_SOURCE_ID,APPROVED
plr_59d05aa5,fpl,Mason_Holgate,Mason Holgate,,,2022_2023,100.0,EXACT_SOURCE_ID,APPROVED
plr_624ed62f,fpl,Ben_Godfrey,Ben Godfrey,,,2022_2023,100.0,EXACT_SOURCE_ID,APPROVED
plr_6f9d442d,fpl,Vitalii_Mykolenko,Vitalii Mykolenko,,,2022_2023,100.0,EXACT_SOURCE_ID,APPROVED
plr_70dc29b5,fpl,Jarrad_Branthwaite,Jarrad Branthwaite,,,2022_2023,100.0,EXACT_SOURCE_ID,APPROVED
plr_28c0642e,fpl,Nathan_Patterson,Nathan Patterson,,,2022_2023,100.0,EXACT_SOURCE_ID,APPROVED
plr_c2ec34e5,fpl,Niels_Nkounkou,Niels Nkounkou,,,2022_2023,100.0,EXACT_SOURCE_ID,APPROVED
plr_2740b3ab,fpl,James_Tarkowski,James Tarkowski,,,2022_2023,100.0,EXACT_SOURCE_ID,APPROVED
plr_cd49fb5b,fpl,Conor_Coady,Conor Coady,,,2022_2023,100.0,EXACT_SOURCE_ID,APPROVED
plr_1cd9b841,fpl,Rúben_Nascimento Vinagre,Rúben Nascimento Vinagre,,,2022_2023,100.0,EXACT_SOURCE_ID,APPROVED
plr_de041ec8,fpl,Dwight_McNeil,Dwight McNeil,,,2022_2023,100.0,EXACT_SOURCE_ID,APPROVED
plr_49876cf6,fpl,Stanley_Mills,Stanley Mills,,,2022_2023,100.0,EXACT_SOURCE_ID,APPROVED
plr_f200f53e,fpl,Lewis_Warrington,Lewis Warrington,,,2022_2023,100.0,EXACT_SOURCE_ID,APPROVED
plr_1cf99c63,fpl,James_Garner,James Garner,,,2022_2023,100.0,EXACT_SOURCE_ID,APPROVED
plr_7fdad36c,fpl,Amadou_Onana,Amadou Onana,,,2022_2023,100.0,EXACT_SOURCE_ID,APPROVED
plr_cb0d42ef,fpl,Reece_Welch,Reece Welch,,,2022_2023,100.0,EXACT_SOURCE_ID,APPROVED
plr_0e1358dc,fpl,Idrissa_Gueye,Idrissa Gueye,,,2022_2023,100.0,EXACT_SOURCE_ID,APPROVED
plr_5894026a,fpl,Eldin_Jakupovic,Eldin Jakupovic,,,2022_2023,100.0,EXACT_SOURCE_ID,APPROVED
plr_780fbc21,fpl,Kyle_John,Kyle John,,,2022_2023,100.0,EXACT_SOURCE_ID,APPROVED
plr_c2cb7679,fpl,Thomas_Cannon,Thomas Cannon,,,2022_2023,100.0,EXACT_SOURCE_ID,APPROVED
plr_916823b8,fpl,Isaac_Price,Isaac Price,,,2022_2023,100.0,EXACT_SOURCE_ID,APPROVED
plr_6eb03ed3,fpl,Ellis_Simms,Ellis Simms,,,2022_2023,100.0,EXACT_SOURCE_ID,APPROVED
plr_545bd7f7,fpl,Ishé_Samuels-Smith,Ishé Samuels-Smith,,,2022_2023,100.0,EXACT_SOURCE_ID,APPROVED
plr_8831c1a7,fpl,Andy_Lonergan,Andy Lonergan,,,2022_2023,100.0,EXACT_SOURCE_ID,APPROVED
plr_74da6369,fpl,Sean_McAllister,Sean McAllister,,,2022_2023,100.0,EXACT_SOURCE_ID,APPROVED
plr_e77ab468,fpl,Cédric_Alves Soares,Cédric Alves Soares,,,2022_2023,100.0,EXACT_SOURCE_ID,APPROVED
plr_a462f5c6,fpl,Bernd_Leno,Bernd Leno,,,2022_2023,100.0,EXACT_SOURCE_ID,APPROVED
plr_4e10e23d,fpl,Shane_Duffy,Shane Duffy,,,2022_2023,100.0,EXACT_SOURCE_ID,APPROVED
plr_8daaf3d5,fpl,Tom_Cairney,Tom Cairney,,,2022_2023,100.0,EXACT_SOURCE_ID,APPROVED
plr_9d629cf8,fpl,Tim_Ream,Tim Ream,,,2022_2023,100.0,EXACT_SOURCE_ID,APPROVED
plr_80c4008b,fpl,Anthony_Knockaert,Anthony Knockaert,,,2022_2023,100.0,EXACT_SOURCE_ID,APPROVED
plr_ae4d7888,fpl,Nathaniel_Chalobah,Nathaniel Chalobah,,,2022_2023,100.0,EXACT_SOURCE_ID,APPROVED
plr_2e52d3f4,fpl,Neeskens_Kebano,Neeskens Kebano,,,2022_2023,100.0,EXACT_SOURCE_ID,APPROVED
plr_7ef751fc,fpl,Bobby_De Cordova-Reid,Bobby De Cordova-Reid,,,2022_2023,100.0,EXACT_SOURCE_ID,APPROVED
plr_1d21a61d,fpl,Joe_Bryan,Joe Bryan,,,2022_2023,100.0,EXACT_SOURCE_ID,APPROVED
plr_718ccd0b,fpl,Paulo_Gazzaniga Farias,Paulo Gazzaniga Farias,,,2022_2023,100.0,EXACT_SOURCE_ID,APPROVED
plr_dcc5597c,fpl,Terence_Kongolo,Terence Kongolo,,,2022_2023,100.0,EXACT_SOURCE_ID,APPROVED
plr_41139455,fpl,Tosin_Adarabioyo,Tosin Adarabioyo,,,2022_2023,100.0,EXACT_SOURCE_ID,APPROVED
plr_5a2c73f5,fpl,Aleksandar_Mitrović,Aleksandar Mitrović,,,2022_2023,100.0,EXACT_SOURCE_ID,APPROVED
plr_e734d8bd,fpl,Harrison_Reed,Harrison Reed,,,2022_2023,100.0,EXACT_SOURCE_ID,APPROVED
plr_8ed7ae56,fpl,Harry_Wilson,Harry Wilson,,,2022_2023,100.0,EXACT_SOURCE_ID,APPROVED
plr_87bb15ed,fpl,Marek_Rodák,Marek Rodák,,,2022_2023,100.0,EXACT_SOURCE_ID,APPROVED
plr_49a19208,fpl,Ivan_Neves Abreu Cavaleiro,Ivan Neves Abreu Cavaleiro,,,2022_2023,100.0,EXACT_SOURCE_ID,APPROVED
plr_bb7f4ce9,fpl,Kenny_Tete,Kenny Tete,,,2022_2023,100.0,EXACT_SOURCE_ID,APPROVED
plr_93811c9c,fpl,Josh_Onomah,Josh Onomah,,,2022_2023,100.0,EXACT_SOURCE_ID,APPROVED
plr_9f7c5aef,fpl,Antonee_Robinson,Antonee Robinson,,,2022_2023,100.0,EXACT_SOURCE_ID,APPROVED
plr_5e4edba5,fpl,Rodrigo_Muniz Carvalho,Rodrigo Muniz Carvalho,,,2022_2023,100.0,EXACT_SOURCE_ID,APPROVED
plr_45259996,fpl,Jay_Stansfield,Jay Stansfield,,,2022_2023,100.0,EXACT_SOURCE_ID,APPROVED
plr_f45fd761,fpl,João_Palhinha Gonçalves,João Palhinha Gonçalves,,,2022_2023,100.0,EXACT_SOURCE_ID,APPROVED
plr_95f2332c,fpl,Daniel_James,Daniel James,,,2022_2023,100.0,EXACT_SOURCE_ID,APPROVED
plr_72eb2cba,fpl,Andreas_Hoelgebaum Pereira,Andreas Hoelgebaum Pereira,,,2022_2023,100.0,EXACT_SOURCE_ID,APPROVED
plr_e8647aa7,fpl,Issa_Diop,Issa Diop,,,2022_2023,100.0,EXACT_SOURCE_ID,APPROVED
plr_6eb39b00,fpl,Tyrese_Francois,Tyrese Francois,,,2022_2023,100.0,EXACT_SOURCE_ID,APPROVED
plr_a3140fcc,fpl,Kevin_Mbabu,Kevin Mbabu,,,2022_2023,100.0,EXACT_SOURCE_ID,APPROVED
plr_1f282a08,fpl,Luke_Harris,Luke Harris,,,2022_2023,100.0,EXACT_SOURCE_ID,APPROVED
plr_9087de33,fpl,Manor_Solomon,Manor Solomon,,,2022_2023,100.0,EXACT_SOURCE_ID,APPROVED
plr_83dbf5a1,fpl,Terry_Ablade,Terry Ablade,,,2022_2023,100.0,EXACT_SOURCE_ID,APPROVED
plr_20a3c2d6,fpl,Layvin_Kurzawa,Layvin Kurzawa,,,2022_2023,100.0,EXACT_SOURCE_ID,APPROVED
plr_e3fd2ccf,fpl,Willian_Borges da Silva,Willian Borges da Silva,,,2022_2023,100.0,EXACT_SOURCE_ID,APPROVED
plr_805b1a48,fpl,Carlos Vinícius_Alves Morais,Carlos Vinícius Alves Morais,,,2022_2023,100.0,EXACT_SOURCE_ID,APPROVED
plr_3bf43f02,fpl,Stefan_Parkes,Stefan Parkes,,,2022_2023,100.0,EXACT_SOURCE_ID,APPROVED
plr_50a222e3,fpl,Martial_Godo,Martial Godo,,,2022_2023,100.0,EXACT_SOURCE_ID,APPROVED
plr_fc79e1a2,fpl,Kristian_Sekularac,Kristian Sekularac,,,2022_2023,100.0,EXACT_SOURCE_ID,APPROVED
plr_33cdb17e,fpl,Sasa_Lukic,Sasa Lukic,,,2022_2023,100.0,EXACT_SOURCE_ID,APPROVED
plr_067fd082,fpl,George_Wickens,George Wickens,,,2022_2023,100.0,EXACT_SOURCE_ID,APPROVED
plr_3a066331,fpl,Charlie_Robinson,Charlie Robinson,,,2022_2023,100.0,EXACT_SOURCE_ID,APPROVED
plr_3d8f1dde,fpl,Matthew_Dibley-Dias,Matthew Dibley-Dias,,,2022_2023,100.0,EXACT_SOURCE_ID,APPROVED
plr_e8c35843,fpl,Kasper_Schmeichel,Kasper Schmeichel,,,2022_2023,100.0,EXACT_SOURCE_ID,APPROVED
plr_31f505c3,fpl,Jonny_Evans,Jonny Evans,,,2022_2023,100.0,EXACT_SOURCE_ID,APPROVED
plr_db86ad1a,fpl,Ryan_Bertrand,Ryan Bertrand,,,2022_2023,100.0,EXACT_SOURCE_ID,APPROVED
plr_0e4f804f,fpl,Marc_Albrighton,Marc Albrighton,,,2022_2023,100.0,EXACT_SOURCE_ID,APPROVED
plr_960467fe,fpl,Nampalys_Mendy,Nampalys Mendy,,,2022_2023,100.0,EXACT_SOURCE_ID,APPROVED
plr_8da9d9dc,fpl,Jannik_Vestergaard,Jannik Vestergaard,,,2022_2023,100.0,EXACT_SOURCE_ID,APPROVED
plr_3b830183,fpl,Danny_Ward,Danny Ward,,,2022_2023,100.0,EXACT_SOURCE_ID,APPROVED
plr_06421d18,fpl,Jamie_Vardy,Jamie Vardy,,,2022_2023,100.0,EXACT_SOURCE_ID,APPROVED
plr_c0aec305,fpl,Ricardo_Barbosa Pereira,Ricardo Barbosa Pereira,,,2022_2023,100.0,EXACT_SOURCE_ID,APPROVED
plr_c948fdd6,fpl,Daniel_Amartey,Daniel Amartey,,,2022_2023,100.0,EXACT_SOURCE_ID,APPROVED
plr_aea89150,fpl,Timothy_Castagne,Timothy Castagne,,,2022_2023,100.0,EXACT_SOURCE_ID,APPROVED
plr_aefd39c2,fpl,Youri_Tielemans,Youri Tielemans,,,2022_2023,100.0,EXACT_SOURCE_ID,APPROVED
plr_b6d7e48d,fpl,Ayoze_Pérez,Ayoze Pérez,,,2022_2023,100.0,EXACT_SOURCE_ID,APPROVED
plr_394635b3,fpl,James_Maddison,James Maddison,,,2022_2023,100.0,EXACT_SOURCE_ID,APPROVED
plr_4b132b0b,fpl,Kelechi_Iheanacho,Kelechi Iheanacho,,,2022_2023,100.0,EXACT_SOURCE_ID,APPROVED
plr_11bf87af,fpl,Hamza_Choudhury,Hamza Choudhury,,,2022_2023,100.0,EXACT_SOURCE_ID,APPROVED
plr_6f17f6ce,fpl,Harvey_Barnes,Harvey Barnes,,,2022_2023,100.0,EXACT_SOURCE_ID,APPROVED
plr_8c0f9b93,fpl,Wilfred_Ndidi,Wilfred Ndidi,,,2022_2023,100.0,EXACT_SOURCE_ID,APPROVED
plr_b4bd1cf8,fpl,Kiernan_Dewsbury-Hall,Kiernan Dewsbury-Hall,,,2022_2023,100.0,EXACT_SOURCE_ID,APPROVED
plr_2f7ea2ec,fpl,Çaglar_Söyüncü,Çaglar Söyüncü,,,2022_2023,100.0,EXACT_SOURCE_ID,APPROVED
plr_2c95a143,fpl,James_Justin,James Justin,,,2022_2023,100.0,EXACT_SOURCE_ID,APPROVED
plr_16ccd6a3,fpl,Boubakary_Soumaré,Boubakary Soumaré,,,2022_2023,100.0,EXACT_SOURCE_ID,APPROVED
plr_e9aaf19f,fpl,Luke_Thomas,Luke Thomas,,,2022_2023,100.0,EXACT_SOURCE_ID,APPROVED
plr_3084f829,fpl,Patson_Daka,Patson Daka,,,2022_2023,100.0,EXACT_SOURCE_ID,APPROVED
plr_18083f1a,fpl,Lewis_Brunt,Lewis Brunt,,,2022_2023,100.0,EXACT_SOURCE_ID,APPROVED
plr_c52e2e16,fpl,Daniel_Iversen,Daniel Iversen,,,2022_2023,100.0,EXACT_SOURCE_ID,APPROVED
plr_13cb4a01,fpl,Dennis_Praet,Dennis Praet,,,2022_2023,100.0,EXACT_SOURCE_ID,APPROVED
plr_bba64255,fpl,Alex_Smithies,Alex Smithies,,,2022_2023,100.0,EXACT_SOURCE_ID,APPROVED
plr_fd9d3388,fpl,Wout_Faes,Wout Faes,,,2022_2023,100.0,EXACT_SOURCE_ID,APPROVED
plr_8fa936f9,fpl,Sammy_Braybrooke,Sammy Braybrooke,,,2022_2023,100.0,EXACT_SOURCE_ID,APPROVED
plr_ec316ef3,fpl,Joe_Wormleighton,Joe Wormleighton,,,2022_2023,100.0,EXACT_SOURCE_ID,APPROVED
plr_08b605f8,fpl,Kasey_McAteer,Kasey McAteer,,,2022_2023,100.0,EXACT_SOURCE_ID,APPROVED
plr_8c9c153b,fpl,Victor_Kristiansen,Victor Kristiansen,,,2022_2023,100.0,EXACT_SOURCE_ID,APPROVED
plr_69f2c233,fpl,Mateus_Cardoso Lemos Martins,Mateus Cardoso Lemos Martins,,,2022_2023,100.0,EXACT_SOURCE_ID,APPROVED
plr_f2656ff8,fpl,Harry_Souttar,Harry Souttar,,,2022_2023,100.0,EXACT_SOURCE_ID,APPROVED
plr_5ccc3603,fpl,Wanya_Marçal-Madivadua,Wanya Marçal-Madivadua,,,2022_2023,100.0,EXACT_SOURCE_ID,APPROVED
plr_5e66ee5f,fpl,Liam_Cooper,Liam Cooper,,,2022_2023,100.0,EXACT_SOURCE_ID,APPROVED
plr_a2b14d83,fpl,Luke_Ayling,Luke Ayling,,,2022_2023,100.0,EXACT_SOURCE_ID,APPROVED
plr_abe65d52,fpl,Mateusz_Klich,Mateusz Klich,,,2022_2023,100.0,EXACT_SOURCE_ID,APPROVED
plr_5e9ac798,fpl,Adam_Forshaw,Adam Forshaw,,,2022_2023,100.0,EXACT_SOURCE_ID,APPROVED
plr_9a902d1d,fpl,Rodrigo_Moreno,Rodrigo Moreno,,,2022_2023,100.0,EXACT_SOURCE_ID,APPROVED
plr_8b2f6673,fpl,Stuart_Dallas,Stuart Dallas,,,2022_2023,100.0,EXACT_SOURCE_ID,APPROVED
plr_089d74df,fpl,Patrick_Bamford,Patrick Bamford,,,2022_2023,100.0,EXACT_SOURCE_ID,APPROVED
plr_e2bb1a4e,fpl,Diego_Llorente,Diego Llorente,,,2022_2023,100.0,EXACT_SOURCE_ID,APPROVED
plr_205e3019,fpl,Tyler_Roberts,Tyler Roberts,,,2022_2023,100.0,EXACT_SOURCE_ID,APPROVED
plr_f1c2f2a7,fpl,Robin_Koch,Robin Koch,,,2022_2023,100.0,EXACT_SOURCE_ID,APPROVED
plr_a2466779,fpl,Raphael_Dias Belloli,Raphael Dias Belloli,,,2022_2023,100.0,EXACT_SOURCE_ID,APPROVED
plr_5d7c8831,fpl,Jack_Harrison,Jack Harrison,,,2022_2023,100.0,EXACT_SOURCE_ID,APPROVED
plr_40683d18,fpl,Jamie_Shackleton,Jamie Shackleton,,,2022_2023,100.0,EXACT_SOURCE_ID,APPROVED
plr_8cd29ad9,fpl,Pascal_Struijk,Pascal Struijk,,,2022_2023,100.0,EXACT_SOURCE_ID,APPROVED
plr_c190b950,fpl,Kristoffer_Klaesson,Kristoffer Klaesson,,,2022_2023,100.0,EXACT_SOURCE_ID,APPROVED
plr_62aa63f8,fpl,Sam_Greenwood,Sam Greenwood,,,2022_2023,100.0,EXACT_SOURCE_ID,APPROVED
plr_a3595c76,fpl,Illan_Meslier,Illan Meslier,,,2022_2023,100.0,EXACT_SOURCE_ID,APPROVED
plr_2a146fbe,fpl,Junior_Firpo Adames,Junior Firpo Adames,,,2022_2023,100.0,EXACT_SOURCE_ID,APPROVED
plr_9dbd2b5d,fpl,Crysencio_Summerville,Crysencio Summerville,,,2022_2023,100.0,EXACT_SOURCE_ID,APPROVED
plr_95f25abf,fpl,Lewis_Bate,Lewis Bate,,,2022_2023,100.0,EXACT_SOURCE_ID,APPROVED
plr_d469f1c7,fpl,Joe_Gelhardt,Joe Gelhardt,,,2022_2023,100.0,EXACT_SOURCE_ID,APPROVED
plr_85507be9,fpl,Leo Fuhr_Hjelde,Leo Fuhr Hjelde,,,2022_2023,100.0,EXACT_SOURCE_ID,APPROVED
plr_1153f6f9,fpl,Rasmus_Kristensen,Rasmus Kristensen,,,2022_2023,100.0,EXACT_SOURCE_ID,APPROVED
plr_b8530a63,fpl,Marc_Roca Junqué,Marc Roca Junqué,,,2022_2023,100.0,EXACT_SOURCE_ID,APPROVED
plr_1338fe0b,fpl,Brenden_Aaronson,Brenden Aaronson,,,2022_2023,100.0,EXACT_SOURCE_ID,APPROVED
plr_49da3a88,fpl,Darko_Gyabi,Darko Gyabi,,,2022_2023,100.0,EXACT_SOURCE_ID,APPROVED
plr_57cee665,fpl,Tyler_Adams,Tyler Adams,,,2022_2023,100.0,EXACT_SOURCE_ID,APPROVED
plr_93143f57,fpl,Luis_Sinisterra Lucumí,Luis Sinisterra Lucumí,,,2022_2023,100.0,EXACT_SOURCE_ID,APPROVED
plr_0e74ca3f,fpl,Cody_Drameh,Cody Drameh,,,2022_2023,100.0,EXACT_SOURCE_ID,APPROVED
plr_3307b6ff,fpl,Archie_Gray,Archie Gray,,,2022_2023,100.0,EXACT_SOURCE_ID,APPROVED
plr_f599c5ab,fpl,Joel_Robles,Joel Robles,,,2022_2023,100.0,EXACT_SOURCE_ID,APPROVED
plr_f454835c,fpl,Wilfried_Gnonto,Wilfried Gnonto,,,2022_2023,100.0,EXACT_SOURCE_ID,APPROVED
plr_a821c9dd,fpl,Mateo Joseph_Fernández,Mateo Joseph Fernández,,,2022_2023,100.0,EXACT_SOURCE_ID,APPROVED
plr_e90a369d,fpl,Sonny_Perkins,Sonny Perkins,,,2022_2023,100.0,EXACT_SOURCE_ID,APPROVED
plr_679aa140,fpl,Maximilian_Wöber,Maximilian Wöber,,,2022_2023,100.0,EXACT_SOURCE_ID,APPROVED
plr_8b4dee2e,fpl,Georginio_Rutter,Georginio Rutter,,,2022_2023,100.0,EXACT_SOURCE_ID,APPROVED
plr_20803290,fpl,Weston_McKennie,Weston McKennie,,,2022_2023,100.0,EXACT_SOURCE_ID,APPROVED
plr_7d6571c9,fpl,Jeremiah_Chilokoa-Mullen,Jeremiah Chilokoa-Mullen,,,2022_2023,100.0,EXACT_SOURCE_ID,APPROVED
plr_6e18a25c,fpl,Diogo_Pinheiro Monteiro,Diogo Pinheiro Monteiro,,,2022_2023,100.0,EXACT_SOURCE_ID,APPROVED
plr_3e40bd50,fpl,James_Milner,James Milner,,,2022_2023,100.0,EXACT_SOURCE_ID,APPROVED
plr_1f496d83,fpl,Jordan_Henderson,Jordan Henderson,,,2022_2023,100.0,EXACT_SOURCE_ID,APPROVED
plr_544043cc,fpl,Joel_Matip,Joel Matip,,,2022_2023,100.0,EXACT_SOURCE_ID,APPROVED
plr_f8cd3c7a,fpl,Thiago_Alcántara do Nascimento,Thiago Alcántara do Nascimento,,,2022_2023,100.0,EXACT_SOURCE_ID,APPROVED
plr_1ae1f8bd,fpl,Alex_Oxlade-Chamberlain,Alex Oxlade-Chamberlain,,,2022_2023,100.0,EXACT_SOURCE_ID,APPROVED
plr_aae4fc17,fpl,Roberto_Firmino,Roberto Firmino,,,2022_2023,100.0,EXACT_SOURCE_ID,APPROVED
plr_8bf2d9c6,fpl,Virgil_van Dijk,Virgil van Dijk,,,2022_2023,100.0,EXACT_SOURCE_ID,APPROVED
plr_ed22c9c3,fpl,Alisson_Ramses Becker,Alisson Ramses Becker,,,2022_2023,100.0,EXACT_SOURCE_ID,APPROVED
plr_22462ca2,fpl,Fabio Henrique_Tavares,Fabio Henrique Tavares,,,2022_2023,100.0,EXACT_SOURCE_ID,APPROVED
plr_2ce4dd17,fpl,Mohamed_Salah,Mohamed Salah,,,2022_2023,100.0,EXACT_SOURCE_ID,APPROVED
plr_d8a97713,fpl,Andrew_Robertson,Andrew Robertson,,,2022_2023,100.0,EXACT_SOURCE_ID,APPROVED
plr_1736fbb4,fpl,Trent_Alexander-Arnold,Trent Alexander-Arnold,,,2022_2023,100.0,EXACT_SOURCE_ID,APPROVED
plr_b8d94879,fpl,Joseph_Gomez,Joseph Gomez,,,2022_2023,100.0,EXACT_SOURCE_ID,APPROVED
plr_8cdd2213,fpl,Naby_Keita,Naby Keita,,,2022_2023,100.0,EXACT_SOURCE_ID,APPROVED
plr_9c9ca9e9,fpl,Diogo_Teixeira da Silva,Diogo Teixeira da Silva,,,2022_2023,100.0,EXACT_SOURCE_ID,APPROVED
plr_281d6de7,fpl,Caoimhin_Kelleher,Caoimhin Kelleher,,,2022_2023,100.0,EXACT_SOURCE_ID,APPROVED
plr_ab046acc,fpl,Ibrahima_Konaté,Ibrahima Konaté,,,2022_2023,100.0,EXACT_SOURCE_ID,APPROVED
plr_b696c939,fpl,Curtis_Jones,Curtis Jones,,,2022_2023,100.0,EXACT_SOURCE_ID,APPROVED
plr_b585f67c,fpl,Konstantinos_Tsimikas,Konstantinos Tsimikas,,,2022_2023,100.0,EXACT_SOURCE_ID,APPROVED
plr_d293031d,fpl,Luis_Díaz,Luis Díaz,,,2022_2023,100.0,EXACT_SOURCE_ID,APPROVED
plr_2f295d77,fpl,Harvey_Elliott,Harvey Elliott,,,2022_2023,100.0,EXACT_SOURCE_ID,APPROVED
plr_b0d8e847,fpl,Fábio_Freitas Gouveia Carvalho,Fábio Freitas Gouveia Carvalho,,,2022_2023,100.0,EXACT_SOURCE_ID,APPROVED
plr_1c7040e8,fpl,Darwin_Núñez Ribeiro,Darwin Núñez Ribeiro,,,2022_2023,100.0,EXACT_SOURCE_ID,APPROVED
plr_27dff95c,fpl,Calvin_Ramsay,Calvin Ramsay,,,2022_2023,100.0,EXACT_SOURCE_ID,APPROVED
plr_f2d44f8a,fpl,Adrián_San Miguel del Castillo,Adrián San Miguel del Castillo,,,2022_2023,100.0,EXACT_SOURCE_ID,APPROVED
plr_fceab88d,fpl,Rhys_Williams,Rhys Williams,,,2022_2023,100.0,EXACT_SOURCE_ID,APPROVED
plr_e83f2fba,fpl,Ben_Davies,Ben Davies,,,2022_2023,100.0,EXACT_SOURCE_ID,APPROVED
plr_904e9ca0,fpl,Sepp_van den Berg,Sepp van den Berg,,,2022_2023,100.0,EXACT_SOURCE_ID,APPROVED
plr_4efc7750,fpl,Nathaniel_Phillips,Nathaniel Phillips,,,2022_2023,100.0,EXACT_SOURCE_ID,APPROVED
plr_1874da63,fpl,Luke_Chambers,Luke Chambers,,,2022_2023,100.0,EXACT_SOURCE_ID,APPROVED
plr_3202060d,fpl,Stefan_Bajcetic,Stefan Bajcetic,,,2022_2023,100.0,EXACT_SOURCE_ID,APPROVED
plr_d2fd7fb6,fpl,Bobby_Clark,Bobby Clark,,,2022_2023,100.0,EXACT_SOURCE_ID,APPROVED
plr_4eb2298c,fpl,Harvey_Davies,Harvey Davies,,,2022_2023,100.0,EXACT_SOURCE_ID,APPROVED
plr_2db11373,fpl,Arthur Henrique_Ramos de Oliveira Melo,Arthur Henrique Ramos de Oliveira Melo,,,2022_2023,100.0,EXACT_SOURCE_ID,APPROVED
plr_0b757ec0,fpl,Ben_Doak,Ben Doak,,,2022_2023,100.0,EXACT_SOURCE_ID,APPROVED
plr_083e8f8c,fpl,Cody_Gakpo,Cody Gakpo,,,2022_2023,100.0,EXACT_SOURCE_ID,APPROVED
plr_e8729231,fpl,Kyle_Walker,Kyle Walker,,,2022_2023,100.0,EXACT_SOURCE_ID,APPROVED
plr_aac9bc81,fpl,Ilkay_Gündogan,Ilkay Gündogan,,,2022_2023,100.0,EXACT_SOURCE_ID,APPROVED
plr_cff7d333,fpl,Kevin_De Bruyne,Kevin De Bruyne,,,2022_2023,100.0,EXACT_SOURCE_ID,APPROVED
plr_4fbcbb63,fpl,John_Stones,John Stones,,,2022_2023,100.0,EXACT_SOURCE_ID,APPROVED
plr_82b7c550,fpl,Riyad_Mahrez,Riyad Mahrez,,,2022_2023,100.0,EXACT_SOURCE_ID,APPROVED
plr_91bd1f15,fpl,Jack_Grealish,Jack Grealish,,,2022_2023,100.0,EXACT_SOURCE_ID,APPROVED
plr_50ba33e6,fpl,João_Cancelo,João Cancelo,,,2022_2023,100.0,EXACT_SOURCE_ID,APPROVED
plr_8ba4bd43,fpl,Ederson_Santana de Moraes,Ederson Santana de Moraes,,,2022_2023,100.0,EXACT_SOURCE_ID,APPROVED
plr_f5191389,fpl,Nathan_Aké,Nathan Aké,,,2022_2023,100.0,EXACT_SOURCE_ID,APPROVED
plr_91be4177,fpl,Aymeric_Laporte,Aymeric Laporte,,,2022_2023,100.0,EXACT_SOURCE_ID,APPROVED
plr_d3f98947,fpl,Zack_Steffen,Zack Steffen,,,2022_2023,100.0,EXACT_SOURCE_ID,APPROVED
plr_0a303bd8,fpl,Bernardo_Veiga de Carvalho e Silva,Bernardo Veiga de Carvalho e Silva,,,2022_2023,100.0,EXACT_SOURCE_ID,APPROVED
plr_aad4343b,fpl,Rúben_Gato Alves Dias,Rúben Gato Alves Dias,,,2022_2023,100.0,EXACT_SOURCE_ID,APPROVED
plr_53ea7fa7,fpl,Phil_Foden,Phil Foden,,,2022_2023,100.0,EXACT_SOURCE_ID,APPROVED
plr_558115af,fpl,Rodrigo_Hernandez,Rodrigo Hernandez,,,2022_2023,100.0,EXACT_SOURCE_ID,APPROVED
plr_82af4f44,fpl,Cole_Palmer,Cole Palmer,,,2022_2023,100.0,EXACT_SOURCE_ID,APPROVED
plr_9d51e425,fpl,James_McAtee,James McAtee,,,2022_2023,100.0,EXACT_SOURCE_ID,APPROVED
plr_743f11e3,fpl,Erling_Haaland,Erling Haaland,,,2022_2023,100.0,EXACT_SOURCE_ID,APPROVED
plr_b59072f7,fpl,Julián_Álvarez,Julián Álvarez,,,2022_2023,100.0,EXACT_SOURCE_ID,APPROVED
plr_f412fdda,fpl,Luke_Mbete-Tabu,Luke Mbete-Tabu,,,2022_2023,100.0,EXACT_SOURCE_ID,APPROVED
plr_3970ab02,fpl,Josh_Wilson-Esbrand,Josh Wilson-Esbrand,,,2022_2023,100.0,EXACT_SOURCE_ID,APPROVED
plr_fe21e90b,fpl,Liam_Delap,Liam Delap,,,2022_2023,100.0,EXACT_SOURCE_ID,APPROVED
plr_0f25767c,fpl,Stefan_Ortega Moreno,Stefan Ortega Moreno,,,2022_2023,100.0,EXACT_SOURCE_ID,APPROVED
plr_78bbaec6,fpl,Kalvin_Phillips,Kalvin Phillips,,,2022_2023,100.0,EXACT_SOURCE_ID,APPROVED
plr_2fed7f1e,fpl,Scott_Carson,Scott Carson,,,2022_2023,100.0,EXACT_SOURCE_ID,APPROVED
plr_01e7d077,fpl,Rico_Lewis,Rico Lewis,,,2022_2023,100.0,EXACT_SOURCE_ID,APPROVED
plr_f488807b,fpl,Sergio_Gómez,Sergio Gómez,,,2022_2023,100.0,EXACT_SOURCE_ID,APPROVED
plr_46675b24,fpl,Claudio_Gomes,Claudio Gomes,,,2022_2023,100.0,EXACT_SOURCE_ID,APPROVED
plr_3eb9b9c1,fpl,Ben_Knight,Ben Knight,,,2022_2023,100.0,EXACT_SOURCE_ID,APPROVED
plr_5f74ad5e,fpl,Manuel_Akanji,Manuel Akanji,,,2022_2023,100.0,EXACT_SOURCE_ID,APPROVED
plr_27a942ce,fpl,Máximo_Perrone,Máximo Perrone,,,2022_2023,100.0,EXACT_SOURCE_ID,APPROVED
plr_0266fa5b,fpl,Alex_Robertson,Alex Robertson,,,2022_2023,100.0,EXACT_SOURCE_ID,APPROVED
plr_90f062c9,fpl,Shea_Charles,Shea Charles,,,2022_2023,100.0,EXACT_SOURCE_ID,APPROVED
plr_e7ae8c82,fpl,Nico_O'Reilly,Nico O'Reilly,,,2022_2023,100.0,EXACT_SOURCE_ID,APPROVED
plr_48d9c39e,fpl,Jack_Butland,Jack Butland,,,2022_2023,100.0,EXACT_SOURCE_ID,APPROVED
plr_d668285b,fpl,Cristiano Ronaldo_dos Santos Aveiro,Cristiano Ronaldo dos Santos Aveiro,,,2022_2023,100.0,EXACT_SOURCE_ID,APPROVED
plr_db336d01,fpl,David_De Gea Quintana,David De Gea Quintana,,,2022_2023,100.0,EXACT_SOURCE_ID,APPROVED
plr_2f77e161,fpl,Phil_Jones,Phil Jones,,,2022_2023,100.0,EXACT_SOURCE_ID,APPROVED
plr_751dcfc6,fpl,Raphaël_Varane,Raphaël Varane,,,2022_2023,100.0,EXACT_SOURCE_ID,APPROVED
plr_8679619e,fpl,Harry_Maguire,Harry Maguire,,,2022_2023,100.0,EXACT_SOURCE_ID,APPROVED
plr_833f679d,fpl,Frederico_Rodrigues de Paula Santos,Frederico Rodrigues de Paula Santos,,,2022_2023,100.0,EXACT_SOURCE_ID,APPROVED
plr_70e4a838,fpl,Luke_Shaw,Luke Shaw,,,2022_2023,100.0,EXACT_SOURCE_ID,APPROVED
plr_5e6718d5,fpl,Bruno_Borges Fernandes,Bruno Borges Fernandes,,,2022_2023,100.0,EXACT_SOURCE_ID,APPROVED
plr_67c6158c,fpl,Alex_Telles,Alex Telles,,,2022_2023,100.0,EXACT_SOURCE_ID,APPROVED
plr_828d1a83,fpl,Marcus_Rashford,Marcus Rashford,,,2022_2023,100.0,EXACT_SOURCE_ID,APPROVED
plr_0ba539ce,fpl,Donny_van de Beek,Donny van de Beek,,,2022_2023,100.0,EXACT_SOURCE_ID,APPROVED
plr_312d4537,fpl,Victor_Lindelöf,Victor Lindelöf,,,2022_2023,100.0,EXACT_SOURCE_ID,APPROVED
plr_a27e75a7,fpl,Scott_McTominay,Scott McTominay,,,2022_2023,100.0,EXACT_SOURCE_ID,APPROVED
plr_bb7edf63,fpl,Eric_Bailly,Eric Bailly,,,2022_2023,100.0,EXACT_SOURCE_ID,APPROVED
plr_0f3be970,fpl,Jadon_Sancho,Jadon Sancho,,,2022_2023,100.0,EXACT_SOURCE_ID,APPROVED
plr_12ac0cad,fpl,Aaron_Wan-Bissaka,Aaron Wan-Bissaka,,,2022_2023,100.0,EXACT_SOURCE_ID,APPROVED
plr_d819074d,fpl,Diogo_Dalot Teixeira,Diogo Dalot Teixeira,,,2022_2023,100.0,EXACT_SOURCE_ID,APPROVED
plr_3b9a6466,fpl,Brandon_Williams,Brandon Williams,,,2022_2023,100.0,EXACT_SOURCE_ID,APPROVED
plr_49e94f7f,fpl,Anthony_Elanga,Anthony Elanga,,,2022_2023,100.0,EXACT_SOURCE_ID,APPROVED
plr_5fb78663,fpl,Anthony_Martial,Anthony Martial,,,2022_2023,100.0,EXACT_SOURCE_ID,APPROVED
plr_7e4eb0bf,fpl,Facundo_Pellistri Rebollo,Facundo Pellistri Rebollo,,,2022_2023,100.0,EXACT_SOURCE_ID,APPROVED
plr_c74a37b8,fpl,Tom_Heaton,Tom Heaton,,,2022_2023,100.0,EXACT_SOURCE_ID,APPROVED
plr_eb961dc8,fpl,Tyrell_Malacia,Tyrell Malacia,,,2022_2023,100.0,EXACT_SOURCE_ID,APPROVED
plr_076a422a,fpl,Christian_Eriksen,Christian Eriksen,,,2022_2023,100.0,EXACT_SOURCE_ID,APPROVED
plr_ddfb14f4,fpl,Lisandro_Martínez,Lisandro Martínez,,,2022_2023,100.0,EXACT_SOURCE_ID,APPROVED
plr_286be0e0,fpl,Amad_Diallo,Amad Diallo,,,2022_2023,100.0,EXACT_SOURCE_ID,APPROVED
plr_09debe02,fpl,Zidane_Iqbal,Zidane Iqbal,,,2022_2023,100.0,EXACT_SOURCE_ID,APPROVED
plr_c703bf11,fpl,Alejandro_Garnacho,Alejandro Garnacho,,,2022_2023,100.0,EXACT_SOURCE_ID,APPROVED
plr_01863046,fpl,Carlos Henrique_Casimiro,Carlos Henrique Casimiro,,,2022_2023,100.0,EXACT_SOURCE_ID,APPROVED
plr_9ae06acb,fpl,Antony Matheus_dos Santos,Antony Matheus dos Santos,,,2022_2023,100.0,EXACT_SOURCE_ID,APPROVED
plr_f15ffe09,fpl,Matej_Kovár,Matej Kovár,,,2022_2023,100.0,EXACT_SOURCE_ID,APPROVED
plr_c05c17e4,fpl,Kobbie_Mainoo,Kobbie Mainoo,,,2022_2023,100.0,EXACT_SOURCE_ID,APPROVED
plr_28421719,fpl,Nathan_Bishop,Nathan Bishop,,,2022_2023,100.0,EXACT_SOURCE_ID,APPROVED
plr_49e604d3,fpl,Shola_Shoretire,Shola Shoretire,,,2022_2023,100.0,EXACT_SOURCE_ID,APPROVED
plr_fb6972de,fpl,Rhys_Bennett,Rhys Bennett,,,2022_2023,100.0,EXACT_SOURCE_ID,APPROVED
plr_54e70001,fpl,Wout_Weghorst,Wout Weghorst,,,2022_2023,100.0,EXACT_SOURCE_ID,APPROVED
plr_96db9a13,fpl,Marcel_Sabitzer,Marcel Sabitzer,,,2022_2023,100.0,EXACT_SOURCE_ID,APPROVED
plr_c4308a1c,fpl,Marc_Jurado Gomez,Marc Jurado Gomez,,,2022_2023,100.0,EXACT_SOURCE_ID,APPROVED
plr_00329bcf,fpl,Anthony_Gordon,Anthony Gordon,,,2022_2023,100.0,EXACT_SOURCE_ID,APPROVED
plr_0d6ada8f,fpl,Matt_Ritchie,Matt Ritchie,,,2022_2023,100.0,EXACT_SOURCE_ID,APPROVED
plr_a500ce5f,fpl,Federico_Fernández,Federico Fernández,,,2022_2023,100.0,EXACT_SOURCE_ID,APPROVED
plr_d94e7646,fpl,Ciaran_Clark,Ciaran Clark,,,2022_2023,100.0,EXACT_SOURCE_ID,APPROVED
plr_812ba698,fpl,Karl_Darlow,Karl Darlow,,,2022_2023,100.0,EXACT_SOURCE_ID,APPROVED
plr_3c8534f3,fpl,Martin_Dubravka,Martin Dubravka,,,2022_2023,100.0,EXACT_SOURCE_ID,APPROVED
plr_62f167dd,fpl,Callum_Wilson,Callum Wilson,,,2022_2023,100.0,EXACT_SOURCE_ID,APPROVED
plr_5d11cc28,fpl,Kieran_Trippier,Kieran Trippier,,,2022_2023,100.0,EXACT_SOURCE_ID,APPROVED
plr_05e1946e,fpl,Dan_Burn,Dan Burn,,,2022_2023,100.0,EXACT_SOURCE_ID,APPROVED
plr_920dd95a,fpl,Ryan_Fraser,Ryan Fraser,,,2022_2023,100.0,EXACT_SOURCE_ID,APPROVED
plr_5ba4e000,fpl,Jamaal_Lascelles,Jamaal Lascelles,,,2022_2023,100.0,EXACT_SOURCE_ID,APPROVED
plr_388599db,fpl,Dwight_Gayle,Dwight Gayle,,,2022_2023,100.0,EXACT_SOURCE_ID,APPROVED
plr_6a46145e,fpl,Paul_Dummett,Paul Dummett,,,2022_2023,100.0,EXACT_SOURCE_ID,APPROVED
plr_85210002,fpl,Javier_Manquillo Gaitán,Javier Manquillo Gaitán,,,2022_2023,100.0,EXACT_SOURCE_ID,APPROVED
plr_f18a7666,fpl,Emil_Krafth,Emil Krafth,,,2022_2023,100.0,EXACT_SOURCE_ID,APPROVED
plr_508187f5,fpl,Jacob_Murphy,Jacob Murphy,,,2022_2023,100.0,EXACT_SOURCE_ID,APPROVED
plr_b28adb77,fpl,Fabian_Schär,Fabian Schär,,,2022_2023,100.0,EXACT_SOURCE_ID,APPROVED
plr_78313d77,fpl,Matt_Targett,Matt Targett,,,2022_2023,100.0,EXACT_SOURCE_ID,APPROVED
plr_e9ac8c8a,fpl,Allan_Saint-Maximin,Allan Saint-Maximin,,,2022_2023,100.0,EXACT_SOURCE_ID,APPROVED
plr_23ed9915,fpl,Miguel_Almirón Rejala,Miguel Almirón Rejala,,,2022_2023,100.0,EXACT_SOURCE_ID,APPROVED
plr_3ef5fa82,fpl,Sean_Longstaff,Sean Longstaff,,,2022_2023,100.0,EXACT_SOURCE_ID,APPROVED
plr_9f7f52cb,fpl,Joelinton Cássio_Apolinário de Lira,Joelinton Cássio Apolinário de Lira,,,2022_2023,100.0,EXACT_SOURCE_ID,APPROVED
plr_f75fc643,fpl,Jamal_Lewis,Jamal Lewis,,,2022_2023,100.0,EXACT_SOURCE_ID,APPROVED
plr_fa7d65cb,fpl,Joe_Willock,Joe Willock,,,2022_2023,100.0,EXACT_SOURCE_ID,APPROVED
plr_d650406c,fpl,Bruno_Guimarães Rodriguez Moura,Bruno Guimarães Rodriguez Moura,,,2022_2023,100.0,EXACT_SOURCE_ID,APPROVED
plr_11367ee7,fpl,Jeff_Hendrick,Jeff Hendrick,,,2022_2023,100.0,EXACT_SOURCE_ID,APPROVED
plr_6f0defd7,fpl,Nick_Pope,Nick Pope,,,2022_2023,100.0,EXACT_SOURCE_ID,APPROVED
plr_5d79e2b1,fpl,Sven_Botman,Sven Botman,,,2022_2023,100.0,EXACT_SOURCE_ID,APPROVED
plr_162961ff,fpl,Elliot_Anderson,Elliot Anderson,,,2022_2023,100.0,EXACT_SOURCE_ID,APPROVED
plr_33056468,fpl,Harrison_Ashby,Harrison Ashby,,,2022_2023,100.0,EXACT_SOURCE_ID,APPROVED
plr_c36031eb,fpl,Alexander_Isak,Alexander Isak,,,2022_2023,100.0,EXACT_SOURCE_ID,APPROVED
plr_a0346a41,fpl,Loris_Karius,Loris Karius,,,2022_2023,100.0,EXACT_SOURCE_ID,APPROVED
plr_34c7295a,fpl,Garang_Kuol,Garang Kuol,,,2022_2023,100.0,EXACT_SOURCE_ID,APPROVED
plr_bd6a893b,fpl,Lewis_Miley,Lewis Miley,,,2022_2023,100.0,EXACT_SOURCE_ID,APPROVED
plr_5366920f,fpl,Mark_Gillespie,Mark Gillespie,,,2022_2023,100.0,EXACT_SOURCE_ID,APPROVED
plr_38a93121,fpl,Neco_Williams,Neco Williams,,,2022_2023,100.0,EXACT_SOURCE_ID,APPROVED
plr_cf4d3049,fpl,Jonjo_Shelvey,Jonjo Shelvey,,,2022_2023,100.0,EXACT_SOURCE_ID,APPROVED
plr_cea48102,fpl,Chris_Wood,Chris Wood,,,2022_2023,100.0,EXACT_SOURCE_ID,APPROVED
plr_9564af5e,fpl,Harry_Arter,Harry Arter,,,2022_2023,100.0,EXACT_SOURCE_ID,APPROVED
plr_18bb582f,fpl,Steve_Cook,Steve Cook,,,2022_2023,100.0,EXACT_SOURCE_ID,APPROVED
plr_9f065bc7,fpl,Lyle_Taylor,Lyle Taylor,,,2022_2023,100.0,EXACT_SOURCE_ID,APPROVED
plr_61e070fe,fpl,Jack_Colback,Jack Colback,,,2022_2023,100.0,EXACT_SOURCE_ID,APPROVED
plr_fff873a6,fpl,Brice_Samba,Brice Samba,,,2022_2023,100.0,EXACT_SOURCE_ID,APPROVED
plr_581f53f8,fpl,Carlos_Ribeiro Dias,Carlos Ribeiro Dias,,,2022_2023,100.0,EXACT_SOURCE_ID,APPROVED
plr_0a1bf194,fpl,Joe_Lolley,Joe Lolley,,,2022_2023,100.0,EXACT_SOURCE_ID,APPROVED
plr_1c802097,fpl,Scott_McKenna,Scott McKenna,,,2022_2023,100.0,EXACT_SOURCE_ID,APPROVED
plr_bc79f7c0,fpl,Mohamed_Dräger,Mohamed Dräger,,,2022_2023,100.0,EXACT_SOURCE_ID,APPROVED
plr_ac277038,fpl,Ryan_Yates,Ryan Yates,,,2022_2023,100.0,EXACT_SOURCE_ID,APPROVED
plr_b7496964,fpl,Joe_Worrall,Joe Worrall,,,2022_2023,100.0,EXACT_SOURCE_ID,APPROVED
plr_693a0702,fpl,Jonathan_Panzo,Jonathan Panzo,,,2022_2023,100.0,EXACT_SOURCE_ID,APPROVED
plr_22f092e7,fpl,Xande_Nascimento da Costa Silva,Xande Nascimento da Costa Silva,,,2022_2023,100.0,EXACT_SOURCE_ID,APPROVED
plr_f25a784c,fpl,Sam_Surridge,Sam Surridge,,,2022_2023,100.0,EXACT_SOURCE_ID,APPROVED
plr_3c3f3e76,fpl,Richie_Laryea,Richie Laryea,,,2022_2023,100.0,EXACT_SOURCE_ID,APPROVED
plr_b171630c,fpl,Loïc_Mbe Soh,Loïc Mbe Soh,,,2022_2023,100.0,EXACT_SOURCE_ID,APPROVED
plr_171da95d,fpl,Brennan_Johnson,Brennan Johnson,,,2022_2023,100.0,EXACT_SOURCE_ID,APPROVED
plr_74160ace,fpl,Alex_Mighten,Alex Mighten,,,2022_2023,100.0,EXACT_SOURCE_ID,APPROVED
plr_798f294e,fpl,Braian_Ojeda Rodríguez,Braian Ojeda Rodríguez,,,2022_2023,100.0,EXACT_SOURCE_ID,APPROVED
plr_258eb7b1,fpl,Taiwo_Awoniyi,Taiwo Awoniyi,,,2022_2023,100.0,EXACT_SOURCE_ID,APPROVED
plr_d88e5ee5,fpl,Dean_Henderson,Dean Henderson,,,2022_2023,100.0,EXACT_SOURCE_ID,APPROVED
plr_839c3a69,fpl,Giulian_Biancone,Giulian Biancone,,,2022_2023,100.0,EXACT_SOURCE_ID,APPROVED
plr_442646f8,fpl,Willy_Boly,Willy Boly,,,2022_2023,100.0,EXACT_SOURCE_ID,APPROVED
plr_8f7518c9,fpl,Morgan_Gibbs-White,Morgan Gibbs-White,,,2022_2023,100.0,EXACT_SOURCE_ID,APPROVED
plr_c38c3812,fpl,Moussa_Niakhaté,Moussa Niakhaté,,,2022_2023,100.0,EXACT_SOURCE_ID,APPROVED
plr_fee57bcd,fpl,Omar_Richards,Omar Richards,,,2022_2023,100.0,EXACT_SOURCE_ID,APPROVED
plr_6dee7637,fpl,Wayne_Hennessey,Wayne Hennessey,,,2022_2023,100.0,EXACT_SOURCE_ID,APPROVED
plr_6364d1c0,fpl,Harry_Toffolo,Harry Toffolo,,,2022_2023,100.0,EXACT_SOURCE_ID,APPROVED
plr_81c3b0e0,fpl,Lewis_O'Brien,Lewis O'Brien,,,2022_2023,100.0,EXACT_SOURCE_ID,APPROVED
plr_95f01c5a,fpl,Jesse_Lingard,Jesse Lingard,,,2022_2023,100.0,EXACT_SOURCE_ID,APPROVED
plr_c9ffeb47,fpl,Orel_Mangala,Orel Mangala,,,2022_2023,100.0,EXACT_SOURCE_ID,APPROVED
plr_ac617e0f,fpl,Oliver_Hammond,Oliver Hammond,,,2022_2023,100.0,EXACT_SOURCE_ID,APPROVED
plr_19f13fa1,fpl,Remo_Freuler,Remo Freuler,,,2022_2023,100.0,EXACT_SOURCE_ID,APPROVED
plr_afb1a235,fpl,Cheikhou_Kouyaté,Cheikhou Kouyaté,,,2022_2023,100.0,EXACT_SOURCE_ID,APPROVED
plr_0659e36d,fpl,Emmanuel_Dennis,Emmanuel Dennis,,,2022_2023,100.0,EXACT_SOURCE_ID,APPROVED
plr_42234007,fpl,Renan Augusto_Lodi dos Santos,Renan Augusto Lodi dos Santos,,,2022_2023,100.0,EXACT_SOURCE_ID,APPROVED
plr_fe4d44b9,fpl,Loïc_Badé,Loïc Badé,,,2022_2023,100.0,EXACT_SOURCE_ID,APPROVED
plr_8b72886a,fpl,Serge_Aurier,Serge Aurier,,,2022_2023,100.0,EXACT_SOURCE_ID,APPROVED
plr_94944558,fpl,Dale_Taylor,Dale Taylor,,,2022_2023,100.0,EXACT_SOURCE_ID,APPROVED
plr_e2c60ee5,fpl,Jordan_Smith,Jordan Smith,,,2022_2023,100.0,EXACT_SOURCE_ID,APPROVED
plr_9fc79ecc,fpl,Gustavo Henrique_Furtado Scarpa,Gustavo Henrique Furtado Scarpa,,,2022_2023,100.0,EXACT_SOURCE_ID,APPROVED
plr_556c11f2,fpl,Danilo_dos Santos de Oliveira,Danilo dos Santos de Oliveira,,,2022_2023,100.0,EXACT_SOURCE_ID,APPROVED
plr_3d428826,fpl,Keylor_Navas,Keylor Navas,,,2022_2023,100.0,EXACT_SOURCE_ID,APPROVED
plr_07000ebf,fpl,Felipe Augusto_de Almeida Monteiro,Felipe Augusto de Almeida Monteiro,,,2022_2023,100.0,EXACT_SOURCE_ID,APPROVED
plr_e11a4f00,fpl,André_Ayew,André Ayew,,,2022_2023,100.0,EXACT_SOURCE_ID,APPROVED
plr_86c348ac,fpl,George_Shelvey,George Shelvey,,,2022_2023,100.0,EXACT_SOURCE_ID,APPROVED
plr_aceff42f,fpl,Ainsley_Maitland-Niles,Ainsley Maitland-Niles,,,2022_2023,100.0,EXACT_SOURCE_ID,APPROVED
plr_c164bf16,fpl,Roméo_Lavia,Roméo Lavia,,,2022_2023,100.0,EXACT_SOURCE_ID,APPROVED
plr_27cd1ae2,fpl,Theo_Walcott,Theo Walcott,,,2022_2023,100.0,EXACT_SOURCE_ID,APPROVED
plr_108b21a7,fpl,Alex_McCarthy,Alex McCarthy,,,2022_2023,100.0,EXACT_SOURCE_ID,APPROVED
plr_663456b7,fpl,Oriol_Romeu Vidal,Oriol Romeu Vidal,,,2022_2023,100.0,EXACT_SOURCE_ID,APPROVED
plr_0142422d,fpl,Nathan_Redmond,Nathan Redmond,,,2022_2023,100.0,EXACT_SOURCE_ID,APPROVED
plr_b7b8f23e,fpl,Stuart_Armstrong,Stuart Armstrong,,,2022_2023,100.0,EXACT_SOURCE_ID,APPROVED
plr_7a39102c,fpl,Mohamed_Elyounoussi,Mohamed Elyounoussi,,,2022_2023,100.0,EXACT_SOURCE_ID,APPROVED
plr_7ba703e5,fpl,James_Ward-Prowse,James Ward-Prowse,,,2022_2023,100.0,EXACT_SOURCE_ID,APPROVED
plr_965fd28b,fpl,Adam_Armstrong,Adam Armstrong,,,2022_2023,100.0,EXACT_SOURCE_ID,APPROVED
plr_1349c31a,fpl,Kyle_Walker-Peters,Kyle Walker-Peters,,,2022_2023,100.0,EXACT_SOURCE_ID,APPROVED
plr_9ca03c20,fpl,Jan_Bednarek,Jan Bednarek,,,2022_2023,100.0,EXACT_SOURCE_ID,APPROVED
plr_d6437cb7,fpl,Che_Adams,Che Adams,,,2022_2023,100.0,EXACT_SOURCE_ID,APPROVED
plr_ce409803,fpl,Nathan_Tella,Nathan Tella,,,2022_2023,100.0,EXACT_SOURCE_ID,APPROVED
plr_a8cd03fe,fpl,Lyanco_Silveira Neves Vojnovic,Lyanco Silveira Neves Vojnovic,,,2022_2023,100.0,EXACT_SOURCE_ID,APPROVED
plr_d2502cf3,fpl,Yan_Valery,Yan Valery,,,2022_2023,100.0,EXACT_SOURCE_ID,APPROVED
plr_08892396,fpl,Will_Smallbone,Will Smallbone,,,2022_2023,100.0,EXACT_SOURCE_ID,APPROVED
plr_a4ed7e47,fpl,Ibrahima_Diallo,Ibrahima Diallo,,,2022_2023,100.0,EXACT_SOURCE_ID,APPROVED
plr_b5bbab03,fpl,Romain_Perraud,Romain Perraud,,,2022_2023,100.0,EXACT_SOURCE_ID,APPROVED
plr_699c6675,fpl,Moussa_Djenepo,Moussa Djenepo,,,2022_2023,100.0,EXACT_SOURCE_ID,APPROVED
plr_0e7e0c72,fpl,Tino_Livramento,Tino Livramento,,,2022_2023,100.0,EXACT_SOURCE_ID,APPROVED
plr_b72dee6c,fpl,Mohammed_Salisu,Mohammed Salisu,,,2022_2023,100.0,EXACT_SOURCE_ID,APPROVED
plr_b81177dd,fpl,Mateusz_Lis,Mateusz Lis,,,2022_2023,100.0,EXACT_SOURCE_ID,APPROVED
plr_4594390e,fpl,Gavin_Bazunu,Gavin Bazunu,,,2022_2023,100.0,EXACT_SOURCE_ID,APPROVED
plr_ca91e899,fpl,Armel_Bella-Kotchap,Armel Bella-Kotchap,,,2022_2023,100.0,EXACT_SOURCE_ID,APPROVED
plr_9799f403,fpl,Willy_Caballero,Willy Caballero,,,2022_2023,100.0,EXACT_SOURCE_ID,APPROVED
plr_da3c01da,fpl,Joe_Ayodele-Aribo,Joe Ayodele-Aribo,,,2022_2023,100.0,EXACT_SOURCE_ID,APPROVED
plr_a752b37f,fpl,Sékou_Mara,Sékou Mara,,,2022_2023,100.0,EXACT_SOURCE_ID,APPROVED
plr_a2ac43f7,fpl,Juan_Larios López,Juan Larios López,,,2022_2023,100.0,EXACT_SOURCE_ID,APPROVED
plr_8a50a8b2,fpl,Duje_Caleta-Car,Duje Caleta-Car,,,2022_2023,100.0,EXACT_SOURCE_ID,APPROVED
plr_fd52f9d8,fpl,Samuel_Edozie,Samuel Edozie,,,2022_2023,100.0,EXACT_SOURCE_ID,APPROVED
plr_eaf008f9,fpl,Lewis_Payne,Lewis Payne,,,2022_2023,100.0,EXACT_SOURCE_ID,APPROVED
plr_b50ef848,fpl,Ryan_Finnigan,Ryan Finnigan,,,2022_2023,100.0,EXACT_SOURCE_ID,APPROVED
plr_173a8392,fpl,Jimmy_Morgan,Jimmy Morgan,,,2022_2023,100.0,EXACT_SOURCE_ID,APPROVED
plr_15767602,fpl,Mislav_Orsic,Mislav Orsic,,,2022_2023,100.0,EXACT_SOURCE_ID,APPROVED
plr_1c626aa9,fpl,Carlos_Alcaraz,Carlos Alcaraz,,,2022_2023,100.0,EXACT_SOURCE_ID,APPROVED
plr_d834ef53,fpl,James_Bree,James Bree,,,2022_2023,100.0,EXACT_SOURCE_ID,APPROVED
plr_49361735,fpl,Kamaldeen_Sulemana,Kamaldeen Sulemana,,,2022_2023,100.0,EXACT_SOURCE_ID,APPROVED
plr_c8338009,fpl,Paul_Onuachu,Paul Onuachu,,,2022_2023,100.0,EXACT_SOURCE_ID,APPROVED
plr_a601b86b,fpl,Kamari_Doyle,Kamari Doyle,,,2022_2023,100.0,EXACT_SOURCE_ID,APPROVED
plr_599a766f,fpl,Dominic_Ballard,Dominic Ballard,,,2022_2023,100.0,EXACT_SOURCE_ID,APPROVED
plr_dfffde8d,fpl,Samuel_Amo-Ameyaw,Samuel Amo-Ameyaw,,,2022_2023,100.0,EXACT_SOURCE_ID,APPROVED
plr_b612b0d4,fpl,Hugo_Lloris,Hugo Lloris,,,2022_2023,100.0,EXACT_SOURCE_ID,APPROVED
plr_8c13790f,fpl,Fraser_Forster,Fraser Forster,,,2022_2023,100.0,EXACT_SOURCE_ID,APPROVED
plr_c34dacde,fpl,Harry_Kane,Harry Kane,,,2022_2023,100.0,EXACT_SOURCE_ID,APPROVED
plr_5df66829,fpl,Son_Heung-min,Son Heung-min,,,2022_2023,100.0,EXACT_SOURCE_ID,APPROVED
plr_7f629af4,fpl,Matt_Doherty,Matt Doherty,,,2022_2023,100.0,EXACT_SOURCE_ID,APPROVED
plr_7e4d0266,fpl,Eric_Dier,Eric Dier,,,2022_2023,100.0,EXACT_SOURCE_ID,APPROVED
plr_fe0ff417,fpl,Lucas_Rodrigues Moura da Silva,Lucas Rodrigues Moura da Silva,,,2022_2023,100.0,EXACT_SOURCE_ID,APPROVED
plr_6e0afa98,fpl,Ben_Davies,Ben Davies,,,2022_2023,100.0,EXACT_SOURCE_ID,APPROVED
plr_08619cb4,fpl,Pierre-Emile_Højbjerg,Pierre-Emile Højbjerg,,,2022_2023,100.0,EXACT_SOURCE_ID,APPROVED
plr_aaae9fd4,fpl,Harry_Winks,Harry Winks,,,2022_2023,100.0,EXACT_SOURCE_ID,APPROVED
plr_d4543553,fpl,Davinson_Sánchez,Davinson Sánchez,,,2022_2023,100.0,EXACT_SOURCE_ID,APPROVED
plr_3a8cd8c9,fpl,Ryan_Sessegnon,Ryan Sessegnon,,,2022_2023,100.0,EXACT_SOURCE_ID,APPROVED
plr_b9a9445d,fpl,Steven_Bergwijn,Steven Bergwijn,,,2022_2023,100.0,EXACT_SOURCE_ID,APPROVED
plr_945e0b6e,fpl,Sergio_Reguilón,Sergio Reguilón,,,2022_2023,100.0,EXACT_SOURCE_ID,APPROVED
plr_f0bbcb98,fpl,Japhet_Tanganga,Japhet Tanganga,,,2022_2023,100.0,EXACT_SOURCE_ID,APPROVED
plr_4103ab51,fpl,Rodrigo_Bentancur,Rodrigo Bentancur,,,2022_2023,100.0,EXACT_SOURCE_ID,APPROVED
plr_54586563,fpl,Oliver_Skipp,Oliver Skipp,,,2022_2023,100.0,EXACT_SOURCE_ID,APPROVED
plr_10814b57,fpl,Joe_Rodon,Joe Rodon,,,2022_2023,100.0,EXACT_SOURCE_ID,APPROVED
plr_bea6732e,fpl,Cristian_Romero,Cristian Romero,,,2022_2023,100.0,EXACT_SOURCE_ID,APPROVED
plr_83cebc08,fpl,Yves_Bissouma,Yves Bissouma,,,2022_2023,100.0,EXACT_SOURCE_ID,APPROVED
plr_8e56b1b3,fpl,Emerson_Leite de Souza Junior,Emerson Leite de Souza Junior,,,2022_2023,100.0,EXACT_SOURCE_ID,APPROVED
plr_3559a363,fpl,Dejan_Kulusevski,Dejan Kulusevski,,,2022_2023,100.0,EXACT_SOURCE_ID,APPROVED
plr_b70c86f3,fpl,Dane_Scarlett,Dane Scarlett,,,2022_2023,100.0,EXACT_SOURCE_ID,APPROVED
plr_274ad00e,fpl,Ivan_Perišić,Ivan Perišić,,,2022_2023,100.0,EXACT_SOURCE_ID,APPROVED
plr_4646453f,fpl,Harvey_White,Harvey White,,,2022_2023,100.0,EXACT_SOURCE_ID,APPROVED
plr_b0f4dfe0,fpl,Pape Matar_Sarr,Pape Matar Sarr,,,2022_2023,100.0,EXACT_SOURCE_ID,APPROVED
plr_d3986b6f,fpl,Brandon_Austin,Brandon Austin,,,2022_2023,100.0,EXACT_SOURCE_ID,APPROVED
plr_48e1186e,fpl,Alfie_Devine,Alfie Devine,,,2022_2023,100.0,EXACT_SOURCE_ID,APPROVED
plr_50d5df9c,fpl,Troy_Parrott,Troy Parrott,,,2022_2023,100.0,EXACT_SOURCE_ID,APPROVED
plr_a7cbd94b,fpl,Richarlison_de Andrade,Richarlison de Andrade,,,2022_2023,100.0,EXACT_SOURCE_ID,APPROVED
plr_94486351,fpl,Clément_Lenglet,Clément Lenglet,,,2022_2023,100.0,EXACT_SOURCE_ID,APPROVED
plr_daa9173b,fpl,Djed_Spence,Djed Spence,,,2022_2023,100.0,EXACT_SOURCE_ID,APPROVED
plr_77bd1ea3,fpl,Bryan_Gil Salvatierra,Bryan Gil Salvatierra,,,2022_2023,100.0,EXACT_SOURCE_ID,APPROVED
plr_aaa63c5d,fpl,Arnaut_Danjuma,Arnaut Danjuma,,,2022_2023,100.0,EXACT_SOURCE_ID,APPROVED
plr_50624195,fpl,Pedro_Porro,Pedro Porro,,,2022_2023,100.0,EXACT_SOURCE_ID,APPROVED
plr_6bf82664,fpl,Romaine_Mundle,Romaine Mundle,,,2022_2023,100.0,EXACT_SOURCE_ID,APPROVED
plr_e6ef8b5f,fpl,George_Abbott,George Abbott,,,2022_2023,100.0,EXACT_SOURCE_ID,APPROVED
plr_3ab5cb57,fpl,Matthew_Craig,Matthew Craig,,,2022_2023,100.0,EXACT_SOURCE_ID,APPROVED
plr_77efc74f,fpl,Yago_de Santiago Alonso,Yago de Santiago Alonso,,,2022_2023,100.0,EXACT_SOURCE_ID,APPROVED
plr_a4fb330d,fpl,Danny_Ings,Danny Ings,,,2022_2023,100.0,EXACT_SOURCE_ID,APPROVED
plr_edfe1e07,fpl,Lukasz_Fabianski,Lukasz Fabianski,,,2022_2023,100.0,EXACT_SOURCE_ID,APPROVED
plr_7eeef0a5,fpl,Angelo_Ogbonna,Angelo Ogbonna,,,2022_2023,100.0,EXACT_SOURCE_ID,APPROVED
plr_5d068ac1,fpl,Aaron_Cresswell,Aaron Cresswell,,,2022_2023,100.0,EXACT_SOURCE_ID,APPROVED
plr_94c17d2b,fpl,Michail_Antonio,Michail Antonio,,,2022_2023,100.0,EXACT_SOURCE_ID,APPROVED
plr_98b74710,fpl,Manuel_Lanzini,Manuel Lanzini,,,2022_2023,100.0,EXACT_SOURCE_ID,APPROVED
plr_c6fd618c,fpl,Kurt_Zouma,Kurt Zouma,,,2022_2023,100.0,EXACT_SOURCE_ID,APPROVED
plr_f0f607c2,fpl,Arthur_Masuaku,Arthur Masuaku,,,2022_2023,100.0,EXACT_SOURCE_ID,APPROVED
plr_fabda988,fpl,Vladimir_Coufal,Vladimir Coufal,,,2022_2023,100.0,EXACT_SOURCE_ID,APPROVED
plr_bcfb8e61,fpl,Saïd_Benrahma,Saïd Benrahma,,,2022_2023,100.0,EXACT_SOURCE_ID,APPROVED
plr_26e175e4,fpl,Jarrod_Bowen,Jarrod Bowen,,,2022_2023,100.0,EXACT_SOURCE_ID,APPROVED
plr_47c97b89,fpl,Nikola_Vlasic,Nikola Vlasic,,,2022_2023,100.0,EXACT_SOURCE_ID,APPROVED
plr_43289d67,fpl,Declan_Rice,Declan Rice,,,2022_2023,100.0,EXACT_SOURCE_ID,APPROVED
plr_e6578585,fpl,Tomas_Soucek,Tomas Soucek,,,2022_2023,100.0,EXACT_SOURCE_ID,APPROVED
plr_b8952695,fpl,Pablo_Fornals Malla,Pablo Fornals Malla,,,2022_2023,100.0,EXACT_SOURCE_ID,APPROVED
plr_45ed667f,fpl,Ben_Johnson,Ben Johnson,,,2022_2023,100.0,EXACT_SOURCE_ID,APPROVED
plr_0ac41e19,fpl,Nayef_Aguerd,Nayef Aguerd,,,2022_2023,100.0,EXACT_SOURCE_ID,APPROVED
plr_fc8e4918,fpl,Alphonse_Areola,Alphonse Areola,,,2022_2023,100.0,EXACT_SOURCE_ID,APPROVED
plr_bc4bf056,fpl,Flynn_Downes,Flynn Downes,,,2022_2023,100.0,EXACT_SOURCE_ID,APPROVED
plr_5763865f,fpl,Gianluca_Scamacca,Gianluca Scamacca,,,2022_2023,100.0,EXACT_SOURCE_ID,APPROVED
plr_6aaf27ae,fpl,Emerson_Palmieri dos Santos,Emerson Palmieri dos Santos,,,2022_2023,100.0,EXACT_SOURCE_ID,APPROVED
plr_8e41eddb,fpl,Conor_Coventry,Conor Coventry,,,2022_2023,100.0,EXACT_SOURCE_ID,APPROVED
plr_a8d53214,fpl,Armstrong_Oko-Flex,Armstrong Oko-Flex,,,2022_2023,100.0,EXACT_SOURCE_ID,APPROVED
plr_bc198240,fpl,Maxwel_Cornet,Maxwel Cornet,,,2022_2023,100.0,EXACT_SOURCE_ID,APPROVED
plr_ab7b82ee,fpl,Thilo_Kehrer,Thilo Kehrer,,,2022_2023,100.0,EXACT_SOURCE_ID,APPROVED
plr_184a73d4,fpl,Lucas_Tolentino Coelho de Lima,Lucas Tolentino Coelho de Lima,,,2022_2023,100.0,EXACT_SOURCE_ID,APPROVED
plr_04c824d9,fpl,Divin_Mubama,Divin Mubama,,,2022_2023,100.0,EXACT_SOURCE_ID,APPROVED
plr_84659359,fpl,Joseph_Anang,Joseph Anang,,,2022_2023,100.0,EXACT_SOURCE_ID,APPROVED
plr_43d3521d,fpl,Krisztián_Hegyi,Krisztián Hegyi,,,2022_2023,100.0,EXACT_SOURCE_ID,APPROVED
plr_99d577b8,fpl,Kaelan_Casey,Kaelan Casey,,,2022_2023,100.0,EXACT_SOURCE_ID,APPROVED
plr_b058118a,fpl,Craig_Dawson,Craig Dawson,,,2022_2023,100.0,EXACT_SOURCE_ID,APPROVED
plr_2407488a,fpl,Raúl_Jiménez,Raúl Jiménez,,,2022_2023,100.0,EXACT_SOURCE_ID,APPROVED
plr_85558c42,fpl,Jonathan_Castro Otto,Jonathan Castro Otto,,,2022_2023,100.0,EXACT_SOURCE_ID,APPROVED
plr_2f967ffd,fpl,José_Malheiro de Sá,José Malheiro de Sá,,,2022_2023,100.0,EXACT_SOURCE_ID,APPROVED
plr_245218d2,fpl,Rúben_da Silva Neves,Rúben da Silva Neves,,,2022_2023,100.0,EXACT_SOURCE_ID,APPROVED
plr_44d463bf,fpl,Hwang_Hee-chan,Hwang Hee-chan,,,2022_2023,100.0,EXACT_SOURCE_ID,APPROVED
plr_6db5b6a5,fpl,Nélson_Cabral Semedo,Nélson Cabral Semedo,,,2022_2023,100.0,EXACT_SOURCE_ID,APPROVED
plr_00536f84,fpl,Daniel_Castelo Podence,Daniel Castelo Podence,,,2022_2023,100.0,EXACT_SOURCE_ID,APPROVED
plr_d88df074,fpl,Max_Kilman,Max Kilman,,,2022_2023,100.0,EXACT_SOURCE_ID,APPROVED
plr_a9ed02e9,fpl,Luke_Cundle,Luke Cundle,,,2022_2023,100.0,EXACT_SOURCE_ID,APPROVED
plr_63053610,fpl,Pedro_Lomba Neto,Pedro Lomba Neto,,,2022_2023,100.0,EXACT_SOURCE_ID,APPROVED
plr_727608be,fpl,Rayan_Aït-Nouri,Rayan Aït-Nouri,,,2022_2023,100.0,EXACT_SOURCE_ID,APPROVED
plr_4c534afc,fpl,Fabio_Silva,Fabio Silva,,,2022_2023,100.0,EXACT_SOURCE_ID,APPROVED
plr_05386980,fpl,Toti António_Gomes,Toti António Gomes,,,2022_2023,100.0,EXACT_SOURCE_ID,APPROVED
plr_441ea422,fpl,Francisco Jorge_Tomás Oliveira,Francisco Jorge Tomás Oliveira,,,2022_2023,100.0,EXACT_SOURCE_ID,APPROVED
plr_27455de3,fpl,Adama_Traoré Diarra,Adama Traoré Diarra,,,2022_2023,100.0,EXACT_SOURCE_ID,APPROVED
plr_ec3c5dc2,fpl,Matija_Šarkić,Matija Šarkić,,,2022_2023,100.0,EXACT_SOURCE_ID,APPROVED
plr_3bdf0687,fpl,Yerson_Mosquera Valdelamar,Yerson Mosquera Valdelamar,,,2022_2023,100.0,EXACT_SOURCE_ID,APPROVED
plr_5f202281,fpl,João Filipe Iria_Santos Moutinho,João Filipe Iria Santos Moutinho,,,2022_2023,100.0,EXACT_SOURCE_ID,APPROVED
plr_cd3f00cb,fpl,Nathan_Collins,Nathan Collins,,,2022_2023,100.0,EXACT_SOURCE_ID,APPROVED
plr_945e8d7f,fpl,Jackson_Smith,Jackson Smith,,,2022_2023,100.0,EXACT_SOURCE_ID,APPROVED
plr_2808a598,fpl,Hugo_Bueno López,Hugo Bueno López,,,2022_2023,100.0,EXACT_SOURCE_ID,APPROVED
plr_88593879,fpl,Joseph_Hodge,Joseph Hodge,,,2022_2023,100.0,EXACT_SOURCE_ID,APPROVED
plr_e535da10,fpl,Connor_Ronan,Connor Ronan,,,2022_2023,100.0,EXACT_SOURCE_ID,APPROVED
plr_c31cf77d,fpl,Chem_Campbell,Chem Campbell,,,2022_2023,100.0,EXACT_SOURCE_ID,APPROVED
plr_98ebbf11,fpl,Gonçalo Manuel_Ganchinho Guedes,Gonçalo Manuel Ganchinho Guedes,,,2022_2023,100.0,EXACT_SOURCE_ID,APPROVED
plr_18529087,fpl,Matheus Luiz_Nunes,Matheus Luiz Nunes,,,2022_2023,100.0,EXACT_SOURCE_ID,APPROVED
plr_165f55cf,fpl,Sasa_Kalajdzic,Sasa Kalajdzic,,,2022_2023,100.0,EXACT_SOURCE_ID,APPROVED
plr_c1ccfbc8,fpl,Diego_Da Silva Costa,Diego Da Silva Costa,,,2022_2023,100.0,EXACT_SOURCE_ID,APPROVED
plr_dd07a55c,fpl,Boubacar_Traoré,Boubacar Traoré,,,2022_2023,100.0,EXACT_SOURCE_ID,APPROVED
plr_2cd2a50b,fpl,Nathan_Fraser,Nathan Fraser,,,2022_2023,100.0,EXACT_SOURCE_ID,APPROVED
plr_272f2a68,fpl,Harvey_Griffiths,Harvey Griffiths,,,2022_2023,100.0,EXACT_SOURCE_ID,APPROVED
plr_5abb15e2,fpl,Dexter_Lembikisa,Dexter Lembikisa,,,2022_2023,100.0,EXACT_SOURCE_ID,APPROVED
plr_68fd0f18,fpl,Matheus_Santos Carneiro Da Cunha,Matheus Santos Carneiro Da Cunha,,,2022_2023,100.0,EXACT_SOURCE_ID,APPROVED
plr_6e11f85c,fpl,Mario_Lemina,Mario Lemina,,,2022_2023,100.0,EXACT_SOURCE_ID,APPROVED
plr_4a00294e,fpl,Pablo_Sarabia,Pablo Sarabia,,,2022_2023,100.0,EXACT_SOURCE_ID,APPROVED
plr_ad4b306b,fpl,Daniel_Bentley,Daniel Bentley,,,2022_2023,100.0,EXACT_SOURCE_ID,APPROVED
plr_b296cc69,fpl,João Victor_Gomes da Silva,João Victor Gomes da Silva,,,2022_2023,100.0,EXACT_SOURCE_ID,APPROVED
plr_c63f512d,fpl,Folarin_Balogun,Folarin Balogun,,,2023_2024,100.0,EXACT_SOURCE_ID,APPROVED
plr_a91a9530,fpl,Cédric_Alves Soares,Cédric Alves Soares,,,2023_2024,100.0,EXACT_SOURCE_ID,APPROVED
plr_46ca0bac,fpl,Mohamed_Elneny,Mohamed Elneny,,,2023_2024,100.0,EXACT_SOURCE_ID,APPROVED
plr_a1b323df,fpl,Fábio_Ferreira Vieira,Fábio Ferreira Vieira,,,2023_2024,100.0,EXACT_SOURCE_ID,APPROVED
plr_bb75c5f3,fpl,Gabriel_dos Santos Magalhães,Gabriel dos Santos Magalhães,,,2023_2024,100.0,EXACT_SOURCE_ID,APPROVED
plr_26ffd119,fpl,Kai_Havertz,Kai Havertz,,,2023_2024,100.0,EXACT_SOURCE_ID,APPROVED
plr_33199892,fpl,Gabriel_Fernando de Jesus,Gabriel Fernando de Jesus,,,2023_2024,100.0,EXACT_SOURCE_ID,APPROVED
plr_216c39a6,fpl,Jorge Luiz_Frello Filho,Jorge Luiz Frello Filho,,,2023_2024,100.0,EXACT_SOURCE_ID,APPROVED
plr_7858bc87,fpl,Jakub_Kiwior,Jakub Kiwior,,,2023_2024,100.0,EXACT_SOURCE_ID,APPROVED
plr_8ec55419,fpl,Marcus_Oliveira Alencar,Marcus Oliveira Alencar,,,2023_2024,100.0,EXACT_SOURCE_ID,APPROVED
plr_c91da8db,fpl,Gabriel_Martinelli Silva,Gabriel Martinelli Silva,,,2023_2024,100.0,EXACT_SOURCE_ID,APPROVED
plr_a533d9a3,fpl,Eddie_Nketiah,Eddie Nketiah,,,2023_2024,100.0,EXACT_SOURCE_ID,APPROVED
plr_f2465d24,fpl,Martin_Ødegaard,Martin Ødegaard,,,2023_2024,100.0,EXACT_SOURCE_ID,APPROVED
plr_923e3790,fpl,Thomas_Partey,Thomas Partey,,,2023_2024,100.0,EXACT_SOURCE_ID,APPROVED
plr_468415f3,fpl,Nicolas_Pépé,Nicolas Pépé,,,2023_2024,100.0,EXACT_SOURCE_ID,APPROVED
plr_5e872034,fpl,Aaron_Ramsdale,Aaron Ramsdale,,,2023_2024,100.0,EXACT_SOURCE_ID,APPROVED
plr_064df707,fpl,Rúnar Alex_Rúnarsson,Rúnar Alex Rúnarsson,,,2023_2024,100.0,EXACT_SOURCE_ID,APPROVED
plr_1f64e900,fpl,Bukayo_Saka,Bukayo Saka,,,2023_2024,100.0,EXACT_SOURCE_ID,APPROVED
plr_cd11fbb7,fpl,William_Saliba,William Saliba,,,2023_2024,100.0,EXACT_SOURCE_ID,APPROVED
plr_70bb4628,fpl,Emile_Smith Rowe,Emile Smith Rowe,,,2023_2024,100.0,EXACT_SOURCE_ID,APPROVED
plr_2d580e00,fpl,Kieran_Tierney,Kieran Tierney,,,2023_2024,100.0,EXACT_SOURCE_ID,APPROVED
plr_03d218c5,fpl,Takehiro_Tomiyasu,Takehiro Tomiyasu,,,2023_2024,100.0,EXACT_SOURCE_ID,APPROVED
plr_e0afcf7c,fpl,Leandro_Trossard,Leandro Trossard,,,2023_2024,100.0,EXACT_SOURCE_ID,APPROVED
plr_49af0265,fpl,Benjamin_White,Benjamin White,,,2023_2024,100.0,EXACT_SOURCE_ID,APPROVED
plr_b2ed344b,fpl,Granit_Xhaka,Granit Xhaka,,,2023_2024,100.0,EXACT_SOURCE_ID,APPROVED
plr_ca59b862,fpl,Oleksandr_Zinchenko,Oleksandr Zinchenko,,,2023_2024,100.0,EXACT_SOURCE_ID,APPROVED
plr_0d08e88b,fpl,David_Raya Martin,David Raya Martin,,,2023_2024,100.0,EXACT_SOURCE_ID,APPROVED
plr_4b7b1fe6,fpl,Declan_Rice,Declan Rice,,,2023_2024,100.0,EXACT_SOURCE_ID,APPROVED
plr_6cdd7045,fpl,Reiss_Nelson,Reiss Nelson,,,2023_2024,100.0,EXACT_SOURCE_ID,APPROVED
plr_0f516e73,fpl,Jurriën_Timber,Jurriën Timber,,,2023_2024,100.0,EXACT_SOURCE_ID,APPROVED
plr_dd2d8921,fpl,Karl_Hein,Karl Hein,,,2023_2024,100.0,EXACT_SOURCE_ID,APPROVED
plr_69005a5f,fpl,Charles_Sagoe,Charles Sagoe,,,2023_2024,100.0,EXACT_SOURCE_ID,APPROVED
plr_bd09b626,fpl,Reuell_Walters,Reuell Walters,,,2023_2024,100.0,EXACT_SOURCE_ID,APPROVED
plr_3b0e0139,fpl,Bradley_Ibrahim,Bradley Ibrahim,,,2023_2024,100.0,EXACT_SOURCE_ID,APPROVED
plr_2e5e7a58,fpl,Myles_Lewis-Skelly,Myles Lewis-Skelly,,,2023_2024,100.0,EXACT_SOURCE_ID,APPROVED
plr_07c4f5f9,fpl,Ethan_Nwaneri,Ethan Nwaneri,,,2023_2024,100.0,EXACT_SOURCE_ID,APPROVED
plr_9792e184,fpl,Mauro_Bandeira,Mauro Bandeira,,,2023_2024,100.0,EXACT_SOURCE_ID,APPROVED
plr_8e28c5f0,fpl,James_Sweet,James Sweet,,,2023_2024,100.0,EXACT_SOURCE_ID,APPROVED
plr_a463083b,fpl,Alexandre_Moreno Lopera,Alexandre Moreno Lopera,,,2023_2024,100.0,EXACT_SOURCE_ID,APPROVED
plr_a6a66420,fpl,Leon_Bailey,Leon Bailey,,,2023_2024,100.0,EXACT_SOURCE_ID,APPROVED
plr_a27385d9,fpl,Emiliano_Buendía Stati,Emiliano Buendía Stati,,,2023_2024,100.0,EXACT_SOURCE_ID,APPROVED
plr_842c3ed6,fpl,Matty_Cash,Matty Cash,,,2023_2024,100.0,EXACT_SOURCE_ID,APPROVED
plr_2969786c,fpl,Calum_Chambers,Calum Chambers,,,2023_2024,100.0,EXACT_SOURCE_ID,APPROVED
plr_ec6ed54e,fpl,Philippe_Coutinho Correia,Philippe Coutinho Correia,,,2023_2024,100.0,EXACT_SOURCE_ID,APPROVED
plr_9ed0aac3,fpl,Keinan_Davis,Keinan Davis,,,2023_2024,100.0,EXACT_SOURCE_ID,APPROVED
plr_88756cb9,fpl,Leander_Dendoncker,Leander Dendoncker,,,2023_2024,100.0,EXACT_SOURCE_ID,APPROVED
plr_e55ba920,fpl,Diego Carlos_Santos Silva,Diego Carlos Santos Silva,,,2023_2024,100.0,EXACT_SOURCE_ID,APPROVED
plr_8c5c1080,fpl,Lucas_Digne,Lucas Digne,,,2023_2024,100.0,EXACT_SOURCE_ID,APPROVED
plr_84f12dd2,fpl,Douglas Luiz_Soares de Paulo,Douglas Luiz Soares de Paulo,,,2023_2024,100.0,EXACT_SOURCE_ID,APPROVED
plr_797727f9,fpl,Jhon_Durán,Jhon Durán,,,2023_2024,100.0,EXACT_SOURCE_ID,APPROVED
plr_5db832d3,fpl,Kortney_Hause,Kortney Hause,,,2023_2024,100.0,EXACT_SOURCE_ID,APPROVED
plr_2d88648e,fpl,Tim_Iroegbunam,Tim Iroegbunam,,,2023_2024,100.0,EXACT_SOURCE_ID,APPROVED
plr_9cb55643,fpl,Boubacar_Kamara,Boubacar Kamara,,,2023_2024,100.0,EXACT_SOURCE_ID,APPROVED
plr_fdd5c927,fpl,Ezri_Konsa Ngoyo,Ezri Konsa Ngoyo,,,2023_2024,100.0,EXACT_SOURCE_ID,APPROVED
plr_828a49f8,fpl,Emiliano_Martínez Romero,Emiliano Martínez Romero,,,2023_2024,100.0,EXACT_SOURCE_ID,APPROVED
plr_c0ddfee7,fpl,John_McGinn,John McGinn,,,2023_2024,100.0,EXACT_SOURCE_ID,APPROVED
plr_b1a2702e,fpl,Tyrone_Mings,Tyrone Mings,,,2023_2024,100.0,EXACT_SOURCE_ID,APPROVED
plr_35e8cc10,fpl,Robin_Olsen,Robin Olsen,,,2023_2024,100.0,EXACT_SOURCE_ID,APPROVED
plr_0eb3f81a,fpl,Jaden_Philogene-Bidace,Jaden Philogene-Bidace,,,2023_2024,100.0,EXACT_SOURCE_ID,APPROVED
plr_3fbe5e4f,fpl,Jacob_Ramsey,Jacob Ramsey,,,2023_2024,100.0,EXACT_SOURCE_ID,APPROVED
plr_a832df72,fpl,Morgan_Sanson,Morgan Sanson,,,2023_2024,100.0,EXACT_SOURCE_ID,APPROVED
plr_d0820794,fpl,Viljami_Sinisalo,Viljami Sinisalo,,,2023_2024,100.0,EXACT_SOURCE_ID,APPROVED
plr_4f8f9036,fpl,Youri_Tielemans,Youri Tielemans,,,2023_2024,100.0,EXACT_SOURCE_ID,APPROVED
plr_60782479,fpl,Bertrand_Traoré,Bertrand Traoré,,,2023_2024,100.0,EXACT_SOURCE_ID,APPROVED
plr_f15653cc,fpl,Ollie_Watkins,Ollie Watkins,,,2023_2024,100.0,EXACT_SOURCE_ID,APPROVED
plr_a9cfec2a,fpl,Wesley_Moraes Ferreira da Silva,Wesley Moraes Ferreira da Silva,,,2023_2024,100.0,EXACT_SOURCE_ID,APPROVED
plr_54dd31eb,fpl,Pau_Torres,Pau Torres,,,2023_2024,100.0,EXACT_SOURCE_ID,APPROVED
plr_a3eb9585,fpl,Moussa_Diaby,Moussa Diaby,,,2023_2024,100.0,EXACT_SOURCE_ID,APPROVED
plr_3cbc2fac,fpl,Omari_Kellyman,Omari Kellyman,,,2023_2024,100.0,EXACT_SOURCE_ID,APPROVED
plr_25c1dffc,fpl,Filip_Marschall,Filip Marschall,,,2023_2024,100.0,EXACT_SOURCE_ID,APPROVED
plr_91d5d4c5,fpl,Nicolò_Zaniolo,Nicolò Zaniolo,,,2023_2024,100.0,EXACT_SOURCE_ID,APPROVED
plr_cf68a449,fpl,Oliwier_Zych,Oliwier Zych,,,2023_2024,100.0,EXACT_SOURCE_ID,APPROVED
plr_9bb801e1,fpl,Clément_Lenglet,Clément Lenglet,,,2023_2024,100.0,EXACT_SOURCE_ID,APPROVED
plr_37cef216,fpl,Sam_Proctor,Sam Proctor,,,2023_2024,100.0,EXACT_SOURCE_ID,APPROVED
plr_41148411,fpl,Tommi_O'Reilly,Tommi O'Reilly,,,2023_2024,100.0,EXACT_SOURCE_ID,APPROVED
plr_3bd9f4ae,fpl,James_Wright,James Wright,,,2023_2024,100.0,EXACT_SOURCE_ID,APPROVED
plr_04e9e122,fpl,Kaine_Kesler-Hayden,Kaine Kesler-Hayden,,,2023_2024,100.0,EXACT_SOURCE_ID,APPROVED
plr_37e7e6b0,fpl,Morgan_Rogers,Morgan Rogers,,,2023_2024,100.0,EXACT_SOURCE_ID,APPROVED
plr_c1a55ea2,fpl,Joe_Gauci,Joe Gauci,,,2023_2024,100.0,EXACT_SOURCE_ID,APPROVED
plr_03bcd171,fpl,Finley_Munroe,Finley Munroe,,,2023_2024,100.0,EXACT_SOURCE_ID,APPROVED
plr_2fa05a4e,fpl,Kadan_Young,Kadan Young,,,2023_2024,100.0,EXACT_SOURCE_ID,APPROVED
plr_fa767cd8,fpl,Lander_Emery,Lander Emery,,,2023_2024,100.0,EXACT_SOURCE_ID,APPROVED
plr_90dac523,fpl,Jaidon_Anthony,Jaidon Anthony,,,2023_2024,100.0,EXACT_SOURCE_ID,APPROVED
plr_528385cc,fpl,Philip_Billing,Philip Billing,,,2023_2024,100.0,EXACT_SOURCE_ID,APPROVED
plr_fbb60d84,fpl,David_Brooks,David Brooks,,,2023_2024,100.0,EXACT_SOURCE_ID,APPROVED
plr_e39c04e6,fpl,Ryan_Christie,Ryan Christie,,,2023_2024,100.0,EXACT_SOURCE_ID,APPROVED
plr_85993d76,fpl,Lewis_Cook,Lewis Cook,,,2023_2024,100.0,EXACT_SOURCE_ID,APPROVED
plr_bc810bac,fpl,Siriki_Dembélé,Siriki Dembélé,,,2023_2024,100.0,EXACT_SOURCE_ID,APPROVED
plr_d919b380,fpl,Ryan_Fredericks,Ryan Fredericks,,,2023_2024,100.0,EXACT_SOURCE_ID,APPROVED
plr_0783c96c,fpl,James_Hill,James Hill,,,2023_2024,100.0,EXACT_SOURCE_ID,APPROVED
plr_20e42a97,fpl,Lloyd_Kelly,Lloyd Kelly,,,2023_2024,100.0,EXACT_SOURCE_ID,APPROVED
plr_c2ff174a,fpl,Gavin_Kilkenny,Gavin Kilkenny,,,2023_2024,100.0,EXACT_SOURCE_ID,APPROVED
plr_99db3db7,fpl,Justin_Kluivert,Justin Kluivert,,,2023_2024,100.0,EXACT_SOURCE_ID,APPROVED
plr_3fb94e09,fpl,Jamal_Lowe,Jamal Lowe,,,2023_2024,100.0,EXACT_SOURCE_ID,APPROVED
plr_586528df,fpl,Emiliano_Marcondes,Emiliano Marcondes,,,2023_2024,100.0,EXACT_SOURCE_ID,APPROVED
plr_5250bdbb,fpl,Chris_Mepham,Chris Mepham,,,2023_2024,100.0,EXACT_SOURCE_ID,APPROVED
plr_ee32ee79,fpl,Kieffer_Moore,Kieffer Moore,,,2023_2024,100.0,EXACT_SOURCE_ID,APPROVED
plr_a73d0509,fpl,Norberto_Murara Neto,Norberto Murara Neto,,,2023_2024,100.0,EXACT_SOURCE_ID,APPROVED
plr_dfa43dc8,fpl,Dango_Ouattara,Dango Ouattara,,,2023_2024,100.0,EXACT_SOURCE_ID,APPROVED
plr_d917b926,fpl,Ben_Pearson,Ben Pearson,,,2023_2024,100.0,EXACT_SOURCE_ID,APPROVED
plr_2a905f8e,fpl,Darren_Randolph,Darren Randolph,,,2023_2024,100.0,EXACT_SOURCE_ID,APPROVED
plr_718d2b28,fpl,Joe_Rothwell,Joe Rothwell,,,2023_2024,100.0,EXACT_SOURCE_ID,APPROVED
plr_bf3e5dd0,fpl,Antoine_Semenyo,Antoine Semenyo,,,2023_2024,100.0,EXACT_SOURCE_ID,APPROVED
plr_8efd4417,fpl,Marcos_Senesi,Marcos Senesi,,,2023_2024,100.0,EXACT_SOURCE_ID,APPROVED
plr_57587b85,fpl,Adam_Smith,Adam Smith,,,2023_2024,100.0,EXACT_SOURCE_ID,APPROVED
plr_1abe75f2,fpl,Dominic_Solanke,Dominic Solanke,,,2023_2024,100.0,EXACT_SOURCE_ID,APPROVED
plr_9cbd14d0,fpl,Marcus_Tavernier,Marcus Tavernier,,,2023_2024,100.0,EXACT_SOURCE_ID,APPROVED
plr_9be3d18a,fpl,Hamed_Traorè,Hamed Traorè,,,2023_2024,100.0,EXACT_SOURCE_ID,APPROVED
plr_c29c8afb,fpl,Mark_Travers,Mark Travers,,,2023_2024,100.0,EXACT_SOURCE_ID,APPROVED
plr_3224ae36,fpl,Illia_Zabarnyi,Illia Zabarnyi,,,2023_2024,100.0,EXACT_SOURCE_ID,APPROVED
plr_ba448454,fpl,Milos_Kerkez,Milos Kerkez,,,2023_2024,100.0,EXACT_SOURCE_ID,APPROVED
plr_59d7b4a5,fpl,Ionuț_Radu,Ionuț Radu,,,2023_2024,100.0,EXACT_SOURCE_ID,APPROVED
plr_e336b57f,fpl,Ben_Greenwood,Ben Greenwood,,,2023_2024,100.0,EXACT_SOURCE_ID,APPROVED
plr_128c05ae,fpl,Max_Aarons,Max Aarons,,,2023_2024,100.0,EXACT_SOURCE_ID,APPROVED
plr_ddf1826b,fpl,Alex_Scott,Alex Scott,,,2023_2024,100.0,EXACT_SOURCE_ID,APPROVED
plr_f26b0bd8,fpl,Tyler_Adams,Tyler Adams,,,2023_2024,100.0,EXACT_SOURCE_ID,APPROVED
plr_88a5e71d,fpl,Luis_Sinisterra,Luis Sinisterra,,,2023_2024,100.0,EXACT_SOURCE_ID,APPROVED
plr_7e8f4b6a,fpl,Romain_Faivre,Romain Faivre,,,2023_2024,100.0,EXACT_SOURCE_ID,APPROVED
plr_ab20fb27,fpl,Max_Kinsey,Max Kinsey,,,2023_2024,100.0,EXACT_SOURCE_ID,APPROVED
plr_3b549fff,fpl,Enes_Ünal,Enes Ünal,,,2023_2024,100.0,EXACT_SOURCE_ID,APPROVED
plr_5b6d5544,fpl,Dominic_Sadi,Dominic Sadi,,,2023_2024,100.0,EXACT_SOURCE_ID,APPROVED
plr_c139dcc0,fpl,Michael_Dacosta Gonzalez,Michael Dacosta Gonzalez,,,2023_2024,100.0,EXACT_SOURCE_ID,APPROVED
plr_7f756242,fpl,Callan_McKenna,Callan McKenna,,,2023_2024,100.0,EXACT_SOURCE_ID,APPROVED
plr_6e94b679,fpl,Kristoffer_Ajer,Kristoffer Ajer,,,2023_2024,100.0,EXACT_SOURCE_ID,APPROVED
plr_b59cb587,fpl,Ellery_Balcombe,Ellery Balcombe,,,2023_2024,100.0,EXACT_SOURCE_ID,APPROVED
plr_592cceb2,fpl,Shandon_Baptiste,Shandon Baptiste,,,2023_2024,100.0,EXACT_SOURCE_ID,APPROVED
plr_456cf30b,fpl,Mads_Bech Sørensen,Mads Bech Sørensen,,,2023_2024,100.0,EXACT_SOURCE_ID,APPROVED
plr_e1193ad2,fpl,Mads_Bidstrup,Mads Bidstrup,,,2023_2024,100.0,EXACT_SOURCE_ID,APPROVED
plr_c9d918b4,fpl,Sergi_Canós Tenés,Sergi Canós Tenés,,,2023_2024,100.0,EXACT_SOURCE_ID,APPROVED
plr_a444532e,fpl,Nathan_Collins,Nathan Collins,,,2023_2024,100.0,EXACT_SOURCE_ID,APPROVED
plr_7b92f494,fpl,Matthew_Cox,Matthew Cox,,,2023_2024,100.0,EXACT_SOURCE_ID,APPROVED
plr_f36221e9,fpl,Mikkel_Damsgaard,Mikkel Damsgaard,,,2023_2024,100.0,EXACT_SOURCE_ID,APPROVED
plr_cff93528,fpl,Josh_Dasilva,Josh Dasilva,,,2023_2024,100.0,EXACT_SOURCE_ID,APPROVED
plr_841bd2ba,fpl,Halil_Dervişoğlu,Halil Dervişoğlu,,,2023_2024,100.0,EXACT_SOURCE_ID,APPROVED
plr_3141a054,fpl,Mark_Flekken,Mark Flekken,,,2023_2024,100.0,EXACT_SOURCE_ID,APPROVED
plr_b4cdb56e,fpl,Charlie_Goode,Charlie Goode,,,2023_2024,100.0,EXACT_SOURCE_ID,APPROVED
plr_736e0753,fpl,Rico_Henry,Rico Henry,,,2023_2024,100.0,EXACT_SOURCE_ID,APPROVED
plr_a8ca240b,fpl,Aaron_Hickey,Aaron Hickey,,,2023_2024,100.0,EXACT_SOURCE_ID,APPROVED
plr_5dbf43aa,fpl,Vitaly_Janelt,Vitaly Janelt,,,2023_2024,100.0,EXACT_SOURCE_ID,APPROVED
plr_7dce56e8,fpl,Mathias_Jensen,Mathias Jensen,,,2023_2024,100.0,EXACT_SOURCE_ID,APPROVED
plr_6e112612,fpl,Keane_Lewis-Potter,Keane Lewis-Potter,,,2023_2024,100.0,EXACT_SOURCE_ID,APPROVED
plr_6b8cb429,fpl,Bryan_Mbeumo,Bryan Mbeumo,,,2023_2024,100.0,EXACT_SOURCE_ID,APPROVED
plr_f2ceed13,fpl,Ben_Mee,Ben Mee,,,2023_2024,100.0,EXACT_SOURCE_ID,APPROVED
plr_ff25832d,fpl,Christian_Nørgaard,Christian Nørgaard,,,2023_2024,100.0,EXACT_SOURCE_ID,APPROVED
plr_3845f515,fpl,Frank_Onyeka,Frank Onyeka,,,2023_2024,100.0,EXACT_SOURCE_ID,APPROVED
plr_9c3d4403,fpl,Ethan_Pinnock,Ethan Pinnock,,,2023_2024,100.0,EXACT_SOURCE_ID,APPROVED
plr_e103eac8,fpl,Mads_Roerslev Rasmussen,Mads Roerslev Rasmussen,,,2023_2024,100.0,EXACT_SOURCE_ID,APPROVED
plr_a5415267,fpl,Kevin_Schade,Kevin Schade,,,2023_2024,100.0,EXACT_SOURCE_ID,APPROVED
plr_cf00fecd,fpl,Thomas_Strakosha,Thomas Strakosha,,,2023_2024,100.0,EXACT_SOURCE_ID,APPROVED
plr_10e63228,fpl,Ivan_Toney,Ivan Toney,,,2023_2024,100.0,EXACT_SOURCE_ID,APPROVED
plr_a02ba3a1,fpl,Ryan_Trevitt,Ryan Trevitt,,,2023_2024,100.0,EXACT_SOURCE_ID,APPROVED
plr_645c1c75,fpl,Yoane_Wissa,Yoane Wissa,,,2023_2024,100.0,EXACT_SOURCE_ID,APPROVED
plr_772c3934,fpl,Yegor_Yarmoliuk,Yegor Yarmoliuk,,,2023_2024,100.0,EXACT_SOURCE_ID,APPROVED
plr_620cc58c,fpl,Mathias_Jorgensen,Mathias Jorgensen,,,2023_2024,100.0,EXACT_SOURCE_ID,APPROVED
plr_4c52490b,fpl,Neal_Maupay,Neal Maupay,,,2023_2024,100.0,EXACT_SOURCE_ID,APPROVED
plr_1d708d1c,fpl,Sergio_Reguilón,Sergio Reguilón,,,2023_2024,100.0,EXACT_SOURCE_ID,APPROVED
plr_e21e80ec,fpl,Michael_Olakigbe,Michael Olakigbe,,,2023_2024,100.0,EXACT_SOURCE_ID,APPROVED
plr_8652e4f8,fpl,Ethan_Brierley,Ethan Brierley,,,2023_2024,100.0,EXACT_SOURCE_ID,APPROVED
plr_56559251,fpl,Saman_Ghoddos,Saman Ghoddos,,,2023_2024,100.0,EXACT_SOURCE_ID,APPROVED
plr_05f2e76d,fpl,Ji-Soo_Kim,Ji-Soo Kim,,,2023_2024,100.0,EXACT_SOURCE_ID,APPROVED
plr_cad4b341,fpl,Valintino_Adedokun,Valintino Adedokun,,,2023_2024,100.0,EXACT_SOURCE_ID,APPROVED
plr_7f92ae29,fpl,Myles_Peart-Harris,Myles Peart-Harris,,,2023_2024,100.0,EXACT_SOURCE_ID,APPROVED
plr_3705806a,fpl,Vincent_Angelini,Vincent Angelini,,,2023_2024,100.0,EXACT_SOURCE_ID,APPROVED
plr_98abebb1,fpl,Hákon_Valdimarsson,Hákon Valdimarsson,,,2023_2024,100.0,EXACT_SOURCE_ID,APPROVED
plr_b2576e26,fpl,Benjamin_Fredrick,Benjamin Fredrick,,,2023_2024,100.0,EXACT_SOURCE_ID,APPROVED
plr_73a1fe77,fpl,Benjamin_Arthur,Benjamin Arthur,,,2023_2024,100.0,EXACT_SOURCE_ID,APPROVED
plr_ab1de22b,fpl,Yunus_Konak,Yunus Konak,,,2023_2024,100.0,EXACT_SOURCE_ID,APPROVED
plr_35962220,fpl,Simon_Adingra,Simon Adingra,,,2023_2024,100.0,EXACT_SOURCE_ID,APPROVED
plr_b8c56e25,fpl,Steven_Alzate,Steven Alzate,,,2023_2024,100.0,EXACT_SOURCE_ID,APPROVED
plr_178a3f0f,fpl,Yasin_Ayari,Yasin Ayari,,,2023_2024,100.0,EXACT_SOURCE_ID,APPROVED
plr_b631f34a,fpl,Facundo_Buonanotte,Facundo Buonanotte,,,2023_2024,100.0,EXACT_SOURCE_ID,APPROVED
plr_038927b8,fpl,Aaron_Connolly,Aaron Connolly,,,2023_2024,100.0,EXACT_SOURCE_ID,APPROVED
plr_774421a9,fpl,Mahmoud_Dahoud,Mahmoud Dahoud,,,2023_2024,100.0,EXACT_SOURCE_ID,APPROVED
plr_e4008a9b,fpl,Lewis_Dunk,Lewis Dunk,,,2023_2024,100.0,EXACT_SOURCE_ID,APPROVED
plr_f819313f,fpl,Julio_Enciso,Julio Enciso,,,2023_2024,100.0,EXACT_SOURCE_ID,APPROVED
plr_23532c14,fpl,Pervis_Estupiñán,Pervis Estupiñán,,,2023_2024,100.0,EXACT_SOURCE_ID,APPROVED
plr_501add0a,fpl,Evan_Ferguson,Evan Ferguson,,,2023_2024,100.0,EXACT_SOURCE_ID,APPROVED
plr_3ecf6780,fpl,Billy_Gilmour,Billy Gilmour,,,2023_2024,100.0,EXACT_SOURCE_ID,APPROVED
plr_afbd50e5,fpl,Pascal_Groß,Pascal Groß,,,2023_2024,100.0,EXACT_SOURCE_ID,APPROVED
plr_fef538b6,fpl,João Pedro_Junqueira de Jesus,João Pedro Junqueira de Jesus,,,2023_2024,100.0,EXACT_SOURCE_ID,APPROVED
plr_ad05be67,fpl,Michał_Karbownik,Michał Karbownik,,,2023_2024,100.0,EXACT_SOURCE_ID,APPROVED
plr_90917245,fpl,Kacper_Kozłowski,Kacper Kozłowski,,,2023_2024,100.0,EXACT_SOURCE_ID,APPROVED
plr_b556c718,fpl,Adam_Lallana,Adam Lallana,,,2023_2024,100.0,EXACT_SOURCE_ID,APPROVED
plr_f8c9c876,fpl,Tariq_Lamptey,Tariq Lamptey,,,2023_2024,100.0,EXACT_SOURCE_ID,APPROVED
plr_ad18320b,fpl,Solly_March,Solly March,,,2023_2024,100.0,EXACT_SOURCE_ID,APPROVED
plr_32a3cf44,fpl,Tom_McGill,Tom McGill,,,2023_2024,100.0,EXACT_SOURCE_ID,APPROVED
plr_a472932c,fpl,James_Milner,James Milner,,,2023_2024,100.0,EXACT_SOURCE_ID,APPROVED
plr_844ddc5f,fpl,Kaoru_Mitoma,Kaoru Mitoma,,,2023_2024,100.0,EXACT_SOURCE_ID,APPROVED
plr_1321d8c7,fpl,Jakub_Moder,Jakub Moder,,,2023_2024,100.0,EXACT_SOURCE_ID,APPROVED
plr_83d26c7c,fpl,Jeremy_Sarmiento Morante,Jeremy Sarmiento Morante,,,2023_2024,100.0,EXACT_SOURCE_ID,APPROVED
plr_2b6145fc,fpl,Kjell_Scherpen,Kjell Scherpen,,,2023_2024,100.0,EXACT_SOURCE_ID,APPROVED
plr_e7d14ed1,fpl,Jason_Steele,Jason Steele,,,2023_2024,100.0,EXACT_SOURCE_ID,APPROVED
plr_b8d24625,fpl,Deniz_Undav,Deniz Undav,,,2023_2024,100.0,EXACT_SOURCE_ID,APPROVED
plr_61a0f7eb,fpl,Jan Paul_van Hecke,Jan Paul van Hecke,,,2023_2024,100.0,EXACT_SOURCE_ID,APPROVED
plr_fa93fa32,fpl,Joël_Veltman,Joël Veltman,,,2023_2024,100.0,EXACT_SOURCE_ID,APPROVED
plr_e531d698,fpl,Bart_Verbruggen,Bart Verbruggen,,,2023_2024,100.0,EXACT_SOURCE_ID,APPROVED
plr_67d25a12,fpl,Adam_Webster,Adam Webster,,,2023_2024,100.0,EXACT_SOURCE_ID,APPROVED
plr_911c0583,fpl,Danny_Welbeck,Danny Welbeck,,,2023_2024,100.0,EXACT_SOURCE_ID,APPROVED
plr_e0451481,fpl,Andi_Zeqiri,Andi Zeqiri,,,2023_2024,100.0,EXACT_SOURCE_ID,APPROVED
plr_433776cb,fpl,Igor Julio_dos Santos de Paulo,Igor Julio dos Santos de Paulo,,,2023_2024,100.0,EXACT_SOURCE_ID,APPROVED
plr_f5a7b491,fpl,Jack_Hinshelwood,Jack Hinshelwood,,,2023_2024,100.0,EXACT_SOURCE_ID,APPROVED
plr_eb4affae,fpl,Carlos_Baleba,Carlos Baleba,,,2023_2024,100.0,EXACT_SOURCE_ID,APPROVED
plr_9797c285,fpl,Anssumane_Fati Vieira,Anssumane Fati Vieira,,,2023_2024,100.0,EXACT_SOURCE_ID,APPROVED
plr_97c2fc80,fpl,Mark_O’Mahony,Mark O’Mahony,,,2023_2024,100.0,EXACT_SOURCE_ID,APPROVED
plr_8fd967d5,fpl,Benicio_Baker-Boaitey,Benicio Baker-Boaitey,,,2023_2024,100.0,EXACT_SOURCE_ID,APPROVED
plr_cfaa5948,fpl,Ben_Jackson,Ben Jackson,,,2023_2024,100.0,EXACT_SOURCE_ID,APPROVED
plr_2f5a2d8c,fpl,Joshua_Duffus,Joshua Duffus,,,2023_2024,100.0,EXACT_SOURCE_ID,APPROVED
plr_bc317643,fpl,Leigh_Kavanagh,Leigh Kavanagh,,,2023_2024,100.0,EXACT_SOURCE_ID,APPROVED
plr_dcee49e1,fpl,Luca_Barrington,Luca Barrington,,,2023_2024,100.0,EXACT_SOURCE_ID,APPROVED
plr_957941ae,fpl,Cameron_Peupion,Cameron Peupion,,,2023_2024,100.0,EXACT_SOURCE_ID,APPROVED
plr_b07ff5f6,fpl,Valentín_Barco,Valentín Barco,,,2023_2024,100.0,EXACT_SOURCE_ID,APPROVED
plr_790f10fc,fpl,Samy_Chouchane,Samy Chouchane,,,2023_2024,100.0,EXACT_SOURCE_ID,APPROVED
plr_0dadb209,fpl,Odeluga_Offiah,Odeluga Offiah,,,2023_2024,100.0,EXACT_SOURCE_ID,APPROVED
plr_8c03f0d6,fpl,Noël_Atom,Noël Atom,,,2023_2024,100.0,EXACT_SOURCE_ID,APPROVED
plr_5ca9ed30,fpl,Enock_Agyei,Enock Agyei,,,2023_2024,100.0,EXACT_SOURCE_ID,APPROVED
plr_59df7a53,fpl,Ameen_Al-Dakhil,Ameen Al-Dakhil,,,2023_2024,100.0,EXACT_SOURCE_ID,APPROVED
plr_c19f084e,fpl,Samuel_Bastien,Samuel Bastien,,,2023_2024,100.0,EXACT_SOURCE_ID,APPROVED
plr_34d84190,fpl,Manuel Benson_Hedilazio,Manuel Benson Hedilazio,,,2023_2024,100.0,EXACT_SOURCE_ID,APPROVED
plr_79fba9f2,fpl,Jordan_Beyer,Jordan Beyer,,,2023_2024,100.0,EXACT_SOURCE_ID,APPROVED
plr_b61b3c33,fpl,Josh_Brownhill,Josh Brownhill,,,2023_2024,100.0,EXACT_SOURCE_ID,APPROVED
plr_ca297528,fpl,Darko_Churlinov,Darko Churlinov,,,2023_2024,100.0,EXACT_SOURCE_ID,APPROVED
plr_595bbbed,fpl,Jack_Cork,Jack Cork,,,2023_2024,100.0,EXACT_SOURCE_ID,APPROVED
plr_5e780cfe,fpl,Dara_Costelloe,Dara Costelloe,,,2023_2024,100.0,EXACT_SOURCE_ID,APPROVED
plr_1748102c,fpl,Josh_Cullen,Josh Cullen,,,2023_2024,100.0,EXACT_SOURCE_ID,APPROVED
plr_345299fa,fpl,CJ_Egan-Riley,CJ Egan-Riley,,,2023_2024,100.0,EXACT_SOURCE_ID,APPROVED
plr_2543826a,fpl,Hjalmar_Ekdal,Hjalmar Ekdal,,,2023_2024,100.0,EXACT_SOURCE_ID,APPROVED
plr_da274a34,fpl,Lyle_Foster,Lyle Foster,,,2023_2024,100.0,EXACT_SOURCE_ID,APPROVED
plr_f1e80354,fpl,Denis_Franchi,Denis Franchi,,,2023_2024,100.0,EXACT_SOURCE_ID,APPROVED
plr_0574d6a4,fpl,Jóhann Berg_Gudmundsson,Jóhann Berg Gudmundsson,,,2023_2024,100.0,EXACT_SOURCE_ID,APPROVED
plr_8701023f,fpl,Luke_McNally,Luke McNally,,,2023_2024,100.0,EXACT_SOURCE_ID,APPROVED
plr_19b2e497,fpl,Arijanet_Muric,Arijanet Muric,,,2023_2024,100.0,EXACT_SOURCE_ID,APPROVED
plr_113ea339,fpl,Dara_O'Shea,Dara O'Shea,,,2023_2024,100.0,EXACT_SOURCE_ID,APPROVED
plr_af65216f,fpl,Michael_Obafemi,Michael Obafemi,,,2023_2024,100.0,EXACT_SOURCE_ID,APPROVED
plr_90a8e100,fpl,Bailey_Peacock-Farrell,Bailey Peacock-Farrell,,,2023_2024,100.0,EXACT_SOURCE_ID,APPROVED
plr_4000b0b1,fpl,Connor_Roberts,Connor Roberts,,,2023_2024,100.0,EXACT_SOURCE_ID,APPROVED
plr_9a96f291,fpl,Jay_Rodriguez,Jay Rodriguez,,,2023_2024,100.0,EXACT_SOURCE_ID,APPROVED
plr_bfc434ba,fpl,Charlie_Taylor,Charlie Taylor,,,2023_2024,100.0,EXACT_SOURCE_ID,APPROVED
plr_b82fff3f,fpl,Bobby_Thomas,Bobby Thomas,,,2023_2024,100.0,EXACT_SOURCE_ID,APPROVED
plr_34764d5c,fpl,Scott_Twine,Scott Twine,,,2023_2024,100.0,EXACT_SOURCE_ID,APPROVED
plr_dffe8c53,fpl,Lawrence_Vigouroux,Lawrence Vigouroux,,,2023_2024,100.0,EXACT_SOURCE_ID,APPROVED
plr_1ff8f34c,fpl,Victor_da Silva,Victor da Silva,,,2023_2024,100.0,EXACT_SOURCE_ID,APPROVED
plr_814977c5,fpl,Wout_Weghorst,Wout Weghorst,,,2023_2024,100.0,EXACT_SOURCE_ID,APPROVED
plr_a735a5d1,fpl,Anass_Zaroury,Anass Zaroury,,,2023_2024,100.0,EXACT_SOURCE_ID,APPROVED
plr_d8a6d386,fpl,David Datro_Fofana,David Datro Fofana,,,2023_2024,100.0,EXACT_SOURCE_ID,APPROVED
plr_67dc8f99,fpl,Sander_Berge,Sander Berge,,,2023_2024,100.0,EXACT_SOURCE_ID,APPROVED
plr_f131bb57,fpl,Zeki_Amdouni,Zeki Amdouni,,,2023_2024,100.0,EXACT_SOURCE_ID,APPROVED
plr_44a81b85,fpl,James_Trafford,James Trafford,,,2023_2024,100.0,EXACT_SOURCE_ID,APPROVED
plr_22074864,fpl,Nathan_Redmond,Nathan Redmond,,,2023_2024,100.0,EXACT_SOURCE_ID,APPROVED
plr_1da0af35,fpl,Luca_Koleosho,Luca Koleosho,,,2023_2024,100.0,EXACT_SOURCE_ID,APPROVED
plr_e73c9485,fpl,Jacob_Bruun Larsen,Jacob Bruun Larsen,,,2023_2024,100.0,EXACT_SOURCE_ID,APPROVED
plr_45b5a276,fpl,Owen_Dodgson,Owen Dodgson,,,2023_2024,100.0,EXACT_SOURCE_ID,APPROVED
plr_5d684fab,fpl,Wilson_Odobert,Wilson Odobert,,,2023_2024,100.0,EXACT_SOURCE_ID,APPROVED
plr_4c1ff445,fpl,Hannes_Delcroix,Hannes Delcroix,,,2023_2024,100.0,EXACT_SOURCE_ID,APPROVED
plr_331a3fc6,fpl,Aaron_Ramsey,Aaron Ramsey,,,2023_2024,100.0,EXACT_SOURCE_ID,APPROVED
plr_048768f4,fpl,Han-Noah_Massengo,Han-Noah Massengo,,,2023_2024,100.0,EXACT_SOURCE_ID,APPROVED
plr_13b5c9bd,fpl,Mike_Trésor,Mike Trésor,,,2023_2024,100.0,EXACT_SOURCE_ID,APPROVED
plr_54d0a7e2,fpl,Lorenz_Assignon,Lorenz Assignon,,,2023_2024,100.0,EXACT_SOURCE_ID,APPROVED
plr_75365851,fpl,Maxime_Esteve,Maxime Esteve,,,2023_2024,100.0,EXACT_SOURCE_ID,APPROVED
plr_5db8657a,fpl,Moisés_Caicedo Corozo,Moisés Caicedo Corozo,,,2023_2024,100.0,EXACT_SOURCE_ID,APPROVED
plr_8975f3d2,fpl,Robert_Sánchez,Robert Sánchez,,,2023_2024,100.0,EXACT_SOURCE_ID,APPROVED
plr_e20bb88b,fpl,Ethan_Ampadu,Ethan Ampadu,,,2023_2024,100.0,EXACT_SOURCE_ID,APPROVED
plr_346b5a6e,fpl,Andrey_Nascimento dos Santos,Andrey Nascimento dos Santos,,,2023_2024,100.0,EXACT_SOURCE_ID,APPROVED
plr_0bf26dae,fpl,Kepa_Arrizabalaga,Kepa Arrizabalaga,,,2023_2024,100.0,EXACT_SOURCE_ID,APPROVED
plr_39da64c6,fpl,Pierre-Emerick_Aubameyang,Pierre-Emerick Aubameyang,,,2023_2024,100.0,EXACT_SOURCE_ID,APPROVED
plr_c3e54f62,fpl,César_Azpilicueta,César Azpilicueta,,,2023_2024,100.0,EXACT_SOURCE_ID,APPROVED
plr_ad140362,fpl,Abdul Rahman_Baba,Abdul Rahman Baba,,,2023_2024,100.0,EXACT_SOURCE_ID,APPROVED
plr_a713119c,fpl,Benoît_Badiashile,Benoît Badiashile,,,2023_2024,100.0,EXACT_SOURCE_ID,APPROVED
plr_9609b195,fpl,Marcus_Bettinelli,Marcus Bettinelli,,,2023_2024,100.0,EXACT_SOURCE_ID,APPROVED
plr_7814d14f,fpl,Trevoh_Chalobah,Trevoh Chalobah,,,2023_2024,100.0,EXACT_SOURCE_ID,APPROVED
plr_c4981f52,fpl,Ben_Chilwell,Ben Chilwell,,,2023_2024,100.0,EXACT_SOURCE_ID,APPROVED
plr_f2648a55,fpl,Carney_Chukwuemeka,Carney Chukwuemeka,,,2023_2024,100.0,EXACT_SOURCE_ID,APPROVED
plr_7bc20800,fpl,Levi_Colwill,Levi Colwill,,,2023_2024,100.0,EXACT_SOURCE_ID,APPROVED
plr_b48f4763,fpl,Marc_Cucurella Saseta,Marc Cucurella Saseta,,,2023_2024,100.0,EXACT_SOURCE_ID,APPROVED
plr_1f938404,fpl,Enzo_Fernández,Enzo Fernández,,,2023_2024,100.0,EXACT_SOURCE_ID,APPROVED
plr_75ff11dc,fpl,Wesley_Fofana,Wesley Fofana,,,2023_2024,100.0,EXACT_SOURCE_ID,APPROVED
plr_81f5ff05,fpl,Conor_Gallagher,Conor Gallagher,,,2023_2024,100.0,EXACT_SOURCE_ID,APPROVED
plr_45c6fe45,fpl,Malo_Gusto,Malo Gusto,,,2023_2024,100.0,EXACT_SOURCE_ID,APPROVED
plr_401f6d7f,fpl,Reece_James,Reece James,,,2023_2024,100.0,EXACT_SOURCE_ID,APPROVED
plr_5b87b336,fpl,Romelu_Lukaku Bolingoli,Romelu Lukaku Bolingoli,,,2023_2024,100.0,EXACT_SOURCE_ID,APPROVED
plr_3ce4be91,fpl,Noni_Madueke,Noni Madueke,,,2023_2024,100.0,EXACT_SOURCE_ID,APPROVED
plr_f715b84b,fpl,Mykhailo_Mudryk,Mykhailo Mudryk,,,2023_2024,100.0,EXACT_SOURCE_ID,APPROVED
plr_9b9c9277,fpl,Nicolas_Jackson,Nicolas Jackson,,,2023_2024,100.0,EXACT_SOURCE_ID,APPROVED
plr_beb30cf4,fpl,Christopher_Nkunku,Christopher Nkunku,,,2023_2024,100.0,EXACT_SOURCE_ID,APPROVED
plr_dcb06da4,fpl,Christian_Pulisic,Christian Pulisic,,,2023_2024,100.0,EXACT_SOURCE_ID,APPROVED
plr_ebad4f64,fpl,Malang_Sarr,Malang Sarr,,,2023_2024,100.0,EXACT_SOURCE_ID,APPROVED
plr_090886b0,fpl,Gabriel_Słonina,Gabriel Słonina,,,2023_2024,100.0,EXACT_SOURCE_ID,APPROVED
plr_35b30eb7,fpl,Raheem_Sterling,Raheem Sterling,,,2023_2024,100.0,EXACT_SOURCE_ID,APPROVED
plr_ebfa8274,fpl,Thiago_Emiliano da Silva,Thiago Emiliano da Silva,,,2023_2024,100.0,EXACT_SOURCE_ID,APPROVED
plr_011d3b02,fpl,Hakim_Ziyech,Hakim Ziyech,,,2023_2024,100.0,EXACT_SOURCE_ID,APPROVED
plr_39403ffa,fpl,Cole_Palmer,Cole Palmer,,,2023_2024,100.0,EXACT_SOURCE_ID,APPROVED
plr_04265c21,fpl,Ângelo Gabriel_Borges Damaceno,Ângelo Gabriel Borges Damaceno,,,2023_2024,100.0,EXACT_SOURCE_ID,APPROVED
plr_ef9c1fbd,fpl,Ian_Maatsen,Ian Maatsen,,,2023_2024,100.0,EXACT_SOURCE_ID,APPROVED
plr_0aa2751b,fpl,Axel_Disasi,Axel Disasi,,,2023_2024,100.0,EXACT_SOURCE_ID,APPROVED
plr_3a536250,fpl,Lesley_Ugochukwu,Lesley Ugochukwu,,,2023_2024,100.0,EXACT_SOURCE_ID,APPROVED
plr_66f82ae3,fpl,Mason_Burstow,Mason Burstow,,,2023_2024,100.0,EXACT_SOURCE_ID,APPROVED
plr_bc991cb2,fpl,Lucas_Bergström,Lucas Bergström,,,2023_2024,100.0,EXACT_SOURCE_ID,APPROVED
plr_89722a4a,fpl,Roméo_Lavia,Roméo Lavia,,,2023_2024,100.0,EXACT_SOURCE_ID,APPROVED
plr_17df4691,fpl,Bashir_Humphreys,Bashir Humphreys,,,2023_2024,100.0,EXACT_SOURCE_ID,APPROVED
plr_ee71a980,fpl,Deivid Washington_de Souza Eugênio,Deivid Washington de Souza Eugênio,,,2023_2024,100.0,EXACT_SOURCE_ID,APPROVED
plr_f0a9be97,fpl,Eddie_Beach,Eddie Beach,,,2023_2024,100.0,EXACT_SOURCE_ID,APPROVED
plr_17c150d5,fpl,Diego Manuel Jadon_da Silva Moreira,Diego Manuel Jadon da Silva Moreira,,,2023_2024,100.0,EXACT_SOURCE_ID,APPROVED
plr_891abad5,fpl,Đorđe_Petrović,Đorđe Petrović,,,2023_2024,100.0,EXACT_SOURCE_ID,APPROVED
plr_11b628f3,fpl,Alfie_Gilchrist,Alfie Gilchrist,,,2023_2024,100.0,EXACT_SOURCE_ID,APPROVED
plr_f004c59a,fpl,Ronnie_Stutter,Ronnie Stutter,,,2023_2024,100.0,EXACT_SOURCE_ID,APPROVED
plr_14349030,fpl,Alex_Matos,Alex Matos,,,2023_2024,100.0,EXACT_SOURCE_ID,APPROVED
plr_d8301044,fpl,Josh_Brooking,Josh Brooking,,,2023_2024,100.0,EXACT_SOURCE_ID,APPROVED
plr_fc316fc3,fpl,Leo_Castledine,Leo Castledine,,,2023_2024,100.0,EXACT_SOURCE_ID,APPROVED
plr_d940c44e,fpl,Cesare_Casadei,Cesare Casadei,,,2023_2024,100.0,EXACT_SOURCE_ID,APPROVED
plr_96dd0d58,fpl,Ishé_Samuels-Smith,Ishé Samuels-Smith,,,2023_2024,100.0,EXACT_SOURCE_ID,APPROVED
plr_912a2728,fpl,Ollie_Harrison,Ollie Harrison,,,2023_2024,100.0,EXACT_SOURCE_ID,APPROVED
plr_6bb58d31,fpl,Jimi_Tauriainen,Jimi Tauriainen,,,2023_2024,100.0,EXACT_SOURCE_ID,APPROVED
plr_478d418b,fpl,Josh_Acheampong,Josh Acheampong,,,2023_2024,100.0,EXACT_SOURCE_ID,APPROVED
plr_3d4c41e5,fpl,Teddy_Sharman-Lowe,Teddy Sharman-Lowe,,,2023_2024,100.0,EXACT_SOURCE_ID,APPROVED
plr_1585a066,fpl,Tyrique_George,Tyrique George,,,2023_2024,100.0,EXACT_SOURCE_ID,APPROVED
plr_0e4d9b02,fpl,Kiano_Dyer,Kiano Dyer,,,2023_2024,100.0,EXACT_SOURCE_ID,APPROVED
plr_cd8a52b5,fpl,Ted_Curd,Ted Curd,,,2023_2024,100.0,EXACT_SOURCE_ID,APPROVED
plr_5fb2ccac,fpl,Zak_Sturge,Zak Sturge,,,2023_2024,100.0,EXACT_SOURCE_ID,APPROVED
plr_77d6e71a,fpl,Rob_Holding,Rob Holding,,,2023_2024,100.0,EXACT_SOURCE_ID,APPROVED
plr_8aa1da20,fpl,Naouirou_Ahamada,Naouirou Ahamada,,,2023_2024,100.0,EXACT_SOURCE_ID,APPROVED
plr_fbb468e5,fpl,Joachim_Andersen,Joachim Andersen,,,2023_2024,100.0,EXACT_SOURCE_ID,APPROVED
plr_bd3b7276,fpl,Jordan_Ayew,Jordan Ayew,,,2023_2024,100.0,EXACT_SOURCE_ID,APPROVED
plr_7dcdaaad,fpl,Nathaniel_Clyne,Nathaniel Clyne,,,2023_2024,100.0,EXACT_SOURCE_ID,APPROVED
plr_1d6e2281,fpl,Cheick_Doucouré,Cheick Doucouré,,,2023_2024,100.0,EXACT_SOURCE_ID,APPROVED
plr_7e8016e7,fpl,Malcolm_Ebiowei,Malcolm Ebiowei,,,2023_2024,100.0,EXACT_SOURCE_ID,APPROVED
plr_1e733afd,fpl,Odsonne_Edouard,Odsonne Edouard,,,2023_2024,100.0,EXACT_SOURCE_ID,APPROVED
plr_e98a09a8,fpl,Eberechi_Eze,Eberechi Eze,,,2023_2024,100.0,EXACT_SOURCE_ID,APPROVED
plr_c4e063a2,fpl,Vicente_Guaita,Vicente Guaita,,,2023_2024,100.0,EXACT_SOURCE_ID,APPROVED
plr_c53112f5,fpl,Marc_Guéhi,Marc Guéhi,,,2023_2024,100.0,EXACT_SOURCE_ID,APPROVED
plr_920fed55,fpl,Will_Hughes,Will Hughes,,,2023_2024,100.0,EXACT_SOURCE_ID,APPROVED
plr_db68a922,fpl,Sam_Johnstone,Sam Johnstone,,,2023_2024,100.0,EXACT_SOURCE_ID,APPROVED
plr_aebc44aa,fpl,Jefferson_Lerma Solís,Jefferson Lerma Solís,,,2023_2024,100.0,EXACT_SOURCE_ID,APPROVED
plr_4a053b1b,fpl,Jean-Philippe_Mateta,Jean-Philippe Mateta,,,2023_2024,100.0,EXACT_SOURCE_ID,APPROVED
plr_f4887cb4,fpl,Remi_Matthews,Remi Matthews,,,2023_2024,100.0,EXACT_SOURCE_ID,APPROVED
plr_d050c644,fpl,Tyrick_Mitchell,Tyrick Mitchell,,,2023_2024,100.0,EXACT_SOURCE_ID,APPROVED
plr_0c5f9973,fpl,Jake_O'Brien,Jake O'Brien,,,2023_2024,100.0,EXACT_SOURCE_ID,APPROVED
plr_da9863e1,fpl,Michael_Olise,Michael Olise,,,2023_2024,100.0,EXACT_SOURCE_ID,APPROVED
plr_ffd57906,fpl,Luke_Plange,Luke Plange,,,2023_2024,100.0,EXACT_SOURCE_ID,APPROVED
plr_36ac4f5e,fpl,Chris_Richards,Chris Richards,,,2023_2024,100.0,EXACT_SOURCE_ID,APPROVED
plr_eebf50b6,fpl,Jairo_Riedewald,Jairo Riedewald,,,2023_2024,100.0,EXACT_SOURCE_ID,APPROVED
plr_c67604e0,fpl,Jeffrey_Schlupp,Jeffrey Schlupp,,,2023_2024,100.0,EXACT_SOURCE_ID,APPROVED
plr_35d96fef,fpl,James_Tomkins,James Tomkins,,,2023_2024,100.0,EXACT_SOURCE_ID,APPROVED
plr_d4cc85c4,fpl,Joel_Ward,Joel Ward,,,2023_2024,100.0,EXACT_SOURCE_ID,APPROVED
plr_57e03ec0,fpl,Joe_Whitworth,Joe Whitworth,,,2023_2024,100.0,EXACT_SOURCE_ID,APPROVED
plr_b25d2407,fpl,Dean_Henderson,Dean Henderson,,,2023_2024,100.0,EXACT_SOURCE_ID,APPROVED
plr_131aac25,fpl,Matheus_França de Oliveira,Matheus França de Oliveira,,,2023_2024,100.0,EXACT_SOURCE_ID,APPROVED
plr_9ec817fb,fpl,Jesurun_Rak-Sakyi,Jesurun Rak-Sakyi,,,2023_2024,100.0,EXACT_SOURCE_ID,APPROVED
plr_3a14fecb,fpl,John-Kymani_Gordon,John-Kymani Gordon,,,2023_2024,100.0,EXACT_SOURCE_ID,APPROVED
plr_e8fa6e9a,fpl,Ademola_Ola-Adebomi,Ademola Ola-Adebomi,,,2023_2024,100.0,EXACT_SOURCE_ID,APPROVED
plr_a07b71fc,fpl,David_Ozoh,David Ozoh,,,2023_2024,100.0,EXACT_SOURCE_ID,APPROVED
plr_19e057de,fpl,Jadan_Raymond,Jadan Raymond,,,2023_2024,100.0,EXACT_SOURCE_ID,APPROVED
plr_2d67dca1,fpl,Tayo_Adaramola,Tayo Adaramola,,,2023_2024,100.0,EXACT_SOURCE_ID,APPROVED
plr_b960d849,fpl,Daniel_Muñoz,Daniel Muñoz,,,2023_2024,100.0,EXACT_SOURCE_ID,APPROVED
plr_d713726c,fpl,Adam_Wharton,Adam Wharton,,,2023_2024,100.0,EXACT_SOURCE_ID,APPROVED
plr_16e3af0b,fpl,Franco_Umeh-Chibueze,Franco Umeh-Chibueze,,,2023_2024,100.0,EXACT_SOURCE_ID,APPROVED
plr_f06e48b5,fpl,Kaden_Rodney,Kaden Rodney,,,2023_2024,100.0,EXACT_SOURCE_ID,APPROVED
plr_f94c6521,fpl,Roshaun_Mathurin,Roshaun Mathurin,,,2023_2024,100.0,EXACT_SOURCE_ID,APPROVED
plr_868902ff,fpl,André_Tavares Gomes,André Tavares Gomes,,,2023_2024,100.0,EXACT_SOURCE_ID,APPROVED
plr_3a4c3f3a,fpl,Jarrad_Branthwaite,Jarrad Branthwaite,,,2023_2024,100.0,EXACT_SOURCE_ID,APPROVED
plr_50f83976,fpl,Dominic_Calvert-Lewin,Dominic Calvert-Lewin,,,2023_2024,100.0,EXACT_SOURCE_ID,APPROVED
plr_03d5d20f,fpl,Seamus_Coleman,Seamus Coleman,,,2023_2024,100.0,EXACT_SOURCE_ID,APPROVED
plr_1fd34346,fpl,Dele_Alli,Dele Alli,,,2023_2024,100.0,EXACT_SOURCE_ID,APPROVED
plr_919fc8a9,fpl,Abdoulaye_Doucouré,Abdoulaye Doucouré,,,2023_2024,100.0,EXACT_SOURCE_ID,APPROVED
plr_eac70acc,fpl,James_Garner,James Garner,,,2023_2024,100.0,EXACT_SOURCE_ID,APPROVED
plr_c53f6349,fpl,Jean-Philippe_Gbamin,Jean-Philippe Gbamin,,,2023_2024,100.0,EXACT_SOURCE_ID,APPROVED
plr_d541c3f9,fpl,Ben_Godfrey,Ben Godfrey,,,2023_2024,100.0,EXACT_SOURCE_ID,APPROVED
plr_34782e93,fpl,Demarai_Gray,Demarai Gray,,,2023_2024,100.0,EXACT_SOURCE_ID,APPROVED
plr_1eaa4eff,fpl,Idrissa_Gueye,Idrissa Gueye,,,2023_2024,100.0,EXACT_SOURCE_ID,APPROVED
plr_b6ee548a,fpl,Michael_Keane,Michael Keane,,,2023_2024,100.0,EXACT_SOURCE_ID,APPROVED
plr_19a9f8d4,fpl,Dwight_McNeil,Dwight McNeil,,,2023_2024,100.0,EXACT_SOURCE_ID,APPROVED
plr_3388d184,fpl,Vitalii_Mykolenko,Vitalii Mykolenko,,,2023_2024,100.0,EXACT_SOURCE_ID,APPROVED
plr_41b18088,fpl,Amadou_Onana,Amadou Onana,,,2023_2024,100.0,EXACT_SOURCE_ID,APPROVED
plr_14b6d4e6,fpl,Nathan_Patterson,Nathan Patterson,,,2023_2024,100.0,EXACT_SOURCE_ID,APPROVED
plr_c80a09ce,fpl,Jordan_Pickford,Jordan Pickford,,,2023_2024,100.0,EXACT_SOURCE_ID,APPROVED
plr_d6116fcd,fpl,Ellis_Simms,Ellis Simms,,,2023_2024,100.0,EXACT_SOURCE_ID,APPROVED
plr_6ddf1aff,fpl,James_Tarkowski,James Tarkowski,,,2023_2024,100.0,EXACT_SOURCE_ID,APPROVED
plr_8d1df5c0,fpl,João_Neves Virgínia,João Neves Virgínia,,,2023_2024,100.0,EXACT_SOURCE_ID,APPROVED
plr_104d8f9b,fpl,Andy_Lonergan,Andy Lonergan,,,2023_2024,100.0,EXACT_SOURCE_ID,APPROVED
plr_9968036e,fpl,Ashley_Young,Ashley Young,,,2023_2024,100.0,EXACT_SOURCE_ID,APPROVED
plr_6a88e717,fpl,Arnaut_Danjuma Groeneveld,Arnaut Danjuma Groeneveld,,,2023_2024,100.0,EXACT_SOURCE_ID,APPROVED
plr_dbd8d6fd,fpl,Lewis_Dobbin,Lewis Dobbin,,,2023_2024,100.0,EXACT_SOURCE_ID,APPROVED
plr_08acd630,fpl,Youssef_Ramalho Chermiti,Youssef Ramalho Chermiti,,,2023_2024,100.0,EXACT_SOURCE_ID,APPROVED
plr_509c14eb,fpl,Thomas_Cannon,Thomas Cannon,,,2023_2024,100.0,EXACT_SOURCE_ID,APPROVED
plr_16631648,fpl,Tyler_Onyango,Tyler Onyango,,,2023_2024,100.0,EXACT_SOURCE_ID,APPROVED
plr_11ca8847,fpl,Jack_Harrison,Jack Harrison,,,2023_2024,100.0,EXACT_SOURCE_ID,APPROVED
plr_cdc6a54e,fpl,Norberto Bercique_Gomes Betuncal,Norberto Bercique Gomes Betuncal,,,2023_2024,100.0,EXACT_SOURCE_ID,APPROVED
plr_dea664c1,fpl,Mackenzie_Hunt,Mackenzie Hunt,,,2023_2024,100.0,EXACT_SOURCE_ID,APPROVED
plr_4a1f95fa,fpl,Jenson_Metcalfe,Jenson Metcalfe,,,2023_2024,100.0,EXACT_SOURCE_ID,APPROVED
plr_49338d5a,fpl,Elijah_Campbell,Elijah Campbell,,,2023_2024,100.0,EXACT_SOURCE_ID,APPROVED
plr_bc456b0b,fpl,Lewis_Warrington,Lewis Warrington,,,2023_2024,100.0,EXACT_SOURCE_ID,APPROVED
plr_bfd414ae,fpl,Billy_Crellin,Billy Crellin,,,2023_2024,100.0,EXACT_SOURCE_ID,APPROVED
plr_fdc5a46d,fpl,Armando_Broja,Armando Broja,,,2023_2024,100.0,EXACT_SOURCE_ID,APPROVED
plr_9d8596d1,fpl,Alex_Iwobi,Alex Iwobi,,,2023_2024,100.0,EXACT_SOURCE_ID,APPROVED
plr_b9bc17db,fpl,Andreas_Hoelgebaum Pereira,Andreas Hoelgebaum Pereira,,,2023_2024,100.0,EXACT_SOURCE_ID,APPROVED
plr_b053043a,fpl,Tom_Cairney,Tom Cairney,,,2023_2024,100.0,EXACT_SOURCE_ID,APPROVED
plr_a812986b,fpl,Ivan_Neves Abreu Cavaleiro,Ivan Neves Abreu Cavaleiro,,,2023_2024,100.0,EXACT_SOURCE_ID,APPROVED
plr_cb6ffaf4,fpl,Bobby_De Cordova-Reid,Bobby De Cordova-Reid,,,2023_2024,100.0,EXACT_SOURCE_ID,APPROVED
plr_a6443ea6,fpl,Issa_Diop,Issa Diop,,,2023_2024,100.0,EXACT_SOURCE_ID,APPROVED
plr_b81c3d9d,fpl,Tyrese_Francois,Tyrese Francois,,,2023_2024,100.0,EXACT_SOURCE_ID,APPROVED
plr_75de164b,fpl,Anthony_Knockaert,Anthony Knockaert,,,2023_2024,100.0,EXACT_SOURCE_ID,APPROVED
plr_6f85373c,fpl,Terence_Kongolo,Terence Kongolo,,,2023_2024,100.0,EXACT_SOURCE_ID,APPROVED
plr_fb2bb5ba,fpl,Bernd_Leno,Bernd Leno,,,2023_2024,100.0,EXACT_SOURCE_ID,APPROVED
plr_92a45302,fpl,Saša_Lukić,Saša Lukić,,,2023_2024,100.0,EXACT_SOURCE_ID,APPROVED
plr_94dc70f3,fpl,Kevin_Mbabu,Kevin Mbabu,,,2023_2024,100.0,EXACT_SOURCE_ID,APPROVED
plr_3b886ee0,fpl,Aleksandar_Mitrović,Aleksandar Mitrović,,,2023_2024,100.0,EXACT_SOURCE_ID,APPROVED
plr_cba255a8,fpl,Rodrigo_Muniz Carvalho,Rodrigo Muniz Carvalho,,,2023_2024,100.0,EXACT_SOURCE_ID,APPROVED
plr_e062fd23,fpl,João_Palhinha Gonçalves,João Palhinha Gonçalves,,,2023_2024,100.0,EXACT_SOURCE_ID,APPROVED
plr_d5f2c09c,fpl,Tim_Ream,Tim Ream,,,2023_2024,100.0,EXACT_SOURCE_ID,APPROVED
plr_f0a1f26f,fpl,Harrison_Reed,Harrison Reed,,,2023_2024,100.0,EXACT_SOURCE_ID,APPROVED
plr_d4f85289,fpl,Antonee_Robinson,Antonee Robinson,,,2023_2024,100.0,EXACT_SOURCE_ID,APPROVED
plr_0e1f5448,fpl,Marek_Rodák,Marek Rodák,,,2023_2024,100.0,EXACT_SOURCE_ID,APPROVED
plr_f94b9100,fpl,Kenny_Tete,Kenny Tete,,,2023_2024,100.0,EXACT_SOURCE_ID,APPROVED
plr_1461cfe6,fpl,Tosin_Adarabioyo,Tosin Adarabioyo,,,2023_2024,100.0,EXACT_SOURCE_ID,APPROVED
plr_f6be2e46,fpl,Carlos Vinícius_Alves Morais,Carlos Vinícius Alves Morais,,,2023_2024,100.0,EXACT_SOURCE_ID,APPROVED
plr_2168d3a4,fpl,Harry_Wilson,Harry Wilson,,,2023_2024,100.0,EXACT_SOURCE_ID,APPROVED
plr_e593126a,fpl,Raúl_Jiménez,Raúl Jiménez,,,2023_2024,100.0,EXACT_SOURCE_ID,APPROVED
plr_66a5ea5c,fpl,Willian_Borges da Silva,Willian Borges da Silva,,,2023_2024,100.0,EXACT_SOURCE_ID,APPROVED
plr_de2041af,fpl,Calvin_Bassey,Calvin Bassey,,,2023_2024,100.0,EXACT_SOURCE_ID,APPROVED
plr_5882b917,fpl,Luc_De Fougerolles,Luc De Fougerolles,,,2023_2024,100.0,EXACT_SOURCE_ID,APPROVED
plr_0d0838ec,fpl,Jay_Stansfield,Jay Stansfield,,,2023_2024,100.0,EXACT_SOURCE_ID,APPROVED
plr_c5f0a9f8,fpl,Matthew_Dibley-Dias,Matthew Dibley-Dias,,,2023_2024,100.0,EXACT_SOURCE_ID,APPROVED
plr_39d20cf8,fpl,Adama_Traoré,Adama Traoré,,,2023_2024,100.0,EXACT_SOURCE_ID,APPROVED
plr_b4442ab0,fpl,Luke_Harris,Luke Harris,,,2023_2024,100.0,EXACT_SOURCE_ID,APPROVED
plr_945b4234,fpl,Timothy_Castagne,Timothy Castagne,,,2023_2024,100.0,EXACT_SOURCE_ID,APPROVED
plr_0dcfd3d8,fpl,Steven_Benda,Steven Benda,,,2023_2024,100.0,EXACT_SOURCE_ID,APPROVED
plr_351650ef,fpl,Fodé_Ballo-Touré,Fodé Ballo-Touré,,,2023_2024,100.0,EXACT_SOURCE_ID,APPROVED
plr_a784b70c,fpl,Devan_Tanton,Devan Tanton,,,2023_2024,100.0,EXACT_SOURCE_ID,APPROVED
plr_244b3a0f,fpl,Kristian_Sekularac,Kristian Sekularac,,,2023_2024,100.0,EXACT_SOURCE_ID,APPROVED
plr_c5cf491a,fpl,Joshua_King,Joshua King,,,2023_2024,100.0,EXACT_SOURCE_ID,APPROVED
plr_b70c6061,fpl,Adrián_San Miguel del Castillo,Adrián San Miguel del Castillo,,,2023_2024,100.0,EXACT_SOURCE_ID,APPROVED
plr_f3e9124c,fpl,Trent_Alexander-Arnold,Trent Alexander-Arnold,,,2023_2024,100.0,EXACT_SOURCE_ID,APPROVED
plr_94fbaeb1,fpl,Alisson_Ramses Becker,Alisson Ramses Becker,,,2023_2024,100.0,EXACT_SOURCE_ID,APPROVED
plr_d2362551,fpl,Stefan_Bajcetic,Stefan Bajcetic,,,2023_2024,100.0,EXACT_SOURCE_ID,APPROVED
plr_1cb72843,fpl,Darwin_Núñez Ribeiro,Darwin Núñez Ribeiro,,,2023_2024,100.0,EXACT_SOURCE_ID,APPROVED
plr_39052713,fpl,Diogo_Teixeira da Silva,Diogo Teixeira da Silva,,,2023_2024,100.0,EXACT_SOURCE_ID,APPROVED
plr_a46fcd0c,fpl,Harvey_Elliott,Harvey Elliott,,,2023_2024,100.0,EXACT_SOURCE_ID,APPROVED
plr_3192e8cf,fpl,Fabio Henrique_Tavares,Fabio Henrique Tavares,,,2023_2024,100.0,EXACT_SOURCE_ID,APPROVED
plr_03430439,fpl,Cody_Gakpo,Cody Gakpo,,,2023_2024,100.0,EXACT_SOURCE_ID,APPROVED
plr_80da3bc9,fpl,Joe_Gomez,Joe Gomez,,,2023_2024,100.0,EXACT_SOURCE_ID,APPROVED
plr_2dea94da,fpl,Jordan_Henderson,Jordan Henderson,,,2023_2024,100.0,EXACT_SOURCE_ID,APPROVED
plr_a78552a3,fpl,Curtis_Jones,Curtis Jones,,,2023_2024,100.0,EXACT_SOURCE_ID,APPROVED
plr_27e4c774,fpl,Caoimhin_Kelleher,Caoimhin Kelleher,,,2023_2024,100.0,EXACT_SOURCE_ID,APPROVED
plr_c2d380de,fpl,Ibrahima_Konaté,Ibrahima Konaté,,,2023_2024,100.0,EXACT_SOURCE_ID,APPROVED
plr_7ea69b46,fpl,Luis_Díaz,Luis Díaz,,,2023_2024,100.0,EXACT_SOURCE_ID,APPROVED
plr_f0ecbcfd,fpl,Alexis_Mac Allister,Alexis Mac Allister,,,2023_2024,100.0,EXACT_SOURCE_ID,APPROVED
plr_2d5b2678,fpl,Joel_Matip,Joel Matip,,,2023_2024,100.0,EXACT_SOURCE_ID,APPROVED
plr_4b766852,fpl,Nathaniel_Phillips,Nathaniel Phillips,,,2023_2024,100.0,EXACT_SOURCE_ID,APPROVED
plr_2715f9e4,fpl,Andrew_Robertson,Andrew Robertson,,,2023_2024,100.0,EXACT_SOURCE_ID,APPROVED
plr_d399e6e6,fpl,Mohamed_Salah,Mohamed Salah,,,2023_2024,100.0,EXACT_SOURCE_ID,APPROVED
plr_23598da1,fpl,Dominik_Szoboszlai,Dominik Szoboszlai,,,2023_2024,100.0,EXACT_SOURCE_ID,APPROVED
plr_4b2b1360,fpl,Thiago_Alcántara do Nascimento,Thiago Alcántara do Nascimento,,,2023_2024,100.0,EXACT_SOURCE_ID,APPROVED
plr_0644df2e,fpl,Konstantinos_Tsimikas,Konstantinos Tsimikas,,,2023_2024,100.0,EXACT_SOURCE_ID,APPROVED
plr_fa63041f,fpl,Sepp_van den Berg,Sepp van den Berg,,,2023_2024,100.0,EXACT_SOURCE_ID,APPROVED
plr_d0bb1a9d,fpl,Virgil_van Dijk,Virgil van Dijk,,,2023_2024,100.0,EXACT_SOURCE_ID,APPROVED
plr_3ba42f3c,fpl,Jarell_Quansah,Jarell Quansah,,,2023_2024,100.0,EXACT_SOURCE_ID,APPROVED
plr_3fd5584b,fpl,Bobby_Clark,Bobby Clark,,,2023_2024,100.0,EXACT_SOURCE_ID,APPROVED
plr_3c2e4585,fpl,Ben_Doak,Ben Doak,,,2023_2024,100.0,EXACT_SOURCE_ID,APPROVED
plr_aab9aa93,fpl,James_McConnell,James McConnell,,,2023_2024,100.0,EXACT_SOURCE_ID,APPROVED
plr_3265d6f8,fpl,Wataru_Endo,Wataru Endo,,,2023_2024,100.0,EXACT_SOURCE_ID,APPROVED
plr_04cb4d7a,fpl,Ryan_Gravenberch,Ryan Gravenberch,,,2023_2024,100.0,EXACT_SOURCE_ID,APPROVED
plr_6aa0551f,fpl,Luke_Chambers,Luke Chambers,,,2023_2024,100.0,EXACT_SOURCE_ID,APPROVED
plr_b6e38b42,fpl,Callum_Scanlon,Callum Scanlon,,,2023_2024,100.0,EXACT_SOURCE_ID,APPROVED
plr_8bc0b2b8,fpl,Treymaurice_Nyoni,Treymaurice Nyoni,,,2023_2024,100.0,EXACT_SOURCE_ID,APPROVED
plr_33954121,fpl,Marcelo_de Araújo Pitaluga Filho,Marcelo de Araújo Pitaluga Filho,,,2023_2024,100.0,EXACT_SOURCE_ID,APPROVED
plr_e4b19841,fpl,Conor_Bradley,Conor Bradley,,,2023_2024,100.0,EXACT_SOURCE_ID,APPROVED
plr_ed0f6372,fpl,Owen_Beck,Owen Beck,,,2023_2024,100.0,EXACT_SOURCE_ID,APPROVED
plr_3e3436c1,fpl,Kaide_Gordon,Kaide Gordon,,,2023_2024,100.0,EXACT_SOURCE_ID,APPROVED
plr_4b7f03ff,fpl,Lewis_Koumas,Lewis Koumas,,,2023_2024,100.0,EXACT_SOURCE_ID,APPROVED
plr_024990bc,fpl,Fabian_Mrozek,Fabian Mrozek,,,2023_2024,100.0,EXACT_SOURCE_ID,APPROVED
plr_473e62f1,fpl,Jayden_Danns,Jayden Danns,,,2023_2024,100.0,EXACT_SOURCE_ID,APPROVED
plr_ce197312,fpl,Amara_Nallo,Amara Nallo,,,2023_2024,100.0,EXACT_SOURCE_ID,APPROVED
plr_02df8058,fpl,Albert_Sambi Lokonga,Albert Sambi Lokonga,,,2023_2024,100.0,EXACT_SOURCE_ID,APPROVED
plr_05aa6b0c,fpl,Marvelous_Nakamba,Marvelous Nakamba,,,2023_2024,100.0,EXACT_SOURCE_ID,APPROVED
plr_5b2d49fe,fpl,Elijah_Adebayo,Elijah Adebayo,,,2023_2024,100.0,EXACT_SOURCE_ID,APPROVED
plr_0fcfa383,fpl,Mads Juel_Andersen,Mads Juel Andersen,,,2023_2024,100.0,EXACT_SOURCE_ID,APPROVED
plr_a7d0ee82,fpl,Amari'i_Bell,Amari'i Bell,,,2023_2024,100.0,EXACT_SOURCE_ID,APPROVED
plr_93026676,fpl,Luke_Berry,Luke Berry,,,2023_2024,100.0,EXACT_SOURCE_ID,APPROVED
plr_b71ee2e8,fpl,Reece_Burke,Reece Burke,,,2023_2024,100.0,EXACT_SOURCE_ID,APPROVED
plr_eb099f93,fpl,Allan_Campbell,Allan Campbell,,,2023_2024,100.0,EXACT_SOURCE_ID,APPROVED
plr_2751eec7,fpl,Jordan_Clark,Jordan Clark,,,2023_2024,100.0,EXACT_SOURCE_ID,APPROVED
plr_6923166f,fpl,Alfie_Doughty,Alfie Doughty,,,2023_2024,100.0,EXACT_SOURCE_ID,APPROVED
plr_d6e069af,fpl,Luke_Freeman,Luke Freeman,,,2023_2024,100.0,EXACT_SOURCE_ID,APPROVED
plr_9f2cbe37,fpl,Matt_Macey,Matt Macey,,,2023_2024,100.0,EXACT_SOURCE_ID,APPROVED
plr_9337da7c,fpl,John_McAtee,John McAtee,,,2023_2024,100.0,EXACT_SOURCE_ID,APPROVED
plr_ca1233bf,fpl,Carlos_Mendes Gomes,Carlos Mendes Gomes,,,2023_2024,100.0,EXACT_SOURCE_ID,APPROVED
plr_77c10159,fpl,Carlton_Morris,Carlton Morris,,,2023_2024,100.0,EXACT_SOURCE_ID,APPROVED
plr_b48d4fca,fpl,Admiral_Muskwe,Admiral Muskwe,,,2023_2024,100.0,EXACT_SOURCE_ID,APPROVED
plr_810cfff7,fpl,Chiedozie_Ogbene,Chiedozie Ogbene,,,2023_2024,100.0,EXACT_SOURCE_ID,APPROVED
plr_a7cfa065,fpl,Fred_Onyedinma,Fred Onyedinma,,,2023_2024,100.0,EXACT_SOURCE_ID,APPROVED
plr_f940e66d,fpl,Gabriel_Osho,Gabriel Osho,,,2023_2024,100.0,EXACT_SOURCE_ID,APPROVED
plr_38111403,fpl,Aribim_Pepple,Aribim Pepple,,,2023_2024,100.0,EXACT_SOURCE_ID,APPROVED
plr_2f824001,fpl,Dion_Pereira,Dion Pereira,,,2023_2024,100.0,EXACT_SOURCE_ID,APPROVED
plr_7fcd4ae2,fpl,Dan_Potts,Dan Potts,,,2023_2024,100.0,EXACT_SOURCE_ID,APPROVED
plr_fdbad79e,fpl,Glen_Rea,Glen Rea,,,2023_2024,100.0,EXACT_SOURCE_ID,APPROVED
plr_df3cd601,fpl,James_Shea,James Shea,,,2023_2024,100.0,EXACT_SOURCE_ID,APPROVED
plr_bef2f1bc,fpl,Joe_Taylor,Joe Taylor,,,2023_2024,100.0,EXACT_SOURCE_ID,APPROVED
plr_ad12d80c,fpl,Elliot_Thorpe,Elliot Thorpe,,,2023_2024,100.0,EXACT_SOURCE_ID,APPROVED
plr_17bf10da,fpl,Jack_Walton,Jack Walton,,,2023_2024,100.0,EXACT_SOURCE_ID,APPROVED
plr_4db9538a,fpl,Louie_Watson,Louie Watson,,,2023_2024,100.0,EXACT_SOURCE_ID,APPROVED
plr_19f13b01,fpl,Cauley_Woodrow,Cauley Woodrow,,,2023_2024,100.0,EXACT_SOURCE_ID,APPROVED
plr_df21ed6d,fpl,Teden_Mengi,Teden Mengi,,,2023_2024,100.0,EXACT_SOURCE_ID,APPROVED
plr_1f8d2077,fpl,Ryan_Giles,Ryan Giles,,,2023_2024,100.0,EXACT_SOURCE_ID,APPROVED
plr_24b83676,fpl,Tom_Lockyer,Tom Lockyer,,,2023_2024,100.0,EXACT_SOURCE_ID,APPROVED
plr_f5d3d85a,fpl,Pelly Ruddock_Mpanzu,Pelly Ruddock Mpanzu,,,2023_2024,100.0,EXACT_SOURCE_ID,APPROVED
plr_dc11c3e1,fpl,Tahith_Chong,Tahith Chong,,,2023_2024,100.0,EXACT_SOURCE_ID,APPROVED
plr_4618484c,fpl,Issa_Kaboré,Issa Kaboré,,,2023_2024,100.0,EXACT_SOURCE_ID,APPROVED
plr_49f86cd2,fpl,Thomas_Kaminski,Thomas Kaminski,,,2023_2024,100.0,EXACT_SOURCE_ID,APPROVED
plr_2720425b,fpl,Ross_Barkley,Ross Barkley,,,2023_2024,100.0,EXACT_SOURCE_ID,APPROVED
plr_f7afba62,fpl,Jacob_Brown,Jacob Brown,,,2023_2024,100.0,EXACT_SOURCE_ID,APPROVED
plr_0b235c38,fpl,Aidan_Francis-Clarke,Aidan Francis-Clarke,,,2023_2024,100.0,EXACT_SOURCE_ID,APPROVED
plr_69204d80,fpl,Tim_Krul,Tim Krul,,,2023_2024,100.0,EXACT_SOURCE_ID,APPROVED
plr_cfcda215,fpl,Joseph_Johnson,Joseph Johnson,,,2023_2024,100.0,EXACT_SOURCE_ID,APPROVED
plr_1f5ea9c1,fpl,Andros_Townsend,Andros Townsend,,,2023_2024,100.0,EXACT_SOURCE_ID,APPROVED
plr_7258184b,fpl,Jayden_Luker,Jayden Luker,,,2023_2024,100.0,EXACT_SOURCE_ID,APPROVED
plr_5eae5590,fpl,Zack_Nelson,Zack Nelson,,,2023_2024,100.0,EXACT_SOURCE_ID,APPROVED
plr_2ec535be,fpl,Daiki_Hashioka,Daiki Hashioka,,,2023_2024,100.0,EXACT_SOURCE_ID,APPROVED
plr_202a0080,fpl,Axel_Piesold,Axel Piesold,,,2023_2024,100.0,EXACT_SOURCE_ID,APPROVED
plr_d918470c,fpl,Dominic_Dos Santos Martins,Dominic Dos Santos Martins,,,2023_2024,100.0,EXACT_SOURCE_ID,APPROVED
plr_2faf32da,fpl,Christian_Chigozie,Christian Chigozie,,,2023_2024,100.0,EXACT_SOURCE_ID,APPROVED
plr_15d8ad6b,fpl,Taylan_Harris,Taylan Harris,,,2023_2024,100.0,EXACT_SOURCE_ID,APPROVED
plr_da97857f,fpl,Manuel_Akanji,Manuel Akanji,,,2023_2024,100.0,EXACT_SOURCE_ID,APPROVED
plr_21d835c5,fpl,Nathan_Aké,Nathan Aké,,,2023_2024,100.0,EXACT_SOURCE_ID,APPROVED
plr_7d5bd23d,fpl,Julián_Álvarez,Julián Álvarez,,,2023_2024,100.0,EXACT_SOURCE_ID,APPROVED
plr_5f232e15,fpl,Bernardo_Veiga de Carvalho e Silva,Bernardo Veiga de Carvalho e Silva,,,2023_2024,100.0,EXACT_SOURCE_ID,APPROVED
plr_819754ee,fpl,Oscar_Bobb,Oscar Bobb,,,2023_2024,100.0,EXACT_SOURCE_ID,APPROVED
plr_89b30c85,fpl,João_Cancelo,João Cancelo,,,2023_2024,100.0,EXACT_SOURCE_ID,APPROVED
plr_79729896,fpl,Scott_Carson,Scott Carson,,,2023_2024,100.0,EXACT_SOURCE_ID,APPROVED
plr_ef5daeed,fpl,Shea_Charles,Shea Charles,,,2023_2024,100.0,EXACT_SOURCE_ID,APPROVED
plr_3afd0eee,fpl,Kevin_De Bruyne,Kevin De Bruyne,,,2023_2024,100.0,EXACT_SOURCE_ID,APPROVED
plr_532782b3,fpl,Rúben_Gato Alves Dias,Rúben Gato Alves Dias,,,2023_2024,100.0,EXACT_SOURCE_ID,APPROVED
plr_55684962,fpl,Ederson_Santana de Moraes,Ederson Santana de Moraes,,,2023_2024,100.0,EXACT_SOURCE_ID,APPROVED
plr_8c1c5347,fpl,Phil_Foden,Phil Foden,,,2023_2024,100.0,EXACT_SOURCE_ID,APPROVED
plr_aab2cf44,fpl,Jack_Grealish,Jack Grealish,,,2023_2024,100.0,EXACT_SOURCE_ID,APPROVED
plr_a0199bde,fpl,Erling_Haaland,Erling Haaland,,,2023_2024,100.0,EXACT_SOURCE_ID,APPROVED
plr_d0d93eab,fpl,Mateo_Kovačić,Mateo Kovačić,,,2023_2024,100.0,EXACT_SOURCE_ID,APPROVED
plr_ff2dc23c,fpl,Aymeric_Laporte,Aymeric Laporte,,,2023_2024,100.0,EXACT_SOURCE_ID,APPROVED
plr_40cd4f4b,fpl,Rico_Lewis,Rico Lewis,,,2023_2024,100.0,EXACT_SOURCE_ID,APPROVED
plr_20bb915c,fpl,Riyad_Mahrez,Riyad Mahrez,,,2023_2024,100.0,EXACT_SOURCE_ID,APPROVED
plr_f4085e4b,fpl,Stefan_Ortega Moreno,Stefan Ortega Moreno,,,2023_2024,100.0,EXACT_SOURCE_ID,APPROVED
plr_c6fd3685,fpl,Máximo_Perrone,Máximo Perrone,,,2023_2024,100.0,EXACT_SOURCE_ID,APPROVED
plr_cdb288e7,fpl,Rodrigo_Hernandez,Rodrigo Hernandez,,,2023_2024,100.0,EXACT_SOURCE_ID,APPROVED
plr_e00749fe,fpl,Sergio_Gómez,Sergio Gómez,,,2023_2024,100.0,EXACT_SOURCE_ID,APPROVED
plr_68564777,fpl,Zack_Steffen,Zack Steffen,,,2023_2024,100.0,EXACT_SOURCE_ID,APPROVED
plr_fc698e78,fpl,John_Stones,John Stones,,,2023_2024,100.0,EXACT_SOURCE_ID,APPROVED
plr_1168f49d,fpl,Kyle_Walker,Kyle Walker,,,2023_2024,100.0,EXACT_SOURCE_ID,APPROVED
plr_267f4aba,fpl,Matheus Luiz_Nunes,Matheus Luiz Nunes,,,2023_2024,100.0,EXACT_SOURCE_ID,APPROVED
plr_7389369a,fpl,Joško_Gvardiol,Joško Gvardiol,,,2023_2024,100.0,EXACT_SOURCE_ID,APPROVED
plr_65d1cc40,fpl,Jérémy_Doku,Jérémy Doku,,,2023_2024,100.0,EXACT_SOURCE_ID,APPROVED
plr_73836604,fpl,Mahamadou_Susoho,Mahamadou Susoho,,,2023_2024,100.0,EXACT_SOURCE_ID,APPROVED
plr_1fa5ce1b,fpl,Micah_Hamilton,Micah Hamilton,,,2023_2024,100.0,EXACT_SOURCE_ID,APPROVED
plr_3b66cede,fpl,Jacob_Wright,Jacob Wright,,,2023_2024,100.0,EXACT_SOURCE_ID,APPROVED
plr_746e13ca,fpl,Mason_Mount,Mason Mount,,,2023_2024,100.0,EXACT_SOURCE_ID,APPROVED
plr_06ce3d0d,fpl,Alex_Telles,Alex Telles,,,2023_2024,100.0,EXACT_SOURCE_ID,APPROVED
plr_eaed8f2d,fpl,Amad_Diallo,Amad Diallo,,,2023_2024,100.0,EXACT_SOURCE_ID,APPROVED
plr_c8f755d2,fpl,Antony Matheus_dos Santos,Antony Matheus dos Santos,,,2023_2024,100.0,EXACT_SOURCE_ID,APPROVED
plr_82b51359,fpl,Bruno_Borges Fernandes,Bruno Borges Fernandes,,,2023_2024,100.0,EXACT_SOURCE_ID,APPROVED
plr_3c06a2c6,fpl,Brandon_Williams,Brandon Williams,,,2023_2024,100.0,EXACT_SOURCE_ID,APPROVED
plr_560fd6de,fpl,Eric_Bailly,Eric Bailly,,,2023_2024,100.0,EXACT_SOURCE_ID,APPROVED
plr_fde44a1d,fpl,Carlos Henrique_Casimiro,Carlos Henrique Casimiro,,,2023_2024,100.0,EXACT_SOURCE_ID,APPROVED
plr_712fd7c6,fpl,Diogo_Dalot Teixeira,Diogo Dalot Teixeira,,,2023_2024,100.0,EXACT_SOURCE_ID,APPROVED
plr_bcaf28f5,fpl,Christian_Eriksen,Christian Eriksen,,,2023_2024,100.0,EXACT_SOURCE_ID,APPROVED
plr_21d1df9a,fpl,Álvaro_Fernández Carreras,Álvaro Fernández Carreras,,,2023_2024,100.0,EXACT_SOURCE_ID,APPROVED
plr_c1074816,fpl,Frederico_Rodrigues de Paula Santos,Frederico Rodrigues de Paula Santos,,,2023_2024,100.0,EXACT_SOURCE_ID,APPROVED
plr_89b5c579,fpl,Alejandro_Garnacho,Alejandro Garnacho,,,2023_2024,100.0,EXACT_SOURCE_ID,APPROVED
plr_9b078cbf,fpl,Hannibal_Mejbri,Hannibal Mejbri,,,2023_2024,100.0,EXACT_SOURCE_ID,APPROVED
plr_f7c41a13,fpl,Tom_Heaton,Tom Heaton,,,2023_2024,100.0,EXACT_SOURCE_ID,APPROVED
plr_2d949f89,fpl,Victor_Lindelöf,Victor Lindelöf,,,2023_2024,100.0,EXACT_SOURCE_ID,APPROVED
plr_c45dc35c,fpl,Harry_Maguire,Harry Maguire,,,2023_2024,100.0,EXACT_SOURCE_ID,APPROVED
plr_df2262af,fpl,Kobbie_Mainoo,Kobbie Mainoo,,,2023_2024,100.0,EXACT_SOURCE_ID,APPROVED
plr_5881ec17,fpl,Tyrell_Malacia,Tyrell Malacia,,,2023_2024,100.0,EXACT_SOURCE_ID,APPROVED
plr_016b7794,fpl,Anthony_Martial,Anthony Martial,,,2023_2024,100.0,EXACT_SOURCE_ID,APPROVED
plr_9308a2ab,fpl,Lisandro_Martínez,Lisandro Martínez,,,2023_2024,100.0,EXACT_SOURCE_ID,APPROVED
plr_1603a487,fpl,Scott_McTominay,Scott McTominay,,,2023_2024,100.0,EXACT_SOURCE_ID,APPROVED
plr_5f006dca,fpl,Facundo_Pellistri Rebollo,Facundo Pellistri Rebollo,,,2023_2024,100.0,EXACT_SOURCE_ID,APPROVED
plr_59c0bf11,fpl,Raphaël_Varane,Raphaël Varane,,,2023_2024,100.0,EXACT_SOURCE_ID,APPROVED
plr_09011e91,fpl,Marcus_Rashford,Marcus Rashford,,,2023_2024,100.0,EXACT_SOURCE_ID,APPROVED
plr_a60fbec3,fpl,Jadon_Sancho,Jadon Sancho,,,2023_2024,100.0,EXACT_SOURCE_ID,APPROVED
plr_e471e6f0,fpl,Luke_Shaw,Luke Shaw,,,2023_2024,100.0,EXACT_SOURCE_ID,APPROVED
plr_0c3913f8,fpl,Shola_Shoretire,Shola Shoretire,,,2023_2024,100.0,EXACT_SOURCE_ID,APPROVED
plr_c070603f,fpl,Donny_van de Beek,Donny van de Beek,,,2023_2024,100.0,EXACT_SOURCE_ID,APPROVED
plr_139769ff,fpl,Aaron_Wan-Bissaka,Aaron Wan-Bissaka,,,2023_2024,100.0,EXACT_SOURCE_ID,APPROVED
plr_abaddb2c,fpl,André_Onana,André Onana,,,2023_2024,100.0,EXACT_SOURCE_ID,APPROVED
plr_4f9047c3,fpl,Rasmus_Højlund,Rasmus Højlund,,,2023_2024,100.0,EXACT_SOURCE_ID,APPROVED
plr_ebe5a85e,fpl,Omari_Forson,Omari Forson,,,2023_2024,100.0,EXACT_SOURCE_ID,APPROVED
plr_9b36c7de,fpl,Radek_Vítek,Radek Vítek,,,2023_2024,100.0,EXACT_SOURCE_ID,APPROVED
plr_d61950c6,fpl,Daniel_Gore,Daniel Gore,,,2023_2024,100.0,EXACT_SOURCE_ID,APPROVED
plr_380a5e84,fpl,Altay_Bayindir,Altay Bayindir,,,2023_2024,100.0,EXACT_SOURCE_ID,APPROVED
plr_4d3219d2,fpl,Jonny_Evans,Jonny Evans,,,2023_2024,100.0,EXACT_SOURCE_ID,APPROVED
plr_1156a98f,fpl,Sofyan_Amrabat,Sofyan Amrabat,,,2023_2024,100.0,EXACT_SOURCE_ID,APPROVED
plr_9905bc85,fpl,Joe_Hugill,Joe Hugill,,,2023_2024,100.0,EXACT_SOURCE_ID,APPROVED
plr_1eb600b3,fpl,Willy_Kambwala,Willy Kambwala,,,2023_2024,100.0,EXACT_SOURCE_ID,APPROVED
plr_5bd6bce7,fpl,Rhys_Bennett,Rhys Bennett,,,2023_2024,100.0,EXACT_SOURCE_ID,APPROVED
plr_2fbfe1aa,fpl,Toby_Collyer,Toby Collyer,,,2023_2024,100.0,EXACT_SOURCE_ID,APPROVED
plr_f5b27a60,fpl,Habeeb_Ogunneye,Habeeb Ogunneye,,,2023_2024,100.0,EXACT_SOURCE_ID,APPROVED
plr_b343c07a,fpl,Dermot_Mee,Dermot Mee,,,2023_2024,100.0,EXACT_SOURCE_ID,APPROVED
plr_a2b3da4a,fpl,Harry_Amass,Harry Amass,,,2023_2024,100.0,EXACT_SOURCE_ID,APPROVED
plr_7d57be91,fpl,Ethan_Wheatley,Ethan Wheatley,,,2023_2024,100.0,EXACT_SOURCE_ID,APPROVED
plr_5ce5b3c5,fpl,Louis_Jackson,Louis Jackson,,,2023_2024,100.0,EXACT_SOURCE_ID,APPROVED
plr_1bb46c3b,fpl,Lewis_Hall,Lewis Hall,,,2023_2024,100.0,EXACT_SOURCE_ID,APPROVED
plr_3d137bca,fpl,Miguel_Almirón Rejala,Miguel Almirón Rejala,,,2023_2024,100.0,EXACT_SOURCE_ID,APPROVED
plr_cdbe99ed,fpl,Elliot_Anderson,Elliot Anderson,,,2023_2024,100.0,EXACT_SOURCE_ID,APPROVED
plr_63e68b5f,fpl,Harrison_Ashby,Harrison Ashby,,,2023_2024,100.0,EXACT_SOURCE_ID,APPROVED
plr_cf6fc630,fpl,Sven_Botman,Sven Botman,,,2023_2024,100.0,EXACT_SOURCE_ID,APPROVED
plr_eb303e42,fpl,Bruno_Guimarães Rodriguez Moura,Bruno Guimarães Rodriguez Moura,,,2023_2024,100.0,EXACT_SOURCE_ID,APPROVED
plr_c41b60f7,fpl,Dan_Burn,Dan Burn,,,2023_2024,100.0,EXACT_SOURCE_ID,APPROVED
plr_36f524c4,fpl,Karl_Darlow,Karl Darlow,,,2023_2024,100.0,EXACT_SOURCE_ID,APPROVED
plr_7ecda783,fpl,Martin_Dubravka,Martin Dubravka,,,2023_2024,100.0,EXACT_SOURCE_ID,APPROVED
plr_172b9567,fpl,Ryan_Fraser,Ryan Fraser,,,2023_2024,100.0,EXACT_SOURCE_ID,APPROVED
plr_d4be5e10,fpl,Mark_Gillespie,Mark Gillespie,,,2023_2024,100.0,EXACT_SOURCE_ID,APPROVED
plr_d51feeea,fpl,Anthony_Gordon,Anthony Gordon,,,2023_2024,100.0,EXACT_SOURCE_ID,APPROVED
plr_650def45,fpl,Isaac_Hayden,Isaac Hayden,,,2023_2024,100.0,EXACT_SOURCE_ID,APPROVED
plr_3824beac,fpl,Jeff_Hendrick,Jeff Hendrick,,,2023_2024,100.0,EXACT_SOURCE_ID,APPROVED
plr_8ab0b246,fpl,Alexander_Isak,Alexander Isak,,,2023_2024,100.0,EXACT_SOURCE_ID,APPROVED
plr_84d3bbbd,fpl,Joelinton Cássio_Apolinário de Lira,Joelinton Cássio Apolinário de Lira,,,2023_2024,100.0,EXACT_SOURCE_ID,APPROVED
plr_cedc74e6,fpl,Emil_Krafth,Emil Krafth,,,2023_2024,100.0,EXACT_SOURCE_ID,APPROVED
plr_4b44e80c,fpl,Garang_Kuol,Garang Kuol,,,2023_2024,100.0,EXACT_SOURCE_ID,APPROVED
plr_49c89a41,fpl,Jamaal_Lascelles,Jamaal Lascelles,,,2023_2024,100.0,EXACT_SOURCE_ID,APPROVED
plr_6b8410fd,fpl,Jamal_Lewis,Jamal Lewis,,,2023_2024,100.0,EXACT_SOURCE_ID,APPROVED
plr_2603fc25,fpl,Sean_Longstaff,Sean Longstaff,,,2023_2024,100.0,EXACT_SOURCE_ID,APPROVED
plr_1a3b45c6,fpl,Javier_Manquillo Gaitán,Javier Manquillo Gaitán,,,2023_2024,100.0,EXACT_SOURCE_ID,APPROVED
plr_d7a075fd,fpl,Jacob_Murphy,Jacob Murphy,,,2023_2024,100.0,EXACT_SOURCE_ID,APPROVED
plr_14b72ddd,fpl,Nick_Pope,Nick Pope,,,2023_2024,100.0,EXACT_SOURCE_ID,APPROVED
plr_1108a080,fpl,Matt_Ritchie,Matt Ritchie,,,2023_2024,100.0,EXACT_SOURCE_ID,APPROVED
plr_b153d335,fpl,Allan_Saint-Maximin,Allan Saint-Maximin,,,2023_2024,100.0,EXACT_SOURCE_ID,APPROVED
plr_0186915a,fpl,Fabian_Schär,Fabian Schär,,,2023_2024,100.0,EXACT_SOURCE_ID,APPROVED
plr_f624416e,fpl,Matt_Targett,Matt Targett,,,2023_2024,100.0,EXACT_SOURCE_ID,APPROVED
plr_7585e319,fpl,Sandro_Tonali,Sandro Tonali,,,2023_2024,100.0,EXACT_SOURCE_ID,APPROVED
plr_5bef49ad,fpl,Kieran_Trippier,Kieran Trippier,,,2023_2024,100.0,EXACT_SOURCE_ID,APPROVED
plr_cf66e3de,fpl,Kell_Watts,Kell Watts,,,2023_2024,100.0,EXACT_SOURCE_ID,APPROVED
plr_a4d94f49,fpl,Joe_Willock,Joe Willock,,,2023_2024,100.0,EXACT_SOURCE_ID,APPROVED
plr_9eab4259,fpl,Callum_Wilson,Callum Wilson,,,2023_2024,100.0,EXACT_SOURCE_ID,APPROVED
plr_06eefba9,fpl,Loris_Karius,Loris Karius,,,2023_2024,100.0,EXACT_SOURCE_ID,APPROVED
plr_27b7c1a7,fpl,Paul_Dummett,Paul Dummett,,,2023_2024,100.0,EXACT_SOURCE_ID,APPROVED
plr_de12d9ad,fpl,Harvey_Barnes,Harvey Barnes,,,2023_2024,100.0,EXACT_SOURCE_ID,APPROVED
plr_5196037c,fpl,Tino_Livramento,Tino Livramento,,,2023_2024,100.0,EXACT_SOURCE_ID,APPROVED
plr_73b7c267,fpl,Alex_Murphy,Alex Murphy,,,2023_2024,100.0,EXACT_SOURCE_ID,APPROVED
plr_5911ea05,fpl,Lewis_Miley,Lewis Miley,,,2023_2024,100.0,EXACT_SOURCE_ID,APPROVED
plr_300f6d59,fpl,Amadou_Diallo,Amadou Diallo,,,2023_2024,100.0,EXACT_SOURCE_ID,APPROVED
plr_e262db50,fpl,Ben_Parkinson,Ben Parkinson,,,2023_2024,100.0,EXACT_SOURCE_ID,APPROVED
plr_7d9f28b1,fpl,Michael_Ndiweni,Michael Ndiweni,,,2023_2024,100.0,EXACT_SOURCE_ID,APPROVED
plr_3027003a,fpl,Joe_White,Joe White,,,2023_2024,100.0,EXACT_SOURCE_ID,APPROVED
plr_9a36ccca,fpl,Travis_Hernes,Travis Hernes,,,2023_2024,100.0,EXACT_SOURCE_ID,APPROVED
plr_d1d2bda4,fpl,Nuno_Varela Tavares,Nuno Varela Tavares,,,2023_2024,100.0,EXACT_SOURCE_ID,APPROVED
plr_d1219c67,fpl,Matt_Turner,Matt Turner,,,2023_2024,100.0,EXACT_SOURCE_ID,APPROVED
plr_a0c9592b,fpl,Callum_Hudson-Odoi,Callum Hudson-Odoi,,,2023_2024,100.0,EXACT_SOURCE_ID,APPROVED
plr_ef873c68,fpl,Anthony_Elanga,Anthony Elanga,,,2023_2024,100.0,EXACT_SOURCE_ID,APPROVED
plr_6dfaaedd,fpl,Brandon_Aguilera Zamora,Brandon Aguilera Zamora,,,2023_2024,100.0,EXACT_SOURCE_ID,APPROVED
plr_a3391c2d,fpl,Harry_Arter,Harry Arter,,,2023_2024,100.0,EXACT_SOURCE_ID,APPROVED
plr_4d1473a3,fpl,Serge_Aurier,Serge Aurier,,,2023_2024,100.0,EXACT_SOURCE_ID,APPROVED
plr_eb9bc35d,fpl,Taiwo_Awoniyi,Taiwo Awoniyi,,,2023_2024,100.0,EXACT_SOURCE_ID,APPROVED
plr_0e0e4d31,fpl,Giulian_Biancone,Giulian Biancone,,,2023_2024,100.0,EXACT_SOURCE_ID,APPROVED
plr_6c5da2de,fpl,Willy_Boly,Willy Boly,,,2023_2024,100.0,EXACT_SOURCE_ID,APPROVED
plr_90b9a28f,fpl,Josh_Bowler,Josh Bowler,,,2023_2024,100.0,EXACT_SOURCE_ID,APPROVED
plr_39f8213c,fpl,Steve_Cook,Steve Cook,,,2023_2024,100.0,EXACT_SOURCE_ID,APPROVED
plr_804994db,fpl,Danilo_dos Santos de Oliveira,Danilo dos Santos de Oliveira,,,2023_2024,100.0,EXACT_SOURCE_ID,APPROVED
plr_01708bfc,fpl,Emmanuel_Dennis,Emmanuel Dennis,,,2023_2024,100.0,EXACT_SOURCE_ID,APPROVED
plr_9e1a541b,fpl,Mohamed_Dräger,Mohamed Dräger,,,2023_2024,100.0,EXACT_SOURCE_ID,APPROVED
plr_83f2de2d,fpl,Felipe Augusto_de Almeida Monteiro,Felipe Augusto de Almeida Monteiro,,,2023_2024,100.0,EXACT_SOURCE_ID,APPROVED
plr_9bf89eba,fpl,Remo_Freuler,Remo Freuler,,,2023_2024,100.0,EXACT_SOURCE_ID,APPROVED
plr_63f0d523,fpl,Morgan_Gibbs-White,Morgan Gibbs-White,,,2023_2024,100.0,EXACT_SOURCE_ID,APPROVED
plr_fa83f982,fpl,Wayne_Hennessey,Wayne Hennessey,,,2023_2024,100.0,EXACT_SOURCE_ID,APPROVED
plr_847db346,fpl,Ethan_Horvath,Ethan Horvath,,,2023_2024,100.0,EXACT_SOURCE_ID,APPROVED
plr_6fb4c6f6,fpl,Cheikhou_Kouyaté,Cheikhou Kouyaté,,,2023_2024,100.0,EXACT_SOURCE_ID,APPROVED
plr_d2c93051,fpl,Richie_Laryea,Richie Laryea,,,2023_2024,100.0,EXACT_SOURCE_ID,APPROVED
plr_42e1ac17,fpl,Orel_Mangala,Orel Mangala,,,2023_2024,100.0,EXACT_SOURCE_ID,APPROVED
plr_3bc555eb,fpl,Loïc_Mbe Soh,Loïc Mbe Soh,,,2023_2024,100.0,EXACT_SOURCE_ID,APPROVED
plr_924797bf,fpl,Scott_McKenna,Scott McKenna,,,2023_2024,100.0,EXACT_SOURCE_ID,APPROVED
plr_051a2cc8,fpl,Alex_Mighten,Alex Mighten,,,2023_2024,100.0,EXACT_SOURCE_ID,APPROVED
plr_e9160f49,fpl,Moussa_Niakhaté,Moussa Niakhaté,,,2023_2024,100.0,EXACT_SOURCE_ID,APPROVED
plr_d31b328a,fpl,Lewis_O'Brien,Lewis O'Brien,,,2023_2024,100.0,EXACT_SOURCE_ID,APPROVED
plr_b708c663,fpl,Braian_Ojeda Rodríguez,Braian Ojeda Rodríguez,,,2023_2024,100.0,EXACT_SOURCE_ID,APPROVED
plr_6292445c,fpl,Jonathan_Panzo,Jonathan Panzo,,,2023_2024,100.0,EXACT_SOURCE_ID,APPROVED
plr_7a9fb113,fpl,Omar_Richards,Omar Richards,,,2023_2024,100.0,EXACT_SOURCE_ID,APPROVED
plr_dab8e3f2,fpl,Gustavo Henrique_Furtado Scarpa,Gustavo Henrique Furtado Scarpa,,,2023_2024,100.0,EXACT_SOURCE_ID,APPROVED
plr_5f5ac94a,fpl,Jonjo_Shelvey,Jonjo Shelvey,,,2023_2024,100.0,EXACT_SOURCE_ID,APPROVED
plr_e3f88a5c,fpl,Sam_Surridge,Sam Surridge,,,2023_2024,100.0,EXACT_SOURCE_ID,APPROVED
plr_b8b23820,fpl,Harry_Toffolo,Harry Toffolo,,,2023_2024,100.0,EXACT_SOURCE_ID,APPROVED
plr_9a5dec21,fpl,Hwang_Ui-jo,Hwang Ui-jo,,,2023_2024,100.0,EXACT_SOURCE_ID,APPROVED
plr_904ac60e,fpl,Neco_Williams,Neco Williams,,,2023_2024,100.0,EXACT_SOURCE_ID,APPROVED
plr_02b5fc3b,fpl,Chris_Wood,Chris Wood,,,2023_2024,100.0,EXACT_SOURCE_ID,APPROVED
plr_0f9a022f,fpl,Joe_Worrall,Joe Worrall,,,2023_2024,100.0,EXACT_SOURCE_ID,APPROVED
plr_75c5a6b3,fpl,Ryan_Yates,Ryan Yates,,,2023_2024,100.0,EXACT_SOURCE_ID,APPROVED
plr_0e2f01e2,fpl,Olu_Aina,Olu Aina,,,2023_2024,100.0,EXACT_SOURCE_ID,APPROVED
plr_d31bcfa9,fpl,George_Shelvey,George Shelvey,,,2023_2024,100.0,EXACT_SOURCE_ID,APPROVED
plr_3a566c83,fpl,Josh_Powell,Josh Powell,,,2023_2024,100.0,EXACT_SOURCE_ID,APPROVED
plr_fd8468a0,fpl,Gonzalo_Montiel,Gonzalo Montiel,,,2023_2024,100.0,EXACT_SOURCE_ID,APPROVED
plr_4be4863c,fpl,Murillo_Santiago Costa dos Santos,Murillo Santiago Costa dos Santos,,,2023_2024,100.0,EXACT_SOURCE_ID,APPROVED
plr_01d46179,fpl,Odysseas_Vlachodimos,Odysseas Vlachodimos,,,2023_2024,100.0,EXACT_SOURCE_ID,APPROVED
plr_d6382cca,fpl,Andrew_Omobamidele,Andrew Omobamidele,,,2023_2024,100.0,EXACT_SOURCE_ID,APPROVED
plr_0eed48d8,fpl,Nicolás_Domínguez,Nicolás Domínguez,,,2023_2024,100.0,EXACT_SOURCE_ID,APPROVED
plr_2f0b8d54,fpl,Ibrahim_Sangaré,Ibrahim Sangaré,,,2023_2024,100.0,EXACT_SOURCE_ID,APPROVED
plr_adabbcb0,fpl,Divock_Origi,Divock Origi,,,2023_2024,100.0,EXACT_SOURCE_ID,APPROVED
plr_32a20222,fpl,Jamie_McDonnell,Jamie McDonnell,,,2023_2024,100.0,EXACT_SOURCE_ID,APPROVED
plr_e558a78d,fpl,Detlef Esapa_Osong,Detlef Esapa Osong,,,2023_2024,100.0,EXACT_SOURCE_ID,APPROVED
plr_394cd477,fpl,Joe_Gardner,Joe Gardner,,,2023_2024,100.0,EXACT_SOURCE_ID,APPROVED
plr_ed08d5e0,fpl,Giovanni_Reyna,Giovanni Reyna,,,2023_2024,100.0,EXACT_SOURCE_ID,APPROVED
plr_232a423a,fpl,Matz_Sels,Matz Sels,,,2023_2024,100.0,EXACT_SOURCE_ID,APPROVED
plr_381b0764,fpl,Rodrigo_Duarte Ribeiro,Rodrigo Duarte Ribeiro,,,2023_2024,100.0,EXACT_SOURCE_ID,APPROVED
plr_8ba079eb,fpl,Auston_Trusty,Auston Trusty,,,2023_2024,100.0,EXACT_SOURCE_ID,APPROVED
plr_b84ffdc4,fpl,Cameron_Archer,Cameron Archer,,,2023_2024,100.0,EXACT_SOURCE_ID,APPROVED
plr_0d3bf15e,fpl,Mason_Holgate,Mason Holgate,,,2023_2024,100.0,EXACT_SOURCE_ID,APPROVED
plr_c96d4e34,fpl,James_McAtee,James McAtee,,,2023_2024,100.0,EXACT_SOURCE_ID,APPROVED
plr_5574515a,fpl,Anel_Ahmedhodžić,Anel Ahmedhodžić,,,2023_2024,100.0,EXACT_SOURCE_ID,APPROVED
plr_3da342ba,fpl,Jordan_Amissah,Jordan Amissah,,,2023_2024,100.0,EXACT_SOURCE_ID,APPROVED
plr_09fe3709,fpl,George_Baldock,George Baldock,,,2023_2024,100.0,EXACT_SOURCE_ID,APPROVED
plr_9b939cbf,fpl,Chris_Basham,Chris Basham,,,2023_2024,100.0,EXACT_SOURCE_ID,APPROVED
plr_ef76c6e7,fpl,Jayden_Bogle,Jayden Bogle,,,2023_2024,100.0,EXACT_SOURCE_ID,APPROVED
plr_faaaa99f,fpl,Rhian_Brewster,Rhian Brewster,,,2023_2024,100.0,EXACT_SOURCE_ID,APPROVED
plr_1142fb5a,fpl,Ismaila_Coulibaly,Ismaila Coulibaly,,,2023_2024,100.0,EXACT_SOURCE_ID,APPROVED
plr_fd7a509a,fpl,Adam_Davies,Adam Davies,,,2023_2024,100.0,EXACT_SOURCE_ID,APPROVED
plr_048baff6,fpl,John_Egan,John Egan,,,2023_2024,100.0,EXACT_SOURCE_ID,APPROVED
plr_96fff073,fpl,John_Fleck,John Fleck,,,2023_2024,100.0,EXACT_SOURCE_ID,APPROVED
plr_3312fe8d,fpl,Wes_Foderingham,Wes Foderingham,,,2023_2024,100.0,EXACT_SOURCE_ID,APPROVED
plr_a8ad7eb5,fpl,Daniel_Jebbison,Daniel Jebbison,,,2023_2024,100.0,EXACT_SOURCE_ID,APPROVED
plr_8f3a302f,fpl,Max_Lowe,Max Lowe,,,2023_2024,100.0,EXACT_SOURCE_ID,APPROVED
plr_4fbf61ab,fpl,Oliver_McBurnie,Oliver McBurnie,,,2023_2024,100.0,EXACT_SOURCE_ID,APPROVED
plr_4e89ff1c,fpl,Iliman_Ndiaye,Iliman Ndiaye,,,2023_2024,100.0,EXACT_SOURCE_ID,APPROVED
plr_fabcb2ef,fpl,Rhys_Norrington-Davies,Rhys Norrington-Davies,,,2023_2024,100.0,EXACT_SOURCE_ID,APPROVED
plr_02877204,fpl,Oliver_Norwood,Oliver Norwood,,,2023_2024,100.0,EXACT_SOURCE_ID,APPROVED
plr_1e6d94c0,fpl,Ben_Osborn,Ben Osborn,,,2023_2024,100.0,EXACT_SOURCE_ID,APPROVED
plr_e037f247,fpl,William_Osula,William Osula,,,2023_2024,100.0,EXACT_SOURCE_ID,APPROVED
plr_2d050e97,fpl,Jack_Robinson,Jack Robinson,,,2023_2024,100.0,EXACT_SOURCE_ID,APPROVED
plr_6df733ee,fpl,Anis_Slimane,Anis Slimane,,,2023_2024,100.0,EXACT_SOURCE_ID,APPROVED
plr_57c6309f,fpl,Yasser_Larouci,Yasser Larouci,,,2023_2024,100.0,EXACT_SOURCE_ID,APPROVED
plr_4226a059,fpl,Bénie_Traoré,Bénie Traoré,,,2023_2024,100.0,EXACT_SOURCE_ID,APPROVED
plr_004dae60,fpl,Vini_de Souza Costa,Vini de Souza Costa,,,2023_2024,100.0,EXACT_SOURCE_ID,APPROVED
plr_013abe18,fpl,Femi_Seriki,Femi Seriki,,,2023_2024,100.0,EXACT_SOURCE_ID,APPROVED
plr_133d7606,fpl,Louie_Marsh,Louie Marsh,,,2023_2024,100.0,EXACT_SOURCE_ID,APPROVED
plr_0993263e,fpl,Andre_Brooks,Andre Brooks,,,2023_2024,100.0,EXACT_SOURCE_ID,APPROVED
plr_418b6528,fpl,Antwoine_Hackford,Antwoine Hackford,,,2023_2024,100.0,EXACT_SOURCE_ID,APPROVED
plr_5b9df6dd,fpl,Gustavo_Hamer,Gustavo Hamer,,,2023_2024,100.0,EXACT_SOURCE_ID,APPROVED
plr_560af91a,fpl,Tom_Davies,Tom Davies,,,2023_2024,100.0,EXACT_SOURCE_ID,APPROVED
plr_a9f70ec7,fpl,Luke_Thomas,Luke Thomas,,,2023_2024,100.0,EXACT_SOURCE_ID,APPROVED
plr_d3129551,fpl,Ryan_Oné,Ryan Oné,,,2023_2024,100.0,EXACT_SOURCE_ID,APPROVED
plr_c7552b23,fpl,Jili_Buyabu,Jili Buyabu,,,2023_2024,100.0,EXACT_SOURCE_ID,APPROVED
plr_ae202a6d,fpl,Sydie_Peck,Sydie Peck,,,2023_2024,100.0,EXACT_SOURCE_ID,APPROVED
plr_a379cad8,fpl,Ben_Brereton,Ben Brereton,,,2023_2024,100.0,EXACT_SOURCE_ID,APPROVED
plr_63a8cc1d,fpl,Ivo_Grbic,Ivo Grbic,,,2023_2024,100.0,EXACT_SOURCE_ID,APPROVED
plr_b318b902,fpl,Billy_Blacker,Billy Blacker,,,2023_2024,100.0,EXACT_SOURCE_ID,APPROVED
plr_97708ee6,fpl,Oliver_Arblaster,Oliver Arblaster,,,2023_2024,100.0,EXACT_SOURCE_ID,APPROVED
plr_9099cb57,fpl,Dovydas_Sasnauskas,Dovydas Sasnauskas,,,2023_2024,100.0,EXACT_SOURCE_ID,APPROVED
plr_e5a53ee0,fpl,Sam_Curtis,Sam Curtis,,,2023_2024,100.0,EXACT_SOURCE_ID,APPROVED
plr_92c27062,fpl,Owen_Hampson,Owen Hampson,,,2023_2024,100.0,EXACT_SOURCE_ID,APPROVED
plr_08cf3a86,fpl,Brennan_Johnson,Brennan Johnson,,,2023_2024,100.0,EXACT_SOURCE_ID,APPROVED
plr_ba4de6b4,fpl,Brandon_Austin,Brandon Austin,,,2023_2024,100.0,EXACT_SOURCE_ID,APPROVED
plr_909d5fcc,fpl,Rodrigo_Bentancur,Rodrigo Bentancur,,,2023_2024,100.0,EXACT_SOURCE_ID,APPROVED
plr_d63a7df3,fpl,Yves_Bissouma,Yves Bissouma,,,2023_2024,100.0,EXACT_SOURCE_ID,APPROVED
plr_0d0837a4,fpl,Bryan_Gil Salvatierra,Bryan Gil Salvatierra,,,2023_2024,100.0,EXACT_SOURCE_ID,APPROVED
plr_aab0e934,fpl,Ben_Davies,Ben Davies,,,2023_2024,100.0,EXACT_SOURCE_ID,APPROVED
plr_a9982cc0,fpl,Eric_Dier,Eric Dier,,,2023_2024,100.0,EXACT_SOURCE_ID,APPROVED
plr_ecfd1df8,fpl,Emerson_Leite de Souza Junior,Emerson Leite de Souza Junior,,,2023_2024,100.0,EXACT_SOURCE_ID,APPROVED
plr_c0686055,fpl,Fraser_Forster,Fraser Forster,,,2023_2024,100.0,EXACT_SOURCE_ID,APPROVED
plr_b8a08e85,fpl,Pierre-Emile_Højbjerg,Pierre-Emile Højbjerg,,,2023_2024,100.0,EXACT_SOURCE_ID,APPROVED
plr_9e8be954,fpl,Harry_Kane,Harry Kane,,,2023_2024,100.0,EXACT_SOURCE_ID,APPROVED
plr_f6a59b0f,fpl,Dejan_Kulusevski,Dejan Kulusevski,,,2023_2024,100.0,EXACT_SOURCE_ID,APPROVED
plr_010e2e52,fpl,Hugo_Lloris,Hugo Lloris,,,2023_2024,100.0,EXACT_SOURCE_ID,APPROVED
plr_ff48fb46,fpl,Giovani_Lo Celso,Giovani Lo Celso,,,2023_2024,100.0,EXACT_SOURCE_ID,APPROVED
plr_277a95ed,fpl,James_Maddison,James Maddison,,,2023_2024,100.0,EXACT_SOURCE_ID,APPROVED
plr_422b5ba6,fpl,Tanguy_Ndombélé Alvaro,Tanguy Ndombélé Alvaro,,,2023_2024,100.0,EXACT_SOURCE_ID,APPROVED
plr_6c57076f,fpl,Pedro_Porro,Pedro Porro,,,2023_2024,100.0,EXACT_SOURCE_ID,APPROVED
plr_82e3db31,fpl,Ivan_Perišić,Ivan Perišić,,,2023_2024,100.0,EXACT_SOURCE_ID,APPROVED
plr_d889ad7a,fpl,Richarlison_de Andrade,Richarlison de Andrade,,,2023_2024,100.0,EXACT_SOURCE_ID,APPROVED
plr_ff1b3672,fpl,Joe_Rodon,Joe Rodon,,,2023_2024,100.0,EXACT_SOURCE_ID,APPROVED
plr_6b09fa74,fpl,Cristian_Romero,Cristian Romero,,,2023_2024,100.0,EXACT_SOURCE_ID,APPROVED
plr_de3ffd5d,fpl,Davinson_Sánchez,Davinson Sánchez,,,2023_2024,100.0,EXACT_SOURCE_ID,APPROVED
plr_743e5ca9,fpl,Pape Matar_Sarr,Pape Matar Sarr,,,2023_2024,100.0,EXACT_SOURCE_ID,APPROVED
plr_3d73b838,fpl,Ryan_Sessegnon,Ryan Sessegnon,,,2023_2024,100.0,EXACT_SOURCE_ID,APPROVED
plr_bac9d792,fpl,Oliver_Skipp,Oliver Skipp,,,2023_2024,100.0,EXACT_SOURCE_ID,APPROVED
plr_0cc357db,fpl,Son_Heung-min,Son Heung-min,,,2023_2024,100.0,EXACT_SOURCE_ID,APPROVED
plr_bb67fda3,fpl,Djed_Spence,Djed Spence,,,2023_2024,100.0,EXACT_SOURCE_ID,APPROVED
plr_d1257a6c,fpl,Japhet_Tanganga,Japhet Tanganga,,,2023_2024,100.0,EXACT_SOURCE_ID,APPROVED
plr_7394369c,fpl,Destiny_Udogie,Destiny Udogie,,,2023_2024,100.0,EXACT_SOURCE_ID,APPROVED
plr_73f1154b,fpl,Guglielmo_Vicario,Guglielmo Vicario,,,2023_2024,100.0,EXACT_SOURCE_ID,APPROVED
plr_74b02825,fpl,Alfie_Whiteman,Alfie Whiteman,,,2023_2024,100.0,EXACT_SOURCE_ID,APPROVED
plr_bd33ead6,fpl,Manor_Solomon,Manor Solomon,,,2023_2024,100.0,EXACT_SOURCE_ID,APPROVED
plr_1a505566,fpl,Micky_van de Ven,Micky van de Ven,,,2023_2024,100.0,EXACT_SOURCE_ID,APPROVED
plr_5ca92ddf,fpl,Dane_Scarlett,Dane Scarlett,,,2023_2024,100.0,EXACT_SOURCE_ID,APPROVED
plr_36158ad2,fpl,Alejo_Véliz,Alejo Véliz,,,2023_2024,100.0,EXACT_SOURCE_ID,APPROVED
plr_72331c95,fpl,Ashley_Phillips,Ashley Phillips,,,2023_2024,100.0,EXACT_SOURCE_ID,APPROVED
plr_e29c5b95,fpl,Jamie_Donley,Jamie Donley,,,2023_2024,100.0,EXACT_SOURCE_ID,APPROVED
plr_b986f035,fpl,Alfie_Dorrington,Alfie Dorrington,,,2023_2024,100.0,EXACT_SOURCE_ID,APPROVED
plr_7b9992b5,fpl,Yago_de Santiago Alonso,Yago de Santiago Alonso,,,2023_2024,100.0,EXACT_SOURCE_ID,APPROVED
plr_8b2ce948,fpl,Timo_Werner,Timo Werner,,,2023_2024,100.0,EXACT_SOURCE_ID,APPROVED
plr_7fb7bda3,fpl,Radu_Dragusin,Radu Dragusin,,,2023_2024,100.0,EXACT_SOURCE_ID,APPROVED
plr_659c293f,fpl,Mikey_Moore,Mikey Moore,,,2023_2024,100.0,EXACT_SOURCE_ID,APPROVED
plr_01f9326d,fpl,Tyrese_Hall,Tyrese Hall,,,2023_2024,100.0,EXACT_SOURCE_ID,APPROVED
plr_6f776da3,fpl,Kalvin_Phillips,Kalvin Phillips,,,2023_2024,100.0,EXACT_SOURCE_ID,APPROVED
plr_ae161326,fpl,Nayef_Aguerd,Nayef Aguerd,,,2023_2024,100.0,EXACT_SOURCE_ID,APPROVED
plr_830564dc,fpl,Michail_Antonio,Michail Antonio,,,2023_2024,100.0,EXACT_SOURCE_ID,APPROVED
plr_063238c1,fpl,Alphonse_Areola,Alphonse Areola,,,2023_2024,100.0,EXACT_SOURCE_ID,APPROVED
plr_682b677c,fpl,Saïd_Benrahma,Saïd Benrahma,,,2023_2024,100.0,EXACT_SOURCE_ID,APPROVED
plr_d15e0795,fpl,Jarrod_Bowen,Jarrod Bowen,,,2023_2024,100.0,EXACT_SOURCE_ID,APPROVED
plr_0f25406c,fpl,Maxwel_Cornet,Maxwel Cornet,,,2023_2024,100.0,EXACT_SOURCE_ID,APPROVED
plr_dd74e364,fpl,Vladimír_Coufal,Vladimír Coufal,,,2023_2024,100.0,EXACT_SOURCE_ID,APPROVED
plr_6568e08d,fpl,Conor_Coventry,Conor Coventry,,,2023_2024,100.0,EXACT_SOURCE_ID,APPROVED
plr_991490e8,fpl,Aaron_Cresswell,Aaron Cresswell,,,2023_2024,100.0,EXACT_SOURCE_ID,APPROVED
plr_f858e3e3,fpl,Flynn_Downes,Flynn Downes,,,2023_2024,100.0,EXACT_SOURCE_ID,APPROVED
plr_b194162b,fpl,Emerson_Palmieri dos Santos,Emerson Palmieri dos Santos,,,2023_2024,100.0,EXACT_SOURCE_ID,APPROVED
plr_c40d11e0,fpl,Lukasz_Fabianski,Lukasz Fabianski,,,2023_2024,100.0,EXACT_SOURCE_ID,APPROVED
plr_6be8b247,fpl,Pablo_Fornals Malla,Pablo Fornals Malla,,,2023_2024,100.0,EXACT_SOURCE_ID,APPROVED
plr_c64d816d,fpl,Danny_Ings,Danny Ings,,,2023_2024,100.0,EXACT_SOURCE_ID,APPROVED
plr_49051110,fpl,Ben_Johnson,Ben Johnson,,,2023_2024,100.0,EXACT_SOURCE_ID,APPROVED
plr_a814440d,fpl,Thilo_Kehrer,Thilo Kehrer,,,2023_2024,100.0,EXACT_SOURCE_ID,APPROVED
plr_7f268ef8,fpl,Divin_Mubama,Divin Mubama,,,2023_2024,100.0,EXACT_SOURCE_ID,APPROVED
plr_47afb2fb,fpl,Lucas_Tolentino Coelho de Lima,Lucas Tolentino Coelho de Lima,,,2023_2024,100.0,EXACT_SOURCE_ID,APPROVED
plr_0e3f5e2a,fpl,Gianluca_Scamacca,Gianluca Scamacca,,,2023_2024,100.0,EXACT_SOURCE_ID,APPROVED
plr_93c6e5ef,fpl,Tomáš_Souček,Tomáš Souček,,,2023_2024,100.0,EXACT_SOURCE_ID,APPROVED
plr_97dce035,fpl,Nikola_Vlašić,Nikola Vlašić,,,2023_2024,100.0,EXACT_SOURCE_ID,APPROVED
plr_b6ebff29,fpl,Kurt_Zouma,Kurt Zouma,,,2023_2024,100.0,EXACT_SOURCE_ID,APPROVED
plr_f2f6cf38,fpl,Angelo_Ogbonna,Angelo Ogbonna,,,2023_2024,100.0,EXACT_SOURCE_ID,APPROVED
plr_7d470263,fpl,Edson_Álvarez Velázquez,Edson Álvarez Velázquez,,,2023_2024,100.0,EXACT_SOURCE_ID,APPROVED
plr_ed62b3fa,fpl,Joseph_Anang,Joseph Anang,,,2023_2024,100.0,EXACT_SOURCE_ID,APPROVED
plr_c25287e5,fpl,James_Ward-Prowse,James Ward-Prowse,,,2023_2024,100.0,EXACT_SOURCE_ID,APPROVED
plr_3363000e,fpl,Konstantinos_Mavropanos,Konstantinos Mavropanos,,,2023_2024,100.0,EXACT_SOURCE_ID,APPROVED
plr_4b5b77d4,fpl,Mohammed_Kudus,Mohammed Kudus,,,2023_2024,100.0,EXACT_SOURCE_ID,APPROVED
plr_0004467a,fpl,Lewis_Orford,Lewis Orford,,,2023_2024,100.0,EXACT_SOURCE_ID,APPROVED
plr_f299dbfa,fpl,Kaelan_Casey,Kaelan Casey,,,2023_2024,100.0,EXACT_SOURCE_ID,APPROVED
plr_44515e6e,fpl,Oliver_Scarles,Oliver Scarles,,,2023_2024,100.0,EXACT_SOURCE_ID,APPROVED
plr_eb218a9b,fpl,Callum_Marshall,Callum Marshall,,,2023_2024,100.0,EXACT_SOURCE_ID,APPROVED
plr_2e475be1,fpl,George_Earthy,George Earthy,,,2023_2024,100.0,EXACT_SOURCE_ID,APPROVED
plr_83a84383,fpl,Tommy_Doyle,Tommy Doyle,,,2023_2024,100.0,EXACT_SOURCE_ID,APPROVED
plr_dde970dc,fpl,Rayan_Aït-Nouri,Rayan Aït-Nouri,,,2023_2024,100.0,EXACT_SOURCE_ID,APPROVED
plr_ea479416,fpl,Daniel_Bentley,Daniel Bentley,,,2023_2024,100.0,EXACT_SOURCE_ID,APPROVED
plr_2ef6a74e,fpl,Bendegúz_Bolla,Bendegúz Bolla,,,2023_2024,100.0,EXACT_SOURCE_ID,APPROVED
plr_caacd7a6,fpl,Hugo_Bueno López,Hugo Bueno López,,,2023_2024,100.0,EXACT_SOURCE_ID,APPROVED
plr_cd8996be,fpl,Francisco Jorge_Tomás Oliveira,Francisco Jorge Tomás Oliveira,,,2023_2024,100.0,EXACT_SOURCE_ID,APPROVED
plr_458c1e19,fpl,Luke_Cundle,Luke Cundle,,,2023_2024,100.0,EXACT_SOURCE_ID,APPROVED
plr_d9e03d2c,fpl,Craig_Dawson,Craig Dawson,,,2023_2024,100.0,EXACT_SOURCE_ID,APPROVED
plr_1a3c095a,fpl,Fábio_Silva,Fábio Silva,,,2023_2024,100.0,EXACT_SOURCE_ID,APPROVED
plr_56d5d6d4,fpl,Gonçalo Manuel_Ganchinho Guedes,Gonçalo Manuel Ganchinho Guedes,,,2023_2024,100.0,EXACT_SOURCE_ID,APPROVED
plr_b4a6b43d,fpl,Joe_Hodge,Joe Hodge,,,2023_2024,100.0,EXACT_SOURCE_ID,APPROVED
plr_d44b4428,fpl,Ki-Jana_Hoever,Ki-Jana Hoever,,,2023_2024,100.0,EXACT_SOURCE_ID,APPROVED
plr_705c097d,fpl,Hwang_Hee-chan,Hwang Hee-chan,,,2023_2024,100.0,EXACT_SOURCE_ID,APPROVED
plr_3ee21610,fpl,João Victor_Gomes da Silva,João Victor Gomes da Silva,,,2023_2024,100.0,EXACT_SOURCE_ID,APPROVED
plr_2e4e887c,fpl,Jonathan_Castro Otto,Jonathan Castro Otto,,,2023_2024,100.0,EXACT_SOURCE_ID,APPROVED
plr_16279baf,fpl,Bruno_Cavaco Jordão,Bruno Cavaco Jordão,,,2023_2024,100.0,EXACT_SOURCE_ID,APPROVED
plr_bd0b8916,fpl,Sasa_Kalajdzic,Sasa Kalajdzic,,,2023_2024,100.0,EXACT_SOURCE_ID,APPROVED
plr_fe374d48,fpl,Max_Kilman,Max Kilman,,,2023_2024,100.0,EXACT_SOURCE_ID,APPROVED
plr_c9115291,fpl,Tom_King,Tom King,,,2023_2024,100.0,EXACT_SOURCE_ID,APPROVED
plr_3cbba7ff,fpl,Mario_Lemina,Mario Lemina,,,2023_2024,100.0,EXACT_SOURCE_ID,APPROVED
plr_a3c8f663,fpl,Pedro_Lomba Neto,Pedro Lomba Neto,,,2023_2024,100.0,EXACT_SOURCE_ID,APPROVED
plr_9c38ddb3,fpl,Daniel_Castelo Podence,Daniel Castelo Podence,,,2023_2024,100.0,EXACT_SOURCE_ID,APPROVED
plr_f3f79527,fpl,José_Malheiro de Sá,José Malheiro de Sá,,,2023_2024,100.0,EXACT_SOURCE_ID,APPROVED
plr_88bcc978,fpl,Pablo_Sarabia,Pablo Sarabia,,,2023_2024,100.0,EXACT_SOURCE_ID,APPROVED
plr_04a5f825,fpl,Matija_Šarkić,Matija Šarkić,,,2023_2024,100.0,EXACT_SOURCE_ID,APPROVED
plr_88cc7a5b,fpl,Nélson_Cabral Semedo,Nélson Cabral Semedo,,,2023_2024,100.0,EXACT_SOURCE_ID,APPROVED
plr_af7fe1b9,fpl,Toti António_Gomes,Toti António Gomes,,,2023_2024,100.0,EXACT_SOURCE_ID,APPROVED
plr_c2a14d22,fpl,Boubacar_Traoré,Boubacar Traoré,,,2023_2024,100.0,EXACT_SOURCE_ID,APPROVED
plr_931f3d6c,fpl,Matheus_Santos Carneiro Da Cunha,Matheus Santos Carneiro Da Cunha,,,2023_2024,100.0,EXACT_SOURCE_ID,APPROVED
plr_57bec809,fpl,Matt_Doherty,Matt Doherty,,,2023_2024,100.0,EXACT_SOURCE_ID,APPROVED
plr_38bfb522,fpl,Santiago_Bueno,Santiago Bueno,,,2023_2024,100.0,EXACT_SOURCE_ID,APPROVED
plr_1fb47dff,fpl,Enso_González,Enso González,,,2023_2024,100.0,EXACT_SOURCE_ID,APPROVED
plr_2498581d,fpl,Nathan_Fraser,Nathan Fraser,,,2023_2024,100.0,EXACT_SOURCE_ID,APPROVED
plr_3bed0738,fpl,Jean-Ricner_Bellegarde,Jean-Ricner Bellegarde,,,2023_2024,100.0,EXACT_SOURCE_ID,APPROVED
plr_6e73c48c,fpl,Matthew_Whittingham,Matthew Whittingham,,,2023_2024,100.0,EXACT_SOURCE_ID,APPROVED
plr_83d0a6ac,fpl,Tawanda_Chirewa,Tawanda Chirewa,,,2023_2024,100.0,EXACT_SOURCE_ID,APPROVED
plr_a3f0c1e6,fpl,Justin_Hubner,Justin Hubner,,,2023_2024,100.0,EXACT_SOURCE_ID,APPROVED
plr_60b62231,fpl,Owen_Hesketh,Owen Hesketh,,,2023_2024,100.0,EXACT_SOURCE_ID,APPROVED
plr_ce26dd4c,fpl,Ty_Barnett,Ty Barnett,,,2023_2024,100.0,EXACT_SOURCE_ID,APPROVED
plr_cd6196cc,fpl,Harvey_Griffiths,Harvey Griffiths,,,2023_2024,100.0,EXACT_SOURCE_ID,APPROVED
plr_eec2f23c,fpl,Yerson_Mosquera,Yerson Mosquera,,,2023_2024,100.0,EXACT_SOURCE_ID,APPROVED
plr_032af07b,fpl,Noha_Lemina,Noha Lemina,,,2023_2024,100.0,EXACT_SOURCE_ID,APPROVED
plr_ee799561,fpl,Wesley_Okoduwa,Wesley Okoduwa,,,2023_2024,100.0,EXACT_SOURCE_ID,APPROVED
plr_361b864d,fpl,Leon_Chiwome,Leon Chiwome,,,2023_2024,100.0,EXACT_SOURCE_ID,APPROVED
plr_bb86f7d3,fpl,Fletcher_Holman,Fletcher Holman,,,2023_2024,100.0,EXACT_SOURCE_ID,APPROVED
plr_84aa4ad7,fpl,Temple_Ojinnaka,Temple Ojinnaka,,,2023_2024,100.0,EXACT_SOURCE_ID,APPROVED
plr_8aea0b2c,transfermarkt,171424,Riyad Mahrez,,,2018_2019,100.0,EXACT_NAME,APPROVED
plr_7b63aa7a,transfermarkt,371003,Ante Palaversa,,,2018_2019,100.0,NO_MATCH_CREATED_NEW,APPROVED
plr_dc6c0e74,transfermarkt,340460,Philippe Sandler,,,2018_2019,100.0,EXACT_NAME,APPROVED
plr_79c376af,transfermarkt,355816,Ko Itakura,,,2018_2019,100.0,NO_MATCH_CREATED_NEW,APPROVED
plr_6eda969f,transfermarkt,399997,Daniel Arzani,,,2018_2019,100.0,NO_MATCH_CREATED_NEW,APPROVED
plr_da872fd3,transfermarkt,371021,Arijanet Murić,,,2018_2019,92.86,FUZZY_HIGH,APPROVED
plr_2cf31e31,transfermarkt,277118,Manu García,,,2018_2019,100.0,NO_MATCH_CREATED_NEW,APPROVED
plr_02f3353d,transfermarkt,384807,Thomas Agyepong,,,2018_2019,100.0,NO_MATCH_CREATED_NEW,APPROVED
plr_00a03259,transfermarkt,378293,Yangel Herrera,,,2018_2019,81.48,FUZZY_MEDIUM,REVIEW_REQUIRED
plr_d1cdbf30,transfermarkt,226739,Anthony Cáceres,,,2018_2019,100.0,NO_MATCH_CREATED_NEW,APPROVED
plr_a5cca6f4,transfermarkt,131694,Olarenwaju Kayode,,,2018_2019,100.0,NO_MATCH_CREATED_NEW,APPROVED
plr_bc5db7b4,transfermarkt,345654,Marlos Moreno,,,2018_2019,100.0,NO_MATCH_CREATED_NEW,APPROVED
plr_409cc25c,transfermarkt,277114,Jason Denayer,,,2018_2019,100.0,NO_MATCH_CREATED_NEW,APPROVED
plr_c4ed62e7,transfermarkt,429790,Luka Ilic,,,2018_2019,100.0,NO_MATCH_CREATED_NEW,APPROVED
plr_e9bdad85,transfermarkt,251876,Pablo Maffeo,,,2018_2019,100.0,NO_MATCH_CREATED_NEW,APPROVED
plr_e7a66a7c,transfermarkt,210178,Pablo Marí,,,2018_2019,100.0,EXACT_NAME,APPROVED
plr_61c95bfd,transfermarkt,314678,Brahim Díaz,,,2018_2019,90.91,FUZZY_HIGH,APPROVED
plr_bbd4e8dc,transfermarkt,201574,Angus Gunn,,,2018_2019,100.0,EXACT_NAME,APPROVED
plr_06341f32,transfermarkt,40204,Joe Hart,,,2018_2019,100.0,EXACT_NAME,APPROVED
plr_76c5e081,transfermarkt,229695,Bersant Celina,,,2018_2019,100.0,NO_MATCH_CREATED_NEW,APPROVED
plr_42f915c9,transfermarkt,13091,Yaya Touré,,,2018_2019,100.0,NO_MATCH_CREATED_NEW,APPROVED
plr_27a97d88,transfermarkt,225452,Patrick Roberts,,,2018_2019,100.0,EXACT_NAME,APPROVED
plr_0d34d177,transfermarkt,417346,Jack Harrison,,,2018_2019,100.0,EXACT_NAME,APPROVED
plr_1cfad78b,transfermarkt,191614,Fred,,,2018_2019,100.0,NO_MATCH_CREATED_NEW,APPROVED
plr_134a3525,transfermarkt,357147,Diogo Dalot,,,2018_2019,100.0,NO_MATCH_CREATED_NEW,APPROVED
plr_6cb18e9a,transfermarkt,13460,Lee Grant,,,2018_2019,100.0,EXACT_NAME,APPROVED
plr_dd2dae7f,transfermarkt,258879,Cameron Borthwick-Jackson,,,2018_2019,100.0,NO_MATCH_CREATED_NEW,APPROVED
plr_3aff19d5,transfermarkt,315131,Timothy Fosu-Mensah,,,2018_2019,100.0,EXACT_NAME,APPROVED
plr_4826d903,transfermarkt,342046,Axel Tuanzebe,,,2018_2019,100.0,EXACT_NAME,APPROVED
plr_f56a637a,transfermarkt,214104,James Wilson,,,2018_2019,100.0,NO_MATCH_CREATED_NEW,APPROVED
plr_f349c2d6,transfermarkt,192611,Joel Pereira,,,2018_2019,100.0,NO_MATCH_CREATED_NEW,APPROVED
plr_3bebb6c9,transfermarkt,203394,Andreas Pereira,,,2018_2019,100.0,EXACT_NAME,APPROVED
plr_d56f1341,transfermarkt,12282,Daley Blind,,,2018_2019,100.0,EXACT_NAME,APPROVED
plr_3575396b,transfermarkt,110864,Sam Johnstone,,,2018_2019,100.0,EXACT_NAME,APPROVED
plr_1e2ebee6,transfermarkt,39679,Marouane Fellaini,,,2018_2019,100.0,EXACT_NAME,APPROVED
plr_fcee9bc8,transfermarkt,3878,Michael Carrick,,,2018_2019,100.0,NO_MATCH_CREATED_NEW,APPROVED
plr_6da0ec3c,transfermarkt,406638,Oliver Skipp,,,2018_2019,100.0,EXACT_NAME,APPROVED
plr_97eeadf5,transfermarkt,207015,Vincent Janssen,,,2018_2019,100.0,EXACT_NAME,APPROVED
plr_d9b94916,transfermarkt,243589,Josh Onomah,,,2018_2019,100.0,EXACT_NAME,APPROVED
plr_e81737e0,transfermarkt,341049,Cameron Carter-Vickers,,,2018_2019,100.0,EXACT_NAME,APPROVED
plr_e0c1de2c,transfermarkt,19368,Mousa Dembélé,,,2018_2019,100.0,EXACT_NAME,APPROVED
plr_b6470895,transfermarkt,215679,Georges-Kevin N'Koudou,,,2018_2019,95.0,FUZZY_HIGH,APPROVED
plr_487fd6b3,transfermarkt,105470,Alisson,,,2018_2019,100.0,NO_MATCH_CREATED_NEW,APPROVED
plr_3f002143,transfermarkt,302215,Naby Keïta,,,2018_2019,90.0,FUZZY_MEDIUM,REVIEW_REQUIRED
plr_635487b3,transfermarkt,225693,Fabinho,,,2018_2019,100.0,NO_MATCH_CREATED_NEW,APPROVED
plr_db541176,transfermarkt,86792,Xherdan Shaqiri,,,2018_2019,100.0,EXACT_NAME,APPROVED
plr_04283c23,transfermarkt,279455,Harry Wilson,,,2018_2019,100.0,EXACT_NAME,APPROVED
plr_b424b132,transfermarkt,279457,Ryan Kent,,,2018_2019,100.0,NO_MATCH_CREATED_NEW,APPROVED
plr_f82a0215,transfermarkt,262545,Connor Randall,,,2018_2019,100.0,NO_MATCH_CREATED_NEW,APPROVED
plr_7f1b66a0,transfermarkt,344015,Ben Woodburn,,,2018_2019,100.0,EXACT_NAME,APPROVED
plr_258eb7b1,transfermarkt,295313,Taiwo Awoniyi,,,2018_2019,100.0,EXACT_NAME,APPROVED
plr_4bbb1935,transfermarkt,85177,Nathaniel Clyne,,,2018_2019,100.0,EXACT_NAME,APPROVED
plr_0599ec12,transfermarkt,337284,Ovie Ejaria,,,2018_2019,100.0,NO_MATCH_CREATED_NEW,APPROVED
plr_868cfbec,transfermarkt,55247,Ádám Bogdán,,,2018_2019,100.0,NO_MATCH_CREATED_NEW,APPROVED
plr_ef490467,transfermarkt,144303,Lazar Markovic,,,2018_2019,100.0,EXACT_NAME,APPROVED
plr_1d40f1b0,transfermarkt,148368,Divock Origi,,,2018_2019,100.0,EXACT_NAME,APPROVED
plr_a46bac7d,transfermarkt,258889,Dominic Solanke,,,2018_2019,100.0,EXACT_NAME,APPROVED
plr_e99d25d2,transfermarkt,203026,Danny Ward,,,2018_2019,100.0,EXACT_NAME,APPROVED
plr_daf77a07,transfermarkt,85864,Loris Karius,,,2018_2019,100.0,EXACT_NAME,APPROVED
plr_a25fa6a7,transfermarkt,26669,Ragnar Klavan,,,2018_2019,100.0,EXACT_NAME,APPROVED
plr_0747d5b6,transfermarkt,222813,Marko Grujić,,,2018_2019,100.0,NO_MATCH_CREATED_NEW,APPROVED
plr_63f924da,transfermarkt,119296,Emre Can,,,2018_2019,100.0,NO_MATCH_CREATED_NEW,APPROVED
plr_4411d701,transfermarkt,145922,Jon Flanagan,,,2018_2019,100.0,NO_MATCH_CREATED_NEW,APPROVED
plr_be05ec04,transfermarkt,236510,Sheyi Ojo,,,2018_2019,100.0,NO_MATCH_CREATED_NEW,APPROVED
plr_eee31c87,transfermarkt,134294,Danny Ings,,,2018_2019,100.0,EXACT_NAME,APPROVED
plr_c3c993f9,transfermarkt,385271,Allan,,,2018_2019,100.0,NO_MATCH_CREATED_NEW,APPROVED
plr_f367ce9f,transfermarkt,192279,Kepa Arrizabalaga,,,2018_2019,100.0,EXACT_NAME,APPROVED
plr_5fb12128,transfermarkt,315779,Christian Pulisic,,,2018_2019,100.0,EXACT_NAME,APPROVED
plr_ab6ae9f4,transfermarkt,102017,Jorginho,,,2018_2019,100.0,NO_MATCH_CREATED_NEW,APPROVED
plr_cb466124,transfermarkt,39153,Gonzalo Higuaín,,,2018_2019,100.0,EXACT_NAME,APPROVED
plr_b76a8367,transfermarkt,11680,Rob Green,,,2018_2019,100.0,NO_MATCH_CREATED_NEW,APPROVED
plr_99a11ace,transfermarkt,51471,Mateo Kovacic,,,2018_2019,100.0,EXACT_NAME,APPROVED
plr_e1b7c9cb,transfermarkt,245805,Izzy Brown,,,2018_2019,100.0,NO_MATCH_CREATED_NEW,APPROVED
plr_f14726b3,transfermarkt,316551,Jake Clarke-Salter,,,2018_2019,100.0,NO_MATCH_CREATED_NEW,APPROVED
plr_52ee411b,transfermarkt,392768,Callum Hudson-Odoi,,,2018_2019,100.0,EXACT_NAME,APPROVED
plr_253bd4b8,transfermarkt,147034,Marco van Ginkel,,,2018_2019,100.0,NO_MATCH_CREATED_NEW,APPROVED
plr_1abfbb50,transfermarkt,148657,Tomas Kalas,,,2018_2019,100.0,NO_MATCH_CREATED_NEW,APPROVED
plr_41af90b5,transfermarkt,157490,Michael Hector,,,2018_2019,100.0,EXACT_NAME,APPROVED
plr_0d16fc04,transfermarkt,245893,Matt Miazga,,,2018_2019,100.0,NO_MATCH_CREATED_NEW,APPROVED
plr_7b2c2acb,transfermarkt,205938,Mario Pašalić,,,2018_2019,100.0,NO_MATCH_CREATED_NEW,APPROVED
plr_df2b759a,transfermarkt,131708,Kenneth Omeruo,,,2018_2019,100.0,NO_MATCH_CREATED_NEW,APPROVED
plr_0811b2f6,transfermarkt,294798,Nathan,,,2018_2019,100.0,NO_MATCH_CREATED_NEW,APPROVED
plr_8760c28d,transfermarkt,281404,Kenedy,,,2018_2019,100.0,NO_MATCH_CREATED_NEW,APPROVED
plr_ad140362,transfermarkt,224884,Abdul Rahman Baba,,,2018_2019,100.0,EXACT_NAME,APPROVED
plr_153f715d,transfermarkt,179184,Michy Batshuayi,,,2018_2019,100.0,EXACT_NAME,APPROVED
plr_cdd267e0,transfermarkt,198589,Lewis Baker,,,2018_2019,85.71,FUZZY_MEDIUM,REVIEW_REQUIRED
plr_133754fc,transfermarkt,128898,Jamal Blackman,,,2018_2019,100.0,NO_MATCH_CREATED_NEW,APPROVED
plr_fe424104,transfermarkt,154287,Todd Kane,,,2018_2019,100.0,NO_MATCH_CREATED_NEW,APPROVED
plr_2657cf82,transfermarkt,303254,Fikayo Tomori,,,2018_2019,100.0,EXACT_NAME,APPROVED
plr_e19d612b,transfermarkt,331726,Tammy Abraham,,,2018_2019,100.0,EXACT_NAME,APPROVED
plr_d63a49be,transfermarkt,157509,Kurt Zouma,,,2018_2019,100.0,EXACT_NAME,APPROVED
plr_941a92ab,transfermarkt,108390,Thibaut Courtois,,,2018_2019,100.0,EXACT_NAME,APPROVED
plr_f055db06,transfermarkt,128223,Álvaro Morata,,,2018_2019,100.0,EXACT_NAME,APPROVED
plr_f7384ec8,transfermarkt,8806,Cesc Fàbregas,,,2018_2019,100.0,EXACT_NAME,APPROVED
plr_e2b837a7,transfermarkt,182618,Tiemoué Bakayoko,,,2018_2019,100.0,EXACT_NAME,APPROVED
plr_7b2c2acb,transfermarkt,205938,Mario Pašalić,,,2018_2019,100.0,EXACT_NAME,APPROVED
plr_df2b759a,transfermarkt,131708,Kenneth Omeruo,,,2018_2019,100.0,EXACT_NAME,APPROVED
plr_f7016931,transfermarkt,236490,Ola Aina,,,2018_2019,100.0,EXACT_NAME,APPROVED
plr_0d16fc04,transfermarkt,245893,Matt Miazga,,,2018_2019,100.0,EXACT_NAME,APPROVED
plr_de59e5aa,transfermarkt,60220,Matej Delac,,,2018_2019,100.0,NO_MATCH_CREATED_NEW,APPROVED
plr_be51e50e,transfermarkt,34159,Eduardo,,,2018_2019,100.0,NO_MATCH_CREATED_NEW,APPROVED
plr_5978df1c,transfermarkt,176485,Lucas Piazón,,,2018_2019,100.0,NO_MATCH_CREATED_NEW,APPROVED
plr_6f1af571,transfermarkt,59866,Victor Moses,,,2018_2019,100.0,EXACT_NAME,APPROVED
plr_5cef7892,transfermarkt,177862,Charly Musonda Jr.,,,2018_2019,100.0,NO_MATCH_CREATED_NEW,APPROVED
plr_0cc603b0,transfermarkt,181779,Wallace Oliveira,,,2018_2019,100.0,NO_MATCH_CREATED_NEW,APPROVED
plr_0002ce69,transfermarkt,318077,Lucas Torreira,,,2018_2019,100.0,EXACT_NAME,APPROVED
plr_1428fd3e,transfermarkt,72476,Bernd Leno,,,2018_2019,100.0,EXACT_NAME,APPROVED
plr_d55daa88,transfermarkt,34322,Sokratis Papastathopoulos,,,2018_2019,100.0,EXACT_NAME,APPROVED
plr_17759ef5,transfermarkt,465830,Mattéo Guendouzi,,,2018_2019,100.0,EXACT_NAME,APPROVED
plr_babf6d0c,transfermarkt,165007,Denis Suárez,,,2018_2019,100.0,EXACT_NAME,APPROVED
plr_71d84a1d,transfermarkt,2865,Stephan Lichtsteiner,,,2018_2019,100.0,EXACT_NAME,APPROVED
plr_832991e3,transfermarkt,340324,Eddie Nketiah,,,2018_2019,100.0,EXACT_NAME,APPROVED
plr_d7cc1439,transfermarkt,205757,Dejan Iliev,,,2018_2019,100.0,NO_MATCH_CREATED_NEW,APPROVED
plr_fc4996be,transfermarkt,215118,Calum Chambers,,,2018_2019,100.0,EXACT_NAME,APPROVED
plr_9995e0df,transfermarkt,220491,Matt Macey,,,2018_2019,100.0,EXACT_NAME,APPROVED
plr_b73897cd,transfermarkt,287247,Krystian Bielik,,,2018_2019,100.0,NO_MATCH_CREATED_NEW,APPROVED
plr_8f85e0d3,transfermarkt,197642,Chuba Akpom,,,2018_2019,100.0,NO_MATCH_CREATED_NEW,APPROVED
plr_70cfa16d,transfermarkt,131248,Joel Campbell,,,2018_2019,100.0,NO_MATCH_CREATED_NEW,APPROVED
plr_32384ed3,transfermarkt,73185,Lucas Pérez,,,2018_2019,100.0,EXACT_NAME,APPROVED
plr_fbc173a0,transfermarkt,111873,Emiliano Martínez,,,2018_2019,100.0,EXACT_NAME,APPROVED
plr_a5ec64e3,transfermarkt,245744,Takuma Asano,,,2018_2019,100.0,NO_MATCH_CREATED_NEW,APPROVED
plr_a5ec64e3,transfermarkt,245744,Takuma Asano,,,2018_2019,100.0,EXACT_NAME,APPROVED
plr_9ceadcd1,transfermarkt,15799,Santi Cazorla,,,2018_2019,100.0,NO_MATCH_CREATED_NEW,APPROVED
plr_71a2d1c9,transfermarkt,74223,Jack Wilshere,,,2018_2019,100.0,EXACT_NAME,APPROVED
plr_d10adf17,transfermarkt,73396,David Ospina,,,2018_2019,100.0,NO_MATCH_CREATED_NEW,APPROVED
plr_039bde75,transfermarkt,6710,Per Mertesacker,,,2018_2019,100.0,NO_MATCH_CREATED_NEW,APPROVED
plr_e0fb6674,transfermarkt,128904,Ben Gibson,,,2018_2019,100.0,EXACT_NAME,APPROVED
plr_92371766,transfermarkt,101500,Matej Vydra,,,2018_2019,100.0,EXACT_NAME,APPROVED
plr_afd0e8b5,transfermarkt,4072,Peter Crouch,,,2018_2019,100.0,EXACT_NAME,APPROVED
plr_208df530,transfermarkt,584769,Dwight McNeil,,,2018_2019,100.0,EXACT_NAME,APPROVED
plr_6b5839e7,transfermarkt,3306,Jonathan Walters,,,2018_2019,100.0,EXACT_NAME,APPROVED
plr_aad2ba68,transfermarkt,385922,Ntumba Massanka,,,2018_2019,100.0,NO_MATCH_CREATED_NEW,APPROVED
plr_e082eb5e,transfermarkt,173483,Nahki Wells,,,2018_2019,100.0,EXACT_NAME,APPROVED
plr_16680dc8,transfermarkt,248592,Conor Mitchell,,,2018_2019,100.0,NO_MATCH_CREATED_NEW,APPROVED
plr_b35395b1,transfermarkt,48078,Sam Vokes,,,2018_2019,100.0,EXACT_NAME,APPROVED
plr_3feb1666,transfermarkt,55291,Scott Arfield,,,2018_2019,100.0,NO_MATCH_CREATED_NEW,APPROVED
plr_327e2cfc,transfermarkt,128828,Tom Anderson,,,2018_2019,100.0,NO_MATCH_CREATED_NEW,APPROVED
plr_fe03aaa1,transfermarkt,183298,Chris Long,,,2018_2019,100.0,NO_MATCH_CREATED_NEW,APPROVED
plr_a523e048,transfermarkt,4055,Dean Marney,,,2018_2019,100.0,NO_MATCH_CREATED_NEW,APPROVED
plr_deb0493d,transfermarkt,385918,Aiden O'Neill,,,2018_2019,100.0,NO_MATCH_CREATED_NEW,APPROVED
plr_07b4be08,transfermarkt,378710,Richarlison,,,2018_2019,100.0,NO_MATCH_CREATED_NEW,APPROVED
plr_19e6c3ba,transfermarkt,289446,Yerry Mina,,,2018_2019,100.0,EXACT_NAME,APPROVED
plr_6face4a9,transfermarkt,126664,Lucas Digne,,,2018_2019,100.0,EXACT_NAME,APPROVED
plr_da0877f6,transfermarkt,221025,André Gomes,,,2018_2019,100.0,NO_MATCH_CREATED_NEW,APPROVED
plr_928f982d,transfermarkt,175169,Bernard,,,2018_2019,100.0,NO_MATCH_CREATED_NEW,APPROVED
plr_df31ebae,transfermarkt,75471,Yannick Bolasie,,,2018_2019,100.0,EXACT_NAME,APPROVED
plr_ffa99396,transfermarkt,348623,Mason Holgate,,,2018_2019,100.0,EXACT_NAME,APPROVED
plr_ad0785ee,transfermarkt,399369,Beni Baningime,,,2018_2019,100.0,EXACT_NAME,APPROVED
plr_30017acd,transfermarkt,258916,Kieran Dowell,,,2018_2019,100.0,EXACT_NAME,APPROVED
plr_49d3013b,transfermarkt,220755,Matthew Pennington,,,2018_2019,100.0,NO_MATCH_CREATED_NEW,APPROVED
plr_30efeb64,transfermarkt,93905,Muhamed Besic,,,2018_2019,84.62,FUZZY_MEDIUM,REVIEW_REQUIRED
plr_35c38f75,transfermarkt,91251,Cuco Martina,,,2018_2019,100.0,EXACT_NAME,APPROVED
plr_3df0f953,transfermarkt,380415,Henry Onyekuru,,,2018_2019,100.0,NO_MATCH_CREATED_NEW,APPROVED
plr_a731f038,transfermarkt,67355,Ashley Williams,,,2018_2019,100.0,EXACT_NAME,APPROVED
plr_e8608dc7,transfermarkt,110860,Luke Garbutt,,,2018_2019,100.0,NO_MATCH_CREATED_NEW,APPROVED
plr_4e1069b9,transfermarkt,406040,Ademola Lookman,,,2018_2019,100.0,EXACT_NAME,APPROVED
plr_9dc75fe3,transfermarkt,199369,Sandro Ramírez,,,2018_2019,100.0,EXACT_NAME,APPROVED
plr_0107d1cf,transfermarkt,33639,Kevin Mirallas,,,2018_2019,100.0,EXACT_NAME,APPROVED
plr_6b07b640,transfermarkt,182932,Davy Klaassen,,,2018_2019,100.0,EXACT_NAME,APPROVED
plr_a6e68a44,transfermarkt,11111,Ramiro Funes Mori,,,2018_2019,100.0,NO_MATCH_CREATED_NEW,APPROVED
plr_c19e3649,transfermarkt,156934,Tyias Browning,,,2018_2019,100.0,EXACT_NAME,APPROVED
plr_3df0f953,transfermarkt,380415,Henry Onyekuru,,,2018_2019,100.0,EXACT_NAME,APPROVED
plr_f599c5ab,transfermarkt,101118,Joel Robles,,,2018_2019,100.0,EXACT_NAME,APPROVED
plr_65c5b41c,transfermarkt,3332,Wayne Rooney,,,2018_2019,100.0,NO_MATCH_CREATED_NEW,APPROVED
plr_867c06c5,transfermarkt,184381,Shani Tarashaj,,,2018_2019,100.0,NO_MATCH_CREATED_NEW,APPROVED
plr_09e9c769,transfermarkt,209781,Oumar Niasse,,,2018_2019,100.0,EXACT_NAME,APPROVED
plr_97dce035,transfermarkt,293200,Nikola Vlašić,,,2018_2019,100.0,EXACT_NAME,APPROVED
plr_eddd947f,transfermarkt,294057,James Maddison,,,2018_2019,100.0,EXACT_NAME,APPROVED
plr_50ef63c8,transfermarkt,215876,Ricardo Pereira,,,2018_2019,100.0,NO_MATCH_CREATED_NEW,APPROVED
plr_b148352f,transfermarkt,320141,Çağlar Söyüncü,,,2018_2019,92.86,FUZZY_HIGH,APPROVED
plr_f77e6dcb,transfermarkt,293168,Filip Benkovic,,,2018_2019,100.0,EXACT_NAME,APPROVED
plr_805640dc,transfermarkt,118287,Rachid Ghezzal,,,2018_2019,100.0,EXACT_NAME,APPROVED
plr_59225587,transfermarkt,42412,Jonny Evans,,,2018_2019,100.0,EXACT_NAME,APPROVED
plr_45e57bc3,transfermarkt,1139665,Davide Lorenzo,,,2018_2019,100.0,NO_MATCH_CREATED_NEW,APPROVED
plr_97d99afb,transfermarkt,249565,Youri Tielemans,,,2018_2019,100.0,EXACT_NAME,APPROVED
plr_0d90b276,transfermarkt,398065,Harvey Barnes,,,2018_2019,100.0,EXACT_NAME,APPROVED
plr_f60002c4,transfermarkt,246579,Bartosz Kapustka,,,2018_2019,100.0,NO_MATCH_CREATED_NEW,APPROVED
plr_49a2c216,transfermarkt,111051,Nampalys Mendy,,,2018_2019,100.0,EXACT_NAME,APPROVED
plr_8c9c1c01,transfermarkt,271997,Callum Elder,,,2018_2019,100.0,NO_MATCH_CREATED_NEW,APPROVED
plr_12d19a9d,transfermarkt,168337,Ahmed Musa,,,2018_2019,100.0,NO_MATCH_CREATED_NEW,APPROVED
plr_33e59122,transfermarkt,298240,George Thomas,,,2018_2019,100.0,NO_MATCH_CREATED_NEW,APPROVED
plr_97187ae2,transfermarkt,65467,Vicente Iborra,,,2018_2019,100.0,EXACT_NAME,APPROVED
plr_d59aeda4,transfermarkt,174915,Islam Slimani,,,2018_2019,100.0,EXACT_NAME,APPROVED
plr_4ca6b192,transfermarkt,426426,Josh Gordon,,,2018_2019,100.0,NO_MATCH_CREATED_NEW,APPROVED
plr_aaa479d5,transfermarkt,67283,Ben Hamer,,,2018_2019,100.0,EXACT_NAME,APPROVED
plr_8216d44e,transfermarkt,364861,Fousseni Diabaté,,,2018_2019,100.0,EXACT_NAME,APPROVED
plr_65b3cc94,transfermarkt,54890,Leonardo Ulloa,,,2018_2019,100.0,NO_MATCH_CREATED_NEW,APPROVED
plr_1b53db53,transfermarkt,50477,Yohan Benalouane,,,2018_2019,100.0,EXACT_NAME,APPROVED
plr_68357a6d,transfermarkt,56872,Andy King,,,2018_2019,100.0,EXACT_NAME,APPROVED
plr_2d1a08fa,transfermarkt,56810,Adrien Silva,,,2018_2019,100.0,EXACT_NAME,APPROVED
plr_bdb389af,transfermarkt,2998,Robert Huth,,,2018_2019,100.0,NO_MATCH_CREATED_NEW,APPROVED
plr_0b069697,transfermarkt,59032,Aleksandar Dragovic,,,2018_2019,84.21,FUZZY_MEDIUM,REVIEW_REQUIRED
plr_683143fb,transfermarkt,272999,Miguel Almirón,,,2018_2019,100.0,EXACT_NAME,APPROVED
plr_8b4df567,transfermarkt,230541,Yoshinori Muto,,,2018_2019,100.0,EXACT_NAME,APPROVED
plr_80982b74,transfermarkt,338424,Mikel Merino,,,2018_2019,100.0,EXACT_NAME,APPROVED
plr_b91e90c0,transfermarkt,85475,Federico Fernández,,,2018_2019,100.0,EXACT_NAME,APPROVED
plr_9749115d,transfermarkt,74960,Martin Dúbravka,,,2018_2019,93.33,FUZZY_HIGH,APPROVED
plr_f8dd7e74,transfermarkt,135343,Fabian Schär,,,2018_2019,100.0,EXACT_NAME,APPROVED
plr_d1bd9bdb,transfermarkt,80197,Salomón Rondón,,,2018_2019,100.0,EXACT_NAME,APPROVED
plr_07013090,transfermarkt,241889,Antonio Barreca,,,2018_2019,100.0,EXACT_NAME,APPROVED
plr_c949338c,transfermarkt,81796,Sung-yueng Ki,,,2018_2019,100.0,EXACT_NAME,APPROVED
plr_ba2fc205,transfermarkt,346707,Sean Longstaff,,,2018_2019,100.0,EXACT_NAME,APPROVED
plr_232a423a,transfermarkt,127202,Matz Sels,,,2018_2019,100.0,EXACT_NAME,APPROVED
plr_904aedd3,transfermarkt,139173,Achraf Lazaar,,,2018_2019,100.0,NO_MATCH_CREATED_NEW,APPROVED
plr_a1746f2e,transfermarkt,258188,Rolando Aarons,,,2018_2019,100.0,EXACT_NAME,APPROVED
plr_b03effdc,transfermarkt,199527,Jacob Murphy,,,2018_2019,100.0,EXACT_NAME,APPROVED
plr_5697f2a1,transfermarkt,51540,Henri Saivet,,,2018_2019,100.0,NO_MATCH_CREATED_NEW,APPROVED
plr_3654f1a3,transfermarkt,196522,Dwight Gayle,,,2018_2019,100.0,EXACT_NAME,APPROVED
plr_23cec891,transfermarkt,250431,Jamie Sterry,,,2018_2019,100.0,EXACT_NAME,APPROVED
plr_ec7e34e6,transfermarkt,256773,Dan Barlaser,,,2018_2019,100.0,NO_MATCH_CREATED_NEW,APPROVED
plr_36ad044e,transfermarkt,61644,Jack Colback,,,2018_2019,100.0,EXACT_NAME,APPROVED
plr_d84f0880,transfermarkt,51152,Aleksandar Mitrović,,,2018_2019,100.0,EXACT_NAME,APPROVED
plr_15120ccc,transfermarkt,203348,Chancel Mbemba,,,2018_2019,100.0,EXACT_NAME,APPROVED
plr_d563759e,transfermarkt,250426,Adam Armstrong,,,2018_2019,100.0,EXACT_NAME,APPROVED
plr_5697f2a1,transfermarkt,51540,Henri Saivet,,,2018_2019,100.0,EXACT_NAME,APPROVED
plr_58ba4b80,transfermarkt,251664,Ivan Toney,,,2018_2019,100.0,EXACT_NAME,APPROVED
plr_8c35e797,transfermarkt,165334,Stuart Findlay,,,2018_2019,100.0,NO_MATCH_CREATED_NEW,APPROVED
plr_ff1658bd,transfermarkt,170929,Massadio Haïdara,,,2018_2019,100.0,NO_MATCH_CREATED_NEW,APPROVED
plr_d830c030,transfermarkt,179471,Curtis Good,,,2018_2019,100.0,NO_MATCH_CREATED_NEW,APPROVED
plr_e1323f13,transfermarkt,29055,Jesús Gámez,,,2018_2019,100.0,NO_MATCH_CREATED_NEW,APPROVED
plr_48cc406b,transfermarkt,66934,Cheikhou Kouyaté,,,2018_2019,100.0,EXACT_NAME,APPROVED
plr_c1f35599,transfermarkt,146164,Max Meyer,,,2018_2019,100.0,EXACT_NAME,APPROVED
plr_1f542b2d,transfermarkt,46791,Bakary Sako,,,2018_2019,100.0,EXACT_NAME,APPROVED
plr_8d8ea1ff,transfermarkt,64399,Vicente Guaita,,,2018_2019,100.0,EXACT_NAME,APPROVED
plr_04400911,transfermarkt,108354,Jordan Ayew,,,2018_2019,100.0,EXACT_NAME,APPROVED
plr_49a6ff23,transfermarkt,352041,Lucas Perri,,,2018_2019,100.0,EXACT_NAME,APPROVED
plr_3f4d724e,transfermarkt,345899,Dion Henry,,,2018_2019,100.0,NO_MATCH_CREATED_NEW,APPROVED
plr_83eeec1c,transfermarkt,183284,Ryan Inniss,,,2018_2019,100.0,EXACT_NAME,APPROVED
plr_e0254cba,transfermarkt,327755,Jarosław Jach,,,2018_2019,100.0,EXACT_NAME,APPROVED
plr_b1aa657c,transfermarkt,57207,Jordon Mutch,,,2018_2019,100.0,NO_MATCH_CREATED_NEW,APPROVED
plr_89dcee99,transfermarkt,238407,Alexander Sørloth,,,2018_2019,100.0,EXACT_NAME,APPROVED
plr_79113137,transfermarkt,244130,Sullay Kaikai,,,2018_2019,100.0,EXACT_NAME,APPROVED
plr_0acc101a,transfermarkt,170322,Jonny Williams,,,2018_2019,85.71,FUZZY_MEDIUM,REVIEW_REQUIRED
plr_03c67561,transfermarkt,29434,Yohan Cabaye,,,2018_2019,100.0,NO_MATCH_CREATED_NEW,APPROVED
plr_0ad1a8ed,transfermarkt,36861,Damien Delaney,,,2018_2019,100.0,NO_MATCH_CREATED_NEW,APPROVED
plr_5d0d2c4c,transfermarkt,47995,Jason Puncheon,,,2018_2019,100.0,EXACT_NAME,APPROVED
plr_c47d46d4,transfermarkt,81801,Chung-yong Lee,,,2018_2019,100.0,NO_MATCH_CREATED_NEW,APPROVED
plr_3cc9950d,transfermarkt,53231,Diego Cavalieri,,,2018_2019,100.0,NO_MATCH_CREATED_NEW,APPROVED
plr_f53466cc,transfermarkt,230746,Erdal Rakip,,,2018_2019,100.0,NO_MATCH_CREATED_NEW,APPROVED
plr_ec727651,transfermarkt,262980,Jefferson Lerma,,,2018_2019,100.0,EXACT_NAME,APPROVED
plr_5b9e1947,transfermarkt,249513,Diego Rico,,,2018_2019,100.0,EXACT_NAME,APPROVED
plr_033c1004,transfermarkt,480987,Chris Mepham,,,2018_2019,100.0,EXACT_NAME,APPROVED
plr_3d5d63c5,transfermarkt,277033,David Brooks,,,2018_2019,100.0,EXACT_NAME,APPROVED
plr_8ce797ce,transfermarkt,223047,Emerson Hyndman,,,2018_2019,100.0,EXACT_NAME,APPROVED
plr_658f15f6,transfermarkt,427568,Aaron Ramsdale,,,2018_2019,100.0,EXACT_NAME,APPROVED
plr_c95ae376,transfermarkt,55742,Harry Arter,,,2018_2019,100.0,EXACT_NAME,APPROVED
plr_2e1f7097,transfermarkt,28140,Max Gradel,,,2018_2019,100.0,NO_MATCH_CREATED_NEW,APPROVED
plr_f92ed997,transfermarkt,36939,Marc Pugh,,,2018_2019,100.0,EXACT_NAME,APPROVED
plr_21e3459d,transfermarkt,287528,Connor Mahoney,,,2018_2019,100.0,NO_MATCH_CREATED_NEW,APPROVED
plr_ff5ef784,transfermarkt,253677,Tyrone Mings,,,2018_2019,100.0,EXACT_NAME,APPROVED
plr_6476b2dc,transfermarkt,110858,Benik Afobe,,,2018_2019,100.0,NO_MATCH_CREATED_NEW,APPROVED
plr_dd3313a6,transfermarkt,35413,Lewis Grabban,,,2018_2019,100.0,NO_MATCH_CREATED_NEW,APPROVED
plr_d2b94846,transfermarkt,4233,Adam Federici,,,2018_2019,100.0,NO_MATCH_CREATED_NEW,APPROVED
plr_3246f3a6,transfermarkt,293450,Baily Cargill,,,2018_2019,100.0,NO_MATCH_CREATED_NEW,APPROVED
plr_aeb77cfe,transfermarkt,111073,Ryan Allsop,,,2018_2019,100.0,NO_MATCH_CREATED_NEW,APPROVED
plr_69daac56,transfermarkt,3875,Jermain Defoe,,,2018_2019,100.0,EXACT_NAME,APPROVED
plr_7804ba64,transfermarkt,175745,Brad Smith,,,2018_2019,100.0,NO_MATCH_CREATED_NEW,APPROVED
plr_c2d96404,transfermarkt,42298,Rhoys Wiggins,,,2018_2019,100.0,NO_MATCH_CREATED_NEW,APPROVED
plr_b7f75198,transfermarkt,159372,Felipe Anderson,,,2018_2019,100.0,NO_MATCH_CREATED_NEW,APPROVED
plr_90c0a9f1,transfermarkt,272622,Issa Diop,,,2018_2019,100.0,EXACT_NAME,APPROVED
plr_a2c9564b,transfermarkt,69015,Andriy Yarmolenko,,,2018_2019,100.0,EXACT_NAME,APPROVED
plr_7cd03f7c,transfermarkt,29692,Łukasz Fabiański,,,2018_2019,87.5,FUZZY_MEDIUM,REVIEW_REQUIRED
plr_cfbc0628,transfermarkt,285548,Fabián Balbuena,,,2018_2019,100.0,EXACT_NAME,APPROVED
plr_139846fd,transfermarkt,258011,Xande Silva,,,2018_2019,100.0,NO_MATCH_CREATED_NEW,APPROVED
plr_79dfa87a,transfermarkt,140191,Ryan Fredericks,,,2018_2019,100.0,EXACT_NAME,APPROVED
plr_f1040d7b,transfermarkt,51226,Carlos Sánchez,,,2018_2019,100.0,EXACT_NAME,APPROVED
plr_ab143f4a,transfermarkt,18935,Samir Nasri,,,2018_2019,100.0,EXACT_NAME,APPROVED
plr_d1c27c2b,transfermarkt,342048,Grady Diangana,,,2018_2019,100.0,EXACT_NAME,APPROVED
plr_1748102c,transfermarkt,242606,Josh Cullen,,,2018_2019,100.0,EXACT_NAME,APPROVED
plr_0d312432,transfermarkt,236953,Sam Byram,,,2018_2019,100.0,EXACT_NAME,APPROVED
plr_c12c754f,transfermarkt,291544,Jordan Hugill,,,2018_2019,100.0,EXACT_NAME,APPROVED
plr_e0738d31,transfermarkt,349300,Sead Haksabanovic,,,2018_2019,100.0,NO_MATCH_CREATED_NEW,APPROVED
plr_8eb79c3b,transfermarkt,242644,Moses Makasi,,,2018_2019,100.0,NO_MATCH_CREATED_NEW,APPROVED
plr_3854e802,transfermarkt,314295,Reece Oxford,,,2018_2019,100.0,EXACT_NAME,APPROVED
plr_b71ee2e8,transfermarkt,264220,Reece Burke,,,2018_2019,100.0,EXACT_NAME,APPROVED
plr_1a9fe208,transfermarkt,247555,Edimilson Fernandes,,,2018_2019,100.0,EXACT_NAME,APPROVED
plr_6157f179,transfermarkt,5285,Patrice Evra,,,2018_2019,100.0,NO_MATCH_CREATED_NEW,APPROVED
plr_70bed105,transfermarkt,12691,James Collins,,,2018_2019,100.0,NO_MATCH_CREATED_NEW,APPROVED
plr_997c20fc,transfermarkt,149729,João Mário,,,2018_2019,100.0,NO_MATCH_CREATED_NEW,APPROVED
plr_2bcc1d60,transfermarkt,129476,Gerard Deulofeu,,,2018_2019,100.0,EXACT_NAME,APPROVED
plr_10f67678,transfermarkt,286949,Adam Masina,,,2018_2019,100.0,EXACT_NAME,APPROVED
plr_14ef6691,transfermarkt,13572,Ben Foster,,,2018_2019,100.0,EXACT_NAME,APPROVED
plr_eef2b8a1,transfermarkt,442337,Filip Stuparevic,,,2018_2019,100.0,NO_MATCH_CREATED_NEW,APPROVED
plr_6fefbeb3,transfermarkt,252345,Ken Sema,,,2018_2019,100.0,EXACT_NAME,APPROVED
plr_29d5fb1b,transfermarkt,335245,Marc Navarro,,,2018_2019,100.0,EXACT_NAME,APPROVED
plr_05351ccb,transfermarkt,467599,Ben Wilmot,,,2018_2019,100.0,EXACT_NAME,APPROVED
plr_00c94cee,transfermarkt,391719,Domingos Quina,,,2018_2019,100.0,EXACT_NAME,APPROVED
plr_cd9bd9d3,transfermarkt,538006,Kwasi Sibo,,,2018_2019,100.0,NO_MATCH_CREATED_NEW,APPROVED
plr_5c99aad1,transfermarkt,236513,Jerome Sinclair,,,2018_2019,100.0,EXACT_NAME,APPROVED
plr_dc60b2a4,transfermarkt,308801,Adalberto Peñaranda,,,2018_2019,100.0,EXACT_NAME,APPROVED
plr_3cad7265,transfermarkt,453575,Jorge Segura,,,2018_2019,100.0,NO_MATCH_CREATED_NEW,APPROVED
plr_8e475fc6,transfermarkt,226306,Valber Huerta,,,2018_2019,100.0,NO_MATCH_CREATED_NEW,APPROVED
plr_6d776454,transfermarkt,26456,Mauro Zárate,,,2018_2019,100.0,NO_MATCH_CREATED_NEW,APPROVED
plr_809868c9,transfermarkt,349599,Pervis Estupiñán,,,2018_2019,100.0,EXACT_NAME,APPROVED
plr_f9080939,transfermarkt,424784,Luis Suárez,,,2018_2019,100.0,NO_MATCH_CREATED_NEW,APPROVED
plr_c90a8ba3,transfermarkt,314959,Obbi Oulare,,,2018_2019,100.0,NO_MATCH_CREATED_NEW,APPROVED
plr_dd6a08e5,transfermarkt,170472,Dimitri Foulquier,,,2018_2019,100.0,EXACT_NAME,APPROVED
plr_6bedab47,transfermarkt,55619,Nordin Amrabat,,,2018_2019,100.0,NO_MATCH_CREATED_NEW,APPROVED
plr_e40ec0e3,transfermarkt,120186,Daniel Bachmann,,,2018_2019,100.0,EXACT_NAME,APPROVED
plr_1ca1924f,transfermarkt,93690,Brice Dja Djédjé,,,2018_2019,100.0,NO_MATCH_CREATED_NEW,APPROVED
plr_d7bc5ce8,transfermarkt,295331,Isaac Success,,,2018_2019,100.0,NO_MATCH_CREATED_NEW,APPROVED
plr_6d436e10,transfermarkt,365544,Pontus Dahlberg,,,2018_2019,100.0,EXACT_NAME,APPROVED
plr_63898739,transfermarkt,183161,Tommie Hoban,,,2018_2019,100.0,NO_MATCH_CREATED_NEW,APPROVED
plr_5cec3e21,transfermarkt,47659,Costel Pantilimon,,,2018_2019,100.0,NO_MATCH_CREATED_NEW,APPROVED
plr_7556f312,transfermarkt,35249,Stefano Okaka,,,2018_2019,100.0,EXACT_NAME,APPROVED
plr_4973ad04,transfermarkt,92899,Marvin Zeegelaar,,,2018_2019,100.0,EXACT_NAME,APPROVED
plr_50d405e2,transfermarkt,303259,Dodi Lukébakio,,,2018_2019,100.0,NO_MATCH_CREATED_NEW,APPROVED
plr_99a0b97b,transfermarkt,27114,Younès Kaboul,,,2018_2019,92.31,FUZZY_HIGH,APPROVED
plr_5590365a,transfermarkt,135057,André Carrillo,,,2018_2019,100.0,NO_MATCH_CREATED_NEW,APPROVED
plr_15106284,transfermarkt,16408,Orestis Karnezis,,,2018_2019,100.0,NO_MATCH_CREATED_NEW,APPROVED
plr_067c4372,transfermarkt,129893,Molla Wagué,,,2018_2019,100.0,NO_MATCH_CREATED_NEW,APPROVED
plr_508aa546,transfermarkt,213268,Alireza Jahanbakhsh,,,2018_2019,100.0,EXACT_NAME,APPROVED
plr_42047687,transfermarkt,410425,Yves Bissouma,,,2018_2019,100.0,EXACT_NAME,APPROVED
plr_928f982d,transfermarkt,364258,Bernardo,,,2018_2019,93.33,FUZZY_HIGH,APPROVED
plr_fac1aa20,transfermarkt,534033,Alexis Mac Allister,,,2018_2019,100.0,EXACT_NAME,APPROVED
plr_44468301,transfermarkt,68645,Martín Montoya,,,2018_2019,100.0,EXACT_NAME,APPROVED
plr_9a987637,transfermarkt,177065,Florin Andone,,,2018_2019,100.0,EXACT_NAME,APPROVED
plr_532641b2,transfermarkt,61814,David Button,,,2018_2019,100.0,EXACT_NAME,APPROVED
plr_8e85c7c2,transfermarkt,134270,Dan Burn,,,2018_2019,100.0,EXACT_NAME,APPROVED
plr_0c703dfb,transfermarkt,312239,Percy Tau,,,2018_2019,100.0,EXACT_NAME,APPROVED
plr_96298588,transfermarkt,309180,Jan Mlakar,,,2018_2019,100.0,NO_MATCH_CREATED_NEW,APPROVED
plr_7bd3aa74,transfermarkt,433976,Tudor Băluță,,,2018_2019,100.0,NO_MATCH_CREATED_NEW,APPROVED
plr_e009af45,transfermarkt,342389,Anders Dreyer,,,2018_2019,100.0,NO_MATCH_CREATED_NEW,APPROVED
plr_0fb22b71,transfermarkt,450237,Billy Arce,,,2018_2019,100.0,NO_MATCH_CREATED_NEW,APPROVED
plr_70850120,transfermarkt,367284,Leo Østigård,,,2018_2019,100.0,NO_MATCH_CREATED_NEW,APPROVED
plr_481b06bc,transfermarkt,56100,Leon Balogun,,,2018_2019,100.0,EXACT_NAME,APPROVED
plr_c69b7eb0,transfermarkt,73564,Jason Steele,,,2018_2019,100.0,EXACT_NAME,APPROVED
plr_1435248e,transfermarkt,335721,Ben White,,,2018_2019,100.0,EXACT_NAME,APPROVED
plr_1c385151,transfermarkt,114116,Richie Towell,,,2018_2019,100.0,NO_MATCH_CREATED_NEW,APPROVED
plr_75c9ca1c,transfermarkt,112668,Tomer Hemed,,,2018_2019,100.0,EXACT_NAME,APPROVED
plr_bdad5a63,transfermarkt,73547,Oliver Norwood,,,2018_2019,100.0,EXACT_NAME,APPROVED
plr_79d29f46,transfermarkt,208379,Christian Walton,,,2018_2019,100.0,EXACT_NAME,APPROVED
plr_45f9f711,transfermarkt,262895,Soufyan Ahannach,,,2018_2019,100.0,NO_MATCH_CREATED_NEW,APPROVED
plr_9756da42,transfermarkt,141568,Rohan Ince,,,2018_2019,100.0,NO_MATCH_CREATED_NEW,APPROVED
plr_b91fcd95,transfermarkt,257805,Mathias Normann,,,2018_2019,100.0,EXACT_NAME,APPROVED
plr_297fcbf4,transfermarkt,67211,Sam Baldock,,,2018_2019,100.0,EXACT_NAME,APPROVED
plr_d402040f,transfermarkt,163656,Connor Goldson,,,2018_2019,100.0,NO_MATCH_CREATED_NEW,APPROVED
plr_ec10e15f,transfermarkt,51730,Jamie Murphy,,,2018_2019,100.0,NO_MATCH_CREATED_NEW,APPROVED
plr_bae8356d,transfermarkt,148734,Jiri Skalak,,,2018_2019,100.0,NO_MATCH_CREATED_NEW,APPROVED
plr_542254da,transfermarkt,119164,Ezequiel Schelotto,,,2018_2019,100.0,EXACT_NAME,APPROVED
plr_80d879f8,transfermarkt,33027,Tim Krul,,,2018_2019,100.0,EXACT_NAME,APPROVED
plr_644567f2,transfermarkt,10503,Uwe Hünemeier,,,2018_2019,100.0,NO_MATCH_CREATED_NEW,APPROVED
plr_78796759,transfermarkt,346040,Tyler Hornby-Forbes,,,2018_2019,100.0,NO_MATCH_CREATED_NEW,APPROVED
plr_6d0bc404,transfermarkt,12359,Niki Mäenpää,,,2018_2019,100.0,NO_MATCH_CREATED_NEW,APPROVED
plr_5c90254f,transfermarkt,242078,Ales Mateju,,,2018_2019,100.0,NO_MATCH_CREATED_NEW,APPROVED
plr_4d79fe1b,transfermarkt,31514,Markus Suttner,,,2018_2019,100.0,EXACT_NAME,APPROVED
plr_ddf7ec45,transfermarkt,15166,Liam Rosenior,,,2018_2019,100.0,NO_MATCH_CREATED_NEW,APPROVED
plr_74ffea05,transfermarkt,13427,Steve Sidwell,,,2018_2019,100.0,NO_MATCH_CREATED_NEW,APPROVED
plr_21ee61ef,transfermarkt,152651,Terence Kongolo,,,2018_2019,100.0,EXACT_NAME,APPROVED
plr_51391b30,transfermarkt,453594,Adama Diakhaby,,,2018_2019,100.0,EXACT_NAME,APPROVED
plr_589e4b01,transfermarkt,312017,Ramadan Sobhi,,,2018_2019,100.0,EXACT_NAME,APPROVED
plr_cb9f6842,transfermarkt,238809,Florent Hadergjonaj,,,2018_2019,100.0,EXACT_NAME,APPROVED
plr_51a2507f,transfermarkt,48870,Jonas Lössl,,,2018_2019,100.0,EXACT_NAME,APPROVED
plr_356080e0,transfermarkt,348863,Juninho Bacuna,,,2018_2019,100.0,EXACT_NAME,APPROVED
plr_ef63cbf4,transfermarkt,260806,Isaac Mbenza,,,2018_2019,100.0,EXACT_NAME,APPROVED
plr_49df5af6,transfermarkt,314183,Karlan Grant,,,2018_2019,100.0,EXACT_NAME,APPROVED
plr_d108932b,transfermarkt,93922,Erik Durm,,,2018_2019,100.0,EXACT_NAME,APPROVED
plr_0a48edd5,transfermarkt,278092,Jack Payne,,,2018_2019,100.0,NO_MATCH_CREATED_NEW,APPROVED
plr_275e541b,transfermarkt,285551,Joel Coleman,,,2018_2019,100.0,EXACT_NAME,APPROVED
plr_c5093729,transfermarkt,77001,Rajiv van La Parra,,,2018_2019,100.0,EXACT_NAME,APPROVED
plr_93c18389,transfermarkt,157368,Tom Ince,,,2018_2019,100.0,EXACT_NAME,APPROVED
plr_3df9f4fd,transfermarkt,102382,Michael Hefele,,,2018_2019,100.0,NO_MATCH_CREATED_NEW,APPROVED
plr_d50dd6ed,transfermarkt,261739,Tareiq Holmes-Dennis,,,2018_2019,100.0,NO_MATCH_CREATED_NEW,APPROVED
plr_62838a01,transfermarkt,201576,Jordy Hiwula,,,2018_2019,100.0,NO_MATCH_CREATED_NEW,APPROVED
plr_d0f5cbb0,transfermarkt,61549,Sean Scannell,,,2018_2019,100.0,NO_MATCH_CREATED_NEW,APPROVED
plr_39f26118,transfermarkt,101682,Scott Malone,,,2018_2019,100.0,EXACT_NAME,APPROVED
plr_7364eb4d,transfermarkt,123397,Collin Quaner,,,2018_2019,100.0,EXACT_NAME,APPROVED
plr_5d581b1f,transfermarkt,13683,Dean Whitehead,,,2018_2019,100.0,NO_MATCH_CREATED_NEW,APPROVED
plr_219ef86c,transfermarkt,99331,Jannik Vestergaard,,,2018_2019,100.0,EXACT_NAME,APPROVED
plr_5d586ba2,transfermarkt,186644,Mohamed Elyounoussi,,,2018_2019,100.0,EXACT_NAME,APPROVED
plr_3a776316,transfermarkt,130765,Stuart Armstrong,,,2018_2019,100.0,EXACT_NAME,APPROVED
plr_cd2c67e2,transfermarkt,444208,Michael Obafemi,,,2018_2019,100.0,EXACT_NAME,APPROVED
plr_6e664c42,transfermarkt,406008,Yan Valery,,,2018_2019,100.0,EXACT_NAME,APPROVED
plr_a146657c,transfermarkt,286919,Josh Sims,,,2018_2019,100.0,EXACT_NAME,APPROVED
plr_278a8bc8,transfermarkt,315185,Jake Hesketh,,,2018_2019,100.0,NO_MATCH_CREATED_NEW,APPROVED
plr_313f12dc,transfermarkt,28973,Steven Davis,,,2018_2019,100.0,EXACT_NAME,APPROVED
plr_9e73b010,transfermarkt,226968,Sam McQueen,,,2018_2019,100.0,EXACT_NAME,APPROVED
plr_f65813bf,transfermarkt,226973,Harrison Reed,,,2018_2019,100.0,EXACT_NAME,APPROVED
plr_41324808,transfermarkt,104223,Jordy Clasie,,,2018_2019,100.0,NO_MATCH_CREATED_NEW,APPROVED
plr_4c011e79,transfermarkt,247647,Ryan Seager,,,2018_2019,100.0,NO_MATCH_CREATED_NEW,APPROVED
plr_fae31dc3,transfermarkt,57423,Florin Gardoș,,,2018_2019,100.0,NO_MATCH_CREATED_NEW,APPROVED
plr_7d183e89,transfermarkt,36139,Dusan Tadic,,,2018_2019,100.0,NO_MATCH_CREATED_NEW,APPROVED
plr_1eade641,transfermarkt,112343,Manolo Gabbiadini,,,2018_2019,100.0,EXACT_NAME,APPROVED
plr_3d7157e4,transfermarkt,112988,Cédric Soares,,,2018_2019,100.0,EXACT_NAME,APPROVED
plr_0a23966c,transfermarkt,60583,Jérémy Pied,,,2018_2019,100.0,NO_MATCH_CREATED_NEW,APPROVED
plr_d9109e60,transfermarkt,253765,Wesley Hoedt,,,2018_2019,100.0,EXACT_NAME,APPROVED
plr_a025e6c4,transfermarkt,232271,Sofiane Boufal,,,2018_2019,100.0,EXACT_NAME,APPROVED
plr_6ca9fe9b,transfermarkt,184672,Guido Carrillo,,,2018_2019,100.0,EXACT_NAME,APPROVED
plr_d8729aa8,transfermarkt,3190,Stuart Taylor,,,2018_2019,100.0,NO_MATCH_CREATED_NEW,APPROVED
plr_fbb432c5,transfermarkt,175446,Jonny Otto,,,2018_2019,100.0,NO_MATCH_CREATED_NEW,APPROVED
plr_a3aa127d,transfermarkt,204103,Adama Traoré,,,2018_2019,100.0,EXACT_NAME,APPROVED
plr_52f212ca,transfermarkt,45026,Rui Patrício,,,2018_2019,100.0,NO_MATCH_CREATED_NEW,APPROVED
plr_402c4293,transfermarkt,340950,Diogo Jota,,,2018_2019,100.0,EXACT_NAME,APPROVED
plr_ccd9271d,transfermarkt,142310,Willy Boly,,,2018_2019,100.0,EXACT_NAME,APPROVED
plr_381c6142,transfermarkt,29364,João Moutinho,,,2018_2019,100.0,NO_MATCH_CREATED_NEW,APPROVED
plr_ea7ecd13,transfermarkt,525247,Maximilian Kilman,,,2018_2019,100.0,NO_MATCH_CREATED_NEW,APPROVED
plr_6bcbb576,transfermarkt,181781,Léo Bonatini,,,2018_2019,100.0,EXACT_NAME,APPROVED
plr_b552a30b,transfermarkt,206040,Raúl Jiménez,,,2018_2019,100.0,EXACT_NAME,APPROVED
plr_12791f67,transfermarkt,357158,Rúben Vinagre,,,2018_2019,100.0,NO_MATCH_CREATED_NEW,APPROVED
plr_2411b26a,transfermarkt,168157,Leander Dendoncker,,,2018_2019,100.0,EXACT_NAME,APPROVED
plr_81bd3dec,transfermarkt,504581,Ryan Giles,,,2018_2019,100.0,EXACT_NAME,APPROVED
plr_aa6d4004,transfermarkt,180843,Paul Gladon,,,2018_2019,100.0,NO_MATCH_CREATED_NEW,APPROVED
plr_b3f9e840,transfermarkt,60578,Prince Oniangué,,,2018_2019,100.0,NO_MATCH_CREATED_NEW,APPROVED
plr_f18b43ca,transfermarkt,345763,Duckens Nazon,,,2018_2019,100.0,NO_MATCH_CREATED_NEW,APPROVED
plr_d848230f,transfermarkt,120706,Joe Mason,,,2018_2019,100.0,NO_MATCH_CREATED_NEW,APPROVED
plr_cfc53e6f,transfermarkt,285583,Harry Burgoyne,,,2018_2019,100.0,NO_MATCH_CREATED_NEW,APPROVED
plr_a7a8e27e,transfermarkt,341042,Aaron Collins,,,2018_2019,81.48,FUZZY_MEDIUM,REVIEW_REQUIRED
plr_b6925aa9,transfermarkt,129067,Ethan Ebanks-Landell,,,2018_2019,100.0,NO_MATCH_CREATED_NEW,APPROVED
plr_b0573e64,transfermarkt,133858,Phil Ofosu-Ayeh,,,2018_2019,100.0,NO_MATCH_CREATED_NEW,APPROVED
plr_7c13b581,transfermarkt,345772,Bright Enobakhare,,,2018_2019,100.0,EXACT_NAME,APPROVED
plr_0fdd50bf,transfermarkt,183283,Jordan Graham,,,2018_2019,100.0,NO_MATCH_CREATED_NEW,APPROVED
plr_ce62070e,transfermarkt,129049,Danny Batth,,,2018_2019,100.0,EXACT_NAME,APPROVED
plr_e535da10,transfermarkt,337787,Connor Ronan,,,2018_2019,100.0,EXACT_NAME,APPROVED
plr_93c60ef5,transfermarkt,346175,Jack Ruddy,,,2018_2019,100.0,NO_MATCH_CREATED_NEW,APPROVED
plr_15f47109,transfermarkt,375044,Ben Stevenson,,,2018_2019,100.0,NO_MATCH_CREATED_NEW,APPROVED
plr_3c55134e,transfermarkt,91854,Barry Douglas,,,2018_2019,100.0,EXACT_NAME,APPROVED
plr_b15a3186,transfermarkt,118567,Ben Marshall,,,2018_2019,100.0,NO_MATCH_CREATED_NEW,APPROVED
plr_58a7dc5c,transfermarkt,87856,Roderick Miranda,,,2018_2019,100.0,NO_MATCH_CREATED_NEW,APPROVED
plr_a02db3d9,transfermarkt,208742,Jonathan Flatt,,,2018_2019,100.0,NO_MATCH_CREATED_NEW,APPROVED
plr_915fc11e,transfermarkt,67431,Michal Zyro,,,2018_2019,100.0,NO_MATCH_CREATED_NEW,APPROVED
plr_7a861a20,transfermarkt,213334,Dominic Iorfa,,,2018_2019,100.0,NO_MATCH_CREATED_NEW,APPROVED
plr_ab8a11b4,transfermarkt,272621,Sylvain Deslandes,,,2018_2019,100.0,NO_MATCH_CREATED_NEW,APPROVED
plr_cc2722c3,transfermarkt,233124,Kortney Hause,,,2018_2019,100.0,EXACT_NAME,APPROVED
plr_a60fe08b,transfermarkt,361254,Rafa Mir,,,2018_2019,100.0,EXACT_NAME,APPROVED
plr_06d24ca4,transfermarkt,26412,Carl Ikeme,,,2018_2019,100.0,NO_MATCH_CREATED_NEW,APPROVED
plr_8c98f86f,transfermarkt,77737,Alfred N'Diaye,,,2018_2019,100.0,NO_MATCH_CREATED_NEW,APPROVED
plr_e4cf7745,transfermarkt,190780,Emiliano Sala,,,2018_2019,100.0,NO_MATCH_CREATED_NEW,APPROVED
plr_6ec72bd1,transfermarkt,199528,Josh Murphy,,,2018_2019,100.0,EXACT_NAME,APPROVED
plr_7ef751fc,transfermarkt,186186,Bobby De Cordova-Reid,,,2018_2019,100.0,EXACT_NAME,APPROVED
plr_4fbd51a7,transfermarkt,114093,Greg Cunningham,,,2018_2019,96.77,FUZZY_HIGH,APPROVED
plr_f5c50b75,transfermarkt,33754,Alex Smithies,,,2018_2019,100.0,EXACT_NAME,APPROVED
plr_f37fe529,transfermarkt,126014,Leandro Bacuna,,,2018_2019,100.0,EXACT_NAME,APPROVED
plr_764b8447,transfermarkt,263856,Víctor Camarasa,,,2018_2019,100.0,EXACT_NAME,APPROVED
plr_e5eba929,transfermarkt,134657,Omar Bogle,,,2018_2019,100.0,EXACT_NAME,APPROVED
plr_a7a03daf,transfermarkt,347439,Jack McKay,,,2018_2019,100.0,NO_MATCH_CREATED_NEW,APPROVED
plr_2eb35371,transfermarkt,611845,Ciaron Brown,,,2018_2019,100.0,NO_MATCH_CREATED_NEW,APPROVED
plr_767a4f43,transfermarkt,93626,Stuart O'Keefe,,,2018_2019,100.0,NO_MATCH_CREATED_NEW,APPROVED
plr_bc07e45c,transfermarkt,104586,Lee Tomlin,,,2018_2019,100.0,NO_MATCH_CREATED_NEW,APPROVED
plr_9de7334c,transfermarkt,238185,Rhys Healey,,,2018_2019,100.0,EXACT_NAME,APPROVED
plr_5faa6205,transfermarkt,66994,Gary Madine,,,2018_2019,100.0,EXACT_NAME,APPROVED
plr_09500794,transfermarkt,343302,Paul McKay,,,2018_2019,100.0,NO_MATCH_CREATED_NEW,APPROVED
plr_d0ee064b,transfermarkt,475292,Ibrahim Meite,,,2018_2019,100.0,NO_MATCH_CREATED_NEW,APPROVED
plr_cd009cc7,transfermarkt,67322,Anthony Pilkington,,,2018_2019,100.0,EXACT_NAME,APPROVED
plr_ca484a81,transfermarkt,13443,Lee Camp,,,2018_2019,100.0,NO_MATCH_CREATED_NEW,APPROVED
plr_d7fe2cd8,transfermarkt,132207,Matty Kennedy,,,2018_2019,100.0,NO_MATCH_CREATED_NEW,APPROVED
plr_8d3c236f,transfermarkt,121352,Ben Wilson,,,2018_2019,100.0,NO_MATCH_CREATED_NEW,APPROVED
plr_473d5f24,transfermarkt,59471,Chris Konopka,,,2018_2019,100.0,NO_MATCH_CREATED_NEW,APPROVED
plr_1be8bdba,transfermarkt,42062,Greg Halford,,,2018_2019,100.0,EXACT_NAME,APPROVED
plr_c80c7ccc,transfermarkt,128304,Frédéric Gounongbe,,,2018_2019,100.0,NO_MATCH_CREATED_NEW,APPROVED
plr_0b2d53f9,transfermarkt,178614,Jean Michaël Seri,,,2018_2019,100.0,EXACT_NAME,APPROVED
plr_03815c0c,transfermarkt,354361,Frank Anguissa,,,2018_2019,100.0,NO_MATCH_CREATED_NEW,APPROVED
plr_9911a387,transfermarkt,287431,Alfie Mawson,,,2018_2019,100.0,EXACT_NAME,APPROVED
plr_c609ab88,transfermarkt,194460,Joe Bryan,,,2018_2019,100.0,EXACT_NAME,APPROVED
plr_e359d2cb,transfermarkt,45882,Fabri,,,2018_2019,100.0,NO_MATCH_CREATED_NEW,APPROVED
plr_ff89e002,transfermarkt,60558,Maxime Le Marchand,,,2018_2019,100.0,EXACT_NAME,APPROVED
plr_280548db,transfermarkt,16135,Ryan Babel,,,2018_2019,100.0,EXACT_NAME,APPROVED
plr_25eaca77,transfermarkt,42234,Håvard Nordtveit,,,2018_2019,100.0,EXACT_NAME,APPROVED
plr_5c0d9924,transfermarkt,58205,André Schürrle,,,2018_2019,100.0,EXACT_NAME,APPROVED
plr_2eb6d93e,transfermarkt,214316,Luciano Vietto,,,2018_2019,100.0,EXACT_NAME,APPROVED
plr_570ce681,transfermarkt,207302,Sergio Rico,,,2018_2019,100.0,EXACT_NAME,APPROVED
plr_19f13b01,transfermarkt,169801,Cauley Woodrow,,,2018_2019,100.0,EXACT_NAME,APPROVED
plr_cc0853b8,transfermarkt,142022,Marcelo Djaló,,,2018_2019,100.0,NO_MATCH_CREATED_NEW,APPROVED
plr_048a1491,transfermarkt,62008,Stefan Johansen,,,2018_2019,100.0,EXACT_NAME,APPROVED
plr_d55c1ee9,transfermarkt,136368,George Williams,,,2018_2019,100.0,NO_MATCH_CREATED_NEW,APPROVED
plr_5a8c03f0,transfermarkt,290951,Aboubakar Kamara,,,2018_2019,100.0,EXACT_NAME,APPROVED
plr_c5bab3c8,transfermarkt,9335,Rui Fonte,,,2018_2019,100.0,NO_MATCH_CREATED_NEW,APPROVED
plr_1e8508af,transfermarkt,357565,Rodri,,,2019_2020,100.0,NO_MATCH_CREATED_NEW,APPROVED
plr_50ba33e6,transfermarkt,182712,João Cancelo,,,2019_2020,100.0,EXACT_NAME,APPROVED
plr_03e9bed5,transfermarkt,277179,Angeliño,,,2019_2020,100.0,NO_MATCH_CREATED_NEW,APPROVED
plr_50624195,transfermarkt,553875,Pedro Porro,,,2019_2020,100.0,EXACT_NAME,APPROVED
plr_5a549c34,transfermarkt,221624,Zack Steffen,,,2019_2020,100.0,EXACT_NAME,APPROVED
plr_3687db84,transfermarkt,505652,Slobodan Tedic,,,2019_2020,100.0,NO_MATCH_CREATED_NEW,APPROVED
plr_d19559f2,transfermarkt,426666,Ryotaro Meshino,,,2019_2020,100.0,NO_MATCH_CREATED_NEW,APPROVED
plr_520ab15b,transfermarkt,14555,Scott Carson,,,2019_2020,100.0,EXACT_NAME,APPROVED
plr_3bcccd90,transfermarkt,466794,Eric García,,,2019_2020,90.91,FUZZY_HIGH,APPROVED
plr_e90d8ba9,transfermarkt,282199,Erik Palmer-Brown,,,2019_2020,100.0,NO_MATCH_CREATED_NEW,APPROVED
plr_91ffa211,transfermarkt,314288,Lukas Nmecha,,,2019_2020,100.0,NO_MATCH_CREATED_NEW,APPROVED
plr_da872fd3,transfermarkt,371021,Arijanet Murić,,,2019_2020,92.86,FUZZY_HIGH,APPROVED
plr_27a97d88,transfermarkt,225452,Patrick Roberts,,,2019_2020,100.0,EXACT_NAME,APPROVED
plr_7b63aa7a,transfermarkt,371003,Ante Palaversa,,,2019_2020,100.0,EXACT_NAME,APPROVED
plr_bc5db7b4,transfermarkt,345654,Marlos Moreno,,,2019_2020,100.0,EXACT_NAME,APPROVED
plr_00a03259,transfermarkt,378293,Yangel Herrera,,,2019_2020,81.48,FUZZY_MEDIUM,REVIEW_REQUIRED
plr_d1cdbf30,transfermarkt,226739,Anthony Cáceres,,,2019_2020,100.0,EXACT_NAME,APPROVED
plr_867b5145,transfermarkt,447661,Douglas Luiz,,,2019_2020,100.0,NO_MATCH_CREATED_NEW,APPROVED
plr_2cf31e31,transfermarkt,277118,Manu García,,,2019_2020,100.0,EXACT_NAME,APPROVED
plr_e7a66a7c,transfermarkt,210178,Pablo Marí,,,2019_2020,100.0,EXACT_NAME,APPROVED
plr_75e963d2,transfermarkt,261504,Aleix García,,,2019_2020,100.0,NO_MATCH_CREATED_NEW,APPROVED
plr_06d80ab2,transfermarkt,114365,Luke Brattan,,,2019_2020,100.0,NO_MATCH_CREATED_NEW,APPROVED
plr_86bfa973,transfermarkt,145707,Danilo,,,2019_2020,100.0,NO_MATCH_CREATED_NEW,APPROVED
plr_d2e9662b,transfermarkt,50362,Fabian Delph,,,2019_2020,100.0,EXACT_NAME,APPROVED
plr_03e9bed5,transfermarkt,277179,Angeliño,,,2019_2020,100.0,EXACT_NAME,APPROVED
plr_0a3793db,transfermarkt,9594,Vincent Kompany,,,2019_2020,100.0,EXACT_NAME,APPROVED
plr_ddd3acd2,transfermarkt,90681,Eliaquim Mangala,,,2019_2020,100.0,NO_MATCH_CREATED_NEW,APPROVED
plr_02f3353d,transfermarkt,384807,Thomas Agyepong,,,2019_2020,100.0,EXACT_NAME,APPROVED
plr_dc6c0e74,transfermarkt,340460,Philippe Sandler,,,2019_2020,100.0,EXACT_NAME,APPROVED
plr_15e42035,transfermarkt,165793,Takumi Minamino,,,2019_2020,100.0,EXACT_NAME,APPROVED
plr_904e9ca0,transfermarkt,541231,Sepp van den Berg,,,2019_2020,100.0,EXACT_NAME,APPROVED
plr_cc558d8e,transfermarkt,14044,Andy Lonergan,,,2019_2020,100.0,EXACT_NAME,APPROVED
plr_9658aad3,transfermarkt,71271,Adrián San Miguel,,,2019_2020,100.0,NO_MATCH_CREATED_NEW,APPROVED
plr_82ba1ffc,transfermarkt,371814,Nat Phillips,,,2019_2020,88.0,FUZZY_MEDIUM,REVIEW_REQUIRED
plr_7cdbe839,transfermarkt,503680,Neco Williams,,,2019_2020,100.0,EXACT_NAME,APPROVED
plr_fc22c982,transfermarkt,340918,Caoimhín Kelleher,,,2019_2020,94.12,FUZZY_HIGH,APPROVED
plr_258eb7b1,transfermarkt,295313,Taiwo Awoniyi,,,2019_2020,100.0,EXACT_NAME,APPROVED
plr_c3c993f9,transfermarkt,385271,Allan,,,2019_2020,100.0,EXACT_NAME,APPROVED
plr_be05ec04,transfermarkt,236510,Sheyi Ojo,,,2019_2020,100.0,EXACT_NAME,APPROVED
plr_eee31c87,transfermarkt,134294,Danny Ings,,,2019_2020,100.0,EXACT_NAME,APPROVED
plr_daf77a07,transfermarkt,85864,Loris Karius,,,2019_2020,100.0,EXACT_NAME,APPROVED
plr_0747d5b6,transfermarkt,222813,Marko Grujić,,,2019_2020,100.0,EXACT_NAME,APPROVED
plr_b424b132,transfermarkt,279457,Ryan Kent,,,2019_2020,100.0,EXACT_NAME,APPROVED
plr_da24d8fc,transfermarkt,50219,Simon Mignolet,,,2019_2020,100.0,EXACT_NAME,APPROVED
plr_04283c23,transfermarkt,279455,Harry Wilson,,,2019_2020,100.0,EXACT_NAME,APPROVED
plr_40cab230,transfermarkt,47082,Daniel Sturridge,,,2019_2020,100.0,EXACT_NAME,APPROVED
plr_872d206e,transfermarkt,207917,Alberto Moreno,,,2019_2020,100.0,EXACT_NAME,APPROVED
plr_7f1b66a0,transfermarkt,344015,Ben Woodburn,,,2019_2020,100.0,EXACT_NAME,APPROVED
plr_0599ec12,transfermarkt,337284,Ovie Ejaria,,,2019_2020,100.0,EXACT_NAME,APPROVED
plr_868cfbec,transfermarkt,55247,Ádám Bogdán,,,2019_2020,100.0,EXACT_NAME,APPROVED
plr_f82a0215,transfermarkt,262545,Connor Randall,,,2019_2020,100.0,EXACT_NAME,APPROVED
plr_99a11ace,transfermarkt,51471,Mateo Kovacic,,,2019_2020,100.0,EXACT_NAME,APPROVED
plr_22960927,transfermarkt,346483,Mason Mount,,,2019_2020,100.0,EXACT_NAME,APPROVED
plr_7e350dc4,transfermarkt,423744,Billy Gilmour,,,2019_2020,100.0,EXACT_NAME,APPROVED
plr_496d6581,transfermarkt,472423,Reece James,,,2019_2020,100.0,EXACT_NAME,APPROVED
plr_b6854220,transfermarkt,392757,Marc Guéhi,,,2019_2020,100.0,EXACT_NAME,APPROVED
plr_34925e68,transfermarkt,222830,Danilo Pantic,,,2019_2020,100.0,NO_MATCH_CREATED_NEW,APPROVED
plr_133754fc,transfermarkt,128898,Jamal Blackman,,,2019_2020,100.0,EXACT_NAME,APPROVED
plr_cdd267e0,transfermarkt,198589,Lewis Baker,,,2019_2020,85.71,FUZZY_MEDIUM,REVIEW_REQUIRED
plr_3e594bdb,transfermarkt,73491,Danny Drinkwater,,,2019_2020,84.85,FUZZY_MEDIUM,REVIEW_REQUIRED
plr_153f715d,transfermarkt,179184,Michy Batshuayi,,,2019_2020,100.0,EXACT_NAME,APPROVED
plr_5978df1c,transfermarkt,176485,Lucas Piazón,,,2019_2020,100.0,EXACT_NAME,APPROVED
plr_ad140362,transfermarkt,224884,Abdul Rahman Baba,,,2019_2020,100.0,EXACT_NAME,APPROVED
plr_6f1af571,transfermarkt,59866,Victor Moses,,,2019_2020,100.0,EXACT_NAME,APPROVED
plr_5fb12128,transfermarkt,315779,Christian Pulisic,,,2019_2020,100.0,EXACT_NAME,APPROVED
plr_41af90b5,transfermarkt,157490,Michael Hector,,,2019_2020,100.0,EXACT_NAME,APPROVED
plr_df2b759a,transfermarkt,131708,Kenneth Omeruo,,,2019_2020,100.0,EXACT_NAME,APPROVED
plr_f7016931,transfermarkt,236490,Ola Aina,,,2019_2020,100.0,EXACT_NAME,APPROVED
plr_e2b837a7,transfermarkt,182618,Tiemoué Bakayoko,,,2019_2020,100.0,EXACT_NAME,APPROVED
plr_be51e50e,transfermarkt,34159,Eduardo,,,2019_2020,100.0,EXACT_NAME,APPROVED
plr_f14726b3,transfermarkt,316551,Jake Clarke-Salter,,,2019_2020,100.0,EXACT_NAME,APPROVED
plr_0f5e38e9,transfermarkt,50202,Eden Hazard,,,2019_2020,100.0,EXACT_NAME,APPROVED
plr_1abfbb50,transfermarkt,148657,Tomas Kalas,,,2019_2020,100.0,EXACT_NAME,APPROVED
plr_4215bfc0,transfermarkt,46741,David Luiz,,,2019_2020,100.0,NO_MATCH_CREATED_NEW,APPROVED
plr_c8c2df65,transfermarkt,392771,Ethan Ampadu,,,2019_2020,100.0,EXACT_NAME,APPROVED
plr_fe424104,transfermarkt,154287,Todd Kane,,,2019_2020,100.0,EXACT_NAME,APPROVED
plr_ea397c75,transfermarkt,27511,Gary Cahill,,,2019_2020,100.0,EXACT_NAME,APPROVED
plr_1fa07280,transfermarkt,173859,Davide Zappacosta,,,2019_2020,100.0,EXACT_NAME,APPROVED
plr_e1b7c9cb,transfermarkt,245805,Izzy Brown,,,2019_2020,100.0,EXACT_NAME,APPROVED
plr_8760c28d,transfermarkt,281404,Kenedy,,,2019_2020,100.0,EXACT_NAME,APPROVED
plr_0d16fc04,transfermarkt,245893,Matt Miazga,,,2019_2020,100.0,EXACT_NAME,APPROVED
plr_b76a8367,transfermarkt,11680,Rob Green,,,2019_2020,100.0,EXACT_NAME,APPROVED
plr_cb466124,transfermarkt,39153,Gonzalo Higuaín,,,2019_2020,100.0,EXACT_NAME,APPROVED
plr_8050d42e,transfermarkt,450936,Tanguy Ndombélé,,,2019_2020,86.67,FUZZY_MEDIUM,REVIEW_REQUIRED
plr_2ccc3a8c,transfermarkt,284165,Steven Bergwijn,,,2019_2020,100.0,EXACT_NAME,APPROVED
plr_1b8f4c67,transfermarkt,392775,Ryan Sessegnon,,,2019_2020,100.0,EXACT_NAME,APPROVED
plr_edc2579b,transfermarkt,348795,Giovani Lo Celso,,,2019_2020,100.0,EXACT_NAME,APPROVED
plr_1b991171,transfermarkt,559794,Jack Clarke,,,2019_2020,100.0,NO_MATCH_CREATED_NEW,APPROVED
plr_1a9fe208,transfermarkt,337800,Gedson Fernandes,,,2019_2020,85.71,FUZZY_MEDIUM,REVIEW_REQUIRED
plr_ea3ba6b5,transfermarkt,346478,Japhet Tanganga,,,2019_2020,100.0,EXACT_NAME,APPROVED
plr_5564ab09,transfermarkt,282823,Alfie Whiteman,,,2019_2020,100.0,EXACT_NAME,APPROVED
plr_1e34a9f7,transfermarkt,26276,Michel Vorm,,,2019_2020,100.0,EXACT_NAME,APPROVED
plr_e81737e0,transfermarkt,341049,Cameron Carter-Vickers,,,2019_2020,100.0,EXACT_NAME,APPROVED
plr_b6470895,transfermarkt,215679,Georges-Kevin N'Koudou,,,2019_2020,95.0,FUZZY_HIGH,APPROVED
plr_f529b524,transfermarkt,69633,Christian Eriksen,,,2019_2020,100.0,EXACT_NAME,APPROVED
plr_f85d25e1,transfermarkt,95810,Kieran Trippier,,,2019_2020,100.0,EXACT_NAME,APPROVED
plr_97eeadf5,transfermarkt,207015,Vincent Janssen,,,2019_2020,100.0,EXACT_NAME,APPROVED
plr_3fb2c357,transfermarkt,50174,Danny Rose,,,2019_2020,100.0,EXACT_NAME,APPROVED
plr_f0424b10,transfermarkt,77760,Victor Wanyama,,,2019_2020,100.0,EXACT_NAME,APPROVED
plr_269fb425,transfermarkt,35564,Fernando Llorente,,,2019_2020,100.0,EXACT_NAME,APPROVED
plr_d9b94916,transfermarkt,243589,Josh Onomah,,,2019_2020,100.0,EXACT_NAME,APPROVED
plr_100c6f03,transfermarkt,341051,Kyle Walker-Peters,,,2019_2020,100.0,EXACT_NAME,APPROVED
plr_10471fa2,transfermarkt,343052,Nicolas Pépé,,,2019_2020,100.0,EXACT_NAME,APPROVED
plr_f331e355,transfermarkt,495666,William Saliba,,,2019_2020,100.0,EXACT_NAME,APPROVED
plr_732bbb2c,transfermarkt,300716,Kieran Tierney,,,2019_2020,100.0,EXACT_NAME,APPROVED
plr_61f9b3a9,transfermarkt,655488,Gabriel Martinelli,,,2019_2020,100.0,NO_MATCH_CREATED_NEW,APPROVED
plr_3d7157e4,transfermarkt,112988,Cédric Soares,,,2019_2020,100.0,EXACT_NAME,APPROVED
plr_1b7734a9,transfermarkt,319745,Dani Ceballos,,,2019_2020,100.0,NO_MATCH_CREATED_NEW,APPROVED
plr_7124259f,transfermarkt,340325,Reiss Nelson,,,2019_2020,100.0,EXACT_NAME,APPROVED
plr_fa7d65cb,transfermarkt,340329,Joe Willock,,,2019_2020,100.0,EXACT_NAME,APPROVED
plr_fc4367b1,transfermarkt,433177,Bukayo Saka,,,2019_2020,100.0,EXACT_NAME,APPROVED
plr_832991e3,transfermarkt,340324,Eddie Nketiah,,,2019_2020,100.0,EXACT_NAME,APPROVED
plr_d7cc1439,transfermarkt,205757,Dejan Iliev,,,2019_2020,100.0,EXACT_NAME,APPROVED
plr_208ff36c,transfermarkt,415912,Konstantinos Mavropanos,,,2019_2020,100.0,EXACT_NAME,APPROVED
plr_d10adf17,transfermarkt,73396,David Ospina,,,2019_2020,100.0,EXACT_NAME,APPROVED
plr_a5ec64e3,transfermarkt,245744,Takuma Asano,,,2019_2020,100.0,EXACT_NAME,APPROVED
plr_0f6c67f6,transfermarkt,242631,Alex Iwobi,,,2019_2020,100.0,EXACT_NAME,APPROVED
plr_b73897cd,transfermarkt,287247,Krystian Bielik,,,2019_2020,100.0,EXACT_NAME,APPROVED
plr_3fab3b87,transfermarkt,76277,Laurent Koscielny,,,2019_2020,100.0,EXACT_NAME,APPROVED
plr_9d720bcf,transfermarkt,55735,Henrikh Mkhitaryan,,,2019_2020,100.0,EXACT_NAME,APPROVED
plr_ad0d0bc8,transfermarkt,126321,Carl Jenkinson,,,2019_2020,100.0,EXACT_NAME,APPROVED
plr_4c40da69,transfermarkt,43003,Nacho Monreal,,,2019_2020,100.0,EXACT_NAME,APPROVED
plr_71d84a1d,transfermarkt,2865,Stephan Lichtsteiner,,,2019_2020,100.0,EXACT_NAME,APPROVED
plr_50585d71,transfermarkt,50057,Aaron Ramsey,,,2019_2020,100.0,EXACT_NAME,APPROVED
plr_87a492b6,transfermarkt,67063,Danny Welbeck,,,2019_2020,100.0,EXACT_NAME,APPROVED
plr_528bf654,transfermarkt,160438,Mohamed Elneny,,,2019_2020,100.0,EXACT_NAME,APPROVED
plr_569dc14c,transfermarkt,5658,Petr Cech,,,2019_2020,100.0,EXACT_NAME,APPROVED
plr_babf6d0c,transfermarkt,165007,Denis Suárez,,,2019_2020,100.0,EXACT_NAME,APPROVED
plr_baacfe09,transfermarkt,177907,Harry Maguire,,,2019_2020,100.0,EXACT_NAME,APPROVED
plr_113754d9,transfermarkt,240306,Bruno Fernandes,,,2019_2020,100.0,NO_MATCH_CREATED_NEW,APPROVED
plr_b9cc9a07,transfermarkt,477758,Aaron Wan-Bissaka,,,2019_2020,100.0,EXACT_NAME,APPROVED
plr_06a46691,transfermarkt,319301,Daniel James,,,2019_2020,100.0,EXACT_NAME,APPROVED
plr_91c3f796,transfermarkt,62121,Odion Ighalo,,,2019_2020,100.0,EXACT_NAME,APPROVED
plr_736964ec,transfermarkt,532826,Mason Greenwood,,,2019_2020,100.0,EXACT_NAME,APPROVED
plr_6a112562,transfermarkt,507700,Brandon Williams,,,2019_2020,100.0,EXACT_NAME,APPROVED
plr_34c056af,transfermarkt,344830,Tahith Chong,,,2019_2020,100.0,EXACT_NAME,APPROVED
plr_639f9320,transfermarkt,392770,Angel Gomes,,,2019_2020,100.0,EXACT_NAME,APPROVED
plr_dd2dae7f,transfermarkt,258879,Cameron Borthwick-Jackson,,,2019_2020,100.0,EXACT_NAME,APPROVED
plr_f349c2d6,transfermarkt,192611,Joel Pereira,,,2019_2020,100.0,EXACT_NAME,APPROVED
plr_818e59dd,transfermarkt,96341,Romelu Lukaku,,,2019_2020,100.0,EXACT_NAME,APPROVED
plr_8dda1b3e,transfermarkt,103427,Chris Smalling,,,2019_2020,100.0,EXACT_NAME,APPROVED
plr_71457ce8,transfermarkt,54906,Matteo Darmian,,,2019_2020,100.0,EXACT_NAME,APPROVED
plr_68c4c447,transfermarkt,14086,Ashley Young,,,2019_2020,100.0,EXACT_NAME,APPROVED
plr_4f6b0803,transfermarkt,33544,Antonio Valencia,,,2019_2020,100.0,EXACT_NAME,APPROVED
plr_f56a637a,transfermarkt,214104,James Wilson,,,2019_2020,100.0,EXACT_NAME,APPROVED
plr_00a03259,transfermarkt,99343,Ander Herrera,,,2019_2020,100.0,EXACT_NAME,APPROVED
plr_b3fa3efa,transfermarkt,40433,Alexis Sánchez,,,2019_2020,100.0,EXACT_NAME,APPROVED
plr_67ffebd5,transfermarkt,93176,Marcos Rojo,,,2019_2020,100.0,EXACT_NAME,APPROVED
plr_b552a30b,transfermarkt,206040,Raúl Jiménez,,,2019_2020,100.0,EXACT_NAME,APPROVED
plr_a9a6a1f7,transfermarkt,256977,Daniel Podence,,,2019_2020,100.0,NO_MATCH_CREATED_NEW,APPROVED
plr_7068a1e1,transfermarkt,265078,Patrick Cutrone,,,2019_2020,100.0,EXACT_NAME,APPROVED
plr_13b03aa0,transfermarkt,487465,Pedro Neto,,,2019_2020,100.0,NO_MATCH_CREATED_NEW,APPROVED
plr_2411b26a,transfermarkt,168157,Leander Dendoncker,,,2019_2020,100.0,EXACT_NAME,APPROVED
plr_e818e68a,transfermarkt,415646,Bruno Jordão,,,2019_2020,100.0,NO_MATCH_CREATED_NEW,APPROVED
plr_d9bddd7f,transfermarkt,335461,Renat Dadashov,,,2019_2020,100.0,NO_MATCH_CREATED_NEW,APPROVED
plr_396ccfa2,transfermarkt,606872,Leonardo Campana,,,2019_2020,100.0,EXACT_NAME,APPROVED
plr_23dab9a5,transfermarkt,251896,Jesús Vallejo,,,2019_2020,100.0,NO_MATCH_CREATED_NEW,APPROVED
plr_de9368b1,transfermarkt,293283,Oskar Buur,,,2019_2020,100.0,EXACT_NAME,APPROVED
plr_0fdd50bf,transfermarkt,183283,Jordan Graham,,,2019_2020,100.0,EXACT_NAME,APPROVED
plr_e535da10,transfermarkt,337787,Connor Ronan,,,2019_2020,100.0,EXACT_NAME,APPROVED
plr_81bd3dec,transfermarkt,504581,Ryan Giles,,,2019_2020,100.0,EXACT_NAME,APPROVED
plr_d6c51cd6,transfermarkt,285033,Will Norris,,,2019_2020,100.0,EXACT_NAME,APPROVED
plr_7c13b581,transfermarkt,345772,Bright Enobakhare,,,2019_2020,100.0,EXACT_NAME,APPROVED
plr_a60fe08b,transfermarkt,361254,Rafa Mir,,,2019_2020,100.0,EXACT_NAME,APPROVED
plr_1438731a,transfermarkt,149716,Ivan Cavaleiro,,,2019_2020,100.0,EXACT_NAME,APPROVED
plr_93c60ef5,transfermarkt,346175,Jack Ruddy,,,2019_2020,100.0,EXACT_NAME,APPROVED
plr_b0573e64,transfermarkt,133858,Phil Ofosu-Ayeh,,,2019_2020,100.0,EXACT_NAME,APPROVED
plr_cc2722c3,transfermarkt,233124,Kortney Hause,,,2019_2020,100.0,EXACT_NAME,APPROVED
plr_915fc11e,transfermarkt,67431,Michal Zyro,,,2019_2020,100.0,EXACT_NAME,APPROVED
plr_ab8a11b4,transfermarkt,272621,Sylvain Deslandes,,,2019_2020,100.0,EXACT_NAME,APPROVED
plr_58a7dc5c,transfermarkt,87856,Roderick Miranda,,,2019_2020,100.0,EXACT_NAME,APPROVED
plr_b6925aa9,transfermarkt,129067,Ethan Ebanks-Landell,,,2019_2020,100.0,EXACT_NAME,APPROVED
plr_5384e59f,transfermarkt,67252,Ryan Bennett,,,2019_2020,100.0,EXACT_NAME,APPROVED
plr_6bcbb576,transfermarkt,181781,Léo Bonatini,,,2019_2020,100.0,EXACT_NAME,APPROVED
plr_17bce08f,transfermarkt,173900,Hélder Costa,,,2019_2020,100.0,EXACT_NAME,APPROVED
plr_cfc53e6f,transfermarkt,285583,Harry Burgoyne,,,2019_2020,100.0,EXACT_NAME,APPROVED
plr_9dd1ee31,transfermarkt,364135,Moise Kean,,,2019_2020,100.0,EXACT_NAME,APPROVED
plr_e475a388,transfermarkt,182894,Jean-Philippe Gbamin,,,2019_2020,100.0,EXACT_NAME,APPROVED
plr_da0877f6,transfermarkt,221025,André Gomes,,,2019_2020,100.0,EXACT_NAME,APPROVED
plr_22fc351d,transfermarkt,161869,Djibril Sidibé,,,2019_2020,100.0,EXACT_NAME,APPROVED
plr_b65a8734,transfermarkt,661053,Jarrad Branthwaite,,,2019_2020,100.0,EXACT_NAME,APPROVED
plr_51a2507f,transfermarkt,48870,Jonas Lössl,,,2019_2020,100.0,EXACT_NAME,APPROVED
plr_84b9ba63,transfermarkt,503733,Anthony Gordon,,,2019_2020,100.0,EXACT_NAME,APPROVED
plr_e8608dc7,transfermarkt,110860,Luke Garbutt,,,2019_2020,100.0,EXACT_NAME,APPROVED
plr_30017acd,transfermarkt,258916,Kieran Dowell,,,2019_2020,100.0,EXACT_NAME,APPROVED
plr_30efeb64,transfermarkt,93905,Muhamed Besic,,,2019_2020,84.62,FUZZY_MEDIUM,REVIEW_REQUIRED
plr_df31ebae,transfermarkt,75471,Yannick Bolasie,,,2019_2020,100.0,EXACT_NAME,APPROVED
plr_35c38f75,transfermarkt,91251,Cuco Martina,,,2019_2020,100.0,EXACT_NAME,APPROVED
plr_09e9c769,transfermarkt,209781,Oumar Niasse,,,2019_2020,100.0,EXACT_NAME,APPROVED
plr_9dc75fe3,transfermarkt,199369,Sandro Ramírez,,,2019_2020,100.0,EXACT_NAME,APPROVED
plr_97dce035,transfermarkt,293200,Nikola Vlašić,,,2019_2020,100.0,EXACT_NAME,APPROVED
plr_0107d1cf,transfermarkt,33639,Kevin Mirallas,,,2019_2020,100.0,EXACT_NAME,APPROVED
plr_ff9ef66a,transfermarkt,45671,Cenk Tosun,,,2019_2020,100.0,EXACT_NAME,APPROVED
plr_867c06c5,transfermarkt,184381,Shani Tarashaj,,,2019_2020,100.0,EXACT_NAME,APPROVED
plr_3df0f953,transfermarkt,380415,Henry Onyekuru,,,2019_2020,100.0,EXACT_NAME,APPROVED
plr_0d71f785,transfermarkt,126665,Idrissa Gueye,,,2019_2020,100.0,EXACT_NAME,APPROVED
plr_4e1069b9,transfermarkt,406040,Ademola Lookman,,,2019_2020,100.0,EXACT_NAME,APPROVED
plr_0061283a,transfermarkt,45333,James McCarthy,,,2019_2020,100.0,EXACT_NAME,APPROVED
plr_e0fcfae1,transfermarkt,318547,Mateusz Hewelt,,,2019_2020,100.0,NO_MATCH_CREATED_NEW,APPROVED
plr_a731f038,transfermarkt,67355,Ashley Williams,,,2019_2020,100.0,EXACT_NAME,APPROVED
plr_002a338b,transfermarkt,208244,Brendan Galloway,,,2019_2020,100.0,NO_MATCH_CREATED_NEW,APPROVED
plr_d65aef93,transfermarkt,13520,Phil Jagielka,,,2019_2020,100.0,EXACT_NAME,APPROVED
plr_49d3013b,transfermarkt,220755,Matthew Pennington,,,2019_2020,100.0,EXACT_NAME,APPROVED
plr_6c8f13a9,transfermarkt,258883,Jonjoe Kenny,,,2019_2020,100.0,EXACT_NAME,APPROVED
plr_97d99afb,transfermarkt,249565,Youri Tielemans,,,2019_2020,100.0,EXACT_NAME,APPROVED
plr_3a68ab01,transfermarkt,246968,Ayoze Pérez,,,2019_2020,100.0,EXACT_NAME,APPROVED
plr_ea1bf1b1,transfermarkt,129588,Dennis Praet,,,2019_2020,100.0,EXACT_NAME,APPROVED
plr_3227c75b,transfermarkt,413220,James Justin,,,2019_2020,100.0,EXACT_NAME,APPROVED
plr_d5efa918,transfermarkt,502011,Callum Hulme,,,2019_2020,100.0,NO_MATCH_CREATED_NEW,APPROVED
plr_2d1bac50,transfermarkt,420808,George Hirst,,,2019_2020,100.0,EXACT_NAME,APPROVED
plr_68357a6d,transfermarkt,56872,Andy King,,,2019_2020,100.0,EXACT_NAME,APPROVED
plr_865cc583,transfermarkt,395797,Sam Hughes,,,2019_2020,85.71,FUZZY_MEDIUM,REVIEW_REQUIRED
plr_8216d44e,transfermarkt,364861,Fousseni Diabaté,,,2019_2020,100.0,EXACT_NAME,APPROVED
plr_f77e6dcb,transfermarkt,293168,Filip Benkovic,,,2019_2020,100.0,EXACT_NAME,APPROVED
plr_d59aeda4,transfermarkt,174915,Islam Slimani,,,2019_2020,100.0,EXACT_NAME,APPROVED
plr_8c9c1c01,transfermarkt,271997,Callum Elder,,,2019_2020,100.0,EXACT_NAME,APPROVED
plr_80d3a706,transfermarkt,79642,Shinji Okazaki,,,2019_2020,100.0,EXACT_NAME,APPROVED
plr_805640dc,transfermarkt,118287,Rachid Ghezzal,,,2019_2020,100.0,EXACT_NAME,APPROVED
plr_33e59122,transfermarkt,298240,George Thomas,,,2019_2020,100.0,EXACT_NAME,APPROVED
plr_37b5222f,transfermarkt,37442,Danny Simpson,,,2019_2020,100.0,EXACT_NAME,APPROVED
plr_78297c9c,transfermarkt,181375,Sébastien Haller,,,2019_2020,100.0,EXACT_NAME,APPROVED
plr_3ed2bd72,transfermarkt,357885,Pablo Fornals,,,2019_2020,100.0,EXACT_NAME,APPROVED
plr_66a98d63,transfermarkt,314875,Jarrod Bowen,,,2019_2020,100.0,EXACT_NAME,APPROVED
plr_65eeafd8,transfermarkt,195906,Albian Ajeti,,,2019_2020,100.0,EXACT_NAME,APPROVED
plr_64a65720,transfermarkt,51321,Darren Randolph,,,2019_2020,100.0,EXACT_NAME,APPROVED
plr_93c6e5ef,transfermarkt,283628,Tomáš Souček,,,2019_2020,100.0,EXACT_NAME,APPROVED
plr_312147dd,transfermarkt,15930,David Martin,,,2019_2020,100.0,EXACT_NAME,APPROVED
plr_89eefe04,transfermarkt,37403,Roberto,,,2019_2020,100.0,NO_MATCH_CREATED_NEW,APPROVED
plr_1a9fe208,transfermarkt,247555,Edimilson Fernandes,,,2019_2020,100.0,EXACT_NAME,APPROVED
plr_3854e802,transfermarkt,314295,Reece Oxford,,,2019_2020,100.0,EXACT_NAME,APPROVED
plr_b8f9c714,transfermarkt,41384,Marko Arnautovic,,,2019_2020,100.0,EXACT_NAME,APPROVED
plr_91474018,transfermarkt,50935,Chicharito,,,2019_2020,100.0,NO_MATCH_CREATED_NEW,APPROVED
plr_e24aec7a,transfermarkt,101213,Pedro Obiang,,,2019_2020,100.0,EXACT_NAME,APPROVED
plr_e0738d31,transfermarkt,349300,Sead Haksabanovic,,,2019_2020,100.0,EXACT_NAME,APPROVED
plr_32384ed3,transfermarkt,73185,Lucas Pérez,,,2019_2020,100.0,EXACT_NAME,APPROVED
plr_0d312432,transfermarkt,236953,Sam Byram,,,2019_2020,100.0,EXACT_NAME,APPROVED
plr_ab143f4a,transfermarkt,18935,Samir Nasri,,,2019_2020,100.0,EXACT_NAME,APPROVED
plr_92b7ec11,transfermarkt,48066,Andy Carroll,,,2019_2020,100.0,EXACT_NAME,APPROVED
plr_8eb79c3b,transfermarkt,242644,Moses Makasi,,,2019_2020,100.0,EXACT_NAME,APPROVED
plr_4ecad3b8,transfermarkt,37526,Winston Reid,,,2019_2020,100.0,EXACT_NAME,APPROVED
plr_c12c754f,transfermarkt,291544,Jordan Hugill,,,2019_2020,100.0,EXACT_NAME,APPROVED
plr_d1c27c2b,transfermarkt,342048,Grady Diangana,,,2019_2020,100.0,EXACT_NAME,APPROVED
plr_1748102c,transfermarkt,242606,Josh Cullen,,,2019_2020,100.0,EXACT_NAME,APPROVED
plr_8fb559cc,transfermarkt,410225,Ismaïla Sarr,,,2019_2020,100.0,EXACT_NAME,APPROVED
plr_90719632,transfermarkt,626724,João Pedro,,,2019_2020,100.0,NO_MATCH_CREATED_NEW,APPROVED
plr_87f245ba,transfermarkt,283528,Ignacio Pussetto,,,2019_2020,100.0,EXACT_NAME,APPROVED
plr_ea5eb2ac,transfermarkt,121477,Craig Dawson,,,2019_2020,100.0,EXACT_NAME,APPROVED
plr_7fbb42a0,transfermarkt,346472,Tom Dele-Bashiru,,,2019_2020,100.0,NO_MATCH_CREATED_NEW,APPROVED
plr_1205fb53,transfermarkt,290788,Kaylen Hinds,,,2019_2020,100.0,NO_MATCH_CREATED_NEW,APPROVED
plr_f9080939,transfermarkt,424784,Luis Suárez,,,2019_2020,100.0,EXACT_NAME,APPROVED
plr_28cb5a1c,transfermarkt,459463,Cucho Hernández,,,2019_2020,100.0,NO_MATCH_CREATED_NEW,APPROVED
plr_50d405e2,transfermarkt,303259,Dodi Lukébakio,,,2019_2020,100.0,EXACT_NAME,APPROVED
plr_809868c9,transfermarkt,349599,Pervis Estupiñán,,,2019_2020,100.0,EXACT_NAME,APPROVED
plr_c90a8ba3,transfermarkt,314959,Obbi Oulare,,,2019_2020,100.0,EXACT_NAME,APPROVED
plr_dd6a08e5,transfermarkt,170472,Dimitri Foulquier,,,2019_2020,100.0,EXACT_NAME,APPROVED
plr_3cad7265,transfermarkt,453575,Jorge Segura,,,2019_2020,100.0,EXACT_NAME,APPROVED
plr_eef2b8a1,transfermarkt,442337,Filip Stuparevic,,,2019_2020,100.0,EXACT_NAME,APPROVED
plr_7556f312,transfermarkt,35249,Stefano Okaka,,,2019_2020,100.0,EXACT_NAME,APPROVED
plr_4973ad04,transfermarkt,92899,Marvin Zeegelaar,,,2019_2020,100.0,EXACT_NAME,APPROVED
plr_dc60b2a4,transfermarkt,308801,Adalberto Peñaranda,,,2019_2020,100.0,EXACT_NAME,APPROVED
plr_05351ccb,transfermarkt,467599,Ben Wilmot,,,2019_2020,100.0,EXACT_NAME,APPROVED
plr_cd9bd9d3,transfermarkt,538006,Kwasi Sibo,,,2019_2020,100.0,EXACT_NAME,APPROVED
plr_6fefbeb3,transfermarkt,252345,Ken Sema,,,2019_2020,100.0,EXACT_NAME,APPROVED
plr_6d436e10,transfermarkt,365544,Pontus Dahlberg,,,2019_2020,100.0,EXACT_NAME,APPROVED
plr_5c99aad1,transfermarkt,236513,Jerome Sinclair,,,2019_2020,100.0,EXACT_NAME,APPROVED
plr_63898739,transfermarkt,183161,Tommie Hoban,,,2019_2020,100.0,EXACT_NAME,APPROVED
plr_365bb05e,transfermarkt,76799,Miguel Britos,,,2019_2020,100.0,EXACT_NAME,APPROVED
plr_c111cd58,transfermarkt,37981,Sebastian Prödl,,,2019_2020,100.0,EXACT_NAME,APPROVED
plr_04400911,transfermarkt,108354,Jordan Ayew,,,2019_2020,100.0,EXACT_NAME,APPROVED
plr_764b8447,transfermarkt,263856,Víctor Camarasa,,,2019_2020,100.0,EXACT_NAME,APPROVED
plr_a57b4f27,transfermarkt,52191,Stephen Henderson,,,2019_2020,100.0,EXACT_NAME,APPROVED
plr_44a6b76d,transfermarkt,611650,Sam Woods,,,2019_2020,100.0,EXACT_NAME,APPROVED
plr_83eeec1c,transfermarkt,183284,Ryan Inniss,,,2019_2020,100.0,EXACT_NAME,APPROVED
plr_e0254cba,transfermarkt,327755,Jarosław Jach,,,2019_2020,100.0,EXACT_NAME,APPROVED
plr_89dcee99,transfermarkt,238407,Alexander Sørloth,,,2019_2020,100.0,EXACT_NAME,APPROVED
plr_3f4d724e,transfermarkt,345899,Dion Henry,,,2019_2020,100.0,EXACT_NAME,APPROVED
plr_5d0d2c4c,transfermarkt,47995,Jason Puncheon,,,2019_2020,100.0,EXACT_NAME,APPROVED
plr_26deef24,transfermarkt,125868,Pape Souaré,,,2019_2020,100.0,EXACT_NAME,APPROVED
plr_81f31007,transfermarkt,95435,Connor Wickham,,,2019_2020,100.0,EXACT_NAME,APPROVED
plr_1f542b2d,transfermarkt,46791,Bakary Sako,,,2019_2020,100.0,EXACT_NAME,APPROVED
plr_118c712c,transfermarkt,12814,Julián Speroni,,,2019_2020,92.86,FUZZY_HIGH,APPROVED
plr_49a6ff23,transfermarkt,352041,Lucas Perri,,,2019_2020,100.0,EXACT_NAME,APPROVED
plr_e57c7dfe,transfermarkt,333241,Joelinton,,,2019_2020,100.0,NO_MATCH_CREATED_NEW,APPROVED
plr_40f7b308,transfermarkt,272642,Allan Saint-Maximin,,,2019_2020,100.0,EXACT_NAME,APPROVED
plr_0fdf4228,transfermarkt,184528,Emil Krafth,,,2019_2020,100.0,EXACT_NAME,APPROVED
plr_25d062dc,transfermarkt,186368,Valentino Lazaro,,,2019_2020,100.0,EXACT_NAME,APPROVED
plr_2b72cd2e,transfermarkt,146258,Jetro Willems,,,2019_2020,100.0,EXACT_NAME,APPROVED
plr_a28be6a4,transfermarkt,245537,Nabil Bentaleb,,,2019_2020,100.0,EXACT_NAME,APPROVED
plr_eb5688d3,transfermarkt,484387,Matty Longstaff,,,2019_2020,87.5,FUZZY_MEDIUM,REVIEW_REQUIRED
plr_a1746f2e,transfermarkt,258188,Rolando Aarons,,,2019_2020,100.0,EXACT_NAME,APPROVED
plr_5697f2a1,transfermarkt,51540,Henri Saivet,,,2019_2020,100.0,EXACT_NAME,APPROVED
plr_ec7e34e6,transfermarkt,256773,Dan Barlaser,,,2019_2020,100.0,EXACT_NAME,APPROVED
plr_36183ec6,transfermarkt,81999,Joselu,,,2019_2020,100.0,NO_MATCH_CREATED_NEW,APPROVED
plr_4208a251,transfermarkt,70950,Mohamed Diamé,,,2019_2020,100.0,EXACT_NAME,APPROVED
plr_c949338c,transfermarkt,81796,Sung-yueng Ki,,,2019_2020,100.0,EXACT_NAME,APPROVED
plr_b03effdc,transfermarkt,199527,Jacob Murphy,,,2019_2020,100.0,EXACT_NAME,APPROVED
plr_1b8b2897,transfermarkt,226049,Freddie Woodman,,,2019_2020,100.0,EXACT_NAME,APPROVED
plr_904aedd3,transfermarkt,139173,Achraf Lazaar,,,2019_2020,100.0,EXACT_NAME,APPROVED
plr_07013090,transfermarkt,241889,Antonio Barreca,,,2019_2020,100.0,EXACT_NAME,APPROVED
plr_b966fd7c,transfermarkt,320411,Philip Billing,,,2019_2020,100.0,EXACT_NAME,APPROVED
plr_aaa63c5d,transfermarkt,355861,Arnaut Danjuma,,,2019_2020,100.0,EXACT_NAME,APPROVED
plr_560e09e5,transfermarkt,480116,Lloyd Kelly,,,2019_2020,100.0,EXACT_NAME,APPROVED
plr_b14c054d,transfermarkt,249356,Jack Stacey,,,2019_2020,100.0,EXACT_NAME,APPROVED
plr_a1f4d6e6,transfermarkt,398402,Sam Surridge,,,2019_2020,100.0,EXACT_NAME,APPROVED
plr_60fe62aa,transfermarkt,611906,Nnamdi Ofoborh,,,2019_2020,100.0,EXACT_NAME,APPROVED
plr_8ce797ce,transfermarkt,223047,Emerson Hyndman,,,2019_2020,100.0,EXACT_NAME,APPROVED
plr_4a2f6a35,transfermarkt,391132,Matt Butcher,,,2019_2020,100.0,EXACT_NAME,APPROVED
plr_26dc52a9,transfermarkt,33873,Asmir Begovic,,,2019_2020,100.0,EXACT_NAME,APPROVED
plr_7804ba64,transfermarkt,175745,Brad Smith,,,2019_2020,100.0,EXACT_NAME,APPROVED
plr_69daac56,transfermarkt,3875,Jermain Defoe,,,2019_2020,100.0,EXACT_NAME,APPROVED
plr_ff5ef784,transfermarkt,253677,Tyrone Mings,,,2019_2020,100.0,EXACT_NAME,APPROVED
plr_35ad7087,transfermarkt,291422,Lys Mousset,,,2019_2020,100.0,EXACT_NAME,APPROVED
plr_21e3459d,transfermarkt,287528,Connor Mahoney,,,2019_2020,100.0,EXACT_NAME,APPROVED
plr_f92ed997,transfermarkt,36939,Marc Pugh,,,2019_2020,100.0,EXACT_NAME,APPROVED
plr_c95ae376,transfermarkt,55742,Harry Arter,,,2019_2020,100.0,EXACT_NAME,APPROVED
plr_29ca1515,transfermarkt,53360,Jay Rodríguez,,,2019_2020,92.31,FUZZY_HIGH,APPROVED
plr_8d02bdef,transfermarkt,293569,Josh Brownhill,,,2019_2020,100.0,EXACT_NAME,APPROVED
plr_4cbcaf14,transfermarkt,410436,Bailey Peacock-Farrell,,,2019_2020,100.0,EXACT_NAME,APPROVED
plr_b0f9d10d,transfermarkt,43763,Erik Pieters,,,2019_2020,100.0,EXACT_NAME,APPROVED
plr_deb0493d,transfermarkt,385918,Aiden O'Neill,,,2019_2020,100.0,EXACT_NAME,APPROVED
plr_e082eb5e,transfermarkt,173483,Nahki Wells,,,2019_2020,100.0,EXACT_NAME,APPROVED
plr_aad2ba68,transfermarkt,385922,Ntumba Massanka,,,2019_2020,100.0,EXACT_NAME,APPROVED
plr_f4a0a6d3,transfermarkt,34130,Tom Heaton,,,2019_2020,100.0,EXACT_NAME,APPROVED
plr_16680dc8,transfermarkt,248592,Conor Mitchell,,,2019_2020,100.0,EXACT_NAME,APPROVED
plr_72fa8392,transfermarkt,33866,Steven Defour,,,2019_2020,100.0,EXACT_NAME,APPROVED
plr_44a70f63,transfermarkt,22491,Anders Lindegaard,,,2019_2020,100.0,EXACT_NAME,APPROVED
plr_6945edcc,transfermarkt,34691,Stephen Ward,,,2019_2020,100.0,EXACT_NAME,APPROVED
plr_afd0e8b5,transfermarkt,4072,Peter Crouch,,,2019_2020,100.0,EXACT_NAME,APPROVED
plr_2ba3b31d,transfermarkt,346779,Ché Adams,,,2019_2020,88.89,FUZZY_MEDIUM,REVIEW_REQUIRED
plr_6c7e1835,transfermarkt,485424,Moussa Djenepo,,,2019_2020,100.0,EXACT_NAME,APPROVED
plr_ee9308c2,transfermarkt,263236,Kevin Danso,,,2019_2020,100.0,EXACT_NAME,APPROVED
plr_08892396,transfermarkt,444211,Will Smallbone,,,2019_2020,100.0,EXACT_NAME,APPROVED
plr_97e401ea,transfermarkt,52570,Fraser Forster,,,2019_2020,100.0,EXACT_NAME,APPROVED
plr_bb017e15,transfermarkt,186923,Jack Rose,,,2019_2020,100.0,NO_MATCH_CREATED_NEW,APPROVED
plr_278a8bc8,transfermarkt,315185,Jake Hesketh,,,2019_2020,100.0,EXACT_NAME,APPROVED
plr_d9109e60,transfermarkt,253765,Wesley Hoedt,,,2019_2020,100.0,EXACT_NAME,APPROVED
plr_41324808,transfermarkt,104223,Jordy Clasie,,,2019_2020,100.0,EXACT_NAME,APPROVED
plr_a025e6c4,transfermarkt,232271,Sofiane Boufal,,,2019_2020,100.0,EXACT_NAME,APPROVED
plr_6ca9fe9b,transfermarkt,184672,Guido Carrillo,,,2019_2020,100.0,EXACT_NAME,APPROVED
plr_198d4b01,transfermarkt,250478,Matt Targett,,,2019_2020,100.0,EXACT_NAME,APPROVED
plr_4c0b1e3e,transfermarkt,227183,Sam Gallagher,,,2019_2020,100.0,EXACT_NAME,APPROVED
plr_ef8221c4,transfermarkt,129627,Charlie Austin,,,2019_2020,100.0,EXACT_NAME,APPROVED
plr_68885946,transfermarkt,170934,Mario Lemina,,,2019_2020,100.0,EXACT_NAME,APPROVED
plr_313f12dc,transfermarkt,28973,Steven Davis,,,2019_2020,100.0,EXACT_NAME,APPROVED
plr_96cfbd37,transfermarkt,81789,Maya Yoshida,,,2019_2020,100.0,EXACT_NAME,APPROVED
plr_a146657c,transfermarkt,286919,Josh Sims,,,2019_2020,100.0,EXACT_NAME,APPROVED
plr_f65813bf,transfermarkt,226973,Harrison Reed,,,2019_2020,100.0,EXACT_NAME,APPROVED
plr_5d586ba2,transfermarkt,186644,Mohamed Elyounoussi,,,2019_2020,100.0,EXACT_NAME,APPROVED
plr_cb95cf6d,transfermarkt,212847,Adam Webster,,,2019_2020,100.0,EXACT_NAME,APPROVED
plr_a2085edd,transfermarkt,217115,Neal Maupay,,,2019_2020,100.0,EXACT_NAME,APPROVED
plr_9c7fd488,transfermarkt,144028,Leandro Trossard,,,2019_2020,100.0,EXACT_NAME,APPROVED
plr_e5040e88,transfermarkt,307497,Matt Clarke,,,2019_2020,100.0,EXACT_NAME,APPROVED
plr_2fd4092e,transfermarkt,123951,Aaron Mooy,,,2019_2020,100.0,EXACT_NAME,APPROVED
plr_e59f0550,transfermarkt,504148,Tariq Lamptey,,,2019_2020,100.0,EXACT_NAME,APPROVED
plr_2ae468a9,transfermarkt,476237,Steven Alzate,,,2019_2020,100.0,EXACT_NAME,APPROVED
plr_13d6ceb8,transfermarkt,434207,Aaron Connolly,,,2019_2020,100.0,EXACT_NAME,APPROVED
plr_481b06bc,transfermarkt,56100,Leon Balogun,,,2019_2020,100.0,EXACT_NAME,APPROVED
plr_0c703dfb,transfermarkt,312239,Percy Tau,,,2019_2020,100.0,EXACT_NAME,APPROVED
plr_aa7bc1d5,transfermarkt,166240,Jürgen Locadia,,,2019_2020,100.0,EXACT_NAME,APPROVED
plr_4d79fe1b,transfermarkt,31514,Markus Suttner,,,2019_2020,100.0,EXACT_NAME,APPROVED
plr_5c90254f,transfermarkt,242078,Ales Mateju,,,2019_2020,100.0,EXACT_NAME,APPROVED
plr_fac1aa20,transfermarkt,534033,Alexis Mac Allister,,,2019_2020,100.0,EXACT_NAME,APPROVED
plr_0fb22b71,transfermarkt,450237,Billy Arce,,,2019_2020,100.0,EXACT_NAME,APPROVED
plr_542254da,transfermarkt,119164,Ezequiel Schelotto,,,2019_2020,100.0,EXACT_NAME,APPROVED
plr_7bd3aa74,transfermarkt,433976,Tudor Băluță,,,2019_2020,100.0,EXACT_NAME,APPROVED
plr_45f9f711,transfermarkt,262895,Soufyan Ahannach,,,2019_2020,100.0,EXACT_NAME,APPROVED
plr_e009af45,transfermarkt,342389,Anders Dreyer,,,2019_2020,100.0,EXACT_NAME,APPROVED
plr_96298588,transfermarkt,309180,Jan Mlakar,,,2019_2020,100.0,EXACT_NAME,APPROVED
plr_861ee9a5,transfermarkt,44741,Beram Kayal,,,2019_2020,100.0,EXACT_NAME,APPROVED
plr_76748ba6,transfermarkt,149237,Anthony Knockaert,,,2019_2020,100.0,EXACT_NAME,APPROVED
plr_9a987637,transfermarkt,177065,Florin Andone,,,2019_2020,100.0,EXACT_NAME,APPROVED
plr_973e4a3b,transfermarkt,36291,Gaëtan Bong,,,2019_2020,100.0,EXACT_NAME,APPROVED
plr_75c9ca1c,transfermarkt,112668,Tomer Hemed,,,2019_2020,100.0,EXACT_NAME,APPROVED
plr_1c385151,transfermarkt,114116,Richie Towell,,,2019_2020,100.0,EXACT_NAME,APPROVED
plr_1435248e,transfermarkt,335721,Ben White,,,2019_2020,100.0,EXACT_NAME,APPROVED
plr_70850120,transfermarkt,367284,Leo Østigård,,,2019_2020,100.0,EXACT_NAME,APPROVED
plr_220e297b,transfermarkt,325443,Viktor Gyökeres,,,2019_2020,93.33,FUZZY_HIGH,APPROVED
plr_79d29f46,transfermarkt,208379,Christian Walton,,,2019_2020,100.0,EXACT_NAME,APPROVED
plr_fb0f571e,transfermarkt,51528,Bruno Saltor,,,2019_2020,100.0,NO_MATCH_CREATED_NEW,APPROVED
plr_6b2426c9,transfermarkt,618901,Sam McCallum,,,2019_2020,100.0,NO_MATCH_CREATED_NEW,APPROVED
plr_b7ed9d09,transfermarkt,39015,Ralf Fährmann,,,2019_2020,92.31,FUZZY_HIGH,APPROVED
plr_17754e2c,transfermarkt,82863,Lukas Rupp,,,2019_2020,100.0,EXACT_NAME,APPROVED
plr_4e211b25,transfermarkt,532464,Daniel Adshead,,,2019_2020,100.0,EXACT_NAME,APPROVED
plr_7839b5d3,transfermarkt,140579,Josip Drmic,,,2019_2020,100.0,EXACT_NAME,APPROVED
plr_f025b709,transfermarkt,511802,Rocky Bushiri,,,2019_2020,100.0,NO_MATCH_CREATED_NEW,APPROVED
plr_9d527562,transfermarkt,232418,Ondrej Duda,,,2019_2020,100.0,EXACT_NAME,APPROVED
plr_a840dd4d,transfermarkt,205503,Ibrahim Amadou,,,2019_2020,100.0,EXACT_NAME,APPROVED
plr_1818431c,transfermarkt,434223,Adam Idah,,,2019_2020,100.0,EXACT_NAME,APPROVED
plr_3c827c1f,transfermarkt,152435,Marcel Franke,,,2019_2020,100.0,NO_MATCH_CREATED_NEW,APPROVED
plr_1e5dff58,transfermarkt,207771,Louis Thompson,,,2019_2020,100.0,NO_MATCH_CREATED_NEW,APPROVED
plr_77c10159,transfermarkt,246963,Carlton Morris,,,2019_2020,100.0,EXACT_NAME,APPROVED
plr_9269af16,transfermarkt,339013,Mason Bloomfield,,,2019_2020,100.0,NO_MATCH_CREATED_NEW,APPROVED
plr_e389af3c,transfermarkt,167393,James Husband,,,2019_2020,100.0,NO_MATCH_CREATED_NEW,APPROVED
plr_3321f892,transfermarkt,425713,Akin Famewo,,,2019_2020,100.0,EXACT_NAME,APPROVED
plr_f025b709,transfermarkt,511802,Rocky Bushiri,,,2019_2020,100.0,EXACT_NAME,APPROVED
plr_00ea0244,transfermarkt,288948,Aston Oxborough,,,2019_2020,100.0,NO_MATCH_CREATED_NEW,APPROVED
plr_b2822030,transfermarkt,72768,Nélson Oliveira,,,2019_2020,100.0,NO_MATCH_CREATED_NEW,APPROVED
plr_61a6d1fc,transfermarkt,159239,Dennis Srbeny,,,2019_2020,100.0,EXACT_NAME,APPROVED
plr_6773d0ee,transfermarkt,82281,Ivo Pinto,,,2019_2020,100.0,NO_MATCH_CREATED_NEW,APPROVED
plr_9762ad28,transfermarkt,492391,Tristan Abrahams,,,2019_2020,100.0,NO_MATCH_CREATED_NEW,APPROVED
plr_407bd13f,transfermarkt,151189,Yanic Wildschut,,,2019_2020,100.0,NO_MATCH_CREATED_NEW,APPROVED
plr_fd436f58,transfermarkt,12763,Steven Naismith,,,2019_2020,100.0,NO_MATCH_CREATED_NEW,APPROVED
plr_ee57ac22,transfermarkt,226219,Sean Raggett,,,2019_2020,100.0,NO_MATCH_CREATED_NEW,APPROVED
plr_5578b651,transfermarkt,112617,Philip Heise,,,2019_2020,100.0,EXACT_NAME,APPROVED
plr_b15a3186,transfermarkt,118567,Ben Marshall,,,2019_2020,100.0,EXACT_NAME,APPROVED
plr_343452ff,transfermarkt,15921,Matt Jarvis,,,2019_2020,100.0,NO_MATCH_CREATED_NEW,APPROVED
plr_92f7c051,transfermarkt,274461,Felix Passlack,,,2019_2020,100.0,NO_MATCH_CREATED_NEW,APPROVED
plr_f0b96748,transfermarkt,333014,Sander Berge,,,2019_2020,100.0,EXACT_NAME,APPROVED
plr_737d9406,transfermarkt,298477,Oli McBurnie,,,2019_2020,88.89,FUZZY_MEDIUM,REVIEW_REQUIRED
plr_e8b1efa4,transfermarkt,183299,Callum Robinson,,,2019_2020,100.0,EXACT_NAME,APPROVED
plr_6705854b,transfermarkt,66923,Luke Freeman,,,2019_2020,100.0,EXACT_NAME,APPROVED
plr_03f4b6a5,transfermarkt,218087,Ben Osborn,,,2019_2020,100.0,EXACT_NAME,APPROVED
plr_85c68943,transfermarkt,288259,Michael Verrips,,,2019_2020,100.0,EXACT_NAME,APPROVED
plr_b2043a25,transfermarkt,128907,Ravel Morrison,,,2019_2020,100.0,EXACT_NAME,APPROVED
plr_7bf6790c,transfermarkt,258919,Dean Henderson,,,2019_2020,100.0,EXACT_NAME,APPROVED
plr_2753084e,transfermarkt,128909,Jack Robinson,,,2019_2020,100.0,EXACT_NAME,APPROVED
plr_fe12bd8c,transfermarkt,324351,Panagiotis Retsos,,,2019_2020,100.0,EXACT_NAME,APPROVED
plr_d6cfb269,transfermarkt,252755,Richairo Zivkovic,,,2019_2020,100.0,EXACT_NAME,APPROVED
plr_fabcb2ef,transfermarkt,543164,Rhys Norrington-Davies,,,2019_2020,100.0,EXACT_NAME,APPROVED
plr_fb02246d,transfermarkt,57079,Jack Rodwell,,,2019_2020,100.0,EXACT_NAME,APPROVED
plr_b0ec248a,transfermarkt,214928,Kean Bryan,,,2019_2020,100.0,EXACT_NAME,APPROVED
plr_3f810116,transfermarkt,104677,Jake Wright,,,2019_2020,86.96,FUZZY_MEDIUM,REVIEW_REQUIRED
plr_89db9673,transfermarkt,526873,Jake Eastwood,,,2019_2020,100.0,EXACT_NAME,APPROVED
plr_23345541,transfermarkt,156939,Ben Heneghan,,,2019_2020,100.0,NO_MATCH_CREATED_NEW,APPROVED
plr_925df729,transfermarkt,222024,Nathan Thomas,,,2019_2020,100.0,NO_MATCH_CREATED_NEW,APPROVED
plr_f1b62d41,transfermarkt,105565,Mark Duffy,,,2019_2020,100.0,EXACT_NAME,APPROVED
plr_82abb29f,transfermarkt,34349,Richard Stearman,,,2019_2020,100.0,EXACT_NAME,APPROVED
plr_a8d6f02a,transfermarkt,61622,Ched Evans,,,2019_2020,100.0,NO_MATCH_CREATED_NEW,APPROVED
plr_85bf44e7,transfermarkt,93055,Paul Coutts,,,2019_2020,100.0,NO_MATCH_CREATED_NEW,APPROVED
plr_fb9a8ae9,transfermarkt,249815,Conor Washington,,,2019_2020,100.0,NO_MATCH_CREATED_NEW,APPROVED
plr_54c367cd,transfermarkt,127983,Caolan Lavery,,,2019_2020,100.0,NO_MATCH_CREATED_NEW,APPROVED
plr_6ee78952,transfermarkt,146488,Samir Carruthers,,,2019_2020,100.0,NO_MATCH_CREATED_NEW,APPROVED
plr_eebd3eeb,transfermarkt,264062,Jake Bennett,,,2019_2020,86.96,FUZZY_MEDIUM,REVIEW_REQUIRED
plr_4ceb71de,transfermarkt,27659,Martin Cranie,,,2019_2020,100.0,NO_MATCH_CREATED_NEW,APPROVED
plr_ff31bd44,transfermarkt,85928,Danny Lafferty,,,2019_2020,100.0,NO_MATCH_CREATED_NEW,APPROVED
plr_96d13ae1,transfermarkt,381362,Wesley Moraes,,,2019_2020,100.0,EXACT_NAME,APPROVED
plr_bb14527c,transfermarkt,413403,Ezri Konsa,,,2019_2020,100.0,NO_MATCH_CREATED_NEW,APPROVED
plr_73c60311,transfermarkt,324882,Marvelous Nakamba,,,2019_2020,100.0,EXACT_NAME,APPROVED
plr_7a6c7e15,transfermarkt,182201,Mbwana Samatta,,,2019_2020,100.0,EXACT_NAME,APPROVED
plr_99ec0645,transfermarkt,234189,Trezeguet,,,2019_2020,100.0,NO_MATCH_CREATED_NEW,APPROVED
plr_a82de73a,transfermarkt,183720,Anwar El Ghazi,,,2019_2020,100.0,EXACT_NAME,APPROVED
plr_2c61a1c6,transfermarkt,193469,Björn Engels,,,2019_2020,100.0,EXACT_NAME,APPROVED
plr_9036e6a0,transfermarkt,176591,Jota Peleteiro,,,2019_2020,100.0,NO_MATCH_CREATED_NEW,APPROVED
plr_2d07d510,transfermarkt,7825,Pepe Reina,,,2019_2020,100.0,NO_MATCH_CREATED_NEW,APPROVED
plr_e953248d,transfermarkt,85324,Borja Bastón,,,2019_2020,100.0,NO_MATCH_CREATED_NEW,APPROVED
plr_5fffb888,transfermarkt,73482,James Chester,,,2019_2020,100.0,EXACT_NAME,APPROVED
plr_ee9c5616,transfermarkt,110861,Gary Gardner,,,2019_2020,100.0,NO_MATCH_CREATED_NEW,APPROVED
plr_78627295,transfermarkt,55687,Ritchie De Laet,,,2019_2020,100.0,NO_MATCH_CREATED_NEW,APPROVED
plr_5db9e43a,transfermarkt,138783,Scott Hogan,,,2019_2020,100.0,NO_MATCH_CREATED_NEW,APPROVED
plr_748abafb,transfermarkt,309841,Andre Green,,,2019_2020,100.0,EXACT_NAME,APPROVED
plr_195825f2,transfermarkt,354352,Frédéric Guilbert,,,2019_2020,100.0,EXACT_NAME,APPROVED
plr_d2b2fc34,transfermarkt,88971,Jonathan Kodjia,,,2019_2020,100.0,EXACT_NAME,APPROVED
plr_152804bc,transfermarkt,83430,Albert Adomah,,,2019_2020,100.0,NO_MATCH_CREATED_NEW,APPROVED
plr_70477c10,transfermarkt,12124,Glenn Whelan,,,2019_2020,100.0,NO_MATCH_CREATED_NEW,APPROVED
plr_7e920020,transfermarkt,37152,Tommy Elphick,,,2019_2020,100.0,NO_MATCH_CREATED_NEW,APPROVED
plr_a2e4f905,transfermarkt,46405,Lovre Kalinic,,,2019_2020,100.0,EXACT_NAME,APPROVED
plr_ba4c3d06,transfermarkt,243633,Aaron Tshibola,,,2019_2020,100.0,NO_MATCH_CREATED_NEW,APPROVED
plr_ee9c5616,transfermarkt,110861,Gary Gardner,,,2019_2020,100.0,EXACT_NAME,APPROVED
plr_0e0549a0,transfermarkt,324223,James Bree,,,2019_2020,100.0,EXACT_NAME,APPROVED
plr_b3d62b7d,transfermarkt,34453,Birkir Bjarnason,,,2019_2020,100.0,EXACT_NAME,APPROVED
plr_fee57bcd,transfermarkt,32617,Micah Richards,,,2019_2020,81.48,FUZZY_MEDIUM,REVIEW_REQUIRED
plr_0d804680,transfermarkt,49319,Mark Bunn,,,2019_2020,100.0,NO_MATCH_CREATED_NEW,APPROVED
plr_d9dcb154,transfermarkt,28336,Mile Jedinak,,,2019_2020,100.0,NO_MATCH_CREATED_NEW,APPROVED
plr_9073ccb1,transfermarkt,9619,Alan Hutton,,,2019_2020,100.0,NO_MATCH_CREATED_NEW,APPROVED
plr_f7cb96ea,transfermarkt,29006,Ross McCormack,,,2019_2020,100.0,NO_MATCH_CREATED_NEW,APPROVED
plr_edc82139,transfermarkt,230784,Thomas Partey,,,2020_2021,100.0,EXACT_NAME,APPROVED
plr_19d1527e,transfermarkt,435338,Gabriel,,,2020_2021,100.0,NO_MATCH_CREATED_NEW,APPROVED
plr_e7a66a7c,transfermarkt,210178,Pablo Marí,,,2020_2021,100.0,EXACT_NAME,APPROVED
plr_eaa0237c,transfermarkt,205657,Rúnar Alex Rúnarsson,,,2020_2021,100.0,EXACT_NAME,APPROVED
plr_c80cc009,transfermarkt,316264,Martin Ødegaard,,,2020_2021,100.0,EXACT_NAME,APPROVED
plr_3d7157e4,transfermarkt,112988,Cédric Soares,,,2020_2021,100.0,EXACT_NAME,APPROVED
plr_dd751c60,transfermarkt,52769,Willian,,,2020_2021,100.0,NO_MATCH_CREATED_NEW,APPROVED
plr_60fd42bd,transfermarkt,128969,Mathew Ryan,,,2020_2021,100.0,EXACT_NAME,APPROVED
plr_7df7ea53,transfermarkt,392765,Emile Smith Rowe,,,2020_2021,100.0,EXACT_NAME,APPROVED
plr_d7cc1439,transfermarkt,205757,Dejan Iliev,,,2020_2021,100.0,EXACT_NAME,APPROVED
plr_9d720bcf,transfermarkt,55735,Henrikh Mkhitaryan,,,2020_2021,100.0,EXACT_NAME,APPROVED
plr_e9bad5d1,transfermarkt,285845,Ainsley Maitland-Niles,,,2020_2021,100.0,EXACT_NAME,APPROVED
plr_528bf654,transfermarkt,160438,Mohamed Elneny,,,2020_2021,100.0,EXACT_NAME,APPROVED
plr_fa7d65cb,transfermarkt,340329,Joe Willock,,,2020_2021,100.0,EXACT_NAME,APPROVED
plr_f331e355,transfermarkt,495666,William Saliba,,,2020_2021,100.0,EXACT_NAME,APPROVED
plr_fbc173a0,transfermarkt,111873,Emiliano Martínez,,,2020_2021,100.0,EXACT_NAME,APPROVED
plr_17759ef5,transfermarkt,465830,Mattéo Guendouzi,,,2020_2021,100.0,EXACT_NAME,APPROVED
plr_208ff36c,transfermarkt,415912,Konstantinos Mavropanos,,,2020_2021,100.0,EXACT_NAME,APPROVED
plr_9995e0df,transfermarkt,220491,Matt Macey,,,2020_2021,100.0,EXACT_NAME,APPROVED
plr_77afc4df,transfermarkt,88590,Shkodran Mustafi,,,2020_2021,100.0,EXACT_NAME,APPROVED
plr_2df0cb13,transfermarkt,35664,Mesut Özil,,,2020_2021,100.0,EXACT_NAME,APPROVED
plr_d55daa88,transfermarkt,34322,Sokratis Papastathopoulos,,,2020_2021,100.0,EXACT_NAME,APPROVED
plr_9d68e285,transfermarkt,94005,Sead Kolasinac,,,2020_2021,100.0,EXACT_NAME,APPROVED
plr_0002ce69,transfermarkt,318077,Lucas Torreira,,,2020_2021,100.0,EXACT_NAME,APPROVED
plr_60fb47e5,transfermarkt,324358,Ollie Watkins,,,2020_2021,100.0,EXACT_NAME,APPROVED
plr_c68d6c16,transfermarkt,131996,Bertrand Traoré,,,2020_2021,100.0,EXACT_NAME,APPROVED
plr_fcc0754e,transfermarkt,174094,Morgan Sanson,,,2020_2021,100.0,EXACT_NAME,APPROVED
plr_4eb5dfb5,transfermarkt,425334,Matty Cash,,,2020_2021,100.0,EXACT_NAME,APPROVED
plr_673cfab3,transfermarkt,131978,Ross Barkley,,,2020_2021,100.0,EXACT_NAME,APPROVED
plr_2b8dd2b9,transfermarkt,503749,Jacob Ramsey,,,2020_2021,100.0,EXACT_NAME,APPROVED
plr_5db9e43a,transfermarkt,138783,Scott Hogan,,,2020_2021,100.0,EXACT_NAME,APPROVED
plr_a2e4f905,transfermarkt,46405,Lovre Kalinic,,,2020_2021,100.0,EXACT_NAME,APPROVED
plr_dd59d8da,transfermarkt,61653,Conor Hourihane,,,2020_2021,100.0,EXACT_NAME,APPROVED
plr_748abafb,transfermarkt,309841,Andre Green,,,2020_2021,100.0,EXACT_NAME,APPROVED
plr_0e0549a0,transfermarkt,324223,James Bree,,,2020_2021,100.0,EXACT_NAME,APPROVED
plr_2e0e770b,transfermarkt,44794,Henri Lansbury,,,2020_2021,100.0,EXACT_NAME,APPROVED
plr_9036e6a0,transfermarkt,176591,Jota Peleteiro,,,2020_2021,100.0,EXACT_NAME,APPROVED
plr_5fffb888,transfermarkt,73482,James Chester,,,2020_2021,100.0,EXACT_NAME,APPROVED
plr_e953248d,transfermarkt,85324,Borja Bastón,,,2020_2021,100.0,EXACT_NAME,APPROVED
plr_195825f2,transfermarkt,354352,Frédéric Guilbert,,,2020_2021,100.0,EXACT_NAME,APPROVED
plr_7a6c7e15,transfermarkt,182201,Mbwana Samatta,,,2020_2021,100.0,EXACT_NAME,APPROVED
plr_730530c1,transfermarkt,73517,Ørjan Nyland,,,2020_2021,100.0,EXACT_NAME,APPROVED
plr_2d07d510,transfermarkt,7825,Pepe Reina,,,2020_2021,100.0,EXACT_NAME,APPROVED
plr_3e594bdb,transfermarkt,73491,Danny Drinkwater,,,2020_2021,84.85,FUZZY_MEDIUM,REVIEW_REQUIRED
plr_c795f503,transfermarkt,687626,Moisés Caicedo,,,2020_2021,100.0,EXACT_NAME,APPROVED
plr_1d0743db,transfermarkt,384461,Jakub Moder,,,2020_2021,100.0,EXACT_NAME,APPROVED
plr_095db400,transfermarkt,576314,Jan Paul van Hecke,,,2020_2021,100.0,EXACT_NAME,APPROVED
plr_29b3267f,transfermarkt,345468,Andi Zeqiri,,,2020_2021,100.0,EXACT_NAME,APPROVED
plr_a5598aab,transfermarkt,401604,Michal Karbownik,,,2020_2021,100.0,EXACT_NAME,APPROVED
plr_f9252fd6,transfermarkt,111195,Joël Veltman,,,2020_2021,100.0,EXACT_NAME,APPROVED
plr_87a492b6,transfermarkt,67063,Danny Welbeck,,,2020_2021,100.0,EXACT_NAME,APPROVED
plr_5c5b6f17,transfermarkt,43530,Adam Lallana,,,2020_2021,100.0,EXACT_NAME,APPROVED
plr_9a1ef932,transfermarkt,403151,Robert Sánchez,,,2020_2021,100.0,EXACT_NAME,APPROVED
plr_70850120,transfermarkt,367284,Leo Østigård,,,2020_2021,100.0,EXACT_NAME,APPROVED
plr_1435248e,transfermarkt,335721,Ben White,,,2020_2021,100.0,EXACT_NAME,APPROVED
plr_76748ba6,transfermarkt,149237,Anthony Knockaert,,,2020_2021,100.0,EXACT_NAME,APPROVED
plr_79d29f46,transfermarkt,208379,Christian Walton,,,2020_2021,100.0,EXACT_NAME,APPROVED
plr_220e297b,transfermarkt,325443,Viktor Gyökeres,,,2020_2021,93.33,FUZZY_HIGH,APPROVED
plr_0c703dfb,transfermarkt,312239,Percy Tau,,,2020_2021,100.0,EXACT_NAME,APPROVED
plr_e5040e88,transfermarkt,307497,Matt Clarke,,,2020_2021,100.0,EXACT_NAME,APPROVED
plr_9a987637,transfermarkt,177065,Florin Andone,,,2020_2021,100.0,EXACT_NAME,APPROVED
plr_7bd3aa74,transfermarkt,433976,Tudor Băluță,,,2020_2021,100.0,EXACT_NAME,APPROVED
plr_96298588,transfermarkt,309180,Jan Mlakar,,,2020_2021,100.0,EXACT_NAME,APPROVED
plr_bc1efc9a,transfermarkt,119269,Shane Duffy,,,2020_2021,100.0,EXACT_NAME,APPROVED
plr_51430396,transfermarkt,45693,Glenn Murray,,,2020_2021,100.0,EXACT_NAME,APPROVED
plr_2fd4092e,transfermarkt,123951,Aaron Mooy,,,2020_2021,100.0,EXACT_NAME,APPROVED
plr_532641b2,transfermarkt,61814,David Button,,,2020_2021,100.0,EXACT_NAME,APPROVED
plr_2b831ac0,transfermarkt,49755,Dale Stephens,,,2020_2021,100.0,EXACT_NAME,APPROVED
plr_44468301,transfermarkt,68645,Martín Montoya,,,2020_2021,100.0,EXACT_NAME,APPROVED
plr_928f982d,transfermarkt,364258,Bernardo,,,2020_2021,93.33,FUZZY_HIGH,APPROVED
plr_861ee9a5,transfermarkt,44741,Beram Kayal,,,2020_2021,100.0,EXACT_NAME,APPROVED
plr_542254da,transfermarkt,119164,Ezequiel Schelotto,,,2020_2021,100.0,EXACT_NAME,APPROVED
plr_d6c51cd6,transfermarkt,285033,Will Norris,,,2020_2021,100.0,EXACT_NAME,APPROVED
plr_a09ff2c7,transfermarkt,396174,Jimmy Dunne,,,2020_2021,100.0,EXACT_NAME,APPROVED
plr_4f2f77b8,transfermarkt,397102,Josh Benson,,,2020_2021,100.0,EXACT_NAME,APPROVED
plr_deb0493d,transfermarkt,385918,Aiden O'Neill,,,2020_2021,100.0,EXACT_NAME,APPROVED
plr_e0fb6674,transfermarkt,128904,Ben Gibson,,,2020_2021,100.0,EXACT_NAME,APPROVED
plr_1cdbf075,transfermarkt,14221,Aaron Lennon,,,2020_2021,100.0,EXACT_NAME,APPROVED
plr_a8c20f50,transfermarkt,148262,Jeff Hendrick,,,2020_2021,100.0,EXACT_NAME,APPROVED
plr_06341f32,transfermarkt,40204,Joe Hart,,,2020_2021,100.0,EXACT_NAME,APPROVED
plr_3bf9ea94,transfermarkt,43858,Adam Legzdins,,,2020_2021,100.0,NO_MATCH_CREATED_NEW,APPROVED
plr_2252608f,transfermarkt,309400,Kai Havertz,,,2020_2021,100.0,EXACT_NAME,APPROVED
plr_be50c2b9,transfermarkt,170527,Timo Werner,,,2020_2021,100.0,EXACT_NAME,APPROVED
plr_4e192697,transfermarkt,316125,Ben Chilwell,,,2020_2021,100.0,EXACT_NAME,APPROVED
plr_3c46f015,transfermarkt,217111,Hakim Ziyech,,,2020_2021,100.0,EXACT_NAME,APPROVED
plr_c361f5d5,transfermarkt,442531,Edouard Mendy,,,2020_2021,100.0,EXACT_NAME,APPROVED
plr_7141249d,transfermarkt,29241,Thiago Silva,,,2020_2021,100.0,NO_MATCH_CREATED_NEW,APPROVED
plr_9bb42042,transfermarkt,344596,Malang Sarr,,,2020_2021,100.0,EXACT_NAME,APPROVED
plr_c8c2df65,transfermarkt,392771,Ethan Ampadu,,,2020_2021,100.0,EXACT_NAME,APPROVED
plr_ad140362,transfermarkt,224884,Abdul Rahman Baba,,,2020_2021,100.0,EXACT_NAME,APPROVED
plr_6b8810ff,transfermarkt,202886,Ruben Loftus-Cheek,,,2020_2021,100.0,EXACT_NAME,APPROVED
plr_f055db06,transfermarkt,128223,Álvaro Morata,,,2020_2021,100.0,EXACT_NAME,APPROVED
plr_f14726b3,transfermarkt,316551,Jake Clarke-Salter,,,2020_2021,100.0,EXACT_NAME,APPROVED
plr_5cef7892,transfermarkt,177862,Charly Musonda Jr.,,,2020_2021,100.0,EXACT_NAME,APPROVED
plr_7b2c2acb,transfermarkt,205938,Mario Pašalić,,,2020_2021,100.0,EXACT_NAME,APPROVED
plr_e1b7c9cb,transfermarkt,245805,Izzy Brown,,,2020_2021,100.0,EXACT_NAME,APPROVED
plr_0811b2f6,transfermarkt,294798,Nathan,,,2020_2021,100.0,EXACT_NAME,APPROVED
plr_1fa07280,transfermarkt,173859,Davide Zappacosta,,,2020_2021,100.0,EXACT_NAME,APPROVED
plr_e2b837a7,transfermarkt,182618,Tiemoué Bakayoko,,,2020_2021,100.0,EXACT_NAME,APPROVED
plr_153f715d,transfermarkt,179184,Michy Batshuayi,,,2020_2021,100.0,EXACT_NAME,APPROVED
plr_5978df1c,transfermarkt,176485,Lucas Piazón,,,2020_2021,100.0,EXACT_NAME,APPROVED
plr_0d16fc04,transfermarkt,245893,Matt Miazga,,,2020_2021,100.0,EXACT_NAME,APPROVED
plr_b6854220,transfermarkt,392757,Marc Guéhi,,,2020_2021,100.0,EXACT_NAME,APPROVED
plr_6f1af571,transfermarkt,59866,Victor Moses,,,2020_2021,100.0,EXACT_NAME,APPROVED
plr_133754fc,transfermarkt,128898,Jamal Blackman,,,2020_2021,100.0,EXACT_NAME,APPROVED
plr_8760c28d,transfermarkt,281404,Kenedy,,,2020_2021,100.0,EXACT_NAME,APPROVED
plr_2657cf82,transfermarkt,303254,Fikayo Tomori,,,2020_2021,100.0,EXACT_NAME,APPROVED
plr_e7b135a1,transfermarkt,65278,Pedro,,,2020_2021,100.0,NO_MATCH_CREATED_NEW,APPROVED
plr_cdd267e0,transfermarkt,198589,Lewis Baker,,,2020_2021,85.71,FUZZY_MEDIUM,REVIEW_REQUIRED
plr_34925e68,transfermarkt,222830,Danilo Pantic,,,2020_2021,100.0,EXACT_NAME,APPROVED
plr_253bd4b8,transfermarkt,147034,Marco van Ginkel,,,2020_2021,100.0,EXACT_NAME,APPROVED
plr_9caf8252,transfermarkt,479999,Eberechi Eze,,,2020_2021,100.0,EXACT_NAME,APPROVED
plr_89dcee99,transfermarkt,238407,Alexander Sørloth,,,2020_2021,100.0,EXACT_NAME,APPROVED
plr_fafbfb91,transfermarkt,420002,Jean-Philippe Mateta,,,2020_2021,100.0,EXACT_NAME,APPROVED
plr_47e9f14f,transfermarkt,128899,Jack Butland,,,2020_2021,100.0,EXACT_NAME,APPROVED
plr_cef76dbb,transfermarkt,507254,Nathan Ferguson,,,2020_2021,100.0,EXACT_NAME,APPROVED
plr_4bbb1935,transfermarkt,85177,Nathaniel Clyne,,,2020_2021,100.0,EXACT_NAME,APPROVED
plr_454161ef,transfermarkt,730893,Tyrick Mitchell,,,2020_2021,100.0,EXACT_NAME,APPROVED
plr_e0254cba,transfermarkt,327755,Jarosław Jach,,,2020_2021,100.0,EXACT_NAME,APPROVED
plr_81f31007,transfermarkt,95435,Connor Wickham,,,2020_2021,100.0,EXACT_NAME,APPROVED
plr_44a6b76d,transfermarkt,611650,Sam Woods,,,2020_2021,100.0,EXACT_NAME,APPROVED
plr_c1f35599,transfermarkt,146164,Max Meyer,,,2020_2021,100.0,EXACT_NAME,APPROVED
plr_3f4d724e,transfermarkt,345899,Dion Henry,,,2020_2021,100.0,EXACT_NAME,APPROVED
plr_83eeec1c,transfermarkt,183284,Ryan Inniss,,,2020_2021,100.0,EXACT_NAME,APPROVED
plr_a1133c1d,transfermarkt,343475,Ben Godfrey,,,2020_2021,100.0,EXACT_NAME,APPROVED
plr_c3c993f9,transfermarkt,126422,Allan,,,2020_2021,100.0,EXACT_NAME,APPROVED
plr_920f9a89,transfermarkt,127187,Abdoulaye Doucouré,,,2020_2021,100.0,EXACT_NAME,APPROVED
plr_a5932c18,transfermarkt,591193,Niels Nkounkou,,,2020_2021,100.0,EXACT_NAME,APPROVED
plr_a0cf6c54,transfermarkt,88103,James Rodríguez,,,2020_2021,100.0,EXACT_NAME,APPROVED
plr_f14d5a14,transfermarkt,75458,Robin Olsen,,,2020_2021,100.0,EXACT_NAME,APPROVED
plr_83d6d5c3,transfermarkt,91059,Joshua King,,,2020_2021,100.0,EXACT_NAME,APPROVED
plr_e708fa9e,transfermarkt,329813,João Virgínia,,,2020_2021,100.0,EXACT_NAME,APPROVED
plr_84b9ba63,transfermarkt,503733,Anthony Gordon,,,2020_2021,100.0,EXACT_NAME,APPROVED
plr_6c8f13a9,transfermarkt,258883,Jonjoe Kenny,,,2020_2021,100.0,EXACT_NAME,APPROVED
plr_df31ebae,transfermarkt,75471,Yannick Bolasie,,,2020_2021,100.0,EXACT_NAME,APPROVED
plr_ad0785ee,transfermarkt,399369,Beni Baningime,,,2020_2021,100.0,EXACT_NAME,APPROVED
plr_b65a8734,transfermarkt,661053,Jarrad Branthwaite,,,2020_2021,100.0,EXACT_NAME,APPROVED
plr_49d3013b,transfermarkt,220755,Matthew Pennington,,,2020_2021,100.0,EXACT_NAME,APPROVED
plr_3f0f724c,transfermarkt,33713,Theo Walcott,,,2020_2021,100.0,EXACT_NAME,APPROVED
plr_51a2507f,transfermarkt,48870,Jonas Lössl,,,2020_2021,100.0,EXACT_NAME,APPROVED
plr_30017acd,transfermarkt,258916,Kieran Dowell,,,2020_2021,100.0,EXACT_NAME,APPROVED
plr_867c06c5,transfermarkt,184381,Shani Tarashaj,,,2020_2021,100.0,EXACT_NAME,APPROVED
plr_9dc75fe3,transfermarkt,199369,Sandro Ramírez,,,2020_2021,100.0,EXACT_NAME,APPROVED
plr_06208938,transfermarkt,56818,Morgan Schneiderlin,,,2020_2021,100.0,EXACT_NAME,APPROVED
plr_32fe933e,transfermarkt,4311,Maarten Stekelenburg,,,2020_2021,100.0,EXACT_NAME,APPROVED
plr_e8608dc7,transfermarkt,110860,Luke Garbutt,,,2020_2021,100.0,EXACT_NAME,APPROVED
plr_ff9ef66a,transfermarkt,45671,Cenk Tosun,,,2020_2021,100.0,EXACT_NAME,APPROVED
plr_9dd1ee31,transfermarkt,364135,Moise Kean,,,2020_2021,100.0,EXACT_NAME,APPROVED
plr_1a610229,transfermarkt,13507,Leighton Baines,,,2020_2021,100.0,EXACT_NAME,APPROVED
plr_35c38f75,transfermarkt,91251,Cuco Martina,,,2020_2021,100.0,EXACT_NAME,APPROVED
plr_09e9c769,transfermarkt,209781,Oumar Niasse,,,2020_2021,100.0,EXACT_NAME,APPROVED
plr_22fc351d,transfermarkt,161869,Djibril Sidibé,,,2020_2021,100.0,EXACT_NAME,APPROVED
plr_f65813bf,transfermarkt,226973,Harrison Reed,,,2020_2021,100.0,EXACT_NAME,APPROVED
plr_21ee61ef,transfermarkt,152651,Terence Kongolo,,,2020_2021,100.0,EXACT_NAME,APPROVED
plr_6b4300fe,transfermarkt,206746,Kenny Tete,,,2020_2021,100.0,EXACT_NAME,APPROVED
plr_f7016931,transfermarkt,236490,Ola Aina,,,2020_2021,100.0,EXACT_NAME,APPROVED
plr_68885946,transfermarkt,170934,Mario Lemina,,,2020_2021,100.0,EXACT_NAME,APPROVED
plr_c90504cd,transfermarkt,349701,Antonee Robinson,,,2020_2021,100.0,EXACT_NAME,APPROVED
plr_4e1069b9,transfermarkt,406040,Ademola Lookman,,,2020_2021,100.0,EXACT_NAME,APPROVED
plr_e709d35a,transfermarkt,258878,Tosin Adarabioyo,,,2020_2021,100.0,EXACT_NAME,APPROVED
plr_502e4810,transfermarkt,260827,Joachim Andersen,,,2020_2021,100.0,EXACT_NAME,APPROVED
plr_a3e2aa57,transfermarkt,120629,Alphonse Areola,,,2020_2021,100.0,EXACT_NAME,APPROVED
plr_b1308bd0,transfermarkt,453824,Josh Maja,,,2020_2021,100.0,EXACT_NAME,APPROVED
plr_a14d2b61,transfermarkt,116648,Marcus Bettinelli,,,2020_2021,100.0,EXACT_NAME,APPROVED
plr_048a1491,transfermarkt,62008,Stefan Johansen,,,2020_2021,100.0,EXACT_NAME,APPROVED
plr_cdf0e3cd,transfermarkt,111422,Neeskens Kebano,,,2020_2021,100.0,EXACT_NAME,APPROVED
plr_3426b144,transfermarkt,158623,Cyrus Christie,,,2020_2021,100.0,EXACT_NAME,APPROVED
plr_0b2d53f9,transfermarkt,178614,Jean Michaël Seri,,,2020_2021,100.0,EXACT_NAME,APPROVED
plr_da4b8e30,transfermarkt,406558,Steven Sessegnon,,,2020_2021,100.0,NO_MATCH_CREATED_NEW,APPROVED
plr_9911a387,transfermarkt,287431,Alfie Mawson,,,2020_2021,100.0,EXACT_NAME,APPROVED
plr_e359d2cb,transfermarkt,45882,Fabri,,,2020_2021,100.0,EXACT_NAME,APPROVED
plr_03815c0c,transfermarkt,354361,Frank Anguissa,,,2020_2021,100.0,EXACT_NAME,APPROVED
plr_61373677,transfermarkt,177952,Jordan Archer,,,2020_2021,100.0,NO_MATCH_CREATED_NEW,APPROVED
plr_29277fdc,transfermarkt,315762,Luca de la Torre,,,2020_2021,100.0,EXACT_NAME,APPROVED
plr_5a8c03f0,transfermarkt,290951,Aboubakar Kamara,,,2020_2021,100.0,EXACT_NAME,APPROVED
plr_ff89e002,transfermarkt,60558,Maxime Le Marchand,,,2020_2021,100.0,EXACT_NAME,APPROVED
plr_c025f546,transfermarkt,406634,Matt O'Riley,,,2020_2021,100.0,NO_MATCH_CREATED_NEW,APPROVED
plr_c95ae376,transfermarkt,55742,Harry Arter,,,2020_2021,100.0,EXACT_NAME,APPROVED
plr_1e8508af,transfermarkt,131505,Rodrigo,,,2020_2021,83.33,FUZZY_MEDIUM,REVIEW_REQUIRED
plr_bba0c28d,transfermarkt,264956,Jean-Kévin Augustin,,,2020_2021,100.0,NO_MATCH_CREATED_NEW,APPROVED
plr_daed29cf,transfermarkt,246291,Diego Llorente,,,2020_2021,100.0,EXACT_NAME,APPROVED
plr_7d3ab2c5,transfermarkt,411295,Raphinha,,,2020_2021,100.0,NO_MATCH_CREATED_NEW,APPROVED
plr_17bce08f,transfermarkt,173900,Hélder Costa,,,2020_2021,100.0,EXACT_NAME,APPROVED
plr_9e1258d8,transfermarkt,328784,Robin Koch,,,2020_2021,100.0,EXACT_NAME,APPROVED
plr_ab6ce4ea,transfermarkt,542586,Illan Meslier,,,2020_2021,100.0,EXACT_NAME,APPROVED
plr_3d6a882e,transfermarkt,503980,Joe Gelhardt,,,2020_2021,100.0,EXACT_NAME,APPROVED
plr_d8044f2d,transfermarkt,360517,Jay-Roy Grot,,,2020_2021,100.0,EXACT_NAME,APPROVED
plr_7cb791a8,transfermarkt,534698,Robbie Gotts,,,2020_2021,100.0,NO_MATCH_CREATED_NEW,APPROVED
plr_c9c7a858,transfermarkt,533913,Jordan Stevens,,,2020_2021,100.0,EXACT_NAME,APPROVED
plr_ce61449f,transfermarkt,61583,Eunan O'Kane,,,2020_2021,100.0,NO_MATCH_CREATED_NEW,APPROVED
plr_3c55134e,transfermarkt,91854,Barry Douglas,,,2020_2021,100.0,EXACT_NAME,APPROVED
plr_0fce65ec,transfermarkt,110668,Laurens De Bock,,,2020_2021,100.0,NO_MATCH_CREATED_NEW,APPROVED
plr_61cc668f,transfermarkt,255626,Conor Shaughnessy,,,2020_2021,100.0,NO_MATCH_CREATED_NEW,APPROVED
plr_bc384ffa,transfermarkt,237632,Kamil Miazek,,,2020_2021,100.0,EXACT_NAME,APPROVED
plr_e660a563,transfermarkt,332337,Will Huffer,,,2020_2021,100.0,NO_MATCH_CREATED_NEW,APPROVED
plr_8ef46b22,transfermarkt,431475,Mateusz Bogusz,,,2020_2021,100.0,EXACT_NAME,APPROVED
plr_4dc1fd65,transfermarkt,475411,Wesley Fofana,,,2020_2021,100.0,EXACT_NAME,APPROVED
plr_062aad17,transfermarkt,262226,Timothy Castagne,,,2020_2021,100.0,EXACT_NAME,APPROVED
plr_2397c42e,transfermarkt,341647,Cengiz Ünder,,,2020_2021,100.0,EXACT_NAME,APPROVED
plr_8f95c172,transfermarkt,505194,Luke Thomas,,,2020_2021,100.0,EXACT_NAME,APPROVED
plr_c52e2e16,transfermarkt,260841,Daniel Iversen,,,2020_2021,100.0,EXACT_NAME,APPROVED
plr_2d1bac50,transfermarkt,420808,George Hirst,,,2020_2021,100.0,EXACT_NAME,APPROVED
plr_865cc583,transfermarkt,395797,Sam Hughes,,,2020_2021,85.71,FUZZY_MEDIUM,REVIEW_REQUIRED
plr_5ad43ecc,transfermarkt,73522,Matty James,,,2020_2021,100.0,EXACT_NAME,APPROVED
plr_f77e6dcb,transfermarkt,293168,Filip Benkovic,,,2020_2021,100.0,EXACT_NAME,APPROVED
plr_68357a6d,transfermarkt,56872,Andy King,,,2020_2021,100.0,EXACT_NAME,APPROVED
plr_33e59122,transfermarkt,298240,George Thomas,,,2020_2021,100.0,EXACT_NAME,APPROVED
plr_8216d44e,transfermarkt,364861,Fousseni Diabaté,,,2020_2021,100.0,EXACT_NAME,APPROVED
plr_805640dc,transfermarkt,118287,Rachid Ghezzal,,,2020_2021,100.0,EXACT_NAME,APPROVED
plr_2d1a08fa,transfermarkt,56810,Adrien Silva,,,2020_2021,100.0,EXACT_NAME,APPROVED
plr_d59aeda4,transfermarkt,174915,Islam Slimani,,,2020_2021,100.0,EXACT_NAME,APPROVED
plr_fd24b1dc,transfermarkt,292417,Demarai Gray,,,2020_2021,100.0,EXACT_NAME,APPROVED
plr_f60002c4,transfermarkt,246579,Bartosz Kapustka,,,2020_2021,100.0,EXACT_NAME,APPROVED
plr_5384e59f,transfermarkt,67252,Ryan Bennett,,,2020_2021,100.0,EXACT_NAME,APPROVED
plr_402c4293,transfermarkt,340950,Diogo Jota,,,2020_2021,100.0,EXACT_NAME,APPROVED
plr_c418d6fe,transfermarkt,60444,Thiago Alcántara,,,2020_2021,100.0,NO_MATCH_CREATED_NEW,APPROVED
plr_684a2666,transfermarkt,338070,Konstantinos Tsimikas,,,2020_2021,100.0,EXACT_NAME,APPROVED
plr_c2b64cfd,transfermarkt,361260,Ozan Kabak,,,2020_2021,100.0,EXACT_NAME,APPROVED
plr_8928fbe8,transfermarkt,257097,Ben Davies,,,2020_2021,100.0,EXACT_NAME,APPROVED
plr_61832da5,transfermarkt,662334,Marcelo Pitaluga,,,2020_2021,100.0,NO_MATCH_CREATED_NEW,APPROVED
plr_bfd1eb63,transfermarkt,503679,Rhys Williams,,,2020_2021,100.0,EXACT_NAME,APPROVED
plr_ef13bcea,transfermarkt,433188,Curtis Jones,,,2020_2021,100.0,EXACT_NAME,APPROVED
plr_be05ec04,transfermarkt,236510,Sheyi Ojo,,,2020_2021,100.0,EXACT_NAME,APPROVED
plr_04283c23,transfermarkt,279455,Harry Wilson,,,2020_2021,100.0,EXACT_NAME,APPROVED
plr_82ba1ffc,transfermarkt,371814,Nat Phillips,,,2020_2021,88.0,FUZZY_MEDIUM,REVIEW_REQUIRED
plr_7f1b66a0,transfermarkt,344015,Ben Woodburn,,,2020_2021,100.0,EXACT_NAME,APPROVED
plr_0599ec12,transfermarkt,337284,Ovie Ejaria,,,2020_2021,100.0,EXACT_NAME,APPROVED
plr_258eb7b1,transfermarkt,295313,Taiwo Awoniyi,,,2020_2021,100.0,EXACT_NAME,APPROVED
plr_0747d5b6,transfermarkt,222813,Marko Grujić,,,2020_2021,100.0,EXACT_NAME,APPROVED
plr_649a3758,transfermarkt,37838,Dejan Lovren,,,2020_2021,100.0,EXACT_NAME,APPROVED
plr_904e9ca0,transfermarkt,541231,Sepp van den Berg,,,2020_2021,100.0,EXACT_NAME,APPROVED
plr_15e42035,transfermarkt,165793,Takumi Minamino,,,2020_2021,100.0,EXACT_NAME,APPROVED
plr_daf77a07,transfermarkt,85864,Loris Karius,,,2020_2021,100.0,EXACT_NAME,APPROVED
plr_cc558d8e,transfermarkt,14044,Andy Lonergan,,,2020_2021,100.0,EXACT_NAME,APPROVED
plr_98c69e47,transfermarkt,258004,Rúben Dias,,,2020_2021,100.0,NO_MATCH_CREATED_NEW,APPROVED
plr_fc15fe28,transfermarkt,177476,Nathan Aké,,,2020_2021,100.0,EXACT_NAME,APPROVED
plr_de402e8b,transfermarkt,398184,Ferran Torres,,,2020_2021,100.0,EXACT_NAME,APPROVED
plr_7379ed21,transfermarkt,439629,Nahuel Bustos,,,2020_2021,100.0,NO_MATCH_CREATED_NEW,APPROVED
plr_dc0b3a47,transfermarkt,662327,Diego Rosa,,,2020_2021,100.0,NO_MATCH_CREATED_NEW,APPROVED
plr_89989652,transfermarkt,627228,Yan Couto,,,2020_2021,100.0,NO_MATCH_CREATED_NEW,APPROVED
plr_4618484c,transfermarkt,649452,Issa Kaboré,,,2020_2021,100.0,EXACT_NAME,APPROVED
plr_662fdea6,transfermarkt,503977,Taylor Harwood-Bellis,,,2020_2021,100.0,EXACT_NAME,APPROVED
plr_6eda969f,transfermarkt,399997,Daniel Arzani,,,2020_2021,100.0,EXACT_NAME,APPROVED
plr_79c376af,transfermarkt,355816,Ko Itakura,,,2020_2021,100.0,EXACT_NAME,APPROVED
plr_7b63aa7a,transfermarkt,371003,Ante Palaversa,,,2020_2021,100.0,EXACT_NAME,APPROVED
plr_27a97d88,transfermarkt,225452,Patrick Roberts,,,2020_2021,100.0,EXACT_NAME,APPROVED
plr_5a549c34,transfermarkt,221624,Zack Steffen,,,2020_2021,100.0,EXACT_NAME,APPROVED
plr_dc6c0e74,transfermarkt,340460,Philippe Sandler,,,2020_2021,100.0,EXACT_NAME,APPROVED
plr_c4ed62e7,transfermarkt,429790,Luka Ilic,,,2020_2021,100.0,EXACT_NAME,APPROVED
plr_bc5db7b4,transfermarkt,345654,Marlos Moreno,,,2020_2021,100.0,EXACT_NAME,APPROVED
plr_da872fd3,transfermarkt,371021,Arijanet Murić,,,2020_2021,92.86,FUZZY_HIGH,APPROVED
plr_02f3353d,transfermarkt,384807,Thomas Agyepong,,,2020_2021,100.0,EXACT_NAME,APPROVED
plr_50624195,transfermarkt,553875,Pedro Porro,,,2020_2021,100.0,EXACT_NAME,APPROVED
plr_75e963d2,transfermarkt,261504,Aleix García,,,2020_2021,100.0,EXACT_NAME,APPROVED
plr_3687db84,transfermarkt,505652,Slobodan Tedic,,,2020_2021,100.0,EXACT_NAME,APPROVED
plr_91ffa211,transfermarkt,314288,Lukas Nmecha,,,2020_2021,100.0,EXACT_NAME,APPROVED
plr_dfb8d559,transfermarkt,192565,Leroy Sané,,,2020_2021,100.0,EXACT_NAME,APPROVED
plr_1ef4e544,transfermarkt,54781,Nicolás Otamendi,,,2020_2021,100.0,EXACT_NAME,APPROVED
plr_6fc7b619,transfermarkt,35518,David Silva,,,2020_2021,100.0,EXACT_NAME,APPROVED
plr_ce49eb7b,transfermarkt,40423,Claudio Bravo,,,2020_2021,100.0,EXACT_NAME,APPROVED
plr_d19559f2,transfermarkt,426666,Ryotaro Meshino,,,2020_2021,100.0,EXACT_NAME,APPROVED
plr_520ab15b,transfermarkt,14555,Scott Carson,,,2020_2021,100.0,EXACT_NAME,APPROVED
plr_8b8cf281,transfermarkt,288255,Donny van de Beek,,,2020_2021,100.0,EXACT_NAME,APPROVED
plr_74b94270,transfermarkt,536835,Amad Diallo,,,2020_2021,100.0,EXACT_NAME,APPROVED
plr_67c6158c,transfermarkt,255755,Alex Telles,,,2020_2021,100.0,EXACT_NAME,APPROVED
plr_b7c7c881,transfermarkt,676318,Facundo Pellistri,,,2020_2021,100.0,EXACT_NAME,APPROVED
plr_30bd7b8d,transfermarkt,48280,Edinson Cavani,,,2020_2021,100.0,EXACT_NAME,APPROVED
plr_0e1e2bc8,transfermarkt,505219,James Garner,,,2020_2021,100.0,EXACT_NAME,APPROVED
plr_700131f8,transfermarkt,548470,Teden Mengi,,,2020_2021,100.0,EXACT_NAME,APPROVED
plr_7bf6790c,transfermarkt,258919,Dean Henderson,,,2020_2021,100.0,EXACT_NAME,APPROVED
plr_6251b786,transfermarkt,141660,Jesse Lingard,,,2020_2021,100.0,EXACT_NAME,APPROVED
plr_f349c2d6,transfermarkt,192611,Joel Pereira,,,2020_2021,100.0,EXACT_NAME,APPROVED
plr_34c056af,transfermarkt,344830,Tahith Chong,,,2020_2021,100.0,EXACT_NAME,APPROVED
plr_67ffebd5,transfermarkt,93176,Marcos Rojo,,,2020_2021,100.0,EXACT_NAME,APPROVED
plr_8dda1b3e,transfermarkt,103427,Chris Smalling,,,2020_2021,100.0,EXACT_NAME,APPROVED
plr_b3fa3efa,transfermarkt,40433,Alexis Sánchez,,,2020_2021,100.0,EXACT_NAME,APPROVED
plr_3aff19d5,transfermarkt,315131,Timothy Fosu-Mensah,,,2020_2021,100.0,EXACT_NAME,APPROVED
plr_134a3525,transfermarkt,357147,Diogo Dalot,,,2020_2021,100.0,EXACT_NAME,APPROVED
plr_639f9320,transfermarkt,392770,Angel Gomes,,,2020_2021,100.0,EXACT_NAME,APPROVED
plr_dd2dae7f,transfermarkt,258879,Cameron Borthwick-Jackson,,,2020_2021,100.0,EXACT_NAME,APPROVED
plr_3bebb6c9,transfermarkt,203394,Andreas Pereira,,,2020_2021,100.0,EXACT_NAME,APPROVED
plr_91c3f796,transfermarkt,62121,Odion Ighalo,,,2020_2021,100.0,EXACT_NAME,APPROVED
plr_b0091eef,transfermarkt,123682,Callum Wilson,,,2020_2021,100.0,EXACT_NAME,APPROVED
plr_12aa06be,transfermarkt,346018,Jamal Lewis,,,2020_2021,100.0,EXACT_NAME,APPROVED
plr_473481e9,transfermarkt,146795,Ryan Fraser,,,2020_2021,100.0,EXACT_NAME,APPROVED
plr_7e82c2b0,transfermarkt,142389,Mark Gillespie,,,2020_2021,100.0,EXACT_NAME,APPROVED
plr_1b8b2897,transfermarkt,226049,Freddie Woodman,,,2020_2021,100.0,EXACT_NAME,APPROVED
plr_904aedd3,transfermarkt,139173,Achraf Lazaar,,,2020_2021,100.0,EXACT_NAME,APPROVED
plr_b03effdc,transfermarkt,199527,Jacob Murphy,,,2020_2021,100.0,EXACT_NAME,APPROVED
plr_ec7e34e6,transfermarkt,256773,Dan Barlaser,,,2020_2021,100.0,EXACT_NAME,APPROVED
plr_c542991d,transfermarkt,255916,DeAndre Yedlin,,,2020_2021,100.0,EXACT_NAME,APPROVED
plr_a1746f2e,transfermarkt,258188,Rolando Aarons,,,2020_2021,100.0,EXACT_NAME,APPROVED
plr_36ad044e,transfermarkt,61644,Jack Colback,,,2020_2021,100.0,EXACT_NAME,APPROVED
plr_8b4df567,transfermarkt,230541,Yoshinori Muto,,,2020_2021,100.0,EXACT_NAME,APPROVED
plr_7b6d5f4a,transfermarkt,127108,Florian Lejeune,,,2020_2021,100.0,EXACT_NAME,APPROVED
plr_16fdc200,transfermarkt,39037,Rob Elliot,,,2020_2021,86.96,FUZZY_MEDIUM,REVIEW_REQUIRED
plr_23cec891,transfermarkt,250431,Jamie Sterry,,,2020_2021,100.0,EXACT_NAME,APPROVED
plr_3fb2c357,transfermarkt,50174,Danny Rose,,,2020_2021,100.0,EXACT_NAME,APPROVED
plr_25d062dc,transfermarkt,186368,Valentino Lazaro,,,2020_2021,100.0,EXACT_NAME,APPROVED
plr_a28be6a4,transfermarkt,245537,Nabil Bentaleb,,,2020_2021,100.0,EXACT_NAME,APPROVED
plr_2b72cd2e,transfermarkt,146258,Jetro Willems,,,2020_2021,100.0,EXACT_NAME,APPROVED
plr_7d0d0002,transfermarkt,406560,Rhian Brewster,,,2020_2021,100.0,EXACT_NAME,APPROVED
plr_658f15f6,transfermarkt,427568,Aaron Ramsdale,,,2020_2021,100.0,EXACT_NAME,APPROVED
plr_178fcfa8,transfermarkt,341317,Oliver Burke,,,2020_2021,100.0,EXACT_NAME,APPROVED
plr_346e4a7e,transfermarkt,465717,Jayden Bogle,,,2020_2021,100.0,EXACT_NAME,APPROVED
plr_a566a2db,transfermarkt,258885,Max Lowe,,,2020_2021,100.0,EXACT_NAME,APPROVED
plr_1142fb5a,transfermarkt,490224,Ismaila Coulibaly,,,2020_2021,100.0,EXACT_NAME,APPROVED
plr_e7297fc1,transfermarkt,61697,Wes Foderingham,,,2020_2021,100.0,EXACT_NAME,APPROVED
plr_6705854b,transfermarkt,66923,Luke Freeman,,,2020_2021,100.0,EXACT_NAME,APPROVED
plr_fabcb2ef,transfermarkt,543164,Rhys Norrington-Davies,,,2020_2021,100.0,EXACT_NAME,APPROVED
plr_89db9673,transfermarkt,526873,Jake Eastwood,,,2020_2021,100.0,EXACT_NAME,APPROVED
plr_f1b62d41,transfermarkt,105565,Mark Duffy,,,2020_2021,100.0,EXACT_NAME,APPROVED
plr_b2043a25,transfermarkt,128907,Ravel Morrison,,,2020_2021,100.0,EXACT_NAME,APPROVED
plr_e8b1efa4,transfermarkt,183299,Callum Robinson,,,2020_2021,100.0,EXACT_NAME,APPROVED
plr_f5668199,transfermarkt,36859,Leon Clarke,,,2020_2021,100.0,EXACT_NAME,APPROVED
plr_85c68943,transfermarkt,288259,Michael Verrips,,,2020_2021,100.0,EXACT_NAME,APPROVED
plr_f806f3fc,transfermarkt,158703,Kieron Freeman,,,2020_2021,100.0,EXACT_NAME,APPROVED
plr_925df729,transfermarkt,222024,Nathan Thomas,,,2020_2021,100.0,EXACT_NAME,APPROVED
plr_23345541,transfermarkt,156939,Ben Heneghan,,,2020_2021,100.0,EXACT_NAME,APPROVED
plr_79453014,transfermarkt,156899,Ricky Holmes,,,2020_2021,100.0,NO_MATCH_CREATED_NEW,APPROVED
plr_fe12bd8c,transfermarkt,324351,Panagiotis Retsos,,,2020_2021,100.0,EXACT_NAME,APPROVED
plr_d6cfb269,transfermarkt,252755,Richairo Zivkovic,,,2020_2021,100.0,EXACT_NAME,APPROVED
plr_100c6f03,transfermarkt,341051,Kyle Walker-Peters,,,2020_2021,100.0,EXACT_NAME,APPROVED
plr_974e4a64,transfermarkt,413032,Ibrahima Diallo,,,2020_2021,100.0,EXACT_NAME,APPROVED
plr_fb6890b8,transfermarkt,563963,Mohammed Salisu,,,2020_2021,100.0,EXACT_NAME,APPROVED
plr_dfa2c127,transfermarkt,346482,Dan Nlundulu,,,2020_2021,88.89,FUZZY_MEDIUM,REVIEW_REQUIRED
plr_2e77994b,transfermarkt,340322,Nathan Tella,,,2020_2021,100.0,EXACT_NAME,APPROVED
plr_a93bd6e1,transfermarkt,341043,Harry Lewis,,,2020_2021,100.0,EXACT_NAME,APPROVED
plr_a146657c,transfermarkt,286919,Josh Sims,,,2020_2021,100.0,EXACT_NAME,APPROVED
plr_6e664c42,transfermarkt,406008,Yan Valery,,,2020_2021,100.0,EXACT_NAME,APPROVED
plr_c7f28865,transfermarkt,37304,Shane Long,,,2020_2021,100.0,EXACT_NAME,APPROVED
plr_6ca9fe9b,transfermarkt,184672,Guido Carrillo,,,2020_2021,100.0,EXACT_NAME,APPROVED
plr_d9109e60,transfermarkt,253765,Wesley Hoedt,,,2020_2021,100.0,EXACT_NAME,APPROVED
plr_bbd4e8dc,transfermarkt,201574,Angus Gunn,,,2020_2021,100.0,EXACT_NAME,APPROVED
plr_278a8bc8,transfermarkt,315185,Jake Hesketh,,,2020_2021,100.0,EXACT_NAME,APPROVED
plr_96cfbd37,transfermarkt,81789,Maya Yoshida,,,2020_2021,100.0,EXACT_NAME,APPROVED
plr_5d586ba2,transfermarkt,186644,Mohamed Elyounoussi,,,2020_2021,100.0,EXACT_NAME,APPROVED
plr_ac7aacf2,transfermarkt,167799,Pierre-Emile Højbjerg,,,2020_2021,100.0,EXACT_NAME,APPROVED
plr_a025e6c4,transfermarkt,232271,Sofiane Boufal,,,2020_2021,100.0,EXACT_NAME,APPROVED
plr_bb017e15,transfermarkt,186923,Jack Rose,,,2020_2021,100.0,EXACT_NAME,APPROVED
plr_ee9308c2,transfermarkt,263236,Kevin Danso,,,2020_2021,100.0,EXACT_NAME,APPROVED
plr_edc2579b,transfermarkt,348795,Giovani Lo Celso,,,2020_2021,100.0,EXACT_NAME,APPROVED
plr_87cb672f,transfermarkt,282429,Sergio Reguilón,,,2020_2021,100.0,EXACT_NAME,APPROVED
plr_f4bc4b00,transfermarkt,171679,Matt Doherty,,,2020_2021,100.0,EXACT_NAME,APPROVED
plr_c1e41eae,transfermarkt,297212,Joe Rodon,,,2020_2021,100.0,EXACT_NAME,APPROVED
plr_e6199efc,transfermarkt,525287,Carlos Vinícius,,,2020_2021,100.0,NO_MATCH_CREATED_NEW,APPROVED
plr_6d5a662a,transfermarkt,39381,Gareth Bale,,,2020_2021,100.0,EXACT_NAME,APPROVED
plr_6da0ec3c,transfermarkt,406638,Oliver Skipp,,,2020_2021,100.0,EXACT_NAME,APPROVED
plr_e81737e0,transfermarkt,341049,Cameron Carter-Vickers,,,2020_2021,100.0,EXACT_NAME,APPROVED
plr_1b991171,transfermarkt,559794,Jack Clarke,,,2020_2021,100.0,EXACT_NAME,APPROVED
plr_e3701816,transfermarkt,43250,Jan Vertonghen,,,2020_2021,100.0,EXACT_NAME,APPROVED
plr_f069d9c1,transfermarkt,195488,Paulo Gazzaniga,,,2020_2021,100.0,EXACT_NAME,APPROVED
plr_1b8f4c67,transfermarkt,392775,Ryan Sessegnon,,,2020_2021,100.0,EXACT_NAME,APPROVED
plr_df041bea,transfermarkt,480763,Juan Foyth,,,2020_2021,100.0,EXACT_NAME,APPROVED
plr_1e34a9f7,transfermarkt,26276,Michel Vorm,,,2020_2021,100.0,EXACT_NAME,APPROVED
plr_1a9fe208,transfermarkt,337800,Gedson Fernandes,,,2020_2021,85.71,FUZZY_MEDIUM,REVIEW_REQUIRED
plr_49df5af6,transfermarkt,314183,Karlan Grant,,,2020_2021,100.0,EXACT_NAME,APPROVED
plr_d1c27c2b,transfermarkt,342048,Grady Diangana,,,2020_2021,100.0,EXACT_NAME,APPROVED
plr_332d2522,transfermarkt,225984,Matheus Pereira,,,2020_2021,100.0,EXACT_NAME,APPROVED
plr_259bf79e,transfermarkt,271966,Mbaye Diagne,,,2020_2021,100.0,EXACT_NAME,APPROVED
plr_3d7362d3,transfermarkt,364827,Cédric Kipré,,,2020_2021,100.0,NO_MATCH_CREATED_NEW,APPROVED
plr_9ce1d040,transfermarkt,22614,Robert Snodgrass,,,2020_2021,100.0,EXACT_NAME,APPROVED
plr_e6b22a37,transfermarkt,36827,Branislav Ivanovic,,,2020_2021,100.0,EXACT_NAME,APPROVED
plr_3598de66,transfermarkt,488362,Conor Gallagher,,,2020_2021,100.0,EXACT_NAME,APPROVED
plr_44fdc421,transfermarkt,261988,Filip Krovinovic,,,2020_2021,100.0,EXACT_NAME,APPROVED
plr_20e210b9,transfermarkt,137616,Okay Yokuşlu,,,2020_2021,91.67,FUZZY_HIGH,APPROVED
plr_8d7b48e7,transfermarkt,565979,Josh Griffiths,,,2020_2021,100.0,NO_MATCH_CREATED_NEW,APPROVED
plr_cf980af5,transfermarkt,456877,Rekeem Harper,,,2020_2021,100.0,EXACT_NAME,APPROVED
plr_60eb7df2,transfermarkt,387331,Sam Field,,,2020_2021,100.0,EXACT_NAME,APPROVED
plr_ef8221c4,transfermarkt,129627,Charlie Austin,,,2020_2021,100.0,EXACT_NAME,APPROVED
plr_82ad0811,transfermarkt,135213,Kenneth Zohore,,,2020_2021,100.0,EXACT_NAME,APPROVED
plr_92807238,transfermarkt,245625,Alex Palmer,,,2020_2021,81.82,FUZZY_MEDIUM,REVIEW_REQUIRED
plr_b250ca28,transfermarkt,314266,Jonathan Leko,,,2020_2021,100.0,EXACT_NAME,APPROVED
plr_8dffb301,transfermarkt,111524,Ahmed Hegazy,,,2020_2021,100.0,NO_MATCH_CREATED_NEW,APPROVED
plr_6dc9bddb,transfermarkt,36814,Chris Brunt,,,2020_2021,100.0,NO_MATCH_CREATED_NEW,APPROVED
plr_caa4a082,transfermarkt,130768,Jonathan Bond,,,2020_2021,100.0,NO_MATCH_CREATED_NEW,APPROVED
plr_ee8785b7,transfermarkt,3291,Gareth Barry,,,2020_2021,100.0,NO_MATCH_CREATED_NEW,APPROVED
plr_46037431,transfermarkt,26633,Ali Al-Habsi,,,2020_2021,100.0,NO_MATCH_CREATED_NEW,APPROVED
plr_853b998e,transfermarkt,290532,Saïd Benrahma,,,2020_2021,100.0,EXACT_NAME,APPROVED
plr_93c6e5ef,transfermarkt,283628,Tomáš Souček,,,2020_2021,100.0,EXACT_NAME,APPROVED
plr_dd74e364,transfermarkt,157672,Vladimír Coufal,,,2020_2021,100.0,EXACT_NAME,APPROVED
plr_a27799ef,transfermarkt,542690,Frederik Alves,,,2020_2021,100.0,EXACT_NAME,APPROVED
plr_ea5eb2ac,transfermarkt,121477,Craig Dawson,,,2020_2021,100.0,EXACT_NAME,APPROVED
plr_75c2eaf5,transfermarkt,419025,Conor Coventry,,,2020_2021,100.0,EXACT_NAME,APPROVED
plr_c87bcddb,transfermarkt,468002,Ben Johnson,,,2020_2021,100.0,EXACT_NAME,APPROVED
plr_4ecad3b8,transfermarkt,37526,Winston Reid,,,2020_2021,100.0,EXACT_NAME,APPROVED
plr_89eefe04,transfermarkt,37403,Roberto,,,2020_2021,100.0,EXACT_NAME,APPROVED
plr_1748102c,transfermarkt,242606,Josh Cullen,,,2020_2021,100.0,EXACT_NAME,APPROVED
plr_c12c754f,transfermarkt,291544,Jordan Hugill,,,2020_2021,100.0,EXACT_NAME,APPROVED
plr_e0738d31,transfermarkt,349300,Sead Haksabanovic,,,2020_2021,100.0,EXACT_NAME,APPROVED
plr_78297c9c,transfermarkt,181375,Sébastien Haller,,,2020_2021,100.0,EXACT_NAME,APPROVED
plr_65eeafd8,transfermarkt,195906,Albian Ajeti,,,2020_2021,100.0,EXACT_NAME,APPROVED
plr_b7f75198,transfermarkt,159372,Felipe Anderson,,,2020_2021,100.0,EXACT_NAME,APPROVED
plr_139846fd,transfermarkt,258011,Xande Silva,,,2020_2021,100.0,EXACT_NAME,APPROVED
plr_9bb0f358,transfermarkt,20007,Pablo Zabaleta,,,2020_2021,100.0,EXACT_NAME,APPROVED
plr_71a2d1c9,transfermarkt,74223,Jack Wilshere,,,2020_2021,100.0,EXACT_NAME,APPROVED
plr_f1040d7b,transfermarkt,51226,Carlos Sánchez,,,2020_2021,100.0,EXACT_NAME,APPROVED
plr_1a3c095a,transfermarkt,505653,Fábio Silva,,,2020_2021,100.0,EXACT_NAME,APPROVED
plr_2af711bb,transfermarkt,231572,Nélson Semedo,,,2020_2021,100.0,NO_MATCH_CREATED_NEW,APPROVED
plr_e58a4908,transfermarkt,485583,Ki-Jana Hoever,,,2020_2021,100.0,EXACT_NAME,APPROVED
plr_f30a1c1d,transfermarkt,122155,Willian José,,,2020_2021,100.0,NO_MATCH_CREATED_NEW,APPROVED
plr_ac70b76b,transfermarkt,137745,Marçal,,,2020_2021,100.0,NO_MATCH_CREATED_NEW,APPROVED
plr_3d2230ff,transfermarkt,606718,Toti,,,2020_2021,100.0,NO_MATCH_CREATED_NEW,APPROVED
plr_ba32ab70,transfermarkt,293257,Matija Sarkic,,,2020_2021,100.0,EXACT_NAME,APPROVED
plr_3b7e27a2,transfermarkt,487469,Vitinha,,,2020_2021,100.0,NO_MATCH_CREATED_NEW,APPROVED
plr_727608be,transfermarkt,578391,Rayan Aït-Nouri,,,2020_2021,100.0,EXACT_NAME,APPROVED
plr_7f6671fd,transfermarkt,511815,Owen Otasowie,,,2020_2021,100.0,EXACT_NAME,APPROVED
plr_12791f67,transfermarkt,357158,Rúben Vinagre,,,2020_2021,100.0,EXACT_NAME,APPROVED
plr_6bcbb576,transfermarkt,181781,Léo Bonatini,,,2020_2021,100.0,EXACT_NAME,APPROVED
plr_58a7dc5c,transfermarkt,87856,Roderick Miranda,,,2020_2021,100.0,EXACT_NAME,APPROVED
plr_7068a1e1,transfermarkt,265078,Patrick Cutrone,,,2020_2021,100.0,EXACT_NAME,APPROVED
plr_f923be04,transfermarkt,429014,Morgan Gibbs-White,,,2020_2021,100.0,EXACT_NAME,APPROVED
plr_d9bddd7f,transfermarkt,335461,Renat Dadashov,,,2020_2021,100.0,EXACT_NAME,APPROVED
plr_81bd3dec,transfermarkt,504581,Ryan Giles,,,2020_2021,100.0,EXACT_NAME,APPROVED
plr_0fdd50bf,transfermarkt,183283,Jordan Graham,,,2020_2021,100.0,EXACT_NAME,APPROVED
plr_396ccfa2,transfermarkt,606872,Leonardo Campana,,,2020_2021,100.0,EXACT_NAME,APPROVED
plr_e818e68a,transfermarkt,415646,Bruno Jordão,,,2020_2021,100.0,EXACT_NAME,APPROVED
plr_de9368b1,transfermarkt,293283,Oskar Buur,,,2020_2021,100.0,EXACT_NAME,APPROVED
plr_e535da10,transfermarkt,337787,Connor Ronan,,,2020_2021,100.0,EXACT_NAME,APPROVED
plr_b0573e64,transfermarkt,133858,Phil Ofosu-Ayeh,,,2020_2021,100.0,EXACT_NAME,APPROVED
plr_1435248e,transfermarkt,335721,Ben White,,,2021_2022,100.0,EXACT_NAME,APPROVED
plr_c80cc009,transfermarkt,316264,Martin Ødegaard,,,2021_2022,100.0,EXACT_NAME,APPROVED
plr_658f15f6,transfermarkt,427568,Aaron Ramsdale,,,2021_2022,100.0,EXACT_NAME,APPROVED
plr_ffbab246,transfermarkt,331560,Takehiro Tomiyasu,,,2021_2022,100.0,EXACT_NAME,APPROVED
plr_4f7ebeaa,transfermarkt,381967,Albert Sambi Lokonga,,,2021_2022,100.0,EXACT_NAME,APPROVED
plr_1f333686,transfermarkt,535955,Nuno Tavares,,,2021_2022,100.0,NO_MATCH_CREATED_NEW,APPROVED
plr_8ba079eb,transfermarkt,389253,Auston Trusty,,,2021_2022,100.0,EXACT_NAME,APPROVED
plr_1e2387d0,transfermarkt,503769,Arthur Okonkwo,,,2021_2022,100.0,EXACT_NAME,APPROVED
plr_d7cc1439,transfermarkt,205757,Dejan Iliev,,,2021_2022,100.0,EXACT_NAME,APPROVED
plr_f331e355,transfermarkt,495666,William Saliba,,,2021_2022,100.0,EXACT_NAME,APPROVED
plr_9d68e285,transfermarkt,94005,Sead Kolasinac,,,2021_2022,100.0,EXACT_NAME,APPROVED
plr_0002ce69,transfermarkt,318077,Lucas Torreira,,,2021_2022,100.0,EXACT_NAME,APPROVED
plr_17759ef5,transfermarkt,465830,Mattéo Guendouzi,,,2021_2022,100.0,EXACT_NAME,APPROVED
plr_fa7d65cb,transfermarkt,340329,Joe Willock,,,2021_2022,100.0,EXACT_NAME,APPROVED
plr_e9bad5d1,transfermarkt,285845,Ainsley Maitland-Niles,,,2021_2022,100.0,EXACT_NAME,APPROVED
plr_4215bfc0,transfermarkt,46741,David Luiz,,,2021_2022,100.0,EXACT_NAME,APPROVED
plr_dd751c60,transfermarkt,52769,Willian,,,2021_2022,100.0,EXACT_NAME,APPROVED
plr_fc4996be,transfermarkt,215118,Calum Chambers,,,2021_2022,100.0,EXACT_NAME,APPROVED
plr_1f98732c,transfermarkt,58864,Pierre-Emerick Aubameyang,,,2021_2022,100.0,EXACT_NAME,APPROVED
plr_e7a66a7c,transfermarkt,210178,Pablo Marí,,,2021_2022,100.0,EXACT_NAME,APPROVED
plr_7124259f,transfermarkt,340325,Reiss Nelson,,,2021_2022,100.0,EXACT_NAME,APPROVED
plr_eaa0237c,transfermarkt,205657,Rúnar Alex Rúnarsson,,,2021_2022,100.0,EXACT_NAME,APPROVED
plr_c28d089b,transfermarkt,191217,Héctor Bellerín,,,2021_2022,100.0,EXACT_NAME,APPROVED
plr_60fd42bd,transfermarkt,128969,Mathew Ryan,,,2021_2022,100.0,EXACT_NAME,APPROVED
plr_1b7734a9,transfermarkt,319745,Dani Ceballos,,,2021_2022,100.0,EXACT_NAME,APPROVED
plr_8ed1b0e5,transfermarkt,321247,Emiliano Buendía,,,2021_2022,100.0,EXACT_NAME,APPROVED
plr_4f6c54ae,transfermarkt,387626,Leon Bailey,,,2021_2022,100.0,EXACT_NAME,APPROVED
plr_6face4a9,transfermarkt,126664,Lucas Digne,,,2021_2022,100.0,EXACT_NAME,APPROVED
plr_eee31c87,transfermarkt,134294,Danny Ings,,,2021_2022,100.0,EXACT_NAME,APPROVED
plr_68c4c447,transfermarkt,14086,Ashley Young,,,2021_2022,100.0,EXACT_NAME,APPROVED
plr_12d4e613,transfermarkt,80444,Philippe Coutinho,,,2021_2022,100.0,NO_MATCH_CREATED_NEW,APPROVED
plr_f14d5a14,transfermarkt,75458,Robin Olsen,,,2021_2022,100.0,EXACT_NAME,APPROVED
plr_4826d903,transfermarkt,342046,Axel Tuanzebe,,,2021_2022,100.0,EXACT_NAME,APPROVED
plr_dd72e42f,transfermarkt,696589,Tim Iroegbunam,,,2021_2022,100.0,EXACT_NAME,APPROVED
plr_f4399801,transfermarkt,533662,Cameron Archer,,,2021_2022,100.0,EXACT_NAME,APPROVED
plr_8c04f363,transfermarkt,665390,Jaden Philogene,,,2021_2022,100.0,NO_MATCH_CREATED_NEW,APPROVED
plr_05780f76,transfermarkt,659459,Carney Chukwuemeka,,,2021_2022,100.0,EXACT_NAME,APPROVED
plr_8fbffa8e,transfermarkt,412660,Keinan Davis,,,2021_2022,100.0,EXACT_NAME,APPROVED
plr_dd59d8da,transfermarkt,61653,Conor Hourihane,,,2021_2022,100.0,EXACT_NAME,APPROVED
plr_96d13ae1,transfermarkt,381362,Wesley Moraes,,,2021_2022,100.0,EXACT_NAME,APPROVED
plr_198d4b01,transfermarkt,250478,Matt Targett,,,2021_2022,100.0,EXACT_NAME,APPROVED
plr_6f31cabe,transfermarkt,110867,Jed Steer,,,2021_2022,100.0,EXACT_NAME,APPROVED
plr_195825f2,transfermarkt,354352,Frédéric Guilbert,,,2021_2022,100.0,EXACT_NAME,APPROVED
plr_7a6c7e15,transfermarkt,182201,Mbwana Samatta,,,2021_2022,100.0,EXACT_NAME,APPROVED
plr_ee98921e,transfermarkt,203460,Jack Grealish,,,2021_2022,100.0,EXACT_NAME,APPROVED
plr_2c61a1c6,transfermarkt,193469,Björn Engels,,,2021_2022,100.0,EXACT_NAME,APPROVED
plr_f4a0a6d3,transfermarkt,34130,Tom Heaton,,,2021_2022,100.0,EXACT_NAME,APPROVED
plr_a82de73a,transfermarkt,183720,Anwar El Ghazi,,,2021_2022,100.0,EXACT_NAME,APPROVED
plr_99ec0645,transfermarkt,234189,Trezeguet,,,2021_2022,100.0,EXACT_NAME,APPROVED
plr_19863cde,transfermarkt,67416,Neil Taylor,,,2021_2022,100.0,EXACT_NAME,APPROVED
plr_6e8a3fb6,transfermarkt,66333,Ahmed El Mohamady,,,2021_2022,100.0,EXACT_NAME,APPROVED
plr_422824a3,transfermarkt,328658,Kristoffer Ajer,,,2021_2022,100.0,EXACT_NAME,APPROVED
plr_4de1884b,transfermarkt,388165,Yoane Wissa,,,2021_2022,100.0,EXACT_NAME,APPROVED
plr_258a34e6,transfermarkt,421637,Frank Onyeka,,,2021_2022,100.0,EXACT_NAME,APPROVED
plr_a7bb9b95,transfermarkt,587002,Myles Peart-Harris,,,2021_2022,100.0,EXACT_NAME,APPROVED
plr_88751e7b,transfermarkt,453704,Álvaro Ferllo,,,2021_2022,100.0,NO_MATCH_CREATED_NEW,APPROVED
plr_b239a267,transfermarkt,52059,Zanka,,,2021_2022,100.0,NO_MATCH_CREATED_NEW,APPROVED
plr_51a2507f,transfermarkt,48870,Jonas Lössl,,,2021_2022,100.0,EXACT_NAME,APPROVED
plr_e49151a3,transfermarkt,462832,Mads Bidstrup,,,2021_2022,100.0,EXACT_NAME,APPROVED
plr_f529b524,transfermarkt,69633,Christian Eriksen,,,2021_2022,100.0,EXACT_NAME,APPROVED
plr_e6cabd43,transfermarkt,404584,Marcus Forss,,,2021_2022,100.0,EXACT_NAME,APPROVED
plr_d9698762,transfermarkt,376856,Charlie Goode,,,2021_2022,100.0,EXACT_NAME,APPROVED
plr_feb09c35,transfermarkt,134277,Julian Jeanvier,,,2021_2022,100.0,EXACT_NAME,APPROVED
plr_c67e84b0,transfermarkt,456292,Ellery Balcombe,,,2021_2022,100.0,EXACT_NAME,APPROVED
plr_1bd0d717,transfermarkt,503688,Dominic Thompson,,,2021_2022,100.0,EXACT_NAME,APPROVED
plr_5fdfefdf,transfermarkt,429563,Patrik Gunnarsson,,,2021_2022,100.0,EXACT_NAME,APPROVED
plr_484684f5,transfermarkt,465606,Halil Dervişoğlu,,,2021_2022,100.0,EXACT_NAME,APPROVED
plr_04b0da4c,transfermarkt,175451,Joel Valencia,,,2021_2022,100.0,NO_MATCH_CREATED_NEW,APPROVED
plr_9441251c,transfermarkt,232964,Emiliano Marcondes,,,2021_2022,100.0,EXACT_NAME,APPROVED
plr_5c5abfaf,transfermarkt,45921,Luke Daniels,,,2021_2022,100.0,NO_MATCH_CREATED_NEW,APPROVED
plr_3ba0a020,transfermarkt,93315,Henrik Dalsgaard,,,2021_2022,100.0,NO_MATCH_CREATED_NEW,APPROVED
plr_a8d23214,transfermarkt,345587,Luka Racic,,,2021_2022,100.0,NO_MATCH_CREATED_NEW,APPROVED
plr_0187e258,transfermarkt,487924,Jan Zamburek,,,2021_2022,100.0,EXACT_NAME,APPROVED
plr_e10bd51a,transfermarkt,490307,Enock Mwepu,,,2021_2022,100.0,EXACT_NAME,APPROVED
plr_80d468fa,transfermarkt,284857,Marc Cucurella,,,2021_2022,100.0,EXACT_NAME,APPROVED
plr_0ad14bd4,transfermarkt,554284,Kacper Kozłowski,,,2021_2022,100.0,EXACT_NAME,APPROVED
plr_b494af93,transfermarkt,776798,Abdallah Sima,,,2021_2022,100.0,NO_MATCH_CREATED_NEW,APPROVED
plr_52047160,transfermarkt,339314,Deniz Undav,,,2021_2022,100.0,EXACT_NAME,APPROVED
plr_0a6b8ac7,transfermarkt,463527,Kjell Scherpen,,,2021_2022,100.0,EXACT_NAME,APPROVED
plr_82f41541,transfermarkt,504849,Kaoru Mitoma,,,2021_2022,100.0,EXACT_NAME,APPROVED
plr_a15797bf,transfermarkt,568005,Jeremy Sarmiento,,,2021_2022,100.0,EXACT_NAME,APPROVED
plr_88ee70da,transfermarkt,533523,Haydon Roberts,,,2021_2022,100.0,EXACT_NAME,APPROVED
plr_55d795b7,transfermarkt,484551,Taylor Richards,,,2021_2022,100.0,EXACT_NAME,APPROVED
plr_13d6ceb8,transfermarkt,434207,Aaron Connolly,,,2021_2022,100.0,EXACT_NAME,APPROVED
plr_095db400,transfermarkt,576314,Jan Paul van Hecke,,,2021_2022,100.0,EXACT_NAME,APPROVED
plr_c795f503,transfermarkt,687626,Moisés Caicedo,,,2021_2022,100.0,EXACT_NAME,APPROVED
plr_79d29f46,transfermarkt,208379,Christian Walton,,,2021_2022,100.0,EXACT_NAME,APPROVED
plr_0fb22b71,transfermarkt,450237,Billy Arce,,,2021_2022,100.0,EXACT_NAME,APPROVED
plr_70850120,transfermarkt,367284,Leo Østigård,,,2021_2022,100.0,EXACT_NAME,APPROVED
plr_e5040e88,transfermarkt,307497,Matt Clarke,,,2021_2022,100.0,EXACT_NAME,APPROVED
plr_928f982d,transfermarkt,364258,Bernardo,,,2021_2022,93.33,FUZZY_HIGH,APPROVED
plr_7bd3aa74,transfermarkt,433976,Tudor Băluță,,,2021_2022,100.0,EXACT_NAME,APPROVED
plr_96298588,transfermarkt,309180,Jan Mlakar,,,2021_2022,100.0,EXACT_NAME,APPROVED
plr_aa7bc1d5,transfermarkt,166240,Jürgen Locadia,,,2021_2022,100.0,EXACT_NAME,APPROVED
plr_8e85c7c2,transfermarkt,134270,Dan Burn,,,2021_2022,100.0,EXACT_NAME,APPROVED
plr_0c703dfb,transfermarkt,312239,Percy Tau,,,2021_2022,100.0,EXACT_NAME,APPROVED
plr_220e297b,transfermarkt,325443,Viktor Gyökeres,,,2021_2022,93.33,FUZZY_HIGH,APPROVED
plr_508aa546,transfermarkt,213268,Alireza Jahanbakhsh,,,2021_2022,100.0,EXACT_NAME,APPROVED
plr_a5598aab,transfermarkt,401604,Michal Karbownik,,,2021_2022,100.0,EXACT_NAME,APPROVED
plr_df8ad3d8,transfermarkt,147094,José Izquierdo,,,2021_2022,100.0,EXACT_NAME,APPROVED
plr_2198492a,transfermarkt,79027,Davy Pröpper,,,2021_2022,100.0,EXACT_NAME,APPROVED
plr_29b3267f,transfermarkt,345468,Andi Zeqiri,,,2021_2022,100.0,EXACT_NAME,APPROVED
plr_9a987637,transfermarkt,177065,Florin Andone,,,2021_2022,100.0,EXACT_NAME,APPROVED
plr_779bd682,transfermarkt,228645,Wout Weghorst,,,2021_2022,100.0,EXACT_NAME,APPROVED
plr_dc2e718e,transfermarkt,234781,Maxwel Cornet,,,2021_2022,100.0,EXACT_NAME,APPROVED
plr_a7a8e27e,transfermarkt,469050,Nathan Collins,,,2021_2022,100.0,EXACT_NAME,APPROVED
plr_2f62c95e,transfermarkt,214666,Connor Roberts,,,2021_2022,100.0,EXACT_NAME,APPROVED
plr_1cdbf075,transfermarkt,14221,Aaron Lennon,,,2021_2022,100.0,EXACT_NAME,APPROVED
plr_de07a986,transfermarkt,45494,Wayne Hennessey,,,2021_2022,100.0,EXACT_NAME,APPROVED
plr_676b11d7,transfermarkt,788283,Bobby Thomas,,,2021_2022,100.0,EXACT_NAME,APPROVED
plr_4cbcaf14,transfermarkt,410436,Bailey Peacock-Farrell,,,2021_2022,100.0,EXACT_NAME,APPROVED
plr_f64a195f,transfermarkt,108725,Chris Wood,,,2021_2022,100.0,EXACT_NAME,APPROVED
plr_e0fb6674,transfermarkt,128904,Ben Gibson,,,2021_2022,100.0,EXACT_NAME,APPROVED
plr_4f2f77b8,transfermarkt,397102,Josh Benson,,,2021_2022,100.0,EXACT_NAME,APPROVED
plr_a09ff2c7,transfermarkt,396174,Jimmy Dunne,,,2021_2022,100.0,EXACT_NAME,APPROVED
plr_425399ad,transfermarkt,128229,Robbie Brady,,,2021_2022,100.0,EXACT_NAME,APPROVED
plr_818e59dd,transfermarkt,96341,Romelu Lukaku,,,2021_2022,100.0,EXACT_NAME,APPROVED
plr_55f01b67,transfermarkt,148928,Saúl Ñíguez,,,2021_2022,100.0,EXACT_NAME,APPROVED
plr_a14d2b61,transfermarkt,116648,Marcus Bettinelli,,,2021_2022,100.0,EXACT_NAME,APPROVED
plr_82fd23e2,transfermarkt,346314,Trevoh Chalobah,,,2021_2022,100.0,EXACT_NAME,APPROVED
plr_cdd267e0,transfermarkt,198589,Lewis Baker,,,2021_2022,85.71,FUZZY_MEDIUM,REVIEW_REQUIRED
plr_8760c28d,transfermarkt,281404,Kenedy,,,2021_2022,100.0,EXACT_NAME,APPROVED
plr_3e594bdb,transfermarkt,73491,Danny Drinkwater,,,2021_2022,84.85,FUZZY_MEDIUM,REVIEW_REQUIRED
plr_1fa07280,transfermarkt,173859,Davide Zappacosta,,,2021_2022,100.0,EXACT_NAME,APPROVED
plr_0d16fc04,transfermarkt,245893,Matt Miazga,,,2021_2022,100.0,EXACT_NAME,APPROVED
plr_ad140362,transfermarkt,224884,Abdul Rahman Baba,,,2021_2022,100.0,EXACT_NAME,APPROVED
plr_e2b837a7,transfermarkt,182618,Tiemoué Bakayoko,,,2021_2022,100.0,EXACT_NAME,APPROVED
plr_9bb42042,transfermarkt,344596,Malang Sarr,,,2021_2022,100.0,EXACT_NAME,APPROVED
plr_253bd4b8,transfermarkt,147034,Marco van Ginkel,,,2021_2022,100.0,EXACT_NAME,APPROVED
plr_6f1af571,transfermarkt,59866,Victor Moses,,,2021_2022,100.0,EXACT_NAME,APPROVED
plr_f14726b3,transfermarkt,316551,Jake Clarke-Salter,,,2021_2022,100.0,EXACT_NAME,APPROVED
plr_2657cf82,transfermarkt,303254,Fikayo Tomori,,,2021_2022,100.0,EXACT_NAME,APPROVED
plr_34925e68,transfermarkt,222830,Danilo Pantic,,,2021_2022,100.0,EXACT_NAME,APPROVED
plr_7e350dc4,transfermarkt,423744,Billy Gilmour,,,2021_2022,100.0,EXACT_NAME,APPROVED
plr_e19d612b,transfermarkt,331726,Tammy Abraham,,,2021_2022,100.0,EXACT_NAME,APPROVED
plr_d63a49be,transfermarkt,157509,Kurt Zouma,,,2021_2022,100.0,EXACT_NAME,APPROVED
plr_b6854220,transfermarkt,392757,Marc Guéhi,,,2021_2022,100.0,EXACT_NAME,APPROVED
plr_10bbb0d8,transfermarkt,82442,Olivier Giroud,,,2021_2022,100.0,EXACT_NAME,APPROVED
plr_91be9265,transfermarkt,181778,Emerson,,,2021_2022,100.0,NO_MATCH_CREATED_NEW,APPROVED
plr_153f715d,transfermarkt,179184,Michy Batshuayi,,,2021_2022,100.0,EXACT_NAME,APPROVED
plr_e1b7c9cb,transfermarkt,245805,Izzy Brown,,,2021_2022,100.0,EXACT_NAME,APPROVED
plr_c8c2df65,transfermarkt,392771,Ethan Ampadu,,,2021_2022,100.0,EXACT_NAME,APPROVED
plr_133754fc,transfermarkt,128898,Jamal Blackman,,,2021_2022,100.0,EXACT_NAME,APPROVED
plr_ef0bbc5a,transfermarkt,19948,Willy Caballero,,,2021_2022,100.0,EXACT_NAME,APPROVED
plr_502e4810,transfermarkt,260827,Joachim Andersen,,,2021_2022,100.0,EXACT_NAME,APPROVED
plr_80bff014,transfermarkt,344152,Odsonne Édouard,,,2021_2022,93.33,FUZZY_HIGH,APPROVED
plr_fafbfb91,transfermarkt,420002,Jean-Philippe Mateta,,,2021_2022,100.0,EXACT_NAME,APPROVED
plr_f92c2078,transfermarkt,566723,Michael Olise,,,2021_2022,100.0,EXACT_NAME,APPROVED
plr_40c995f5,transfermarkt,207014,Will Hughes,,,2021_2022,100.0,EXACT_NAME,APPROVED
plr_410c3ed6,transfermarkt,586986,Luke Plange,,,2021_2022,100.0,EXACT_NAME,APPROVED
plr_7882a48a,transfermarkt,497494,Jacob Montes,,,2021_2022,100.0,NO_MATCH_CREATED_NEW,APPROVED
plr_5a9d85f1,transfermarkt,196722,Remi Matthews,,,2021_2022,100.0,EXACT_NAME,APPROVED
plr_3598de66,transfermarkt,488362,Conor Gallagher,,,2021_2022,100.0,EXACT_NAME,APPROVED
plr_e0254cba,transfermarkt,327755,Jarosław Jach,,,2021_2022,100.0,EXACT_NAME,APPROVED
plr_c3b48477,transfermarkt,62688,Scott Dann,,,2021_2022,100.0,EXACT_NAME,APPROVED
plr_0061283a,transfermarkt,45333,James McCarthy,,,2021_2022,100.0,EXACT_NAME,APPROVED
plr_fdf37817,transfermarkt,47713,Mamadou Sakho,,,2021_2022,100.0,EXACT_NAME,APPROVED
plr_1183b95e,transfermarkt,52119,Patrick van Aanholt,,,2021_2022,100.0,EXACT_NAME,APPROVED
plr_b1716ce8,transfermarkt,61842,Andros Townsend,,,2021_2022,100.0,EXACT_NAME,APPROVED
plr_ea397c75,transfermarkt,27511,Gary Cahill,,,2021_2022,100.0,EXACT_NAME,APPROVED
plr_44a6b76d,transfermarkt,611650,Sam Woods,,,2021_2022,100.0,EXACT_NAME,APPROVED
plr_81f31007,transfermarkt,95435,Connor Wickham,,,2021_2022,100.0,EXACT_NAME,APPROVED
plr_a57b4f27,transfermarkt,52191,Stephen Henderson,,,2021_2022,100.0,EXACT_NAME,APPROVED
plr_a7d60257,transfermarkt,404842,Vitaliy Mykolenko,,,2021_2022,94.12,FUZZY_HIGH,APPROVED
plr_fe4f9a98,transfermarkt,424015,Nathan Patterson,,,2021_2022,100.0,EXACT_NAME,APPROVED
plr_fd24b1dc,transfermarkt,292417,Demarai Gray,,,2021_2022,100.0,EXACT_NAME,APPROVED
plr_d1bd9bdb,transfermarkt,80197,Salomón Rondón,,,2021_2022,100.0,EXACT_NAME,APPROVED
plr_26dc52a9,transfermarkt,33873,Asmir Begovic,,,2021_2022,100.0,EXACT_NAME,APPROVED
plr_cc558d8e,transfermarkt,14044,Andy Lonergan,,,2021_2022,100.0,EXACT_NAME,APPROVED
plr_7d660ce9,transfermarkt,207929,Dele Alli,,,2021_2022,100.0,EXACT_NAME,APPROVED
plr_8b8cf281,transfermarkt,288255,Donny van de Beek,,,2021_2022,100.0,EXACT_NAME,APPROVED
plr_6c8f13a9,transfermarkt,258883,Jonjoe Kenny,,,2021_2022,100.0,EXACT_NAME,APPROVED
plr_ff9ef66a,transfermarkt,45671,Cenk Tosun,,,2021_2022,100.0,EXACT_NAME,APPROVED
plr_9dd1ee31,transfermarkt,364135,Moise Kean,,,2021_2022,100.0,EXACT_NAME,APPROVED
plr_a0cf6c54,transfermarkt,88103,James Rodríguez,,,2021_2022,100.0,EXACT_NAME,APPROVED
plr_928f982d,transfermarkt,175169,Bernard,,,2021_2022,100.0,EXACT_NAME,APPROVED
plr_83d6d5c3,transfermarkt,91059,Joshua King,,,2021_2022,100.0,EXACT_NAME,APPROVED
plr_df31ebae,transfermarkt,75471,Yannick Bolasie,,,2021_2022,100.0,EXACT_NAME,APPROVED
plr_49d3013b,transfermarkt,220755,Matthew Pennington,,,2021_2022,100.0,EXACT_NAME,APPROVED
plr_3f0f724c,transfermarkt,33713,Theo Walcott,,,2021_2022,100.0,EXACT_NAME,APPROVED
plr_ad0785ee,transfermarkt,399369,Beni Baningime,,,2021_2022,100.0,EXACT_NAME,APPROVED
plr_e475a388,transfermarkt,182894,Jean-Philippe Gbamin,,,2021_2022,100.0,EXACT_NAME,APPROVED
plr_a5932c18,transfermarkt,591193,Niels Nkounkou,,,2021_2022,100.0,EXACT_NAME,APPROVED
plr_e708fa9e,transfermarkt,329813,João Virgínia,,,2021_2022,100.0,EXACT_NAME,APPROVED
plr_30efeb64,transfermarkt,93905,Muhamed Besic,,,2021_2022,84.62,FUZZY_MEDIUM,REVIEW_REQUIRED
plr_06a46691,transfermarkt,319301,Daniel James,,,2021_2022,100.0,EXACT_NAME,APPROVED
plr_2be29b6c,transfermarkt,374139,Junior Firpo,,,2021_2022,100.0,NO_MATCH_CREATED_NEW,APPROVED
plr_0d34d177,transfermarkt,417346,Jack Harrison,,,2021_2022,100.0,EXACT_NAME,APPROVED
plr_cbdb48b4,transfermarkt,418561,Kristoffer Klaesson,,,2021_2022,100.0,EXACT_NAME,APPROVED
plr_f61c0fce,transfermarkt,661208,Leo Hjelde,,,2021_2022,100.0,NO_MATCH_CREATED_NEW,APPROVED
plr_852fc8c3,transfermarkt,531957,Cody Drameh,,,2021_2022,100.0,EXACT_NAME,APPROVED
plr_fe42270b,transfermarkt,597659,Charlie Cresswell,,,2021_2022,100.0,EXACT_NAME,APPROVED
plr_66a07cf8,transfermarkt,532178,Sam Greenwood,,,2021_2022,100.0,EXACT_NAME,APPROVED
plr_213d25dc,transfermarkt,474701,Crysencio Summerville,,,2021_2022,100.0,EXACT_NAME,APPROVED
plr_b2ac23a2,transfermarkt,392763,Ian Poveda,,,2021_2022,100.0,NO_MATCH_CREATED_NEW,APPROVED
plr_9155d2f9,transfermarkt,596446,Leif Davis,,,2021_2022,100.0,EXACT_NAME,APPROVED
plr_8ef46b22,transfermarkt,431475,Mateusz Bogusz,,,2021_2022,100.0,EXACT_NAME,APPROVED
plr_7cb791a8,transfermarkt,534698,Robbie Gotts,,,2021_2022,100.0,EXACT_NAME,APPROVED
plr_c9c7a858,transfermarkt,533913,Jordan Stevens,,,2021_2022,100.0,EXACT_NAME,APPROVED
plr_3c55134e,transfermarkt,91854,Barry Douglas,,,2021_2022,100.0,EXACT_NAME,APPROVED
plr_7a09de5b,transfermarkt,129604,Ezgjan Alioski,,,2021_2022,100.0,EXACT_NAME,APPROVED
plr_e8e1b6a4,transfermarkt,126412,Ouasim Bouy,,,2021_2022,100.0,NO_MATCH_CREATED_NEW,APPROVED
plr_90825278,transfermarkt,46220,Pablo Hernández,,,2021_2022,100.0,NO_MATCH_CREATED_NEW,APPROVED
plr_17bce08f,transfermarkt,173900,Hélder Costa,,,2021_2022,100.0,EXACT_NAME,APPROVED
plr_912ef289,transfermarkt,27486,Kiko Casilla,,,2021_2022,100.0,NO_MATCH_CREATED_NEW,APPROVED
plr_ce61449f,transfermarkt,61583,Eunan O'Kane,,,2021_2022,100.0,EXACT_NAME,APPROVED
plr_7f028f04,transfermarkt,43084,Gaetano Berardi,,,2021_2022,100.0,EXACT_NAME,APPROVED
plr_0102bc6e,transfermarkt,365172,Patson Daka,,,2021_2022,100.0,EXACT_NAME,APPROVED
plr_1e590ab9,transfermarkt,344605,Boubakary Soumaré,,,2021_2022,100.0,EXACT_NAME,APPROVED
plr_219ef86c,transfermarkt,99331,Jannik Vestergaard,,,2021_2022,100.0,EXACT_NAME,APPROVED
plr_57310b47,transfermarkt,40611,Ryan Bertrand,,,2021_2022,100.0,EXACT_NAME,APPROVED
plr_4e1069b9,transfermarkt,406040,Ademola Lookman,,,2021_2022,100.0,EXACT_NAME,APPROVED
plr_ec309acd,transfermarkt,475188,Kiernan Dewsbury-Hall,,,2021_2022,100.0,EXACT_NAME,APPROVED
plr_2d1bac50,transfermarkt,420808,George Hirst,,,2021_2022,100.0,EXACT_NAME,APPROVED
plr_c52e2e16,transfermarkt,260841,Daniel Iversen,,,2021_2022,100.0,EXACT_NAME,APPROVED
plr_f77e6dcb,transfermarkt,293168,Filip Benkovic,,,2021_2022,100.0,EXACT_NAME,APPROVED
plr_865cc583,transfermarkt,395797,Sam Hughes,,,2021_2022,85.71,FUZZY_MEDIUM,REVIEW_REQUIRED
plr_805640dc,transfermarkt,118287,Rachid Ghezzal,,,2021_2022,100.0,EXACT_NAME,APPROVED
plr_ea1bf1b1,transfermarkt,129588,Dennis Praet,,,2021_2022,100.0,EXACT_NAME,APPROVED
plr_79e7bfb0,transfermarkt,6636,Christian Fuchs,,,2021_2022,100.0,EXACT_NAME,APPROVED
plr_5ad43ecc,transfermarkt,73522,Matty James,,,2021_2022,100.0,EXACT_NAME,APPROVED
plr_b0f6e271,transfermarkt,10003,Wes Morgan,,,2021_2022,100.0,EXACT_NAME,APPROVED
plr_2397c42e,transfermarkt,341647,Cengiz Ünder,,,2021_2022,100.0,EXACT_NAME,APPROVED
plr_84d480d9,transfermarkt,480692,Luis Díaz,,,2021_2022,100.0,EXACT_NAME,APPROVED
plr_2322c1a4,transfermarkt,357119,Ibrahima Konaté,,,2021_2022,100.0,EXACT_NAME,APPROVED
plr_b077ffa5,transfermarkt,565822,Harvey Elliott,,,2021_2022,100.0,EXACT_NAME,APPROVED
plr_82ba1ffc,transfermarkt,371814,Nat Phillips,,,2021_2022,88.0,FUZZY_MEDIUM,REVIEW_REQUIRED
plr_be05ec04,transfermarkt,236510,Sheyi Ojo,,,2021_2022,100.0,EXACT_NAME,APPROVED
plr_7cdbe839,transfermarkt,503680,Neco Williams,,,2021_2022,100.0,EXACT_NAME,APPROVED
plr_8928fbe8,transfermarkt,257097,Ben Davies,,,2021_2022,100.0,EXACT_NAME,APPROVED
plr_bfd1eb63,transfermarkt,503679,Rhys Williams,,,2021_2022,100.0,EXACT_NAME,APPROVED
plr_7f1b66a0,transfermarkt,344015,Ben Woodburn,,,2021_2022,100.0,EXACT_NAME,APPROVED
plr_258eb7b1,transfermarkt,295313,Taiwo Awoniyi,,,2021_2022,100.0,EXACT_NAME,APPROVED
plr_15e42035,transfermarkt,165793,Takumi Minamino,,,2021_2022,100.0,EXACT_NAME,APPROVED
plr_904e9ca0,transfermarkt,541231,Sepp van den Berg,,,2021_2022,100.0,EXACT_NAME,APPROVED
plr_0747d5b6,transfermarkt,222813,Marko Grujić,,,2021_2022,100.0,EXACT_NAME,APPROVED
plr_daf77a07,transfermarkt,85864,Loris Karius,,,2021_2022,100.0,EXACT_NAME,APPROVED
plr_04283c23,transfermarkt,279455,Harry Wilson,,,2021_2022,100.0,EXACT_NAME,APPROVED
plr_db541176,transfermarkt,86792,Xherdan Shaqiri,,,2021_2022,100.0,EXACT_NAME,APPROVED
plr_4d61ae05,transfermarkt,49499,Georginio Wijnaldum,,,2021_2022,100.0,EXACT_NAME,APPROVED
plr_c2b64cfd,transfermarkt,361260,Ozan Kabak,,,2021_2022,100.0,EXACT_NAME,APPROVED
plr_b59072f7,transfermarkt,576024,Julián Alvarez,,,2021_2022,92.86,FUZZY_HIGH,APPROVED
plr_520ab15b,transfermarkt,14555,Scott Carson,,,2021_2022,100.0,EXACT_NAME,APPROVED
plr_92807238,transfermarkt,568177,Cole Palmer,,,2021_2022,100.0,EXACT_NAME,APPROVED
plr_79c376af,transfermarkt,355816,Ko Itakura,,,2021_2022,100.0,EXACT_NAME,APPROVED
plr_e90d8ba9,transfermarkt,282199,Erik Palmer-Brown,,,2021_2022,100.0,EXACT_NAME,APPROVED
plr_4618484c,transfermarkt,649452,Issa Kaboré,,,2021_2022,100.0,EXACT_NAME,APPROVED
plr_91ffa211,transfermarkt,314288,Lukas Nmecha,,,2021_2022,100.0,EXACT_NAME,APPROVED
plr_00a03259,transfermarkt,378293,Yangel Herrera,,,2021_2022,81.48,FUZZY_MEDIUM,REVIEW_REQUIRED
plr_d19559f2,transfermarkt,426666,Ryotaro Meshino,,,2021_2022,100.0,EXACT_NAME,APPROVED
plr_662fdea6,transfermarkt,503977,Taylor Harwood-Bellis,,,2021_2022,100.0,EXACT_NAME,APPROVED
plr_03e9bed5,transfermarkt,277179,Angeliño,,,2021_2022,100.0,EXACT_NAME,APPROVED
plr_89989652,transfermarkt,627228,Yan Couto,,,2021_2022,100.0,EXACT_NAME,APPROVED
plr_dc6c0e74,transfermarkt,340460,Philippe Sandler,,,2021_2022,100.0,EXACT_NAME,APPROVED
plr_bc5db7b4,transfermarkt,345654,Marlos Moreno,,,2021_2022,100.0,EXACT_NAME,APPROVED
plr_27a97d88,transfermarkt,225452,Patrick Roberts,,,2021_2022,100.0,EXACT_NAME,APPROVED
plr_c4ed62e7,transfermarkt,429790,Luka Ilic,,,2021_2022,100.0,EXACT_NAME,APPROVED
plr_6eda969f,transfermarkt,399997,Daniel Arzani,,,2021_2022,100.0,EXACT_NAME,APPROVED
plr_da872fd3,transfermarkt,371021,Arijanet Murić,,,2021_2022,92.86,FUZZY_HIGH,APPROVED
plr_de402e8b,transfermarkt,398184,Ferran Torres,,,2021_2022,100.0,EXACT_NAME,APPROVED
plr_3bcccd90,transfermarkt,466794,Eric García,,,2021_2022,90.91,FUZZY_HIGH,APPROVED
plr_3e0fc5e5,transfermarkt,26399,Sergio Agüero,,,2021_2022,100.0,EXACT_NAME,APPROVED
plr_00992bc2,transfermarkt,401173,Jadon Sancho,,,2021_2022,100.0,EXACT_NAME,APPROVED
plr_770b636f,transfermarkt,164770,Raphaël Varane,,,2021_2022,100.0,EXACT_NAME,APPROVED
plr_04891e2c,transfermarkt,8198,Cristiano Ronaldo,,,2021_2022,100.0,NO_MATCH_CREATED_NEW,APPROVED
plr_075e2c29,transfermarkt,583189,Anthony Elanga,,,2021_2022,100.0,EXACT_NAME,APPROVED
plr_74b94270,transfermarkt,536835,Amad Diallo,,,2021_2022,100.0,EXACT_NAME,APPROVED
plr_3bebb6c9,transfermarkt,203394,Andreas Pereira,,,2021_2022,100.0,EXACT_NAME,APPROVED
plr_700131f8,transfermarkt,548470,Teden Mengi,,,2021_2022,100.0,EXACT_NAME,APPROVED
plr_6a112562,transfermarkt,507700,Brandon Williams,,,2021_2022,100.0,EXACT_NAME,APPROVED
plr_0e1e2bc8,transfermarkt,505219,James Garner,,,2021_2022,100.0,EXACT_NAME,APPROVED
plr_34c056af,transfermarkt,344830,Tahith Chong,,,2021_2022,100.0,EXACT_NAME,APPROVED
plr_b7c7c881,transfermarkt,676318,Facundo Pellistri,,,2021_2022,100.0,EXACT_NAME,APPROVED
plr_134a3525,transfermarkt,357147,Diogo Dalot,,,2021_2022,100.0,EXACT_NAME,APPROVED
plr_f349c2d6,transfermarkt,192611,Joel Pereira,,,2021_2022,100.0,EXACT_NAME,APPROVED
plr_356a3fe0,transfermarkt,182877,Anthony Martial,,,2021_2022,100.0,EXACT_NAME,APPROVED
plr_ad26d9b8,transfermarkt,30690,Sergio Romero,,,2021_2022,100.0,EXACT_NAME,APPROVED
plr_f4f87396,transfermarkt,520624,Bruno Guimarães,,,2021_2022,100.0,NO_MATCH_CREATED_NEW,APPROVED
plr_f85d25e1,transfermarkt,95810,Kieran Trippier,,,2021_2022,100.0,EXACT_NAME,APPROVED
plr_a8c20f50,transfermarkt,148262,Jeff Hendrick,,,2021_2022,100.0,EXACT_NAME,APPROVED
plr_eb5688d3,transfermarkt,484387,Matty Longstaff,,,2021_2022,87.5,FUZZY_MEDIUM,REVIEW_REQUIRED
plr_7b6d5f4a,transfermarkt,127108,Florian Lejeune,,,2021_2022,100.0,EXACT_NAME,APPROVED
plr_1b8b2897,transfermarkt,226049,Freddie Woodman,,,2021_2022,100.0,EXACT_NAME,APPROVED
plr_8b4df567,transfermarkt,230541,Yoshinori Muto,,,2021_2022,100.0,EXACT_NAME,APPROVED
plr_fbc3b89c,transfermarkt,186997,Christian Atsu,,,2021_2022,100.0,EXACT_NAME,APPROVED
plr_5697f2a1,transfermarkt,51540,Henri Saivet,,,2021_2022,100.0,EXACT_NAME,APPROVED
plr_92b7ec11,transfermarkt,48066,Andy Carroll,,,2021_2022,100.0,EXACT_NAME,APPROVED
plr_1cacd0d5,transfermarkt,291739,Milot Rashica,,,2021_2022,100.0,EXACT_NAME,APPROVED
plr_e8471035,transfermarkt,451677,Christos Tzolis,,,2021_2022,100.0,EXACT_NAME,APPROVED
plr_dfd32001,transfermarkt,393325,Josh Sargent,,,2021_2022,92.31,FUZZY_HIGH,APPROVED
plr_a0f47c45,transfermarkt,295630,Dimitrios Giannoulis,,,2021_2022,97.44,FUZZY_HIGH,APPROVED
plr_bbd4e8dc,transfermarkt,201574,Angus Gunn,,,2021_2022,100.0,EXACT_NAME,APPROVED
plr_238a53bf,transfermarkt,377393,Pierre Lees-Melou,,,2021_2022,100.0,EXACT_NAME,APPROVED
plr_b91fcd95,transfermarkt,257805,Mathias Normann,,,2021_2022,100.0,EXACT_NAME,APPROVED
plr_23c75005,transfermarkt,672381,Jonathan Rowe,,,2021_2022,100.0,EXACT_NAME,APPROVED
plr_f025b709,transfermarkt,511802,Rocky Bushiri,,,2021_2022,100.0,EXACT_NAME,APPROVED
plr_5578b651,transfermarkt,112617,Philip Heise,,,2021_2022,100.0,EXACT_NAME,APPROVED
plr_ee21492a,transfermarkt,332341,Todd Cantwell,,,2021_2022,100.0,EXACT_NAME,APPROVED
plr_c12c754f,transfermarkt,291544,Jordan Hugill,,,2021_2022,100.0,EXACT_NAME,APPROVED
plr_4e211b25,transfermarkt,532464,Daniel Adshead,,,2021_2022,100.0,EXACT_NAME,APPROVED
plr_ad5d48fd,transfermarkt,346499,Danel Sinani,,,2021_2022,100.0,NO_MATCH_CREATED_NEW,APPROVED
plr_27c89c9b,transfermarkt,547534,Josh Martin,,,2021_2022,100.0,EXACT_NAME,APPROVED
plr_7c3ea9b6,transfermarkt,65255,Timm Klose,,,2021_2022,100.0,EXACT_NAME,APPROVED
plr_770cbb42,transfermarkt,109751,Onel Hernández,,,2021_2022,100.0,EXACT_NAME,APPROVED
plr_7823db2c,transfermarkt,433186,Bali Mumba,,,2021_2022,100.0,EXACT_NAME,APPROVED
plr_00ea0244,transfermarkt,288948,Aston Oxborough,,,2021_2022,100.0,EXACT_NAME,APPROVED
plr_19c35db9,transfermarkt,504042,Daniel Barden,,,2021_2022,100.0,NO_MATCH_CREATED_NEW,APPROVED
plr_14724cd7,transfermarkt,605498,Sebastian Soto,,,2021_2022,100.0,NO_MATCH_CREATED_NEW,APPROVED
plr_3321f892,transfermarkt,425713,Akin Famewo,,,2021_2022,100.0,EXACT_NAME,APPROVED
plr_6b2426c9,transfermarkt,618901,Sam McCallum,,,2021_2022,100.0,EXACT_NAME,APPROVED
plr_a339cc3b,transfermarkt,39372,Mario Vrancic,,,2021_2022,100.0,EXACT_NAME,APPROVED
plr_b981232a,transfermarkt,45760,Marco Stiepermann,,,2021_2022,100.0,EXACT_NAME,APPROVED
plr_730530c1,transfermarkt,73517,Ørjan Nyland,,,2021_2022,100.0,EXACT_NAME,APPROVED
plr_dbfa47d3,transfermarkt,82243,Moritz Leitner,,,2021_2022,100.0,EXACT_NAME,APPROVED
plr_1e5dff58,transfermarkt,207771,Louis Thompson,,,2021_2022,100.0,EXACT_NAME,APPROVED
plr_9a0bcd68,transfermarkt,93831,Tom Trybull,,,2021_2022,100.0,EXACT_NAME,APPROVED
plr_1cbba262,transfermarkt,204102,Xavi Quintillà,,,2021_2022,100.0,NO_MATCH_CREATED_NEW,APPROVED
plr_80976ef1,transfermarkt,503981,Tino Livramento,,,2021_2022,100.0,EXACT_NAME,APPROVED
plr_d563759e,transfermarkt,250426,Adam Armstrong,,,2021_2022,100.0,EXACT_NAME,APPROVED
plr_b79ce40b,transfermarkt,318523,Romain Perraud,,,2021_2022,100.0,EXACT_NAME,APPROVED
plr_1b33b1bc,transfermarkt,379807,Lyanco,,,2021_2022,100.0,NO_MATCH_CREATED_NEW,APPROVED
plr_a1727b64,transfermarkt,571743,Armando Broja,,,2021_2022,100.0,EXACT_NAME,APPROVED
plr_dfa2c127,transfermarkt,346482,Dan Nlundulu,,,2021_2022,88.89,FUZZY_MEDIUM,REVIEW_REQUIRED
plr_d9109e60,transfermarkt,253765,Wesley Hoedt,,,2021_2022,100.0,EXACT_NAME,APPROVED
plr_68885946,transfermarkt,170934,Mario Lemina,,,2021_2022,100.0,EXACT_NAME,APPROVED
plr_cd2c67e2,transfermarkt,444208,Michael Obafemi,,,2021_2022,100.0,EXACT_NAME,APPROVED
plr_278a8bc8,transfermarkt,315185,Jake Hesketh,,,2021_2022,100.0,EXACT_NAME,APPROVED
plr_a146657c,transfermarkt,286919,Josh Sims,,,2021_2022,100.0,EXACT_NAME,APPROVED
plr_9e73b010,transfermarkt,226968,Sam McQueen,,,2021_2022,100.0,EXACT_NAME,APPROVED
plr_4ce04a1e,transfermarkt,476344,Emerson Royal,,,2021_2022,100.0,NO_MATCH_CREATED_NEW,APPROVED
plr_8841fbfa,transfermarkt,537382,Bryan Gil,,,2021_2022,100.0,NO_MATCH_CREATED_NEW,APPROVED
plr_1bbf72d3,transfermarkt,354362,Rodrigo Bentancur,,,2021_2022,100.0,EXACT_NAME,APPROVED
plr_b0f4dfe0,transfermarkt,568693,Pape Matar Sarr,,,2021_2022,100.0,EXACT_NAME,APPROVED
plr_fd8827a0,transfermarkt,431755,Dejan Kulusevski,,,2021_2022,100.0,EXACT_NAME,APPROVED
plr_2bf05d91,transfermarkt,355915,Cristian Romero,,,2021_2022,100.0,EXACT_NAME,APPROVED
plr_e8db260f,transfermarkt,244192,Pierluigi Gollini,,,2021_2022,100.0,EXACT_NAME,APPROVED
plr_e81737e0,transfermarkt,341049,Cameron Carter-Vickers,,,2021_2022,100.0,EXACT_NAME,APPROVED
plr_c248e0da,transfermarkt,428016,Brandon Austin,,,2021_2022,100.0,EXACT_NAME,APPROVED
plr_1b991171,transfermarkt,559794,Jack Clarke,,,2021_2022,100.0,EXACT_NAME,APPROVED
plr_5564ab09,transfermarkt,282823,Alfie Whiteman,,,2021_2022,100.0,EXACT_NAME,APPROVED
plr_f069d9c1,transfermarkt,195488,Paulo Gazzaniga,,,2021_2022,100.0,EXACT_NAME,APPROVED
plr_1b8f4c67,transfermarkt,392775,Ryan Sessegnon,,,2021_2022,100.0,EXACT_NAME,APPROVED
plr_df041bea,transfermarkt,480763,Juan Foyth,,,2021_2022,100.0,EXACT_NAME,APPROVED
plr_144ced4d,transfermarkt,42710,Toby Alderweireld,,,2021_2022,100.0,EXACT_NAME,APPROVED
plr_fdbc88df,transfermarkt,46001,Moussa Sissoko,,,2021_2022,100.0,EXACT_NAME,APPROVED
plr_8050d42e,transfermarkt,450936,Tanguy Ndombélé,,,2021_2022,86.67,FUZZY_MEDIUM,REVIEW_REQUIRED
plr_06341f32,transfermarkt,40204,Joe Hart,,,2021_2022,100.0,EXACT_NAME,APPROVED
plr_8841fbfa,transfermarkt,537382,Bryan Gil,,,2021_2022,100.0,EXACT_NAME,APPROVED
plr_a06d98ce,transfermarkt,111630,Erik Lamela,,,2021_2022,100.0,EXACT_NAME,APPROVED
plr_3fb2c357,transfermarkt,50174,Danny Rose,,,2021_2022,100.0,EXACT_NAME,APPROVED
plr_edc2579b,transfermarkt,348795,Giovani Lo Celso,,,2021_2022,100.0,EXACT_NAME,APPROVED
plr_ccef0fa9,transfermarkt,127032,Serge Aurier,,,2021_2022,100.0,EXACT_NAME,APPROVED
plr_e6199efc,transfermarkt,525287,Carlos Vinícius,,,2021_2022,100.0,EXACT_NAME,APPROVED
plr_6d5a662a,transfermarkt,39381,Gareth Bale,,,2021_2022,100.0,EXACT_NAME,APPROVED
plr_ee1f9465,transfermarkt,635336,Imrân Louza,,,2021_2022,100.0,EXACT_NAME,APPROVED
plr_72017f1a,transfermarkt,340353,Maduka Okoye,,,2021_2022,100.0,NO_MATCH_CREATED_NEW,APPROVED
plr_aefd4a66,transfermarkt,255744,Samir Caetano,,,2021_2022,100.0,NO_MATCH_CREATED_NEW,APPROVED
plr_66c32bef,transfermarkt,486477,Edo Kayembe,,,2021_2022,100.0,EXACT_NAME,APPROVED
plr_f2484e59,transfermarkt,448854,Emmanuel Dennis,,,2021_2022,100.0,EXACT_NAME,APPROVED
plr_65b7b9e0,transfermarkt,290017,Hassane Kamara,,,2021_2022,100.0,EXACT_NAME,APPROVED
plr_0e9f8adb,transfermarkt,857818,Yáser Asprilla,,,2021_2022,100.0,NO_MATCH_CREATED_NEW,APPROVED
plr_0f9fdd5c,transfermarkt,424051,Samuel Kalu,,,2021_2022,100.0,EXACT_NAME,APPROVED
plr_68d8f9cb,transfermarkt,236471,Ozan Tufan,,,2021_2022,100.0,EXACT_NAME,APPROVED
plr_147f7a96,transfermarkt,624948,Mattie Pollock,,,2021_2022,89.66,FUZZY_MEDIUM,REVIEW_REQUIRED
plr_ea3fe70a,transfermarkt,711247,Kwadwo Baah,,,2021_2022,100.0,EXACT_NAME,APPROVED
plr_6ce4be14,transfermarkt,289846,Ashley Fletcher,,,2021_2022,100.0,EXACT_NAME,APPROVED
plr_5f4190fc,transfermarkt,409106,Peter Etebo,,,2021_2022,100.0,NO_MATCH_CREATED_NEW,APPROVED
plr_a33970ff,transfermarkt,74943,Juraj Kucka,,,2021_2022,100.0,EXACT_NAME,APPROVED
plr_cb89a4e7,transfermarkt,60577,Nicolas N'Koulou,,,2021_2022,100.0,EXACT_NAME,APPROVED
plr_cd9bd9d3,transfermarkt,538006,Kwasi Sibo,,,2021_2022,100.0,EXACT_NAME,APPROVED
plr_00c94cee,transfermarkt,391719,Domingos Quina,,,2021_2022,100.0,EXACT_NAME,APPROVED
plr_5c99aad1,transfermarkt,236513,Jerome Sinclair,,,2021_2022,100.0,EXACT_NAME,APPROVED
plr_6d436e10,transfermarkt,365544,Pontus Dahlberg,,,2021_2022,100.0,EXACT_NAME,APPROVED
plr_3cad7265,transfermarkt,453575,Jorge Segura,,,2021_2022,100.0,EXACT_NAME,APPROVED
plr_28cb5a1c,transfermarkt,459463,Cucho Hernández,,,2021_2022,100.0,EXACT_NAME,APPROVED
plr_2072d1cb,transfermarkt,120565,Andre Gray,,,2021_2022,100.0,EXACT_NAME,APPROVED
plr_53da3266,transfermarkt,271098,Philip Zinckernagel,,,2021_2022,100.0,EXACT_NAME,APPROVED
plr_7fbb42a0,transfermarkt,346472,Tom Dele-Bashiru,,,2021_2022,100.0,EXACT_NAME,APPROVED
plr_ea5eb2ac,transfermarkt,121477,Craig Dawson,,,2021_2022,100.0,EXACT_NAME,APPROVED
plr_d7bc5ce8,transfermarkt,295331,Isaac Success,,,2021_2022,100.0,EXACT_NAME,APPROVED
plr_05351ccb,transfermarkt,467599,Ben Wilmot,,,2021_2022,100.0,EXACT_NAME,APPROVED
plr_0877a8b8,transfermarkt,461756,Henry Ochieng,,,2021_2022,100.0,NO_MATCH_CREATED_NEW,APPROVED
plr_9c8c671e,transfermarkt,65477,Troy Deeney,,,2021_2022,100.0,EXACT_NAME,APPROVED
plr_eef2b8a1,transfermarkt,442337,Filip Stuparevic,,,2021_2022,100.0,EXACT_NAME,APPROVED
plr_d61c767a,transfermarkt,128900,Nathaniel Chalobah,,,2021_2022,100.0,EXACT_NAME,APPROVED
plr_904aedd3,transfermarkt,139173,Achraf Lazaar,,,2021_2022,100.0,EXACT_NAME,APPROVED
plr_ad5e87e9,transfermarkt,245072,Stipe Perica,,,2021_2022,100.0,EXACT_NAME,APPROVED
plr_dc60b2a4,transfermarkt,308801,Adalberto Peñaranda,,,2021_2022,100.0,EXACT_NAME,APPROVED
plr_29d5fb1b,transfermarkt,335245,Marc Navarro,,,2021_2022,100.0,EXACT_NAME,APPROVED
plr_f1040d7b,transfermarkt,51226,Carlos Sánchez,,,2021_2022,100.0,EXACT_NAME,APPROVED
plr_97dce035,transfermarkt,293200,Nikola Vlašić,,,2021_2022,100.0,EXACT_NAME,APPROVED
plr_ba5aa623,transfermarkt,337333,Alex Král,,,2021_2022,88.89,FUZZY_MEDIUM,REVIEW_REQUIRED
plr_a3e2aa57,transfermarkt,120629,Alphonse Areola,,,2021_2022,100.0,EXACT_NAME,APPROVED
plr_a27799ef,transfermarkt,542690,Frederik Alves,,,2021_2022,100.0,EXACT_NAME,APPROVED
plr_b7f75198,transfermarkt,159372,Felipe Anderson,,,2021_2022,100.0,EXACT_NAME,APPROVED
plr_75c2eaf5,transfermarkt,419025,Conor Coventry,,,2021_2022,100.0,EXACT_NAME,APPROVED
plr_139846fd,transfermarkt,258011,Xande Silva,,,2021_2022,100.0,EXACT_NAME,APPROVED
plr_cfbc0628,transfermarkt,285548,Fabián Balbuena,,,2021_2022,100.0,EXACT_NAME,APPROVED
plr_4ecad3b8,transfermarkt,37526,Winston Reid,,,2021_2022,100.0,EXACT_NAME,APPROVED
plr_727608be,transfermarkt,578391,Rayan Aït-Nouri,,,2021_2022,100.0,EXACT_NAME,APPROVED
plr_8b29e8ed,transfermarkt,249994,José Sá,,,2021_2022,100.0,NO_MATCH_CREATED_NEW,APPROVED
plr_faed29bc,transfermarkt,412669,Francisco Trincão,,,2021_2022,100.0,NO_MATCH_CREATED_NEW,APPROVED
plr_eec2f23c,transfermarkt,716276,Yerson Mosquera,,,2021_2022,100.0,EXACT_NAME,APPROVED
plr_7502fb24,transfermarkt,695454,Chiquinho,,,2021_2022,100.0,NO_MATCH_CREATED_NEW,APPROVED
plr_2ef6a74e,transfermarkt,439351,Bendegúz Bolla,,,2021_2022,100.0,EXACT_NAME,APPROVED
plr_4cc16317,transfermarkt,638571,Sang-bin Jeong,,,2021_2022,100.0,NO_MATCH_CREATED_NEW,APPROVED
plr_10674eb3,transfermarkt,262489,Hayao Kawabe,,,2021_2022,100.0,NO_MATCH_CREATED_NEW,APPROVED
plr_33bad45f,transfermarkt,292246,Hee-chan Hwang,,,2021_2022,100.0,EXACT_NAME,APPROVED
plr_33ad1500,transfermarkt,532541,Luke Cundle,,,2021_2022,100.0,EXACT_NAME,APPROVED
plr_ba32ab70,transfermarkt,293257,Matija Sarkic,,,2021_2022,100.0,EXACT_NAME,APPROVED
plr_a60fe08b,transfermarkt,361254,Rafa Mir,,,2021_2022,100.0,EXACT_NAME,APPROVED
plr_81bd3dec,transfermarkt,504581,Ryan Giles,,,2021_2022,100.0,EXACT_NAME,APPROVED
plr_e535da10,transfermarkt,337787,Connor Ronan,,,2021_2022,100.0,EXACT_NAME,APPROVED
plr_3d2230ff,transfermarkt,606718,Toti,,,2021_2022,100.0,EXACT_NAME,APPROVED
plr_e818e68a,transfermarkt,415646,Bruno Jordão,,,2021_2022,100.0,EXACT_NAME,APPROVED
plr_396ccfa2,transfermarkt,606872,Leonardo Campana,,,2021_2022,100.0,EXACT_NAME,APPROVED
plr_12791f67,transfermarkt,357158,Rúben Vinagre,,,2021_2022,100.0,EXACT_NAME,APPROVED
plr_de9368b1,transfermarkt,293283,Oskar Buur,,,2021_2022,100.0,EXACT_NAME,APPROVED
plr_7068a1e1,transfermarkt,265078,Patrick Cutrone,,,2021_2022,100.0,EXACT_NAME,APPROVED
plr_f923be04,transfermarkt,429014,Morgan Gibbs-White,,,2021_2022,100.0,EXACT_NAME,APPROVED
plr_52f212ca,transfermarkt,45026,Rui Patrício,,,2021_2022,100.0,EXACT_NAME,APPROVED
plr_7f6671fd,transfermarkt,511815,Owen Otasowie,,,2021_2022,100.0,EXACT_NAME,APPROVED
plr_d9bddd7f,transfermarkt,335461,Renat Dadashov,,,2021_2022,100.0,EXACT_NAME,APPROVED
plr_a3aa127d,transfermarkt,204103,Adama Traoré,,,2021_2022,100.0,EXACT_NAME,APPROVED
plr_3b7e27a2,transfermarkt,487469,Vitinha,,,2021_2022,100.0,EXACT_NAME,APPROVED
plr_f30a1c1d,transfermarkt,122155,Willian José,,,2021_2022,100.0,EXACT_NAME,APPROVED
plr_e8c25a88,transfermarkt,363205,Gabriel Jesus,,,2022_2023,100.0,NO_MATCH_CREATED_NEW,APPROVED
plr_05aeb8e0,transfermarkt,203853,Oleksandr Zinchenko,,,2022_2023,100.0,EXACT_NAME,APPROVED
plr_c007fcea,transfermarkt,537598,Fábio Vieira,,,2022_2023,100.0,NO_MATCH_CREATED_NEW,APPROVED
plr_9c7fd488,transfermarkt,144028,Leandro Trossard,,,2022_2023,100.0,EXACT_NAME,APPROVED
plr_ac8a4052,transfermarkt,425918,Jakub Kiwior,,,2022_2023,100.0,EXACT_NAME,APPROVED
plr_ab6ae9f4,transfermarkt,102017,Jorginho,,,2022_2023,100.0,EXACT_NAME,APPROVED
plr_92735ac1,transfermarkt,425306,Matt Turner,,,2022_2023,100.0,EXACT_NAME,APPROVED
plr_2d1196d6,transfermarkt,668268,Marquinhos,,,2022_2023,100.0,NO_MATCH_CREATED_NEW,APPROVED
plr_05b88612,transfermarkt,503770,Folarin Balogun,,,2022_2023,100.0,EXACT_NAME,APPROVED
plr_946b687f,transfermarkt,493513,Karl Hein,,,2022_2023,100.0,EXACT_NAME,APPROVED
plr_4f7ebeaa,transfermarkt,381967,Albert Sambi Lokonga,,,2022_2023,100.0,EXACT_NAME,APPROVED
plr_1e2387d0,transfermarkt,503769,Arthur Okonkwo,,,2022_2023,100.0,EXACT_NAME,APPROVED
plr_e9bad5d1,transfermarkt,285845,Ainsley Maitland-Niles,,,2022_2023,100.0,EXACT_NAME,APPROVED
plr_208ff36c,transfermarkt,415912,Konstantinos Mavropanos,,,2022_2023,100.0,EXACT_NAME,APPROVED
plr_8ba079eb,transfermarkt,389253,Auston Trusty,,,2022_2023,100.0,EXACT_NAME,APPROVED
plr_e7a66a7c,transfermarkt,210178,Pablo Marí,,,2022_2023,100.0,EXACT_NAME,APPROVED
plr_c28d089b,transfermarkt,191217,Héctor Bellerín,,,2022_2023,100.0,EXACT_NAME,APPROVED
plr_eaa0237c,transfermarkt,205657,Rúnar Alex Rúnarsson,,,2022_2023,100.0,EXACT_NAME,APPROVED
plr_7124259f,transfermarkt,340325,Reiss Nelson,,,2022_2023,100.0,EXACT_NAME,APPROVED
plr_0002ce69,transfermarkt,318077,Lucas Torreira,,,2022_2023,100.0,EXACT_NAME,APPROVED
plr_f331e355,transfermarkt,495666,William Saliba,,,2022_2023,100.0,EXACT_NAME,APPROVED
plr_17759ef5,transfermarkt,465830,Mattéo Guendouzi,,,2022_2023,100.0,EXACT_NAME,APPROVED
plr_1428fd3e,transfermarkt,72476,Bernd Leno,,,2022_2023,100.0,EXACT_NAME,APPROVED
plr_8bba88d8,transfermarkt,93720,Alexandre Lacazette,,,2022_2023,100.0,EXACT_NAME,APPROVED
plr_10471fa2,transfermarkt,343052,Nicolas Pépé,,,2022_2023,100.0,EXACT_NAME,APPROVED
plr_1f333686,transfermarkt,535955,Nuno Tavares,,,2022_2023,100.0,EXACT_NAME,APPROVED
plr_3d7157e4,transfermarkt,112988,Cédric Soares,,,2022_2023,100.0,EXACT_NAME,APPROVED
plr_dc0b3a47,transfermarkt,329145,Diego Carlos,,,2022_2023,81.82,FUZZY_MEDIUM,REVIEW_REQUIRED
plr_5c2535bc,transfermarkt,649317,Jhon Durán,,,2022_2023,100.0,EXACT_NAME,APPROVED
plr_12d4e613,transfermarkt,80444,Philippe Coutinho,,,2022_2023,100.0,EXACT_NAME,APPROVED
plr_2411b26a,transfermarkt,168157,Leander Dendoncker,,,2022_2023,100.0,EXACT_NAME,APPROVED
plr_5c03f19f,transfermarkt,193098,Álex Moreno,,,2022_2023,100.0,NO_MATCH_CREATED_NEW,APPROVED
plr_f14d5a14,transfermarkt,75458,Robin Olsen,,,2022_2023,100.0,EXACT_NAME,APPROVED
plr_d24e6153,transfermarkt,170646,Ludwig Augustinsson,,,2022_2023,100.0,EXACT_NAME,APPROVED
plr_c73f60dc,transfermarkt,394327,Boubacar Kamara,,,2022_2023,100.0,EXACT_NAME,APPROVED
plr_c2a46a3f,transfermarkt,243028,Jan Bednarek,,,2022_2023,100.0,EXACT_NAME,APPROVED
plr_cae338cb,transfermarkt,484838,Viljami Sinisalo,,,2022_2023,100.0,EXACT_NAME,APPROVED
plr_f4399801,transfermarkt,533662,Cameron Archer,,,2022_2023,100.0,EXACT_NAME,APPROVED
plr_a2e4f905,transfermarkt,46405,Lovre Kalinic,,,2022_2023,100.0,EXACT_NAME,APPROVED
plr_73c60311,transfermarkt,324882,Marvelous Nakamba,,,2022_2023,100.0,EXACT_NAME,APPROVED
plr_195825f2,transfermarkt,354352,Frédéric Guilbert,,,2022_2023,100.0,EXACT_NAME,APPROVED
plr_96d13ae1,transfermarkt,381362,Wesley Moraes,,,2022_2023,100.0,EXACT_NAME,APPROVED
plr_a82de73a,transfermarkt,183720,Anwar El Ghazi,,,2022_2023,100.0,EXACT_NAME,APPROVED
plr_99ec0645,transfermarkt,234189,Trezeguet,,,2022_2023,100.0,EXACT_NAME,APPROVED
plr_c68d6c16,transfermarkt,131996,Bertrand Traoré,,,2022_2023,100.0,EXACT_NAME,APPROVED
plr_dd72e42f,transfermarkt,696589,Tim Iroegbunam,,,2022_2023,100.0,EXACT_NAME,APPROVED
plr_8c04f363,transfermarkt,665390,Jaden Philogene,,,2022_2023,100.0,EXACT_NAME,APPROVED
plr_8fbffa8e,transfermarkt,412660,Keinan Davis,,,2022_2023,100.0,EXACT_NAME,APPROVED
plr_cc2722c3,transfermarkt,233124,Kortney Hause,,,2022_2023,100.0,EXACT_NAME,APPROVED
plr_05780f76,transfermarkt,659459,Carney Chukwuemeka,,,2022_2023,100.0,EXACT_NAME,APPROVED
plr_198d4b01,transfermarkt,250478,Matt Targett,,,2022_2023,100.0,EXACT_NAME,APPROVED
plr_eee31c87,transfermarkt,134294,Danny Ings,,,2022_2023,100.0,EXACT_NAME,APPROVED
plr_dd59d8da,transfermarkt,61653,Conor Hourihane,,,2022_2023,100.0,EXACT_NAME,APPROVED
plr_fcc0754e,transfermarkt,174094,Morgan Sanson,,,2022_2023,100.0,EXACT_NAME,APPROVED
plr_343d8308,transfermarkt,659089,Ilya Zabarnyi,,,2022_2023,88.89,FUZZY_MEDIUM,REVIEW_REQUIRED
plr_f157540e,transfermarkt,823231,Dango Ouattara,,,2022_2023,100.0,EXACT_NAME,APPROVED
plr_82682055,transfermarkt,469781,Marcos Senesi,,,2022_2023,100.0,EXACT_NAME,APPROVED
plr_25dc5606,transfermarkt,399434,Marcus Tavernier,,,2022_2023,100.0,EXACT_NAME,APPROVED
plr_be360f0c,transfermarkt,583255,Antoine Semenyo,,,2022_2023,100.0,EXACT_NAME,APPROVED
plr_01563834,transfermarkt,439072,Matías Viña,,,2022_2023,100.0,EXACT_NAME,APPROVED
plr_3487425b,transfermarkt,183293,Joe Rothwell,,,2022_2023,100.0,EXACT_NAME,APPROVED
plr_79dfa87a,transfermarkt,140191,Ryan Fredericks,,,2022_2023,100.0,EXACT_NAME,APPROVED
plr_73e56627,transfermarkt,111819,Neto,,,2022_2023,100.0,NO_MATCH_CREATED_NEW,APPROVED
plr_64a65720,transfermarkt,51321,Darren Randolph,,,2022_2023,100.0,EXACT_NAME,APPROVED
plr_16bb55cb,transfermarkt,391065,Hamed Traoré,,,2022_2023,91.67,FUZZY_HIGH,APPROVED
plr_a2470ca3,transfermarkt,163744,Jack Stephens,,,2022_2023,100.0,EXACT_NAME,APPROVED
plr_a9eaff24,transfermarkt,469064,Gavin Kilkenny,,,2022_2023,100.0,EXACT_NAME,APPROVED
plr_7265b6ab,transfermarkt,582078,Will Dennis,,,2022_2023,100.0,EXACT_NAME,APPROVED
plr_405bfb99,transfermarkt,655835,Christian Saydee,,,2022_2023,100.0,EXACT_NAME,APPROVED
plr_0505158f,transfermarkt,183302,Ben Pearson,,,2022_2023,100.0,EXACT_NAME,APPROVED
plr_425399ad,transfermarkt,128229,Robbie Brady,,,2022_2023,100.0,EXACT_NAME,APPROVED
plr_5a784af1,transfermarkt,655177,Zeno Ibsen Rossi,,,2022_2023,100.0,NO_MATCH_CREATED_NEW,APPROVED
plr_839110fe,transfermarkt,239949,Jamal Lowe,,,2022_2023,100.0,EXACT_NAME,APPROVED
plr_9441251c,transfermarkt,232964,Emiliano Marcondes,,,2022_2023,100.0,EXACT_NAME,APPROVED
plr_f9e9d397,transfermarkt,611793,James Hill,,,2022_2023,100.0,EXACT_NAME,APPROVED
plr_d5b1cc05,transfermarkt,488656,Siriki Dembélé,,,2022_2023,100.0,EXACT_NAME,APPROVED
plr_ea397c75,transfermarkt,27511,Gary Cahill,,,2022_2023,100.0,EXACT_NAME,APPROVED
plr_fea88e89,transfermarkt,644401,Keane Lewis-Potter,,,2022_2023,100.0,EXACT_NAME,APPROVED
plr_ecb6a357,transfermarkt,540941,Mikkel Damsgaard,,,2022_2023,100.0,EXACT_NAME,APPROVED
plr_0635713a,transfermarkt,591949,Aaron Hickey,,,2022_2023,100.0,EXACT_NAME,APPROVED
plr_75544f5c,transfermarkt,473050,Kevin Schade,,,2022_2023,100.0,EXACT_NAME,APPROVED
plr_362e7a22,transfermarkt,222209,Thomas Strakosha,,,2022_2023,100.0,EXACT_NAME,APPROVED
plr_5413ac2c,transfermarkt,74810,Ben Mee,,,2022_2023,100.0,EXACT_NAME,APPROVED
plr_d4221244,transfermarkt,470596,Paris Maghoma,,,2022_2023,100.0,EXACT_NAME,APPROVED
plr_aa057502,transfermarkt,587019,Fin Stevens,,,2022_2023,100.0,EXACT_NAME,APPROVED
plr_140e036d,transfermarkt,741236,Matthew Cox,,,2022_2023,100.0,EXACT_NAME,APPROVED
plr_0eff10a4,transfermarkt,372240,Mads Bech Sørensen,,,2022_2023,100.0,EXACT_NAME,APPROVED
plr_484684f5,transfermarkt,465606,Halil Dervişoğlu,,,2022_2023,100.0,EXACT_NAME,APPROVED
plr_c67e84b0,transfermarkt,456292,Ellery Balcombe,,,2022_2023,100.0,EXACT_NAME,APPROVED
plr_a7bb9b95,transfermarkt,587002,Myles Peart-Harris,,,2022_2023,100.0,EXACT_NAME,APPROVED
plr_e72a0f8d,transfermarkt,249873,Tariqe Fosu,,,2022_2023,100.0,NO_MATCH_CREATED_NEW,APPROVED
plr_a8d23214,transfermarkt,345587,Luka Racic,,,2022_2023,100.0,EXACT_NAME,APPROVED
plr_04b0da4c,transfermarkt,175451,Joel Valencia,,,2022_2023,100.0,EXACT_NAME,APPROVED
plr_d9698762,transfermarkt,376856,Charlie Goode,,,2022_2023,100.0,EXACT_NAME,APPROVED
plr_e6cabd43,transfermarkt,404584,Marcus Forss,,,2022_2023,100.0,EXACT_NAME,APPROVED
plr_feb09c35,transfermarkt,134277,Julian Jeanvier,,,2022_2023,100.0,EXACT_NAME,APPROVED
plr_f529b524,transfermarkt,69633,Christian Eriksen,,,2022_2023,100.0,EXACT_NAME,APPROVED
plr_1bd0d717,transfermarkt,503688,Dominic Thompson,,,2022_2023,100.0,EXACT_NAME,APPROVED
plr_549001fa,transfermarkt,251845,Sergi Canós,,,2022_2023,100.0,EXACT_NAME,APPROVED
plr_51a2507f,transfermarkt,48870,Jonas Lössl,,,2022_2023,100.0,EXACT_NAME,APPROVED
plr_88751e7b,transfermarkt,453704,Álvaro Ferllo,,,2022_2023,100.0,EXACT_NAME,APPROVED
plr_809868c9,transfermarkt,349599,Pervis Estupiñán,,,2022_2023,100.0,EXACT_NAME,APPROVED
plr_d9ecd9de,transfermarkt,660867,Julio Enciso,,,2022_2023,100.0,EXACT_NAME,APPROVED
plr_7e350dc4,transfermarkt,423744,Billy Gilmour,,,2022_2023,100.0,EXACT_NAME,APPROVED
plr_35962220,transfermarkt,658536,Simon Adingra,,,2022_2023,100.0,EXACT_NAME,APPROVED
plr_6ad8b559,transfermarkt,983989,Facundo Buonanotte,,,2022_2023,100.0,EXACT_NAME,APPROVED
plr_a1d9dc7e,transfermarkt,667287,Yasin Ayari,,,2022_2023,100.0,EXACT_NAME,APPROVED
plr_dbdc688a,transfermarkt,614258,Levi Colwill,,,2022_2023,100.0,EXACT_NAME,APPROVED
plr_7f47ad56,transfermarkt,648046,Evan Ferguson,,,2022_2023,100.0,EXACT_NAME,APPROVED
plr_dbc2c5f3,transfermarkt,406556,Tom McGill,,,2022_2023,100.0,EXACT_NAME,APPROVED
plr_bc1efc9a,transfermarkt,119269,Shane Duffy,,,2022_2023,100.0,EXACT_NAME,APPROVED
plr_55d795b7,transfermarkt,484551,Taylor Richards,,,2022_2023,100.0,EXACT_NAME,APPROVED
plr_13d6ceb8,transfermarkt,434207,Aaron Connolly,,,2022_2023,100.0,EXACT_NAME,APPROVED
plr_88ee70da,transfermarkt,533523,Haydon Roberts,,,2022_2023,100.0,EXACT_NAME,APPROVED
plr_0a6b8ac7,transfermarkt,463527,Kjell Scherpen,,,2022_2023,100.0,EXACT_NAME,APPROVED
plr_52047160,transfermarkt,339314,Deniz Undav,,,2022_2023,100.0,EXACT_NAME,APPROVED
plr_70850120,transfermarkt,367284,Leo Østigård,,,2022_2023,100.0,EXACT_NAME,APPROVED
plr_0ad14bd4,transfermarkt,554284,Kacper Kozłowski,,,2022_2023,100.0,EXACT_NAME,APPROVED
plr_29b3267f,transfermarkt,345468,Andi Zeqiri,,,2022_2023,100.0,EXACT_NAME,APPROVED
plr_a5598aab,transfermarkt,401604,Michal Karbownik,,,2022_2023,100.0,EXACT_NAME,APPROVED
plr_9a987637,transfermarkt,177065,Florin Andone,,,2022_2023,100.0,EXACT_NAME,APPROVED
plr_80d468fa,transfermarkt,284857,Marc Cucurella,,,2022_2023,100.0,EXACT_NAME,APPROVED
plr_42047687,transfermarkt,410425,Yves Bissouma,,,2022_2023,100.0,EXACT_NAME,APPROVED
plr_a2085edd,transfermarkt,217115,Neal Maupay,,,2022_2023,100.0,EXACT_NAME,APPROVED
plr_e5040e88,transfermarkt,307497,Matt Clarke,,,2022_2023,100.0,EXACT_NAME,APPROVED
plr_7bd3aa74,transfermarkt,433976,Tudor Băluță,,,2022_2023,100.0,EXACT_NAME,APPROVED
plr_2ae468a9,transfermarkt,476237,Steven Alzate,,,2022_2023,100.0,EXACT_NAME,APPROVED
plr_b494af93,transfermarkt,776798,Abdallah Sima,,,2022_2023,100.0,EXACT_NAME,APPROVED
plr_e10bd51a,transfermarkt,490307,Enock Mwepu,,,2022_2023,100.0,EXACT_NAME,APPROVED
plr_e2ec4fd4,transfermarkt,648195,Enzo Fernández,,,2022_2023,100.0,EXACT_NAME,APPROVED
plr_4dc1fd65,transfermarkt,475411,Wesley Fofana,,,2022_2023,100.0,EXACT_NAME,APPROVED
plr_24a26523,transfermarkt,537860,Mykhaylo Mudryk,,,2022_2023,93.33,FUZZY_HIGH,APPROVED
plr_105aa3d9,transfermarkt,134425,Raheem Sterling,,,2022_2023,100.0,EXACT_NAME,APPROVED
plr_b44b069c,transfermarkt,93128,Kalidou Koulibaly,,,2022_2023,100.0,EXACT_NAME,APPROVED
plr_8ceb6854,transfermarkt,463603,Benoît Badiashile,,,2022_2023,100.0,EXACT_NAME,APPROVED
plr_3d0202b7,transfermarkt,503987,Noni Madueke,,,2022_2023,100.0,EXACT_NAME,APPROVED
plr_45c6fe45,transfermarkt,620322,Malo Gusto,,,2022_2023,100.0,EXACT_NAME,APPROVED
plr_d940c44e,transfermarkt,622380,Cesare Casadei,,,2022_2023,100.0,EXACT_NAME,APPROVED
plr_bb322fdf,transfermarkt,743600,Andrey Santos,,,2022_2023,100.0,NO_MATCH_CREATED_NEW,APPROVED
plr_1f98732c,transfermarkt,58864,Pierre-Emerick Aubameyang,,,2022_2023,100.0,EXACT_NAME,APPROVED
plr_986140fa,transfermarkt,787232,David Datro Fofana,,,2022_2023,100.0,EXACT_NAME,APPROVED
plr_beb29d14,transfermarkt,462250,João Félix,,,2022_2023,100.0,NO_MATCH_CREATED_NEW,APPROVED
plr_090886b0,transfermarkt,656316,Gabriel Slonina,,,2022_2023,93.33,FUZZY_HIGH,APPROVED
plr_4fd0f29e,transfermarkt,334526,Denis Zakaria,,,2022_2023,100.0,EXACT_NAME,APPROVED
plr_3598de66,transfermarkt,488362,Conor Gallagher,,,2022_2023,100.0,EXACT_NAME,APPROVED
plr_a1727b64,transfermarkt,571743,Armando Broja,,,2022_2023,100.0,EXACT_NAME,APPROVED
plr_ad140362,transfermarkt,224884,Abdul Rahman Baba,,,2022_2023,100.0,EXACT_NAME,APPROVED
plr_c8c2df65,transfermarkt,392771,Ethan Ampadu,,,2022_2023,100.0,EXACT_NAME,APPROVED
plr_0d16fc04,transfermarkt,245893,Matt Miazga,,,2022_2023,100.0,EXACT_NAME,APPROVED
plr_91be9265,transfermarkt,181778,Emerson,,,2022_2023,100.0,EXACT_NAME,APPROVED
plr_153f715d,transfermarkt,179184,Michy Batshuayi,,,2022_2023,100.0,EXACT_NAME,APPROVED
plr_be50c2b9,transfermarkt,170527,Timo Werner,,,2022_2023,100.0,EXACT_NAME,APPROVED
plr_818e59dd,transfermarkt,96341,Romelu Lukaku,,,2022_2023,100.0,EXACT_NAME,APPROVED
plr_9bb42042,transfermarkt,344596,Malang Sarr,,,2022_2023,100.0,EXACT_NAME,APPROVED
plr_8760c28d,transfermarkt,281404,Kenedy,,,2022_2023,100.0,EXACT_NAME,APPROVED
plr_5cef7892,transfermarkt,177862,Charly Musonda Jr.,,,2022_2023,100.0,EXACT_NAME,APPROVED
plr_b6ba3793,transfermarkt,196948,Andreas Christensen,,,2022_2023,100.0,EXACT_NAME,APPROVED
plr_f14726b3,transfermarkt,316551,Jake Clarke-Salter,,,2022_2023,100.0,EXACT_NAME,APPROVED
plr_6868e991,transfermarkt,86202,Antonio Rüdiger,,,2022_2023,100.0,EXACT_NAME,APPROVED
plr_2826cb21,transfermarkt,112515,Marcos Alonso,,,2022_2023,100.0,EXACT_NAME,APPROVED
plr_52ee411b,transfermarkt,392768,Callum Hudson-Odoi,,,2022_2023,100.0,EXACT_NAME,APPROVED
plr_673cfab3,transfermarkt,131978,Ross Barkley,,,2022_2023,100.0,EXACT_NAME,APPROVED
plr_3e594bdb,transfermarkt,73491,Danny Drinkwater,,,2022_2023,84.85,FUZZY_MEDIUM,REVIEW_REQUIRED
plr_55f01b67,transfermarkt,148928,Saúl Ñíguez,,,2022_2023,100.0,EXACT_NAME,APPROVED
plr_edb90011,transfermarkt,543387,Cheick Doucouré,,,2022_2023,100.0,EXACT_NAME,APPROVED
plr_a73c449d,transfermarkt,538971,Naouirou Ahamada,,,2022_2023,100.0,EXACT_NAME,APPROVED
plr_efa4c0fd,transfermarkt,578539,Chris Richards,,,2022_2023,100.0,EXACT_NAME,APPROVED
plr_3575396b,transfermarkt,110864,Sam Johnstone,,,2022_2023,100.0,EXACT_NAME,APPROVED
plr_89b7cf23,transfermarkt,512354,Malcolm Ebiowei,,,2022_2023,100.0,EXACT_NAME,APPROVED
plr_0294885f,transfermarkt,596821,Scott Banks,,,2022_2023,100.0,EXACT_NAME,APPROVED
plr_887f749b,transfermarkt,586834,Jesurun Rak-Sakyi,,,2022_2023,100.0,EXACT_NAME,APPROVED
plr_410c3ed6,transfermarkt,586986,Luke Plange,,,2022_2023,100.0,EXACT_NAME,APPROVED
plr_7882a48a,transfermarkt,497494,Jacob Montes,,,2022_2023,100.0,EXACT_NAME,APPROVED
plr_5a9d85f1,transfermarkt,196722,Remi Matthews,,,2022_2023,100.0,EXACT_NAME,APPROVED
plr_11054601,transfermarkt,50201,Christian Benteke,,,2022_2023,100.0,EXACT_NAME,APPROVED
plr_48cc406b,transfermarkt,66934,Cheikhou Kouyaté,,,2022_2023,100.0,EXACT_NAME,APPROVED
plr_0f6ce7b1,transfermarkt,78959,Martin Kelly,,,2022_2023,100.0,EXACT_NAME,APPROVED
plr_e0254cba,transfermarkt,327755,Jarosław Jach,,,2022_2023,100.0,EXACT_NAME,APPROVED
plr_47e9f14f,transfermarkt,128899,Jack Butland,,,2022_2023,100.0,EXACT_NAME,APPROVED
plr_7fdad36c,transfermarkt,485706,Amadou Onana,,,2022_2023,100.0,EXACT_NAME,APPROVED
plr_208df530,transfermarkt,584769,Dwight McNeil,,,2022_2023,100.0,EXACT_NAME,APPROVED
plr_0e1e2bc8,transfermarkt,505219,James Garner,,,2022_2023,100.0,EXACT_NAME,APPROVED
plr_0d71f785,transfermarkt,126665,Idrissa Gueye,,,2022_2023,100.0,EXACT_NAME,APPROVED
plr_a566c68e,transfermarkt,173504,James Tarkowski,,,2022_2023,100.0,EXACT_NAME,APPROVED
plr_0c41a4ce,transfermarkt,128901,Conor Coady,,,2022_2023,100.0,EXACT_NAME,APPROVED
plr_12791f67,transfermarkt,357158,Rúben Vinagre,,,2022_2023,100.0,EXACT_NAME,APPROVED
plr_c232b6bb,transfermarkt,344009,Nathan Broadhead,,,2022_2023,100.0,EXACT_NAME,APPROVED
plr_872c17e5,transfermarkt,511550,Ellis Simms,,,2022_2023,100.0,EXACT_NAME,APPROVED
plr_c2cb7679,transfermarkt,669366,Tom Cannon,,,2022_2023,86.96,FUZZY_MEDIUM,REVIEW_REQUIRED
plr_95c6f486,transfermarkt,2857,Eldin Jakupović,,,2022_2023,93.33,FUZZY_HIGH,APPROVED
plr_a5932c18,transfermarkt,591193,Niels Nkounkou,,,2022_2023,100.0,EXACT_NAME,APPROVED
plr_e475a388,transfermarkt,182894,Jean-Philippe Gbamin,,,2022_2023,100.0,EXACT_NAME,APPROVED
plr_e708fa9e,transfermarkt,329813,João Virgínia,,,2022_2023,100.0,EXACT_NAME,APPROVED
plr_07b4be08,transfermarkt,378710,Richarlison,,,2022_2023,100.0,EXACT_NAME,APPROVED
plr_84b9ba63,transfermarkt,503733,Anthony Gordon,,,2022_2023,100.0,EXACT_NAME,APPROVED
plr_d1bd9bdb,transfermarkt,80197,Salomón Rondón,,,2022_2023,100.0,EXACT_NAME,APPROVED
plr_6c8f13a9,transfermarkt,258883,Jonjoe Kenny,,,2022_2023,100.0,EXACT_NAME,APPROVED
plr_ff9ef66a,transfermarkt,45671,Cenk Tosun,,,2022_2023,100.0,EXACT_NAME,APPROVED
plr_c3c993f9,transfermarkt,126422,Allan,,,2022_2023,100.0,EXACT_NAME,APPROVED
plr_7d660ce9,transfermarkt,207929,Dele Alli,,,2022_2023,100.0,EXACT_NAME,APPROVED
plr_da0877f6,transfermarkt,221025,André Gomes,,,2022_2023,100.0,EXACT_NAME,APPROVED
plr_b65a8734,transfermarkt,661053,Jarrad Branthwaite,,,2022_2023,100.0,EXACT_NAME,APPROVED
plr_625fce0f,transfermarkt,90466,Gylfi Sigurdsson,,,2022_2023,100.0,EXACT_NAME,APPROVED
plr_d2e9662b,transfermarkt,50362,Fabian Delph,,,2022_2023,100.0,EXACT_NAME,APPROVED
plr_18bb857c,transfermarkt,257455,João Palhinha,,,2022_2023,100.0,NO_MATCH_CREATED_NEW,APPROVED
plr_90c0a9f1,transfermarkt,272622,Issa Diop,,,2022_2023,100.0,EXACT_NAME,APPROVED
plr_92a45302,transfermarkt,245056,Saša Lukić,,,2022_2023,100.0,EXACT_NAME,APPROVED
plr_3bebb6c9,transfermarkt,203394,Andreas Pereira,,,2022_2023,100.0,EXACT_NAME,APPROVED
plr_a3140fcc,transfermarkt,183321,Kevin Mbabu,,,2022_2023,100.0,EXACT_NAME,APPROVED
plr_e6199efc,transfermarkt,525287,Carlos Vinícius,,,2022_2023,100.0,EXACT_NAME,APPROVED
plr_dd751c60,transfermarkt,52769,Willian,,,2022_2023,100.0,EXACT_NAME,APPROVED
plr_06a46691,transfermarkt,319301,Daniel James,,,2022_2023,100.0,EXACT_NAME,APPROVED
plr_20a3c2d6,transfermarkt,126710,Layvin Kurzawa,,,2022_2023,100.0,EXACT_NAME,APPROVED
plr_9087de33,transfermarkt,396638,Manor Solomon,,,2022_2023,100.0,EXACT_NAME,APPROVED
plr_03815c0c,transfermarkt,354361,Frank Anguissa,,,2022_2023,100.0,EXACT_NAME,APPROVED
plr_da4b8e30,transfermarkt,406558,Steven Sessegnon,,,2022_2023,100.0,EXACT_NAME,APPROVED
plr_76748ba6,transfermarkt,149237,Anthony Knockaert,,,2022_2023,100.0,EXACT_NAME,APPROVED
plr_449bab99,transfermarkt,528888,Tyrese Francois,,,2022_2023,100.0,EXACT_NAME,APPROVED
plr_ea724ef7,transfermarkt,735571,Rodrigo Muniz,,,2022_2023,100.0,NO_MATCH_CREATED_NEW,APPROVED
plr_3523be83,transfermarkt,559263,Fábio Carvalho,,,2022_2023,92.86,FUZZY_HIGH,APPROVED
plr_d9b94916,transfermarkt,243589,Josh Onomah,,,2022_2023,100.0,EXACT_NAME,APPROVED
plr_0b2d53f9,transfermarkt,178614,Jean Michaël Seri,,,2022_2023,100.0,EXACT_NAME,APPROVED
plr_3426b144,transfermarkt,158623,Cyrus Christie,,,2022_2023,100.0,EXACT_NAME,APPROVED
plr_9911a387,transfermarkt,287431,Alfie Mawson,,,2022_2023,100.0,EXACT_NAME,APPROVED
plr_d61c767a,transfermarkt,128900,Nathaniel Chalobah,,,2022_2023,100.0,EXACT_NAME,APPROVED
plr_1438731a,transfermarkt,149716,Ivan Cavaleiro,,,2022_2023,100.0,EXACT_NAME,APPROVED
plr_21ee61ef,transfermarkt,152651,Terence Kongolo,,,2022_2023,100.0,EXACT_NAME,APPROVED
plr_c609ab88,transfermarkt,194460,Joe Bryan,,,2022_2023,100.0,EXACT_NAME,APPROVED
plr_f069d9c1,transfermarkt,195488,Paulo Gazzaniga,,,2022_2023,100.0,EXACT_NAME,APPROVED
plr_e359d2cb,transfermarkt,45882,Fabri,,,2022_2023,100.0,EXACT_NAME,APPROVED
plr_41af90b5,transfermarkt,157490,Michael Hector,,,2022_2023,100.0,EXACT_NAME,APPROVED
plr_8b4dee2e,transfermarkt,538977,Georginio Rutter,,,2022_2023,100.0,EXACT_NAME,APPROVED
plr_1338fe0b,transfermarkt,393323,Brenden Aaronson,,,2022_2023,100.0,EXACT_NAME,APPROVED
plr_88a5e71d,transfermarkt,512385,Luis Sinisterra,,,2022_2023,100.0,EXACT_NAME,APPROVED
plr_57cee665,transfermarkt,332705,Tyler Adams,,,2022_2023,100.0,EXACT_NAME,APPROVED
plr_9835c4df,transfermarkt,369684,Rasmus Nissen Kristensen,,,2022_2023,100.0,NO_MATCH_CREATED_NEW,APPROVED
plr_679aa140,transfermarkt,263361,Maximilian Wöber,,,2022_2023,100.0,EXACT_NAME,APPROVED
plr_3895829c,transfermarkt,336869,Marc Roca,,,2022_2023,100.0,NO_MATCH_CREATED_NEW,APPROVED
plr_49da3a88,transfermarkt,663264,Darko Gyabi,,,2022_2023,100.0,EXACT_NAME,APPROVED
plr_f454835c,transfermarkt,627626,Wilfried Gnonto,,,2022_2023,100.0,EXACT_NAME,APPROVED
plr_20803290,transfermarkt,332697,Weston McKennie,,,2022_2023,100.0,EXACT_NAME,APPROVED
plr_f599c5ab,transfermarkt,101118,Joel Robles,,,2022_2023,100.0,EXACT_NAME,APPROVED
plr_3d6a882e,transfermarkt,503980,Joe Gelhardt,,,2022_2023,100.0,EXACT_NAME,APPROVED
plr_912ef289,transfermarkt,27486,Kiko Casilla,,,2022_2023,100.0,EXACT_NAME,APPROVED
plr_852fc8c3,transfermarkt,531957,Cody Drameh,,,2022_2023,100.0,EXACT_NAME,APPROVED
plr_a616e695,transfermarkt,296986,Tyler Roberts,,,2022_2023,100.0,EXACT_NAME,APPROVED
plr_8ef46b22,transfermarkt,431475,Mateusz Bogusz,,,2022_2023,100.0,EXACT_NAME,APPROVED
plr_17bce08f,transfermarkt,173900,Hélder Costa,,,2022_2023,100.0,EXACT_NAME,APPROVED
plr_f61c0fce,transfermarkt,661208,Leo Hjelde,,,2022_2023,100.0,EXACT_NAME,APPROVED
plr_0fce65ec,transfermarkt,110668,Laurens De Bock,,,2022_2023,100.0,EXACT_NAME,APPROVED
plr_b2ac23a2,transfermarkt,392763,Ian Poveda,,,2022_2023,100.0,EXACT_NAME,APPROVED
plr_3f1820b4,transfermarkt,534700,Jamie Shackleton,,,2022_2023,100.0,EXACT_NAME,APPROVED
plr_fe42270b,transfermarkt,597659,Charlie Cresswell,,,2022_2023,100.0,EXACT_NAME,APPROVED
plr_7d3ab2c5,transfermarkt,411295,Raphinha,,,2022_2023,100.0,EXACT_NAME,APPROVED
plr_a721eda9,transfermarkt,351749,Kalvin Phillips,,,2022_2023,100.0,EXACT_NAME,APPROVED
plr_9155d2f9,transfermarkt,596446,Leif Davis,,,2022_2023,100.0,EXACT_NAME,APPROVED
plr_daed29cf,transfermarkt,246291,Diego Llorente,,,2022_2023,100.0,EXACT_NAME,APPROVED
plr_d2e0ef41,transfermarkt,92738,Mateusz Klich,,,2022_2023,100.0,EXACT_NAME,APPROVED
plr_77e2d7fa,transfermarkt,614082,Liam McCarron,,,2022_2023,100.0,EXACT_NAME,APPROVED
plr_f2656ff8,transfermarkt,298091,Harry Souttar,,,2022_2023,100.0,EXACT_NAME,APPROVED
plr_fd9d3388,transfermarkt,292808,Wout Faes,,,2022_2023,100.0,EXACT_NAME,APPROVED
plr_8c9c153b,transfermarkt,564529,Victor Kristiansen,,,2022_2023,100.0,EXACT_NAME,APPROVED
plr_2740e1ff,transfermarkt,371256,Tetê,,,2022_2023,100.0,NO_MATCH_CREATED_NEW,APPROVED
plr_f5c50b75,transfermarkt,33754,Alex Smithies,,,2022_2023,100.0,EXACT_NAME,APPROVED
plr_593a4614,transfermarkt,1103981,Nathaniel Opoku,,,2022_2023,100.0,NO_MATCH_CREATED_NEW,APPROVED
plr_f0d61714,transfermarkt,61560,Marc Albrighton,,,2022_2023,100.0,EXACT_NAME,APPROVED
plr_ea1bf1b1,transfermarkt,129588,Dennis Praet,,,2022_2023,100.0,EXACT_NAME,APPROVED
plr_2d1bac50,transfermarkt,420808,George Hirst,,,2022_2023,100.0,EXACT_NAME,APPROVED
plr_600cc0b0,transfermarkt,341501,Hamza Choudhury,,,2022_2023,100.0,EXACT_NAME,APPROVED
plr_43e9fe5e,transfermarkt,16911,Kasper Schmeichel,,,2022_2023,100.0,EXACT_NAME,APPROVED
plr_593a4614,transfermarkt,1103981,Nathaniel Opoku,,,2022_2023,100.0,EXACT_NAME,APPROVED
plr_3a68ab01,transfermarkt,246968,Ayoze Pérez,,,2022_2023,100.0,EXACT_NAME,APPROVED
plr_4e1069b9,transfermarkt,406040,Ademola Lookman,,,2022_2023,100.0,EXACT_NAME,APPROVED
plr_b4e4af94,transfermarkt,546543,Darwin Núñez,,,2022_2023,100.0,NO_MATCH_CREATED_NEW,APPROVED
plr_083e8f8c,transfermarkt,434675,Cody Gakpo,,,2022_2023,100.0,EXACT_NAME,APPROVED
plr_10899561,transfermarkt,362842,Arthur Melo,,,2022_2023,100.0,NO_MATCH_CREATED_NEW,APPROVED
plr_3202060d,transfermarkt,864799,Stefan Bajcetic,,,2022_2023,100.0,EXACT_NAME,APPROVED
plr_2da50af8,transfermarkt,486604,Vitezslav Jaros,,,2022_2023,100.0,NO_MATCH_CREATED_NEW,APPROVED
plr_0747d5b6,transfermarkt,222813,Marko Grujić,,,2022_2023,100.0,EXACT_NAME,APPROVED
plr_61832da5,transfermarkt,662334,Marcelo Pitaluga,,,2022_2023,100.0,EXACT_NAME,APPROVED
plr_bfd1eb63,transfermarkt,503679,Rhys Williams,,,2022_2023,100.0,EXACT_NAME,APPROVED
plr_369f7aa4,transfermarkt,200512,Sadio Mané,,,2022_2023,100.0,EXACT_NAME,APPROVED
plr_7cdbe839,transfermarkt,503680,Neco Williams,,,2022_2023,100.0,EXACT_NAME,APPROVED
plr_15e42035,transfermarkt,165793,Takumi Minamino,,,2022_2023,100.0,EXACT_NAME,APPROVED
plr_8928fbe8,transfermarkt,257097,Ben Davies,,,2022_2023,100.0,EXACT_NAME,APPROVED
plr_be05ec04,transfermarkt,236510,Sheyi Ojo,,,2022_2023,100.0,EXACT_NAME,APPROVED
plr_7f1b66a0,transfermarkt,344015,Ben Woodburn,,,2022_2023,100.0,EXACT_NAME,APPROVED
plr_1d40f1b0,transfermarkt,148368,Divock Origi,,,2022_2023,100.0,EXACT_NAME,APPROVED
plr_904e9ca0,transfermarkt,541231,Sepp van den Berg,,,2022_2023,100.0,EXACT_NAME,APPROVED
plr_daf77a07,transfermarkt,85864,Loris Karius,,,2022_2023,100.0,EXACT_NAME,APPROVED
plr_743f11e3,transfermarkt,418560,Erling Haaland,,,2022_2023,100.0,EXACT_NAME,APPROVED
plr_5f74ad5e,transfermarkt,284730,Manuel Akanji,,,2022_2023,100.0,EXACT_NAME,APPROVED
plr_f488807b,transfermarkt,366930,Sergio Gómez,,,2022_2023,100.0,EXACT_NAME,APPROVED
plr_27a942ce,transfermarkt,668547,Máximo Perrone,,,2022_2023,100.0,EXACT_NAME,APPROVED
plr_aa405560,transfermarkt,85941,Stefan Ortega,,,2022_2023,100.0,NO_MATCH_CREATED_NEW,APPROVED
plr_01e7d077,transfermarkt,701057,Rico Lewis,,,2022_2023,100.0,EXACT_NAME,APPROVED
plr_3970ab02,transfermarkt,576121,Josh Wilson-Esbrand,,,2022_2023,100.0,EXACT_NAME,APPROVED
plr_d19559f2,transfermarkt,426666,Ryotaro Meshino,,,2022_2023,100.0,EXACT_NAME,APPROVED
plr_50624195,transfermarkt,553875,Pedro Porro,,,2022_2023,100.0,EXACT_NAME,APPROVED
plr_3687db84,transfermarkt,505652,Slobodan Tedic,,,2022_2023,100.0,EXACT_NAME,APPROVED
plr_7379ed21,transfermarkt,439629,Nahuel Bustos,,,2022_2023,100.0,EXACT_NAME,APPROVED
plr_02f3353d,transfermarkt,384807,Thomas Agyepong,,,2022_2023,100.0,EXACT_NAME,APPROVED
plr_7b63aa7a,transfermarkt,371003,Ante Palaversa,,,2022_2023,100.0,EXACT_NAME,APPROVED
plr_dc0b3a47,transfermarkt,662327,Diego Rosa,,,2022_2023,100.0,EXACT_NAME,APPROVED
plr_4618484c,transfermarkt,649452,Issa Kaboré,,,2022_2023,100.0,EXACT_NAME,APPROVED
plr_bc5db7b4,transfermarkt,345654,Marlos Moreno,,,2022_2023,100.0,EXACT_NAME,APPROVED
plr_5a549c34,transfermarkt,221624,Zack Steffen,,,2022_2023,100.0,EXACT_NAME,APPROVED
plr_da872fd3,transfermarkt,371021,Arijanet Murić,,,2022_2023,92.86,FUZZY_HIGH,APPROVED
plr_6eda969f,transfermarkt,399997,Daniel Arzani,,,2022_2023,100.0,EXACT_NAME,APPROVED
plr_79c376af,transfermarkt,355816,Ko Itakura,,,2022_2023,100.0,EXACT_NAME,APPROVED
plr_89989652,transfermarkt,627228,Yan Couto,,,2022_2023,100.0,EXACT_NAME,APPROVED
plr_00a03259,transfermarkt,378293,Yangel Herrera,,,2022_2023,81.48,FUZZY_MEDIUM,REVIEW_REQUIRED
plr_b59072f7,transfermarkt,576024,Julián Alvarez,,,2022_2023,92.86,FUZZY_HIGH,APPROVED
plr_662fdea6,transfermarkt,503977,Taylor Harwood-Bellis,,,2022_2023,100.0,EXACT_NAME,APPROVED
plr_7dc8eb43,transfermarkt,26267,Fernandinho,,,2022_2023,100.0,NO_MATCH_CREATED_NEW,APPROVED
plr_50ba33e6,transfermarkt,182712,João Cancelo,,,2022_2023,100.0,EXACT_NAME,APPROVED
plr_b0b7935f,transfermarkt,602105,Antony,,,2022_2023,100.0,NO_MATCH_CREATED_NEW,APPROVED
plr_31e55f4f,transfermarkt,16306,Casemiro,,,2022_2023,100.0,NO_MATCH_CREATED_NEW,APPROVED
plr_ddfb14f4,transfermarkt,480762,Lisandro Martínez,,,2022_2023,100.0,EXACT_NAME,APPROVED
plr_eb961dc8,transfermarkt,339340,Tyrell Malacia,,,2022_2023,100.0,EXACT_NAME,APPROVED
plr_779bd682,transfermarkt,228645,Wout Weghorst,,,2022_2023,100.0,EXACT_NAME,APPROVED
plr_9749115d,transfermarkt,74960,Martin Dúbravka,,,2022_2023,93.33,FUZZY_HIGH,APPROVED
plr_96db9a13,transfermarkt,106987,Marcel Sabitzer,,,2022_2023,100.0,EXACT_NAME,APPROVED
plr_b7c7c881,transfermarkt,676318,Facundo Pellistri,,,2022_2023,100.0,EXACT_NAME,APPROVED
plr_09debe02,transfermarkt,686845,Zidane Iqbal,,,2022_2023,100.0,EXACT_NAME,APPROVED
plr_04350f91,transfermarkt,811778,Álvaro Carreras,,,2022_2023,100.0,NO_MATCH_CREATED_NEW,APPROVED
plr_c3df3771,transfermarkt,607224,Hannibal,,,2022_2023,100.0,NO_MATCH_CREATED_NEW,APPROVED
plr_f15ffe09,transfermarkt,550829,Matej Kovar,,,2022_2023,90.91,FUZZY_HIGH,APPROVED
plr_c703bf11,transfermarkt,811779,Alejandro Garnacho,,,2022_2023,100.0,EXACT_NAME,APPROVED
plr_74b94270,transfermarkt,536835,Amad Diallo,,,2022_2023,100.0,EXACT_NAME,APPROVED
plr_7bf6790c,transfermarkt,258919,Dean Henderson,,,2022_2023,100.0,EXACT_NAME,APPROVED
plr_4826d903,transfermarkt,342046,Axel Tuanzebe,,,2022_2023,100.0,EXACT_NAME,APPROVED
plr_356a3fe0,transfermarkt,182877,Anthony Martial,,,2022_2023,100.0,EXACT_NAME,APPROVED
plr_54d64445,transfermarkt,286384,Eric Bailly,,,2022_2023,100.0,EXACT_NAME,APPROVED
plr_34c056af,transfermarkt,344830,Tahith Chong,,,2022_2023,100.0,EXACT_NAME,APPROVED
plr_e1a145d8,transfermarkt,74683,Nemanja Matić,,,2022_2023,92.31,FUZZY_HIGH,APPROVED
plr_a916a9a3,transfermarkt,122153,Paul Pogba,,,2022_2023,100.0,EXACT_NAME,APPROVED
plr_3578df9b,transfermarkt,44068,Juan Mata,,,2022_2023,100.0,EXACT_NAME,APPROVED
plr_6251b786,transfermarkt,141660,Jesse Lingard,,,2022_2023,100.0,EXACT_NAME,APPROVED
plr_30bd7b8d,transfermarkt,48280,Edinson Cavani,,,2022_2023,100.0,EXACT_NAME,APPROVED
plr_67c6158c,transfermarkt,255755,Alex Telles,,,2022_2023,100.0,EXACT_NAME,APPROVED
plr_04891e2c,transfermarkt,8198,Cristiano Ronaldo,,,2022_2023,100.0,EXACT_NAME,APPROVED
plr_6cb18e9a,transfermarkt,13460,Lee Grant,,,2022_2023,100.0,EXACT_NAME,APPROVED
plr_c36031eb,transfermarkt,349066,Alexander Isak,,,2022_2023,100.0,EXACT_NAME,APPROVED
plr_5d79e2b1,transfermarkt,361093,Sven Botman,,,2022_2023,100.0,EXACT_NAME,APPROVED
plr_ef5d2fde,transfermarkt,192080,Nick Pope,,,2022_2023,100.0,EXACT_NAME,APPROVED
plr_cf66e3de,transfermarkt,484389,Kell Watts,,,2022_2023,100.0,EXACT_NAME,APPROVED
plr_f9e1465e,transfermarkt,567576,Elliot Anderson,,,2022_2023,100.0,EXACT_NAME,APPROVED
plr_eb5688d3,transfermarkt,484387,Matty Longstaff,,,2022_2023,87.5,FUZZY_MEDIUM,REVIEW_REQUIRED
plr_7f9b2945,transfermarkt,98240,Ciaran Clark,,,2022_2023,100.0,EXACT_NAME,APPROVED
plr_a8c20f50,transfermarkt,148262,Jeff Hendrick,,,2022_2023,100.0,EXACT_NAME,APPROVED
plr_d11e0488,transfermarkt,99397,Karl Darlow,,,2022_2023,100.0,EXACT_NAME,APPROVED
plr_abe4ca77,transfermarkt,71292,Jonjo Shelvey,,,2022_2023,100.0,EXACT_NAME,APPROVED
plr_f64a195f,transfermarkt,108725,Chris Wood,,,2022_2023,100.0,EXACT_NAME,APPROVED
plr_12ba7080,transfermarkt,206225,Isaac Hayden,,,2022_2023,100.0,EXACT_NAME,APPROVED
plr_3654f1a3,transfermarkt,196522,Dwight Gayle,,,2022_2023,100.0,EXACT_NAME,APPROVED
plr_b91e90c0,transfermarkt,85475,Federico Fernández,,,2022_2023,100.0,EXACT_NAME,APPROVED
plr_1b8b2897,transfermarkt,226049,Freddie Woodman,,,2022_2023,100.0,EXACT_NAME,APPROVED
plr_f923be04,transfermarkt,429014,Morgan Gibbs-White,,,2022_2023,100.0,EXACT_NAME,APPROVED
plr_258eb7b1,transfermarkt,295313,Taiwo Awoniyi,,,2022_2023,100.0,EXACT_NAME,APPROVED
plr_86bfa973,transfermarkt,808509,Danilo,,,2022_2023,100.0,EXACT_NAME,APPROVED
plr_f2484e59,transfermarkt,448854,Emmanuel Dennis,,,2022_2023,100.0,EXACT_NAME,APPROVED
plr_c38c3812,transfermarkt,291200,Moussa Niakhaté,,,2022_2023,100.0,EXACT_NAME,APPROVED
plr_c9ffeb47,transfermarkt,289592,Orel Mangala,,,2022_2023,100.0,EXACT_NAME,APPROVED
plr_839c3a69,transfermarkt,536507,Giulian Biancone,,,2022_2023,100.0,EXACT_NAME,APPROVED
plr_81c3b0e0,transfermarkt,560694,Lewis O'Brien,,,2022_2023,100.0,EXACT_NAME,APPROVED
plr_fee57bcd,transfermarkt,424881,Omar Richards,,,2022_2023,100.0,EXACT_NAME,APPROVED
plr_19f13fa1,transfermarkt,148252,Remo Freuler,,,2022_2023,100.0,EXACT_NAME,APPROVED
plr_4ec4b908,transfermarkt,476352,Renan Lodi,,,2022_2023,100.0,NO_MATCH_CREATED_NEW,APPROVED
plr_976373c5,transfermarkt,260166,Ui-jo Hwang,,,2022_2023,100.0,NO_MATCH_CREATED_NEW,APPROVED
plr_ccd9271d,transfermarkt,142310,Willy Boly,,,2022_2023,100.0,EXACT_NAME,APPROVED
plr_6364d1c0,transfermarkt,198516,Harry Toffolo,,,2022_2023,100.0,EXACT_NAME,APPROVED
plr_90b9a28f,transfermarkt,506470,Josh Bowler,,,2022_2023,100.0,EXACT_NAME,APPROVED
plr_146bf8db,transfermarkt,156501,Felipe,,,2022_2023,100.0,NO_MATCH_CREATED_NEW,APPROVED
plr_92208eb3,transfermarkt,631996,Brandon Aguilera,,,2022_2023,100.0,NO_MATCH_CREATED_NEW,APPROVED
plr_b180d455,transfermarkt,354017,Adnan Kanuric,,,2022_2023,100.0,NO_MATCH_CREATED_NEW,APPROVED
plr_e11a4f00,transfermarkt,45403,André Ayew,,,2022_2023,100.0,EXACT_NAME,APPROVED
plr_de07a986,transfermarkt,45494,Wayne Hennessey,,,2022_2023,100.0,EXACT_NAME,APPROVED
plr_24fcfbd3,transfermarkt,330085,Gustavo Scarpa,,,2022_2023,100.0,NO_MATCH_CREATED_NEW,APPROVED
plr_3d428826,transfermarkt,79422,Keylor Navas,,,2022_2023,100.0,EXACT_NAME,APPROVED
plr_fe4d44b9,transfermarkt,730581,Loïc Badé,,,2022_2023,100.0,EXACT_NAME,APPROVED
plr_ccef0fa9,transfermarkt,127032,Serge Aurier,,,2022_2023,100.0,EXACT_NAME,APPROVED
plr_717a0aeb,transfermarkt,265033,Nikolas Ioannou,,,2022_2023,100.0,NO_MATCH_CREATED_NEW,APPROVED
plr_21a12e2e,transfermarkt,306166,Nuno da Costa,,,2022_2023,100.0,NO_MATCH_CREATED_NEW,APPROVED
plr_ad0d0bc8,transfermarkt,126321,Carl Jenkinson,,,2022_2023,100.0,EXACT_NAME,APPROVED
plr_e2c60ee5,transfermarkt,452707,Jordan Smith,,,2022_2023,100.0,EXACT_NAME,APPROVED
plr_693a0702,transfermarkt,392777,Jonathan Panzo,,,2022_2023,100.0,EXACT_NAME,APPROVED
plr_74160ace,transfermarkt,503988,Alex Mighten,,,2022_2023,100.0,EXACT_NAME,APPROVED
plr_f8c45e74,transfermarkt,491596,Braian Ojeda,,,2022_2023,100.0,NO_MATCH_CREATED_NEW,APPROVED
plr_fff873a6,transfermarkt,191056,Brice Samba,,,2022_2023,100.0,EXACT_NAME,APPROVED
plr_9b947f7d,transfermarkt,122077,Tobias Figueiredo,,,2022_2023,100.0,NO_MATCH_CREATED_NEW,APPROVED
plr_0a1bf194,transfermarkt,287167,Joe Lolley,,,2022_2023,100.0,EXACT_NAME,APPROVED
plr_139846fd,transfermarkt,258011,Xande Silva,,,2022_2023,100.0,EXACT_NAME,APPROVED
plr_dd3313a6,transfermarkt,35413,Lewis Grabban,,,2022_2023,100.0,EXACT_NAME,APPROVED
plr_b171630c,transfermarkt,463610,Loïc Mbe Soh,,,2022_2023,100.0,EXACT_NAME,APPROVED
plr_3c3f3e76,transfermarkt,417348,Richie Laryea,,,2022_2023,100.0,EXACT_NAME,APPROVED
plr_847db346,transfermarkt,242284,Ethan Horvath,,,2022_2023,100.0,EXACT_NAME,APPROVED
plr_973e4a3b,transfermarkt,36291,Gaëtan Bong,,,2022_2023,100.0,EXACT_NAME,APPROVED
plr_49361735,transfermarkt,746695,Kamaldeen Sulemana,,,2022_2023,100.0,EXACT_NAME,APPROVED
plr_c164bf16,transfermarkt,628451,Roméo Lavia,,,2022_2023,100.0,EXACT_NAME,APPROVED
plr_c8338009,transfermarkt,272855,Paul Onuachu,,,2022_2023,100.0,EXACT_NAME,APPROVED
plr_4594390e,transfermarkt,585550,Gavin Bazunu,,,2022_2023,100.0,EXACT_NAME,APPROVED
plr_1c626aa9,transfermarkt,748319,Carlos Alcaraz,,,2022_2023,100.0,EXACT_NAME,APPROVED
plr_ca91e899,transfermarkt,467563,Armel Bella-Kotchap,,,2022_2023,100.0,EXACT_NAME,APPROVED
plr_a752b37f,transfermarkt,557612,Sékou Mara,,,2022_2023,100.0,EXACT_NAME,APPROVED
plr_187bdc22,transfermarkt,468198,Joe Aribo,,,2022_2023,100.0,NO_MATCH_CREATED_NEW,APPROVED
plr_8a50a8b2,transfermarkt,238266,Duje Caleta-Car,,,2022_2023,100.0,EXACT_NAME,APPROVED
plr_cc7031e4,transfermarkt,680806,Samuel Edozie,,,2022_2023,100.0,EXACT_NAME,APPROVED
plr_64b43756,transfermarkt,646738,Juan Larios,,,2022_2023,100.0,NO_MATCH_CREATED_NEW,APPROVED
plr_15767602,transfermarkt,119150,Mislav Orsic,,,2022_2023,100.0,EXACT_NAME,APPROVED
plr_0e0549a0,transfermarkt,324223,James Bree,,,2022_2023,100.0,EXACT_NAME,APPROVED
plr_b81177dd,transfermarkt,345437,Mateusz Lis,,,2022_2023,100.0,EXACT_NAME,APPROVED
plr_08892396,transfermarkt,444211,Will Smallbone,,,2022_2023,100.0,EXACT_NAME,APPROVED
plr_dfa2c127,transfermarkt,346482,Dan Nlundulu,,,2022_2023,88.89,FUZZY_MEDIUM,REVIEW_REQUIRED
plr_2e77994b,transfermarkt,340322,Nathan Tella,,,2022_2023,100.0,EXACT_NAME,APPROVED
plr_aba740bb,transfermarkt,66100,Oriol Romeu,,,2022_2023,100.0,NO_MATCH_CREATED_NEW,APPROVED
plr_97e401ea,transfermarkt,52570,Fraser Forster,,,2022_2023,100.0,EXACT_NAME,APPROVED
plr_2f306129,transfermarkt,129078,Nathan Redmond,,,2022_2023,100.0,EXACT_NAME,APPROVED
plr_a93bd6e1,transfermarkt,341043,Harry Lewis,,,2022_2023,100.0,EXACT_NAME,APPROVED
plr_c7f28865,transfermarkt,37304,Shane Long,,,2022_2023,100.0,EXACT_NAME,APPROVED
plr_6e664c42,transfermarkt,406008,Yan Valery,,,2022_2023,100.0,EXACT_NAME,APPROVED
plr_2bf05d91,transfermarkt,355915,Cristian Romero,,,2022_2023,100.0,EXACT_NAME,APPROVED
plr_7394369c,transfermarkt,556385,Destiny Udogie,,,2022_2023,100.0,EXACT_NAME,APPROVED
plr_daa9173b,transfermarkt,483348,Djed Spence,,,2022_2023,100.0,EXACT_NAME,APPROVED
plr_aaa63c5d,transfermarkt,355861,Arnaut Danjuma,,,2022_2023,100.0,EXACT_NAME,APPROVED
plr_274ad00e,transfermarkt,42460,Ivan Perisic,,,2022_2023,83.33,FUZZY_MEDIUM,REVIEW_REQUIRED
plr_94486351,transfermarkt,182904,Clément Lenglet,,,2022_2023,100.0,EXACT_NAME,APPROVED
plr_b0f4dfe0,transfermarkt,568693,Pape Matar Sarr,,,2022_2023,100.0,EXACT_NAME,APPROVED
plr_8050d42e,transfermarkt,450936,Tanguy Ndombélé,,,2022_2023,86.67,FUZZY_MEDIUM,REVIEW_REQUIRED
plr_8841fbfa,transfermarkt,537382,Bryan Gil,,,2022_2023,100.0,EXACT_NAME,APPROVED
plr_edc2579b,transfermarkt,348795,Giovani Lo Celso,,,2022_2023,100.0,EXACT_NAME,APPROVED
plr_5564ab09,transfermarkt,282823,Alfie Whiteman,,,2022_2023,100.0,EXACT_NAME,APPROVED
plr_2ccc3a8c,transfermarkt,284165,Steven Bergwijn,,,2022_2023,100.0,EXACT_NAME,APPROVED
plr_e81737e0,transfermarkt,341049,Cameron Carter-Vickers,,,2022_2023,100.0,EXACT_NAME,APPROVED
plr_f4bc4b00,transfermarkt,171679,Matt Doherty,,,2022_2023,100.0,EXACT_NAME,APPROVED
plr_1b991171,transfermarkt,559794,Jack Clarke,,,2022_2023,100.0,EXACT_NAME,APPROVED
plr_e0a2290c,transfermarkt,249126,Harry Winks,,,2022_2023,100.0,EXACT_NAME,APPROVED
plr_87cb672f,transfermarkt,282429,Sergio Reguilón,,,2022_2023,100.0,EXACT_NAME,APPROVED
plr_c1e41eae,transfermarkt,297212,Joe Rodon,,,2022_2023,100.0,EXACT_NAME,APPROVED
plr_e8db260f,transfermarkt,244192,Pierluigi Gollini,,,2022_2023,100.0,EXACT_NAME,APPROVED
plr_6f8873f6,transfermarkt,444523,Lucas Paquetá,,,2022_2023,100.0,NO_MATCH_CREATED_NEW,APPROVED
plr_5763865f,transfermarkt,315867,Gianluca Scamacca,,,2022_2023,100.0,EXACT_NAME,APPROVED
plr_0ac41e19,transfermarkt,361914,Nayef Aguerd,,,2022_2023,100.0,EXACT_NAME,APPROVED
plr_dc2e718e,transfermarkt,234781,Maxwel Cornet,,,2022_2023,100.0,EXACT_NAME,APPROVED
plr_ab7b82ee,transfermarkt,228948,Thilo Kehrer,,,2022_2023,100.0,EXACT_NAME,APPROVED
plr_bc4bf056,transfermarkt,506189,Flynn Downes,,,2022_2023,100.0,EXACT_NAME,APPROVED
plr_a3e2aa57,transfermarkt,120629,Alphonse Areola,,,2022_2023,100.0,EXACT_NAME,APPROVED
plr_3bc00dfd,transfermarkt,576099,Joseph Anang,,,2022_2023,100.0,EXACT_NAME,APPROVED
plr_cf1f0b81,transfermarkt,431422,Nathan Trott,,,2022_2023,100.0,EXACT_NAME,APPROVED
plr_75c2eaf5,transfermarkt,419025,Conor Coventry,,,2022_2023,100.0,EXACT_NAME,APPROVED
plr_ea5eb2ac,transfermarkt,121477,Craig Dawson,,,2022_2023,100.0,EXACT_NAME,APPROVED
plr_a2c9564b,transfermarkt,69015,Andriy Yarmolenko,,,2022_2023,100.0,EXACT_NAME,APPROVED
plr_d7ec6d2c,transfermarkt,181380,Arthur Masuaku,,,2022_2023,100.0,EXACT_NAME,APPROVED
plr_312147dd,transfermarkt,15930,David Martin,,,2022_2023,100.0,EXACT_NAME,APPROVED
plr_b33184dc,transfermarkt,31835,Mark Noble,,,2022_2023,100.0,EXACT_NAME,APPROVED
plr_97dce035,transfermarkt,293200,Nikola Vlašić,,,2022_2023,100.0,EXACT_NAME,APPROVED
plr_ba5aa623,transfermarkt,337333,Alex Král,,,2022_2023,88.89,FUZZY_MEDIUM,REVIEW_REQUIRED
plr_4585a1bc,transfermarkt,601883,Matheus Nunes,,,2022_2023,100.0,NO_MATCH_CREATED_NEW,APPROVED
plr_e6a7122f,transfermarkt,225122,Gonçalo Guedes,,,2022_2023,100.0,NO_MATCH_CREATED_NEW,APPROVED
plr_a7a8e27e,transfermarkt,469050,Nathan Collins,,,2022_2023,100.0,EXACT_NAME,APPROVED
plr_a3cc3263,transfermarkt,735570,João Gomes,,,2022_2023,100.0,NO_MATCH_CREATED_NEW,APPROVED
plr_165f55cf,transfermarkt,369567,Sasa Kalajdzic,,,2022_2023,100.0,EXACT_NAME,APPROVED
plr_33bad45f,transfermarkt,292246,Hee-chan Hwang,,,2022_2023,100.0,EXACT_NAME,APPROVED
plr_68885946,transfermarkt,170934,Mario Lemina,,,2022_2023,100.0,EXACT_NAME,APPROVED
plr_4a00294e,transfermarkt,74230,Pablo Sarabia,,,2022_2023,100.0,EXACT_NAME,APPROVED
plr_dd07a55c,transfermarkt,649020,Boubacar Traoré,,,2022_2023,100.0,EXACT_NAME,APPROVED
plr_ad4b306b,transfermarkt,136401,Daniel Bentley,,,2022_2023,100.0,EXACT_NAME,APPROVED
plr_7a0db8a2,transfermarkt,517894,Matheus Cunha,,,2022_2023,100.0,NO_MATCH_CREATED_NEW,APPROVED
plr_4369e4d7,transfermarkt,698678,Hugo Bueno,,,2022_2023,100.0,EXACT_NAME,APPROVED
plr_1285370b,transfermarkt,614603,Chem Campbell,,,2022_2023,100.0,EXACT_NAME,APPROVED
plr_dc0b3a47,transfermarkt,44779,Diego Costa,,,2022_2023,85.71,FUZZY_MEDIUM,REVIEW_REQUIRED
plr_b4a6b43d,transfermarkt,503975,Joe Hodge,,,2022_2023,100.0,EXACT_NAME,APPROVED
plr_ba32ab70,transfermarkt,293257,Matija Sarkic,,,2022_2023,100.0,EXACT_NAME,APPROVED
plr_6bcbb576,transfermarkt,181781,Léo Bonatini,,,2022_2023,100.0,EXACT_NAME,APPROVED
plr_d9bddd7f,transfermarkt,335461,Renat Dadashov,,,2022_2023,100.0,EXACT_NAME,APPROVED
plr_7068a1e1,transfermarkt,265078,Patrick Cutrone,,,2022_2023,100.0,EXACT_NAME,APPROVED
plr_e58a4908,transfermarkt,485583,Ki-Jana Hoever,,,2022_2023,100.0,EXACT_NAME,APPROVED
plr_81bd3dec,transfermarkt,504581,Ryan Giles,,,2022_2023,100.0,EXACT_NAME,APPROVED
plr_33ad1500,transfermarkt,532541,Luke Cundle,,,2022_2023,100.0,EXACT_NAME,APPROVED
plr_396ccfa2,transfermarkt,606872,Leonardo Campana,,,2022_2023,100.0,EXACT_NAME,APPROVED
plr_1a3c095a,transfermarkt,505653,Fábio Silva,,,2022_2023,100.0,EXACT_NAME,APPROVED
plr_4cc16317,transfermarkt,638571,Sang-bin Jeong,,,2022_2023,100.0,EXACT_NAME,APPROVED
plr_a3aa127d,transfermarkt,204103,Adama Traoré,,,2022_2023,100.0,EXACT_NAME,APPROVED
plr_e818e68a,transfermarkt,415646,Bruno Jordão,,,2022_2023,100.0,EXACT_NAME,APPROVED
plr_e535da10,transfermarkt,337787,Connor Ronan,,,2022_2023,100.0,EXACT_NAME,APPROVED
plr_ac70b76b,transfermarkt,137745,Marçal,,,2022_2023,100.0,EXACT_NAME,APPROVED
plr_d277726e,transfermarkt,204198,Romain Saïss,,,2022_2023,100.0,EXACT_NAME,APPROVED
plr_b5e114d5,transfermarkt,29712,John Ruddy,,,2022_2023,100.0,EXACT_NAME,APPROVED
plr_eec2f23c,transfermarkt,716276,Yerson Mosquera,,,2022_2023,100.0,EXACT_NAME,APPROVED
plr_faed29bc,transfermarkt,412669,Francisco Trincão,,,2022_2023,100.0,EXACT_NAME,APPROVED
plr_c58a7cc8,transfermarkt,357662,Declan Rice,,,2023,100.0,EXACT_NAME,APPROVED
plr_2252608f,transfermarkt,309400,Kai Havertz,,,2023,100.0,EXACT_NAME,APPROVED
plr_0f516e73,transfermarkt,420243,Jurriën Timber,,,2023,100.0,EXACT_NAME,APPROVED
plr_ee719726,transfermarkt,262749,David Raya,,,2023,100.0,NO_MATCH_CREATED_NEW,APPROVED
plr_eaa0237c,transfermarkt,205657,Rúnar Alex Rúnarsson,,,2023,100.0,EXACT_NAME,APPROVED
plr_2d1196d6,transfermarkt,668268,Marquinhos,,,2023,100.0,EXACT_NAME,APPROVED
plr_3d7157e4,transfermarkt,112988,Cédric Soares,,,2023,100.0,EXACT_NAME,APPROVED
plr_1e2387d0,transfermarkt,503769,Arthur Okonkwo,,,2023,100.0,EXACT_NAME,APPROVED
plr_10471fa2,transfermarkt,343052,Nicolas Pépé,,,2023,100.0,EXACT_NAME,APPROVED
plr_4f7ebeaa,transfermarkt,381967,Albert Sambi Lokonga,,,2023,100.0,EXACT_NAME,APPROVED
plr_e7a66a7c,transfermarkt,210178,Pablo Marí,,,2023,100.0,EXACT_NAME,APPROVED
plr_05b88612,transfermarkt,503770,Folarin Balogun,,,2023,100.0,EXACT_NAME,APPROVED
plr_1f333686,transfermarkt,535955,Nuno Tavares,,,2023,100.0,EXACT_NAME,APPROVED
plr_092d4d51,transfermarkt,111455,Granit Xhaka,,,2023,100.0,EXACT_NAME,APPROVED
plr_92735ac1,transfermarkt,425306,Matt Turner,,,2023,100.0,EXACT_NAME,APPROVED
plr_8ba079eb,transfermarkt,389253,Auston Trusty,,,2023,100.0,EXACT_NAME,APPROVED
plr_732bbb2c,transfermarkt,300716,Kieran Tierney,,,2023,100.0,EXACT_NAME,APPROVED
plr_5d6c7016,transfermarkt,253341,Rob Holding,,,2023,100.0,EXACT_NAME,APPROVED
plr_e9bad5d1,transfermarkt,285845,Ainsley Maitland-Niles,,,2023,100.0,EXACT_NAME,APPROVED
plr_a3eb9585,transfermarkt,395516,Moussa Diaby,,,2023,100.0,EXACT_NAME,APPROVED
plr_37e7e6b0,transfermarkt,503743,Morgan Rogers,,,2023,100.0,EXACT_NAME,APPROVED
plr_54dd31eb,transfermarkt,399776,Pau Torres,,,2023,100.0,EXACT_NAME,APPROVED
plr_96f63892,transfermarkt,848682,Kosta Nedeljkovic,,,2023,100.0,NO_MATCH_CREATED_NEW,APPROVED
plr_91d5d4c5,transfermarkt,392085,Nicolò Zaniolo,,,2023,100.0,EXACT_NAME,APPROVED
plr_c1a55ea2,transfermarkt,591844,Joe Gauci,,,2023,100.0,EXACT_NAME,APPROVED
plr_97d99afb,transfermarkt,249565,Youri Tielemans,,,2023,100.0,EXACT_NAME,APPROVED
plr_7f42ad4d,transfermarkt,610863,Filip Marschall,,,2023,100.0,EXACT_NAME,APPROVED
plr_04e9e122,transfermarkt,626888,Kaine Kesler-Hayden,,,2023,100.0,EXACT_NAME,APPROVED
plr_94486351,transfermarkt,182904,Clément Lenglet,,,2023,100.0,EXACT_NAME,APPROVED
plr_96d13ae1,transfermarkt,381362,Wesley Moraes,,,2023,100.0,EXACT_NAME,APPROVED
plr_cae338cb,transfermarkt,484838,Viljami Sinisalo,,,2023,100.0,EXACT_NAME,APPROVED
plr_fcc0754e,transfermarkt,174094,Morgan Sanson,,,2023,100.0,EXACT_NAME,APPROVED
plr_f4399801,transfermarkt,533662,Cameron Archer,,,2023,100.0,EXACT_NAME,APPROVED
plr_8c04f363,transfermarkt,665390,Jaden Philogene,,,2023,100.0,EXACT_NAME,APPROVED
plr_73c60311,transfermarkt,324882,Marvelous Nakamba,,,2023,100.0,EXACT_NAME,APPROVED
plr_8fbffa8e,transfermarkt,412660,Keinan Davis,,,2023,100.0,EXACT_NAME,APPROVED
plr_2411b26a,transfermarkt,168157,Leander Dendoncker,,,2023,100.0,EXACT_NAME,APPROVED
plr_c68d6c16,transfermarkt,131996,Bertrand Traoré,,,2023,100.0,EXACT_NAME,APPROVED
plr_68c4c447,transfermarkt,14086,Ashley Young,,,2023,100.0,EXACT_NAME,APPROVED
plr_12d4e613,transfermarkt,80444,Philippe Coutinho,,,2023,100.0,EXACT_NAME,APPROVED
plr_6f31cabe,transfermarkt,110867,Jed Steer,,,2023,100.0,EXACT_NAME,APPROVED
plr_57cee665,transfermarkt,332705,Tyler Adams,,,2023,100.0,EXACT_NAME,APPROVED
plr_16bb55cb,transfermarkt,391065,Hamed Traoré,,,2023,91.67,FUZZY_HIGH,APPROVED
plr_ddf1826b,transfermarkt,855256,Alex Scott,,,2023,100.0,EXACT_NAME,APPROVED
plr_ba448454,transfermarkt,730861,Milos Kerkez,,,2023,100.0,EXACT_NAME,APPROVED
plr_7e8f4b6a,transfermarkt,555076,Romain Faivre,,,2023,100.0,EXACT_NAME,APPROVED
plr_99db3db7,transfermarkt,330659,Justin Kluivert,,,2023,100.0,EXACT_NAME,APPROVED
plr_641cfebf,transfermarkt,471690,Max Aarons,,,2023,100.0,EXACT_NAME,APPROVED
plr_88a5e71d,transfermarkt,512385,Luis Sinisterra,,,2023,100.0,EXACT_NAME,APPROVED
plr_59d7b4a5,transfermarkt,303657,Ionuț Radu,,,2023,100.0,EXACT_NAME,APPROVED
plr_3b549fff,transfermarkt,251106,Enes Ünal,,,2023,100.0,EXACT_NAME,APPROVED
plr_d5b1cc05,transfermarkt,488656,Siriki Dembélé,,,2023,100.0,EXACT_NAME,APPROVED
plr_9441251c,transfermarkt,232964,Emiliano Marcondes,,,2023,100.0,EXACT_NAME,APPROVED
plr_a9eaff24,transfermarkt,469064,Gavin Kilkenny,,,2023,100.0,EXACT_NAME,APPROVED
plr_839110fe,transfermarkt,239949,Jamal Lowe,,,2023,100.0,EXACT_NAME,APPROVED
plr_e6a21ac0,transfermarkt,275590,Kieffer Moore,,,2023,100.0,EXACT_NAME,APPROVED
plr_3d5d63c5,transfermarkt,277033,David Brooks,,,2023,100.0,EXACT_NAME,APPROVED
plr_f9e9d397,transfermarkt,611793,James Hill,,,2023,100.0,EXACT_NAME,APPROVED
plr_7265b6ab,transfermarkt,582078,Will Dennis,,,2023,100.0,EXACT_NAME,APPROVED
plr_8ec939c3,transfermarkt,357658,Mark Travers,,,2023,100.0,EXACT_NAME,APPROVED
plr_0505158f,transfermarkt,183302,Ben Pearson,,,2023,100.0,EXACT_NAME,APPROVED
plr_f96d7e85,transfermarkt,633530,Jordan Zemura,,,2023,100.0,EXACT_NAME,APPROVED
plr_b14c054d,transfermarkt,249356,Jack Stacey,,,2023,100.0,EXACT_NAME,APPROVED
plr_ec727651,transfermarkt,262980,Jefferson Lerma,,,2023,100.0,EXACT_NAME,APPROVED
plr_405bfb99,transfermarkt,655835,Christian Saydee,,,2023,100.0,EXACT_NAME,APPROVED
plr_3487425b,transfermarkt,183293,Joe Rothwell,,,2023,100.0,EXACT_NAME,APPROVED
plr_77290ee1,transfermarkt,684210,Jaidon Anthony,,,2023,100.0,EXACT_NAME,APPROVED
plr_c63673bf,transfermarkt,87672,Junior Stanislas,,,2023,100.0,EXACT_NAME,APPROVED
plr_01563834,transfermarkt,439072,Matías Viña,,,2023,100.0,EXACT_NAME,APPROVED
plr_a7a8e27e,transfermarkt,469050,Nathan Collins,,,2023,100.0,EXACT_NAME,APPROVED
plr_75544f5c,transfermarkt,473050,Kevin Schade,,,2023,100.0,EXACT_NAME,APPROVED
plr_3141a054,transfermarkt,125714,Mark Flekken,,,2023,100.0,EXACT_NAME,APPROVED
plr_ab1de22b,transfermarkt,1141628,Yunus Konak,,,2023,100.0,EXACT_NAME,APPROVED
plr_98abebb1,transfermarkt,488935,Hákon Valdimarsson,,,2023,100.0,EXACT_NAME,APPROVED
plr_87cb672f,transfermarkt,282429,Sergio Reguilón,,,2023,100.0,EXACT_NAME,APPROVED
plr_a2085edd,transfermarkt,217115,Neal Maupay,,,2023,100.0,EXACT_NAME,APPROVED
plr_88e94c74,transfermarkt,717411,Yegor Yarmolyuk,,,2023,100.0,EXACT_NAME,APPROVED
plr_5863d09f,transfermarkt,874538,Ryan Trevitt,,,2023,100.0,EXACT_NAME,APPROVED
plr_140e036d,transfermarkt,741236,Matthew Cox,,,2023,100.0,EXACT_NAME,APPROVED
plr_d4221244,transfermarkt,470596,Paris Maghoma,,,2023,100.0,EXACT_NAME,APPROVED
plr_0eff10a4,transfermarkt,372240,Mads Bech Sørensen,,,2023,100.0,EXACT_NAME,APPROVED
plr_549001fa,transfermarkt,251845,Sergi Canós,,,2023,100.0,EXACT_NAME,APPROVED
plr_e49151a3,transfermarkt,462832,Mads Bidstrup,,,2023,100.0,EXACT_NAME,APPROVED
plr_aa057502,transfermarkt,587019,Fin Stevens,,,2023,100.0,EXACT_NAME,APPROVED
plr_a7bb9b95,transfermarkt,587002,Myles Peart-Harris,,,2023,100.0,EXACT_NAME,APPROVED
plr_d9698762,transfermarkt,376856,Charlie Goode,,,2023,100.0,EXACT_NAME,APPROVED
plr_04b0da4c,transfermarkt,175451,Joel Valencia,,,2023,100.0,EXACT_NAME,APPROVED
plr_484684f5,transfermarkt,465606,Halil Dervişoğlu,,,2023,100.0,EXACT_NAME,APPROVED
plr_8a88b301,transfermarkt,125314,Pontus Jansson,,,2023,100.0,EXACT_NAME,APPROVED
plr_e72a0f8d,transfermarkt,249873,Tariqe Fosu,,,2023,100.0,EXACT_NAME,APPROVED
plr_90719632,transfermarkt,626724,João Pedro,,,2023,100.0,EXACT_NAME,APPROVED
plr_eb4affae,transfermarkt,973085,Carlos Baleba,,,2023,100.0,EXACT_NAME,APPROVED
plr_e531d698,transfermarkt,565093,Bart Verbruggen,,,2023,100.0,EXACT_NAME,APPROVED
plr_b40721dd,transfermarkt,380350,Igor Julio,,,2023,100.0,NO_MATCH_CREATED_NEW,APPROVED
plr_b07ff5f6,transfermarkt,849410,Valentín Barco,,,2023,100.0,EXACT_NAME,APPROVED
plr_774421a9,transfermarkt,191422,Mahmoud Dahoud,,,2023,100.0,EXACT_NAME,APPROVED
plr_833cc749,transfermarkt,3333,James Milner,,,2023,100.0,EXACT_NAME,APPROVED
plr_5d7df2ef,transfermarkt,466810,Ansu Fati,,,2023,100.0,NO_MATCH_CREATED_NEW,APPROVED
plr_7f724bf8,transfermarkt,520651,Jensen Weir,,,2023,100.0,EXACT_NAME,APPROVED
plr_9740b5c6,transfermarkt,463751,Marc Leonard,,,2023,100.0,EXACT_NAME,APPROVED
plr_0992d61c,transfermarkt,405686,Reda Khadra,,,2023,100.0,EXACT_NAME,APPROVED
plr_d1298b19,transfermarkt,646353,Carl Rushworth,,,2023,100.0,NO_MATCH_CREATED_NEW,APPROVED
plr_ff2c01a3,transfermarkt,867688,Jack Hinshelwood,,,2023,100.0,EXACT_NAME,APPROVED
plr_29b3267f,transfermarkt,345468,Andi Zeqiri,,,2023,100.0,EXACT_NAME,APPROVED
plr_a5598aab,transfermarkt,401604,Michal Karbownik,,,2023,100.0,EXACT_NAME,APPROVED
plr_b494af93,transfermarkt,776798,Abdallah Sima,,,2023,100.0,EXACT_NAME,APPROVED
plr_a1d9dc7e,transfermarkt,667287,Yasin Ayari,,,2023,100.0,EXACT_NAME,APPROVED
plr_0a6b8ac7,transfermarkt,463527,Kjell Scherpen,,,2023,100.0,EXACT_NAME,APPROVED
plr_a15797bf,transfermarkt,568005,Jeremy Sarmiento,,,2023,100.0,EXACT_NAME,APPROVED
plr_2ae468a9,transfermarkt,476237,Steven Alzate,,,2023,100.0,EXACT_NAME,APPROVED
plr_35962220,transfermarkt,658536,Simon Adingra,,,2023,100.0,EXACT_NAME,APPROVED
plr_c795f503,transfermarkt,687626,Moisés Caicedo,,,2023,100.0,EXACT_NAME,APPROVED
plr_fac1aa20,transfermarkt,534033,Alexis Mac Allister,,,2023,100.0,EXACT_NAME,APPROVED
plr_9a1ef932,transfermarkt,403151,Robert Sánchez,,,2023,100.0,EXACT_NAME,APPROVED
plr_13d6ceb8,transfermarkt,434207,Aaron Connolly,,,2023,100.0,EXACT_NAME,APPROVED
plr_52047160,transfermarkt,339314,Deniz Undav,,,2023,100.0,EXACT_NAME,APPROVED
plr_88ee70da,transfermarkt,533523,Haydon Roberts,,,2023,100.0,EXACT_NAME,APPROVED
plr_55d795b7,transfermarkt,484551,Taylor Richards,,,2023,100.0,EXACT_NAME,APPROVED
plr_f131bb57,transfermarkt,548729,Zeki Amdouni,,,2023,100.0,EXACT_NAME,APPROVED
plr_e6fd72e4,transfermarkt,566799,James Trafford,,,2023,100.0,EXACT_NAME,APPROVED
plr_50585d71,transfermarkt,646658,Aaron Ramsey,,,2023,100.0,EXACT_NAME,APPROVED
plr_79fba9f2,transfermarkt,403898,Jordan Beyer,,,2023,100.0,EXACT_NAME,APPROVED
plr_f0b96748,transfermarkt,333014,Sander Berge,,,2023,100.0,EXACT_NAME,APPROVED
plr_5d684fab,transfermarkt,743498,Wilson Odobert,,,2023,100.0,EXACT_NAME,APPROVED
plr_c828877d,transfermarkt,401320,Dara O'Shea,,,2023,100.0,EXACT_NAME,APPROVED
plr_cd2c67e2,transfermarkt,444208,Michael Obafemi,,,2023,100.0,EXACT_NAME,APPROVED
plr_4c1ff445,transfermarkt,338635,Hannes Delcroix,,,2023,100.0,EXACT_NAME,APPROVED
plr_1da0af35,transfermarkt,745461,Luca Koleosho,,,2023,100.0,EXACT_NAME,APPROVED
plr_dffe8c53,transfermarkt,243591,Lawrence Vigouroux,,,2023,100.0,EXACT_NAME,APPROVED
plr_2f306129,transfermarkt,129078,Nathan Redmond,,,2023,100.0,EXACT_NAME,APPROVED
plr_048768f4,transfermarkt,536508,Han-Noah Massengo,,,2023,100.0,EXACT_NAME,APPROVED
plr_13b5c9bd,transfermarkt,381963,Mike Tresor,,,2023,90.91,FUZZY_HIGH,APPROVED
plr_986140fa,transfermarkt,787232,David Datro Fofana,,,2023,100.0,EXACT_NAME,APPROVED
plr_75365851,transfermarkt,842341,Maxime Estève,,,2023,92.31,FUZZY_HIGH,APPROVED
plr_e73c9485,transfermarkt,293281,Jacob Bruun Larsen,,,2023,100.0,EXACT_NAME,APPROVED
plr_54d0a7e2,transfermarkt,711969,Lorenz Assignon,,,2023,100.0,EXACT_NAME,APPROVED
plr_a1b17c5a,transfermarkt,686839,Owen Dodgson,,,2023,100.0,EXACT_NAME,APPROVED
plr_34764d5c,transfermarkt,433818,Scott Twine,,,2023,100.0,EXACT_NAME,APPROVED
plr_2f62c95e,transfermarkt,214666,Connor Roberts,,,2023,100.0,EXACT_NAME,APPROVED
plr_779bd682,transfermarkt,228645,Wout Weghorst,,,2023,100.0,EXACT_NAME,APPROVED
plr_a735a5d1,transfermarkt,491296,Anass Zaroury,,,2023,100.0,EXACT_NAME,APPROVED
plr_345299fa,transfermarkt,581669,CJ Egan-Riley,,,2023,100.0,EXACT_NAME,APPROVED
plr_8701023f,transfermarkt,535927,Luke McNally,,,2023,100.0,EXACT_NAME,APPROVED
plr_93a07ab5,transfermarkt,614700,Dara Costelloe,,,2023,100.0,EXACT_NAME,APPROVED
plr_676b11d7,transfermarkt,788283,Bobby Thomas,,,2023,100.0,EXACT_NAME,APPROVED
plr_d6c51cd6,transfermarkt,285033,Will Norris,,,2023,100.0,EXACT_NAME,APPROVED
plr_d7833c4c,transfermarkt,63200,Ashley Barnes,,,2023,100.0,EXACT_NAME,APPROVED
plr_f1e80354,transfermarkt,606576,Denis Franchi,,,2023,100.0,EXACT_NAME,APPROVED
plr_c19f084e,transfermarkt,289510,Samuel Bastien,,,2023,100.0,EXACT_NAME,APPROVED
plr_ca297528,transfermarkt,386786,Darko Churlinov,,,2023,100.0,EXACT_NAME,APPROVED
plr_4cbcaf14,transfermarkt,410436,Bailey Peacock-Farrell,,,2023,100.0,EXACT_NAME,APPROVED
plr_68a23045,transfermarkt,102258,Matthew Lowton,,,2023,100.0,EXACT_NAME,APPROVED
plr_c164bf16,transfermarkt,628451,Roméo Lavia,,,2023,100.0,EXACT_NAME,APPROVED
plr_beb30cf4,transfermarkt,344381,Christopher Nkunku,,,2023,100.0,EXACT_NAME,APPROVED
plr_92807238,transfermarkt,568177,Cole Palmer,,,2023,100.0,EXACT_NAME,APPROVED
plr_0aa2751b,transfermarkt,386047,Axel Disasi,,,2023,100.0,EXACT_NAME,APPROVED
plr_9b9c9277,transfermarkt,776890,Nicolas Jackson,,,2023,100.0,EXACT_NAME,APPROVED
plr_3a536250,transfermarkt,711999,Lesley Ugochukwu,,,2023,100.0,EXACT_NAME,APPROVED
plr_e342963b,transfermarkt,465555,Djordje Petrovic,,,2023,100.0,NO_MATCH_CREATED_NEW,APPROVED
plr_af7510cc,transfermarkt,743598,Ângelo,,,2023,100.0,NO_MATCH_CREATED_NEW,APPROVED
plr_e140f0de,transfermarkt,655006,Diego Moreira,,,2023,100.0,NO_MATCH_CREATED_NEW,APPROVED
plr_ef9c1fbd,transfermarkt,485585,Ian Maatsen,,,2023,100.0,EXACT_NAME,APPROVED
plr_bc991cb2,transfermarkt,490606,Lucas Bergström,,,2023,100.0,EXACT_NAME,APPROVED
plr_efeba1c1,transfermarkt,790992,Alfie Gilchrist,,,2023,100.0,EXACT_NAME,APPROVED
plr_b28c6133,transfermarkt,741238,Omari Hutchinson,,,2023,100.0,EXACT_NAME,APPROVED
plr_686214d5,transfermarkt,670858,Lewis Hall,,,2023,100.0,EXACT_NAME,APPROVED
plr_45c6fe45,transfermarkt,620322,Malo Gusto,,,2023,100.0,EXACT_NAME,APPROVED
plr_818e59dd,transfermarkt,96341,Romelu Lukaku,,,2023,100.0,EXACT_NAME,APPROVED
plr_9bb42042,transfermarkt,344596,Malang Sarr,,,2023,100.0,EXACT_NAME,APPROVED
plr_52ee411b,transfermarkt,392768,Callum Hudson-Odoi,,,2023,100.0,EXACT_NAME,APPROVED
plr_c8c2df65,transfermarkt,392771,Ethan Ampadu,,,2023,100.0,EXACT_NAME,APPROVED
plr_bb322fdf,transfermarkt,743600,Andrey Santos,,,2023,100.0,EXACT_NAME,APPROVED
plr_e2b837a7,transfermarkt,182618,Tiemoué Bakayoko,,,2023,100.0,EXACT_NAME,APPROVED
plr_d940c44e,transfermarkt,622380,Cesare Casadei,,,2023,100.0,EXACT_NAME,APPROVED
plr_22960927,transfermarkt,346483,Mason Mount,,,2023,100.0,EXACT_NAME,APPROVED
plr_99a11ace,transfermarkt,51471,Mateo Kovacic,,,2023,100.0,EXACT_NAME,APPROVED
plr_b44b069c,transfermarkt,93128,Kalidou Koulibaly,,,2023,100.0,EXACT_NAME,APPROVED
plr_5fb12128,transfermarkt,315779,Christian Pulisic,,,2023,100.0,EXACT_NAME,APPROVED
plr_6b8810ff,transfermarkt,202886,Ruben Loftus-Cheek,,,2023,100.0,EXACT_NAME,APPROVED
plr_c361f5d5,transfermarkt,442531,Edouard Mendy,,,2023,100.0,EXACT_NAME,APPROVED
plr_a1727b64,transfermarkt,571743,Armando Broja,,,2023,100.0,EXACT_NAME,APPROVED
plr_e140f0de,transfermarkt,655006,Diego Moreira,,,2023,100.0,EXACT_NAME,APPROVED
plr_f367ce9f,transfermarkt,192279,Kepa Arrizabalaga,,,2023,100.0,EXACT_NAME,APPROVED
plr_1f98732c,transfermarkt,58864,Pierre-Emerick Aubameyang,,,2023,100.0,EXACT_NAME,APPROVED
plr_ad140362,transfermarkt,224884,Abdul Rahman Baba,,,2023,100.0,EXACT_NAME,APPROVED
plr_71c220ab,transfermarkt,57500,César Azpilicueta,,,2023,100.0,EXACT_NAME,APPROVED
plr_6c46dc4c,transfermarkt,225083,N'Golo Kanté,,,2023,100.0,EXACT_NAME,APPROVED
plr_3c46f015,transfermarkt,217111,Hakim Ziyech,,,2023,100.0,EXACT_NAME,APPROVED
plr_090886b0,transfermarkt,656316,Gabriel Slonina,,,2023,93.33,FUZZY_HIGH,APPROVED
plr_4fd0f29e,transfermarkt,334526,Denis Zakaria,,,2023,100.0,EXACT_NAME,APPROVED
plr_beb29d14,transfermarkt,462250,João Félix,,,2023,100.0,EXACT_NAME,APPROVED
plr_d713726c,transfermarkt,744149,Adam Wharton,,,2023,100.0,EXACT_NAME,APPROVED
plr_5598270c,transfermarkt,743597,Matheus França,,,2023,100.0,NO_MATCH_CREATED_NEW,APPROVED
plr_7bf6790c,transfermarkt,258919,Dean Henderson,,,2023,100.0,EXACT_NAME,APPROVED
plr_b960d849,transfermarkt,493003,Daniel Muñoz,,,2023,100.0,EXACT_NAME,APPROVED
plr_df9b3d1d,transfermarkt,865993,David Ozoh,,,2023,100.0,EXACT_NAME,APPROVED
plr_47e9f14f,transfermarkt,128899,Jack Butland,,,2023,100.0,EXACT_NAME,APPROVED
plr_410c3ed6,transfermarkt,586986,Luke Plange,,,2023,100.0,EXACT_NAME,APPROVED
plr_c1fd5ee1,transfermarkt,74300,Luka Milivojevic,,,2023,100.0,EXACT_NAME,APPROVED
plr_b61af771,transfermarkt,145988,Wilfried Zaha,,,2023,100.0,EXACT_NAME,APPROVED
plr_8d8ea1ff,transfermarkt,64399,Vicente Guaita,,,2023,100.0,EXACT_NAME,APPROVED
plr_0294885f,transfermarkt,596821,Scott Banks,,,2023,100.0,EXACT_NAME,APPROVED
plr_89b7cf23,transfermarkt,512354,Malcolm Ebiowei,,,2023,100.0,EXACT_NAME,APPROVED
plr_c0c536dd,transfermarkt,41416,James McArthur,,,2023,100.0,EXACT_NAME,APPROVED
plr_403591be,transfermarkt,595809,Beto,,,2023,100.0,NO_MATCH_CREATED_NEW,APPROVED
plr_cf6cbffb,transfermarkt,670688,Youssef Chermiti,,,2023,100.0,NO_MATCH_CREATED_NEW,APPROVED
plr_aaa63c5d,transfermarkt,355861,Arnaut Danjuma,,,2023,100.0,EXACT_NAME,APPROVED
plr_0d34d177,transfermarkt,417346,Jack Harrison,,,2023,100.0,EXACT_NAME,APPROVED
plr_79deebd9,transfermarkt,627248,Lewis Dobbin,,,2023,100.0,EXACT_NAME,APPROVED
plr_bfd414ae,transfermarkt,536794,Billy Crellin,,,2023,100.0,EXACT_NAME,APPROVED
plr_a5932c18,transfermarkt,591193,Niels Nkounkou,,,2023,100.0,EXACT_NAME,APPROVED
plr_ffa99396,transfermarkt,348623,Mason Holgate,,,2023,100.0,EXACT_NAME,APPROVED
plr_da0877f6,transfermarkt,221025,André Gomes,,,2023,100.0,EXACT_NAME,APPROVED
plr_e475a388,transfermarkt,182894,Jean-Philippe Gbamin,,,2023,100.0,EXACT_NAME,APPROVED
plr_7d660ce9,transfermarkt,207929,Dele Alli,,,2023,100.0,EXACT_NAME,APPROVED
plr_b65a8734,transfermarkt,661053,Jarrad Branthwaite,,,2023,100.0,EXACT_NAME,APPROVED
plr_e708fa9e,transfermarkt,329813,João Virgínia,,,2023,100.0,EXACT_NAME,APPROVED
plr_9dd1ee31,transfermarkt,364135,Moise Kean,,,2023,100.0,EXACT_NAME,APPROVED
plr_0f6c67f6,transfermarkt,242631,Alex Iwobi,,,2023,100.0,EXACT_NAME,APPROVED
plr_fd24b1dc,transfermarkt,292417,Demarai Gray,,,2023,100.0,EXACT_NAME,APPROVED
plr_c2cb7679,transfermarkt,669366,Tom Cannon,,,2023,86.96,FUZZY_MEDIUM,REVIEW_REQUIRED
plr_872c17e5,transfermarkt,511550,Ellis Simms,,,2023,100.0,EXACT_NAME,APPROVED
plr_d30e5489,transfermarkt,314210,Tom Davies,,,2023,100.0,EXACT_NAME,APPROVED
plr_19e6c3ba,transfermarkt,289446,Yerry Mina,,,2023,100.0,EXACT_NAME,APPROVED
plr_26dc52a9,transfermarkt,33873,Asmir Begovic,,,2023,100.0,EXACT_NAME,APPROVED
plr_b1716ce8,transfermarkt,61842,Andros Townsend,,,2023,100.0,EXACT_NAME,APPROVED
plr_0c41a4ce,transfermarkt,128901,Conor Coady,,,2023,100.0,EXACT_NAME,APPROVED
plr_12791f67,transfermarkt,357158,Rúben Vinagre,,,2023,100.0,EXACT_NAME,APPROVED
plr_de2041af,transfermarkt,461883,Calvin Bassey,,,2023,100.0,EXACT_NAME,APPROVED
plr_062aad17,transfermarkt,262226,Timothy Castagne,,,2023,100.0,EXACT_NAME,APPROVED
plr_b552a30b,transfermarkt,206040,Raúl Jiménez,,,2023,100.0,EXACT_NAME,APPROVED
plr_0dcfd3d8,transfermarkt,381469,Steven Benda,,,2023,100.0,EXACT_NAME,APPROVED
plr_a3aa127d,transfermarkt,204103,Adama Traoré,,,2023,100.0,EXACT_NAME,APPROVED
plr_351650ef,transfermarkt,296422,Fodé Ballo-Touré,,,2023,100.0,EXACT_NAME,APPROVED
plr_45259996,transfermarkt,696346,Jay Stansfield,,,2023,100.0,EXACT_NAME,APPROVED
plr_c609ab88,transfermarkt,194460,Joe Bryan,,,2023,100.0,EXACT_NAME,APPROVED
plr_f069d9c1,transfermarkt,195488,Paulo Gazzaniga,,,2023,100.0,EXACT_NAME,APPROVED
plr_21ee61ef,transfermarkt,152651,Terence Kongolo,,,2023,100.0,EXACT_NAME,APPROVED
plr_1438731a,transfermarkt,149716,Ivan Cavaleiro,,,2023,100.0,EXACT_NAME,APPROVED
plr_a3140fcc,transfermarkt,183321,Kevin Mbabu,,,2023,100.0,EXACT_NAME,APPROVED
plr_d84f0880,transfermarkt,51152,Aleksandar Mitrović,,,2023,100.0,EXACT_NAME,APPROVED
plr_e6199efc,transfermarkt,525287,Carlos Vinícius,,,2023,100.0,EXACT_NAME,APPROVED
plr_76748ba6,transfermarkt,149237,Anthony Knockaert,,,2023,100.0,EXACT_NAME,APPROVED
plr_da4b8e30,transfermarkt,406558,Steven Sessegnon,,,2023,100.0,EXACT_NAME,APPROVED
plr_cdf0e3cd,transfermarkt,111422,Neeskens Kebano,,,2023,100.0,EXACT_NAME,APPROVED
plr_bc1efc9a,transfermarkt,119269,Shane Duffy,,,2023,100.0,EXACT_NAME,APPROVED
plr_449bab99,transfermarkt,528888,Tyrese Francois,,,2023,100.0,EXACT_NAME,APPROVED
plr_20a3c2d6,transfermarkt,126710,Layvin Kurzawa,,,2023,100.0,EXACT_NAME,APPROVED
plr_9087de33,transfermarkt,396638,Manor Solomon,,,2023,100.0,EXACT_NAME,APPROVED
plr_23598da1,transfermarkt,451276,Dominik Szoboszlai,,,2023,100.0,EXACT_NAME,APPROVED
plr_04cb4d7a,transfermarkt,478573,Ryan Gravenberch,,,2023,100.0,EXACT_NAME,APPROVED
plr_3265d6f8,transfermarkt,146310,Wataru Endo,,,2023,100.0,EXACT_NAME,APPROVED
plr_d0cc68d9,transfermarkt,719673,Ben Gannon-Doak,,,2023,100.0,NO_MATCH_CREATED_NEW,APPROVED
plr_571a29d9,transfermarkt,624258,Conor Bradley,,,2023,100.0,EXACT_NAME,APPROVED
plr_d0a4245c,transfermarkt,632349,Jarell Quansah,,,2023,100.0,EXACT_NAME,APPROVED
plr_82ba1ffc,transfermarkt,371814,Nat Phillips,,,2023,88.0,FUZZY_MEDIUM,REVIEW_REQUIRED
plr_3523be83,transfermarkt,559263,Fábio Carvalho,,,2023,92.86,FUZZY_HIGH,APPROVED
plr_bfd1eb63,transfermarkt,503679,Rhys Williams,,,2023,100.0,EXACT_NAME,APPROVED
plr_904e9ca0,transfermarkt,541231,Sepp van den Berg,,,2023,100.0,EXACT_NAME,APPROVED
plr_635487b3,transfermarkt,225693,Fabinho,,,2023,100.0,EXACT_NAME,APPROVED
plr_538f7a82,transfermarkt,61651,Jordan Henderson,,,2023,100.0,EXACT_NAME,APPROVED
plr_ed2775ac,transfermarkt,143424,Alex Oxlade-Chamberlain,,,2023,100.0,EXACT_NAME,APPROVED
plr_3f002143,transfermarkt,302215,Naby Keïta,,,2023,90.0,FUZZY_MEDIUM,REVIEW_REQUIRED
plr_7289db35,transfermarkt,131789,Roberto Firmino,,,2023,100.0,EXACT_NAME,APPROVED
plr_2da50af8,transfermarkt,486604,Vitezslav Jaros,,,2023,100.0,EXACT_NAME,APPROVED
plr_61832da5,transfermarkt,662334,Marcelo Pitaluga,,,2023,100.0,EXACT_NAME,APPROVED
plr_10899561,transfermarkt,362842,Arthur Melo,,,2023,100.0,EXACT_NAME,APPROVED
plr_81bd3dec,transfermarkt,504581,Ryan Giles,,,2023,100.0,EXACT_NAME,APPROVED
plr_34c056af,transfermarkt,344830,Tahith Chong,,,2023,100.0,EXACT_NAME,APPROVED
plr_c9efd2e5,transfermarkt,407021,Mads Andersen,,,2023,100.0,NO_MATCH_CREATED_NEW,APPROVED
plr_f7afba62,transfermarkt,469958,Jacob Brown,,,2023,100.0,EXACT_NAME,APPROVED
plr_49f86cd2,transfermarkt,77757,Thomas Kaminski,,,2023,100.0,EXACT_NAME,APPROVED
plr_2ec535be,transfermarkt,387191,Daiki Hashioka,,,2023,100.0,EXACT_NAME,APPROVED
plr_aef36d8c,transfermarkt,424900,Tom Holmes,,,2023,100.0,NO_MATCH_CREATED_NEW,APPROVED
plr_673cfab3,transfermarkt,131978,Ross Barkley,,,2023,100.0,EXACT_NAME,APPROVED
plr_810cfff7,transfermarkt,392591,Chiedozie Ogbene,,,2023,100.0,EXACT_NAME,APPROVED
plr_700131f8,transfermarkt,548470,Teden Mengi,,,2023,100.0,EXACT_NAME,APPROVED
plr_80d879f8,transfermarkt,33027,Tim Krul,,,2023,100.0,EXACT_NAME,APPROVED
plr_4618484c,transfermarkt,649452,Issa Kaboré,,,2023,100.0,EXACT_NAME,APPROVED
plr_bef2f1bc,transfermarkt,944551,Joe Taylor,,,2023,100.0,EXACT_NAME,APPROVED
plr_2f824001,transfermarkt,499604,Dion Pereira,,,2023,100.0,EXACT_NAME,APPROVED
plr_17bf10da,transfermarkt,368629,Jack Walton,,,2023,100.0,EXACT_NAME,APPROVED
plr_ad12d80c,transfermarkt,496661,Elliot Thorpe,,,2023,100.0,EXACT_NAME,APPROVED
plr_a7cfa065,transfermarkt,305274,Fred Onyedinma,,,2023,100.0,EXACT_NAME,APPROVED
plr_eb099f93,transfermarkt,347619,Allan Campbell,,,2023,100.0,EXACT_NAME,APPROVED
plr_38111403,transfermarkt,696502,Aribim Pepple,,,2023,100.0,EXACT_NAME,APPROVED
plr_9337da7c,transfermarkt,504855,John McAtee,,,2023,100.0,EXACT_NAME,APPROVED
plr_b48d4fca,transfermarkt,314378,Admiral Muskwe,,,2023,100.0,EXACT_NAME,APPROVED
plr_4db9538a,transfermarkt,505548,Louie Watson,,,2023,100.0,EXACT_NAME,APPROVED
plr_e371e0b1,transfermarkt,588412,Carlos Mendes,,,2023,100.0,NO_MATCH_CREATED_NEW,APPROVED
plr_a8cd7c58,transfermarkt,1494781,Daniel Idiakhoa,,,2023,100.0,NO_MATCH_CREATED_NEW,APPROVED
plr_fe6516ef,transfermarkt,284718,Harry Isted,,,2023,100.0,NO_MATCH_CREATED_NEW,APPROVED
plr_2eccc2ea,transfermarkt,127794,Sonny Bradley,,,2023,100.0,NO_MATCH_CREATED_NEW,APPROVED
plr_6705854b,transfermarkt,66923,Luke Freeman,,,2023,100.0,EXACT_NAME,APPROVED
plr_fdbad79e,transfermarkt,337640,Glen Rea,,,2023,100.0,EXACT_NAME,APPROVED
plr_9995e0df,transfermarkt,220491,Matt Macey,,,2023,100.0,EXACT_NAME,APPROVED
plr_2e0e770b,transfermarkt,44794,Henri Lansbury,,,2023,100.0,EXACT_NAME,APPROVED
plr_847db346,transfermarkt,242284,Ethan Horvath,,,2023,100.0,EXACT_NAME,APPROVED
plr_7389369a,transfermarkt,475959,Josko Gvardiol,,,2023,92.86,FUZZY_HIGH,APPROVED
plr_4585a1bc,transfermarkt,601883,Matheus Nunes,,,2023,100.0,EXACT_NAME,APPROVED
plr_65d1cc40,transfermarkt,486049,Jérémy Doku,,,2023,100.0,EXACT_NAME,APPROVED
plr_f9e1792c,transfermarkt,994536,Claudio Echeverri,,,2023,100.0,NO_MATCH_CREATED_NEW,APPROVED
plr_819754ee,transfermarkt,661207,Oscar Bobb,,,2023,100.0,EXACT_NAME,APPROVED
plr_c1c8a64e,transfermarkt,433183,Tommy Doyle,,,2023,100.0,EXACT_NAME,APPROVED
plr_87340b35,transfermarkt,583199,James McAtee,,,2023,100.0,EXACT_NAME,APPROVED
plr_662fdea6,transfermarkt,503977,Taylor Harwood-Bellis,,,2023,100.0,EXACT_NAME,APPROVED
plr_3687db84,transfermarkt,505652,Slobodan Tedic,,,2023,100.0,EXACT_NAME,APPROVED
plr_3970ab02,transfermarkt,576121,Josh Wilson-Esbrand,,,2023,100.0,EXACT_NAME,APPROVED
plr_50ba33e6,transfermarkt,182712,João Cancelo,,,2023,100.0,EXACT_NAME,APPROVED
plr_7379ed21,transfermarkt,439629,Nahuel Bustos,,,2023,100.0,EXACT_NAME,APPROVED
plr_00a03259,transfermarkt,378293,Yangel Herrera,,,2023,81.48,FUZZY_MEDIUM,REVIEW_REQUIRED
plr_8aea0b2c,transfermarkt,171424,Riyad Mahrez,,,2023,100.0,EXACT_NAME,APPROVED
plr_e05b1e07,transfermarkt,176553,Aymeric Laporte,,,2023,100.0,EXACT_NAME,APPROVED
plr_a721eda9,transfermarkt,351749,Kalvin Phillips,,,2023,100.0,EXACT_NAME,APPROVED
plr_5a549c34,transfermarkt,221624,Zack Steffen,,,2023,100.0,EXACT_NAME,APPROVED
plr_f6e6a505,transfermarkt,157495,Benjamin Mendy,,,2023,100.0,EXACT_NAME,APPROVED
plr_2d7a71a3,transfermarkt,53622,İlkay Gündoğan,,,2023,92.86,FUZZY_HIGH,APPROVED
plr_27a942ce,transfermarkt,668547,Máximo Perrone,,,2023,100.0,EXACT_NAME,APPROVED
plr_4f9047c3,transfermarkt,610442,Rasmus Højlund,,,2023,100.0,EXACT_NAME,APPROVED
plr_abaddb2c,transfermarkt,234509,André Onana,,,2023,100.0,EXACT_NAME,APPROVED
plr_1156a98f,transfermarkt,287579,Sofyan Amrabat,,,2023,100.0,EXACT_NAME,APPROVED
plr_380a5e84,transfermarkt,336077,Altay Bayındır,,,2023,85.71,FUZZY_MEDIUM,REVIEW_REQUIRED
plr_59225587,transfermarkt,42412,Jonny Evans,,,2023,100.0,EXACT_NAME,APPROVED
plr_1eb600b3,transfermarkt,780630,Willy Kambwala,,,2023,100.0,EXACT_NAME,APPROVED
plr_ebe5a85e,transfermarkt,670845,Omari Forson,,,2023,100.0,EXACT_NAME,APPROVED
plr_c05c17e4,transfermarkt,820374,Kobbie Mainoo,,,2023,100.0,EXACT_NAME,APPROVED
plr_6a112562,transfermarkt,507700,Brandon Williams,,,2023,100.0,EXACT_NAME,APPROVED
plr_04350f91,transfermarkt,811778,Álvaro Carreras,,,2023,100.0,EXACT_NAME,APPROVED
plr_f15ffe09,transfermarkt,550829,Matej Kovar,,,2023,90.91,FUZZY_HIGH,APPROVED
plr_54d64445,transfermarkt,286384,Eric Bailly,,,2023,100.0,EXACT_NAME,APPROVED
plr_67c6158c,transfermarkt,255755,Alex Telles,,,2023,100.0,EXACT_NAME,APPROVED
plr_075e2c29,transfermarkt,583189,Anthony Elanga,,,2023,100.0,EXACT_NAME,APPROVED
plr_1cfad78b,transfermarkt,191614,Fred,,,2023,100.0,EXACT_NAME,APPROVED
plr_8b8cf281,transfermarkt,288255,Donny van de Beek,,,2023,100.0,EXACT_NAME,APPROVED
plr_09debe02,transfermarkt,686845,Zidane Iqbal,,,2023,100.0,EXACT_NAME,APPROVED
plr_736964ec,transfermarkt,532826,Mason Greenwood,,,2023,100.0,EXACT_NAME,APPROVED
plr_00992bc2,transfermarkt,401173,Jadon Sancho,,,2023,100.0,EXACT_NAME,APPROVED
plr_c3df3771,transfermarkt,607224,Hannibal,,,2023,100.0,EXACT_NAME,APPROVED
plr_b7c7c881,transfermarkt,676318,Facundo Pellistri,,,2023,100.0,EXACT_NAME,APPROVED
plr_e0a054f0,transfermarkt,59377,David de Gea,,,2023,100.0,EXACT_NAME,APPROVED
plr_4826d903,transfermarkt,342046,Axel Tuanzebe,,,2023,100.0,EXACT_NAME,APPROVED
plr_472e5429,transfermarkt,117996,Phil Jones,,,2023,100.0,EXACT_NAME,APPROVED
plr_96db9a13,transfermarkt,106987,Marcel Sabitzer,,,2023,100.0,EXACT_NAME,APPROVED
plr_7585e319,transfermarkt,397033,Sandro Tonali,,,2023,100.0,EXACT_NAME,APPROVED
plr_0d90b276,transfermarkt,398065,Harvey Barnes,,,2023,100.0,EXACT_NAME,APPROVED
plr_80976ef1,transfermarkt,503981,Tino Livramento,,,2023,100.0,EXACT_NAME,APPROVED
plr_0daa5684,transfermarkt,1012534,Yankuba Minteh,,,2023,100.0,NO_MATCH_CREATED_NEW,APPROVED
plr_22323164,transfermarkt,614811,Joe White,,,2023,100.0,EXACT_NAME,APPROVED
plr_bd6a893b,transfermarkt,922769,Lewis Miley,,,2023,100.0,EXACT_NAME,APPROVED
plr_473481e9,transfermarkt,146795,Ryan Fraser,,,2023,100.0,EXACT_NAME,APPROVED
plr_cf66e3de,transfermarkt,484389,Kell Watts,,,2023,100.0,EXACT_NAME,APPROVED
plr_12aa06be,transfermarkt,346018,Jamal Lewis,,,2023,100.0,EXACT_NAME,APPROVED
plr_a8c20f50,transfermarkt,148262,Jeff Hendrick,,,2023,100.0,EXACT_NAME,APPROVED
plr_12ba7080,transfermarkt,206225,Isaac Hayden,,,2023,100.0,EXACT_NAME,APPROVED
plr_f64a195f,transfermarkt,108725,Chris Wood,,,2023,100.0,EXACT_NAME,APPROVED
plr_40f7b308,transfermarkt,272642,Allan Saint-Maximin,,,2023,100.0,EXACT_NAME,APPROVED
plr_d11e0488,transfermarkt,99397,Karl Darlow,,,2023,100.0,EXACT_NAME,APPROVED
plr_09f33d47,transfermarkt,162029,Javier Manquillo,,,2023,100.0,EXACT_NAME,APPROVED
plr_eb5688d3,transfermarkt,484387,Matty Longstaff,,,2023,87.5,FUZZY_MEDIUM,REVIEW_REQUIRED
plr_7f9b2945,transfermarkt,98240,Ciaran Clark,,,2023,100.0,EXACT_NAME,APPROVED
plr_2f0b8d54,transfermarkt,375885,Ibrahim Sangaré,,,2023,100.0,EXACT_NAME,APPROVED
plr_4e219dd4,transfermarkt,621993,Andrew Omobamidele,,,2023,100.0,EXACT_NAME,APPROVED
plr_9671e413,transfermarkt,1005649,Murillo,,,2023,100.0,NO_MATCH_CREATED_NEW,APPROVED
plr_0eed48d8,transfermarkt,497291,Nicolás Domínguez,,,2023,100.0,EXACT_NAME,APPROVED
plr_232a423a,transfermarkt,127202,Matz Sels,,,2023,100.0,EXACT_NAME,APPROVED
plr_01d46179,transfermarkt,124419,Odysseas Vlachodimos,,,2023,100.0,EXACT_NAME,APPROVED
plr_ed08d5e0,transfermarkt,504215,Giovanni Reyna,,,2023,100.0,EXACT_NAME,APPROVED
plr_f7016931,transfermarkt,236490,Ola Aina,,,2023,100.0,EXACT_NAME,APPROVED
plr_1d40f1b0,transfermarkt,148368,Divock Origi,,,2023,100.0,EXACT_NAME,APPROVED
plr_40cdb855,transfermarkt,726701,Rodrigo Ribeiro,,,2023,100.0,NO_MATCH_CREATED_NEW,APPROVED
plr_fd8468a0,transfermarkt,402733,Gonzalo Montiel,,,2023,100.0,EXACT_NAME,APPROVED
plr_b171630c,transfermarkt,463610,Loïc Mbe Soh,,,2023,100.0,EXACT_NAME,APPROVED
plr_92208eb3,transfermarkt,631996,Brandon Aguilera,,,2023,100.0,EXACT_NAME,APPROVED
plr_976373c5,transfermarkt,260166,Ui-jo Hwang,,,2023,100.0,EXACT_NAME,APPROVED
plr_74160ace,transfermarkt,503988,Alex Mighten,,,2023,100.0,EXACT_NAME,APPROVED
plr_81c3b0e0,transfermarkt,560694,Lewis O'Brien,,,2023,100.0,EXACT_NAME,APPROVED
plr_3c3f3e76,transfermarkt,417348,Richie Laryea,,,2023,100.0,EXACT_NAME,APPROVED
plr_f2484e59,transfermarkt,448854,Emmanuel Dennis,,,2023,100.0,EXACT_NAME,APPROVED
plr_693a0702,transfermarkt,392777,Jonathan Panzo,,,2023,100.0,EXACT_NAME,APPROVED
plr_90b9a28f,transfermarkt,506470,Josh Bowler,,,2023,100.0,EXACT_NAME,APPROVED
plr_24fcfbd3,transfermarkt,330085,Gustavo Scarpa,,,2023,100.0,EXACT_NAME,APPROVED
plr_bc79f7c0,transfermarkt,192167,Mohamed Dräger,,,2023,100.0,EXACT_NAME,APPROVED
plr_171da95d,transfermarkt,470607,Brennan Johnson,,,2023,100.0,EXACT_NAME,APPROVED
plr_c9ffeb47,transfermarkt,289592,Orel Mangala,,,2023,100.0,EXACT_NAME,APPROVED
plr_a1f4d6e6,transfermarkt,398402,Sam Surridge,,,2023,100.0,EXACT_NAME,APPROVED
plr_f8c45e74,transfermarkt,491596,Braian Ojeda,,,2023,100.0,EXACT_NAME,APPROVED
plr_b7496964,transfermarkt,415970,Joe Worrall,,,2023,100.0,EXACT_NAME,APPROVED
plr_ccef0fa9,transfermarkt,127032,Serge Aurier,,,2023,100.0,EXACT_NAME,APPROVED
plr_e2c60ee5,transfermarkt,452707,Jordan Smith,,,2023,100.0,EXACT_NAME,APPROVED
plr_abe4ca77,transfermarkt,71292,Jonjo Shelvey,,,2023,100.0,EXACT_NAME,APPROVED
plr_36ad044e,transfermarkt,61644,Jack Colback,,,2023,100.0,EXACT_NAME,APPROVED
plr_3f227297,transfermarkt,203655,Cafú,,,2023,100.0,NO_MATCH_CREATED_NEW,APPROVED
plr_9f484448,transfermarkt,90836,Steve Cook,,,2023,100.0,EXACT_NAME,APPROVED
plr_839c3a69,transfermarkt,536507,Giulian Biancone,,,2023,100.0,EXACT_NAME,APPROVED
plr_1c802097,transfermarkt,255906,Scott McKenna,,,2023,100.0,EXACT_NAME,APPROVED
plr_19f13fa1,transfermarkt,148252,Remo Freuler,,,2023,100.0,EXACT_NAME,APPROVED
plr_fee57bcd,transfermarkt,424881,Omar Richards,,,2023,100.0,EXACT_NAME,APPROVED
plr_b180d455,transfermarkt,354017,Adnan Kanuric,,,2023,100.0,EXACT_NAME,APPROVED
plr_e11a4f00,transfermarkt,45403,André Ayew,,,2023,100.0,EXACT_NAME,APPROVED
plr_6251b786,transfermarkt,141660,Jesse Lingard,,,2023,100.0,EXACT_NAME,APPROVED
plr_9f065bc7,transfermarkt,104495,Lyle Taylor,,,2023,100.0,EXACT_NAME,APPROVED
plr_3d428826,transfermarkt,79422,Keylor Navas,,,2023,100.0,EXACT_NAME,APPROVED
plr_4ec4b908,transfermarkt,476352,Renan Lodi,,,2023,100.0,EXACT_NAME,APPROVED
plr_5b9df6dd,transfermarkt,322985,Gustavo Hamer,,,2023,100.0,EXACT_NAME,APPROVED
plr_6bcf7a1c,transfermarkt,663581,Vini Souza,,,2023,100.0,NO_MATCH_CREATED_NEW,APPROVED
plr_4226a059,transfermarkt,852024,Bénie Traoré,,,2023,100.0,EXACT_NAME,APPROVED
plr_6df733ee,transfermarkt,546712,Anis Ben Slimane,,,2023,85.71,FUZZY_MEDIUM,REVIEW_REQUIRED
plr_63a8cc1d,transfermarkt,226073,Ivo Grbic,,,2023,100.0,EXACT_NAME,APPROVED
plr_57c6309f,transfermarkt,554251,Yasser Larouci,,,2023,100.0,EXACT_NAME,APPROVED
plr_8f95c172,transfermarkt,505194,Luke Thomas,,,2023,100.0,EXACT_NAME,APPROVED
plr_001b4d5a,transfermarkt,426192,Ben Brereton Díaz,,,2023,100.0,NO_MATCH_CREATED_NEW,APPROVED
plr_8b04cda4,transfermarkt,638649,Femi Seriki,,,2023,100.0,EXACT_NAME,APPROVED
plr_97708ee6,transfermarkt,874066,Oliver Arblaster,,,2023,100.0,EXACT_NAME,APPROVED
plr_0993263e,transfermarkt,746739,Andre Brooks,,,2023,100.0,EXACT_NAME,APPROVED
plr_912b22d5,transfermarkt,623570,Iliman Ndiaye,,,2023,100.0,EXACT_NAME,APPROVED
plr_e5994e8a,transfermarkt,85706,Enda Stevens,,,2023,100.0,EXACT_NAME,APPROVED
plr_a48f7e39,transfermarkt,49542,Billy Sharp,,,2023,100.0,EXACT_NAME,APPROVED
plr_4dd90c46,transfermarkt,54383,John Fleck,,,2023,100.0,EXACT_NAME,APPROVED
plr_89db9673,transfermarkt,526873,Jake Eastwood,,,2023,100.0,EXACT_NAME,APPROVED
plr_1142fb5a,transfermarkt,490224,Ismaila Coulibaly,,,2023,100.0,EXACT_NAME,APPROVED
plr_4dea8812,transfermarkt,746734,Kyron Gordon,,,2023,100.0,EXACT_NAME,APPROVED
plr_73c42cdf,transfermarkt,212829,Jack O'Connell,,,2023,100.0,EXACT_NAME,APPROVED
plr_eddd947f,transfermarkt,294057,James Maddison,,,2023,100.0,EXACT_NAME,APPROVED
plr_1a505566,transfermarkt,557459,Micky van de Ven,,,2023,100.0,EXACT_NAME,APPROVED
plr_50624195,transfermarkt,553875,Pedro Porro,,,2023,100.0,EXACT_NAME,APPROVED
plr_fd8827a0,transfermarkt,431755,Dejan Kulusevski,,,2023,100.0,EXACT_NAME,APPROVED
plr_7fb7bda3,transfermarkt,568559,Radu Drăgușin,,,2023,84.62,FUZZY_MEDIUM,REVIEW_REQUIRED
plr_73f1154b,transfermarkt,286047,Guglielmo Vicario,,,2023,100.0,EXACT_NAME,APPROVED
plr_36158ad2,transfermarkt,888493,Alejo Veliz,,,2023,90.91,FUZZY_HIGH,APPROVED
plr_72331c95,transfermarkt,859951,Ashley Phillips,,,2023,100.0,EXACT_NAME,APPROVED
plr_be50c2b9,transfermarkt,170527,Timo Werner,,,2023,100.0,EXACT_NAME,APPROVED
plr_aba72f00,transfermarkt,670883,Dane Scarlett,,,2023,100.0,EXACT_NAME,APPROVED
plr_e0a2290c,transfermarkt,249126,Harry Winks,,,2023,100.0,EXACT_NAME,APPROVED
plr_c1e41eae,transfermarkt,297212,Joe Rodon,,,2023,100.0,EXACT_NAME,APPROVED
plr_ea3ba6b5,transfermarkt,346478,Japhet Tanganga,,,2023,100.0,EXACT_NAME,APPROVED
plr_edc2579b,transfermarkt,348795,Giovani Lo Celso,,,2023,100.0,EXACT_NAME,APPROVED
plr_7394369c,transfermarkt,556385,Destiny Udogie,,,2023,100.0,EXACT_NAME,APPROVED
plr_8050d42e,transfermarkt,450936,Tanguy Ndombélé,,,2023,86.67,FUZZY_MEDIUM,REVIEW_REQUIRED
plr_8841fbfa,transfermarkt,537382,Bryan Gil,,,2023,100.0,EXACT_NAME,APPROVED
plr_daa9173b,transfermarkt,483348,Djed Spence,,,2023,100.0,EXACT_NAME,APPROVED
plr_e1332ae8,transfermarkt,132098,Harry Kane,,,2023,100.0,EXACT_NAME,APPROVED
plr_a602574f,transfermarkt,341429,Davinson Sánchez,,,2023,100.0,EXACT_NAME,APPROVED
plr_c1330eb0,transfermarkt,175722,Eric Dier,,,2023,100.0,EXACT_NAME,APPROVED
plr_63ae9a52,transfermarkt,17965,Hugo Lloris,,,2023,100.0,EXACT_NAME,APPROVED
plr_c526d7ec,transfermarkt,77100,Lucas Moura,,,2023,100.0,NO_MATCH_CREATED_NEW,APPROVED
plr_274ad00e,transfermarkt,42460,Ivan Perisic,,,2023,83.33,FUZZY_MEDIUM,REVIEW_REQUIRED
plr_4b5b77d4,transfermarkt,543499,Mohammed Kudus,,,2023,100.0,EXACT_NAME,APPROVED
plr_fecac8f9,transfermarkt,401356,Edson Álvarez,,,2023,100.0,NO_MATCH_CREATED_NEW,APPROVED
plr_936a5fc7,transfermarkt,181579,James Ward-Prowse,,,2023,100.0,EXACT_NAME,APPROVED
plr_208ff36c,transfermarkt,415912,Konstantinos Mavropanos,,,2023,100.0,EXACT_NAME,APPROVED
plr_66247f29,transfermarkt,430310,Andrew Irving,,,2023,100.0,NO_MATCH_CREATED_NEW,APPROVED
plr_04c824d9,transfermarkt,670848,Divin Mubama,,,2023,100.0,EXACT_NAME,APPROVED
plr_bc4bf056,transfermarkt,506189,Flynn Downes,,,2023,100.0,EXACT_NAME,APPROVED
plr_d7ec6d2c,transfermarkt,181380,Arthur Masuaku,,,2023,100.0,EXACT_NAME,APPROVED
plr_97dce035,transfermarkt,293200,Nikola Vlašić,,,2023,100.0,EXACT_NAME,APPROVED
plr_5763865f,transfermarkt,315867,Gianluca Scamacca,,,2023,100.0,EXACT_NAME,APPROVED
plr_3ed2bd72,transfermarkt,357885,Pablo Fornals,,,2023,100.0,EXACT_NAME,APPROVED
plr_853b998e,transfermarkt,290532,Saïd Benrahma,,,2023,100.0,EXACT_NAME,APPROVED
plr_75c2eaf5,transfermarkt,419025,Conor Coventry,,,2023,100.0,EXACT_NAME,APPROVED
plr_ab7b82ee,transfermarkt,228948,Thilo Kehrer,,,2023,100.0,EXACT_NAME,APPROVED
plr_ed5bcf50,transfermarkt,135853,Manuel Lanzini,,,2023,100.0,EXACT_NAME,APPROVED
plr_7a0db8a2,transfermarkt,517894,Matheus Cunha,,,2023,100.0,EXACT_NAME,APPROVED
plr_3bed0738,transfermarkt,450050,Jean-Ricner Bellegarde,,,2023,100.0,EXACT_NAME,APPROVED
plr_38bfb522,transfermarkt,438001,Santiago Bueno,,,2023,100.0,EXACT_NAME,APPROVED
plr_dd07a55c,transfermarkt,649020,Boubacar Traoré,,,2023,100.0,EXACT_NAME,APPROVED
plr_1fb47dff,transfermarkt,1060740,Enso González,,,2023,100.0,EXACT_NAME,APPROVED
plr_c9115291,transfermarkt,215810,Tom King,,,2023,100.0,EXACT_NAME,APPROVED
plr_f4bc4b00,transfermarkt,171679,Matt Doherty,,,2023,100.0,EXACT_NAME,APPROVED
plr_032af07b,transfermarkt,816124,Noha Lemina,,,2023,100.0,EXACT_NAME,APPROVED
plr_83d0a6ac,transfermarkt,724783,Tawanda Chirewa,,,2023,100.0,EXACT_NAME,APPROVED
plr_2cd2a50b,transfermarkt,863741,Nathan Fraser,,,2023,100.0,EXACT_NAME,APPROVED
plr_1285370b,transfermarkt,614603,Chem Campbell,,,2023,100.0,EXACT_NAME,APPROVED
plr_2ef6a74e,transfermarkt,439351,Bendegúz Bolla,,,2023,100.0,EXACT_NAME,APPROVED
plr_10674eb3,transfermarkt,262489,Hayao Kawabe,,,2023,100.0,EXACT_NAME,APPROVED
plr_b4a6b43d,transfermarkt,503975,Joe Hodge,,,2023,100.0,EXACT_NAME,APPROVED
plr_e818e68a,transfermarkt,415646,Bruno Jordão,,,2023,100.0,EXACT_NAME,APPROVED
plr_e6a7122f,transfermarkt,225122,Gonçalo Guedes,,,2023,100.0,EXACT_NAME,APPROVED
plr_1a3c095a,transfermarkt,505653,Fábio Silva,,,2023,100.0,EXACT_NAME,APPROVED
plr_33ad1500,transfermarkt,532541,Luke Cundle,,,2023,100.0,EXACT_NAME,APPROVED
plr_eec2f23c,transfermarkt,716276,Yerson Mosquera,,,2023,100.0,EXACT_NAME,APPROVED
plr_e58a4908,transfermarkt,485583,Ki-Jana Hoever,,,2023,100.0,EXACT_NAME,APPROVED
plr_7502fb24,transfermarkt,695454,Chiquinho,,,2023,100.0,EXACT_NAME,APPROVED
plr_99cbabdb,transfermarkt,225161,Rúben Neves,,,2023,100.0,NO_MATCH_CREATED_NEW,APPROVED
plr_a9a6a1f7,transfermarkt,256977,Daniel Podence,,,2023,100.0,EXACT_NAME,APPROVED
plr_ba32ab70,transfermarkt,293257,Matija Sarkic,,,2023,100.0,EXACT_NAME,APPROVED
plr_381c6142,transfermarkt,29364,João Moutinho,,,2023,100.0,EXACT_NAME,APPROVED
plr_dc0b3a47,transfermarkt,44779,Diego Costa,,,2023,85.71,FUZZY_MEDIUM,REVIEW_REQUIRED
plr_fbb432c5,transfermarkt,175446,Jonny Otto,,,2023,100.0,EXACT_NAME,APPROVED
plr_165f55cf,transfermarkt,369567,Sasa Kalajdzic,,,2023,100.0,EXACT_NAME,APPROVED
plr_c58a7cc8,transfermarkt,357662,Declan Rice,,,2023_2024,100.0,EXACT_NAME,APPROVED
plr_2252608f,transfermarkt,309400,Kai Havertz,,,2023_2024,100.0,EXACT_NAME,APPROVED
plr_0f516e73,transfermarkt,420243,Jurriën Timber,,,2023_2024,100.0,EXACT_NAME,APPROVED
plr_ee719726,transfermarkt,262749,David Raya,,,2023_2024,100.0,EXACT_NAME,APPROVED
plr_eaa0237c,transfermarkt,205657,Rúnar Alex Rúnarsson,,,2023_2024,100.0,EXACT_NAME,APPROVED
plr_2d1196d6,transfermarkt,668268,Marquinhos,,,2023_2024,100.0,EXACT_NAME,APPROVED
plr_3d7157e4,transfermarkt,112988,Cédric Soares,,,2023_2024,100.0,EXACT_NAME,APPROVED
plr_1e2387d0,transfermarkt,503769,Arthur Okonkwo,,,2023_2024,100.0,EXACT_NAME,APPROVED
plr_10471fa2,transfermarkt,343052,Nicolas Pépé,,,2023_2024,100.0,EXACT_NAME,APPROVED
plr_4f7ebeaa,transfermarkt,381967,Albert Sambi Lokonga,,,2023_2024,100.0,EXACT_NAME,APPROVED
plr_e7a66a7c,transfermarkt,210178,Pablo Marí,,,2023_2024,100.0,EXACT_NAME,APPROVED
plr_05b88612,transfermarkt,503770,Folarin Balogun,,,2023_2024,100.0,EXACT_NAME,APPROVED
plr_1f333686,transfermarkt,535955,Nuno Tavares,,,2023_2024,100.0,EXACT_NAME,APPROVED
plr_092d4d51,transfermarkt,111455,Granit Xhaka,,,2023_2024,100.0,EXACT_NAME,APPROVED
plr_92735ac1,transfermarkt,425306,Matt Turner,,,2023_2024,100.0,EXACT_NAME,APPROVED
plr_8ba079eb,transfermarkt,389253,Auston Trusty,,,2023_2024,100.0,EXACT_NAME,APPROVED
plr_732bbb2c,transfermarkt,300716,Kieran Tierney,,,2023_2024,100.0,EXACT_NAME,APPROVED
plr_5d6c7016,transfermarkt,253341,Rob Holding,,,2023_2024,100.0,EXACT_NAME,APPROVED
plr_e9bad5d1,transfermarkt,285845,Ainsley Maitland-Niles,,,2023_2024,100.0,EXACT_NAME,APPROVED
plr_a3eb9585,transfermarkt,395516,Moussa Diaby,,,2023_2024,100.0,EXACT_NAME,APPROVED
plr_37e7e6b0,transfermarkt,503743,Morgan Rogers,,,2023_2024,100.0,EXACT_NAME,APPROVED
plr_54dd31eb,transfermarkt,399776,Pau Torres,,,2023_2024,100.0,EXACT_NAME,APPROVED
plr_96f63892,transfermarkt,848682,Kosta Nedeljkovic,,,2023_2024,100.0,EXACT_NAME,APPROVED
plr_91d5d4c5,transfermarkt,392085,Nicolò Zaniolo,,,2023_2024,100.0,EXACT_NAME,APPROVED
plr_c1a55ea2,transfermarkt,591844,Joe Gauci,,,2023_2024,100.0,EXACT_NAME,APPROVED
plr_97d99afb,transfermarkt,249565,Youri Tielemans,,,2023_2024,100.0,EXACT_NAME,APPROVED
plr_7f42ad4d,transfermarkt,610863,Filip Marschall,,,2023_2024,100.0,EXACT_NAME,APPROVED
plr_04e9e122,transfermarkt,626888,Kaine Kesler-Hayden,,,2023_2024,100.0,EXACT_NAME,APPROVED
plr_94486351,transfermarkt,182904,Clément Lenglet,,,2023_2024,100.0,EXACT_NAME,APPROVED
plr_96d13ae1,transfermarkt,381362,Wesley Moraes,,,2023_2024,100.0,EXACT_NAME,APPROVED
plr_cae338cb,transfermarkt,484838,Viljami Sinisalo,,,2023_2024,100.0,EXACT_NAME,APPROVED
plr_fcc0754e,transfermarkt,174094,Morgan Sanson,,,2023_2024,100.0,EXACT_NAME,APPROVED
plr_f4399801,transfermarkt,533662,Cameron Archer,,,2023_2024,100.0,EXACT_NAME,APPROVED
plr_8c04f363,transfermarkt,665390,Jaden Philogene,,,2023_2024,100.0,EXACT_NAME,APPROVED
plr_73c60311,transfermarkt,324882,Marvelous Nakamba,,,2023_2024,100.0,EXACT_NAME,APPROVED
plr_8fbffa8e,transfermarkt,412660,Keinan Davis,,,2023_2024,100.0,EXACT_NAME,APPROVED
plr_2411b26a,transfermarkt,168157,Leander Dendoncker,,,2023_2024,100.0,EXACT_NAME,APPROVED
plr_c68d6c16,transfermarkt,131996,Bertrand Traoré,,,2023_2024,100.0,EXACT_NAME,APPROVED
plr_68c4c447,transfermarkt,14086,Ashley Young,,,2023_2024,100.0,EXACT_NAME,APPROVED
plr_12d4e613,transfermarkt,80444,Philippe Coutinho,,,2023_2024,100.0,EXACT_NAME,APPROVED
plr_6f31cabe,transfermarkt,110867,Jed Steer,,,2023_2024,100.0,EXACT_NAME,APPROVED
plr_57cee665,transfermarkt,332705,Tyler Adams,,,2023_2024,100.0,EXACT_NAME,APPROVED
plr_16bb55cb,transfermarkt,391065,Hamed Traoré,,,2023_2024,91.67,FUZZY_HIGH,APPROVED
plr_ddf1826b,transfermarkt,855256,Alex Scott,,,2023_2024,100.0,EXACT_NAME,APPROVED
plr_ba448454,transfermarkt,730861,Milos Kerkez,,,2023_2024,100.0,EXACT_NAME,APPROVED
plr_7e8f4b6a,transfermarkt,555076,Romain Faivre,,,2023_2024,100.0,EXACT_NAME,APPROVED
plr_99db3db7,transfermarkt,330659,Justin Kluivert,,,2023_2024,100.0,EXACT_NAME,APPROVED
plr_641cfebf,transfermarkt,471690,Max Aarons,,,2023_2024,100.0,EXACT_NAME,APPROVED
plr_88a5e71d,transfermarkt,512385,Luis Sinisterra,,,2023_2024,100.0,EXACT_NAME,APPROVED
plr_59d7b4a5,transfermarkt,303657,Ionuț Radu,,,2023_2024,100.0,EXACT_NAME,APPROVED
plr_3b549fff,transfermarkt,251106,Enes Ünal,,,2023_2024,100.0,EXACT_NAME,APPROVED
plr_d5b1cc05,transfermarkt,488656,Siriki Dembélé,,,2023_2024,100.0,EXACT_NAME,APPROVED
plr_9441251c,transfermarkt,232964,Emiliano Marcondes,,,2023_2024,100.0,EXACT_NAME,APPROVED
plr_a9eaff24,transfermarkt,469064,Gavin Kilkenny,,,2023_2024,100.0,EXACT_NAME,APPROVED
plr_839110fe,transfermarkt,239949,Jamal Lowe,,,2023_2024,100.0,EXACT_NAME,APPROVED
plr_e6a21ac0,transfermarkt,275590,Kieffer Moore,,,2023_2024,100.0,EXACT_NAME,APPROVED
plr_3d5d63c5,transfermarkt,277033,David Brooks,,,2023_2024,100.0,EXACT_NAME,APPROVED
plr_f9e9d397,transfermarkt,611793,James Hill,,,2023_2024,100.0,EXACT_NAME,APPROVED
plr_7265b6ab,transfermarkt,582078,Will Dennis,,,2023_2024,100.0,EXACT_NAME,APPROVED
plr_8ec939c3,transfermarkt,357658,Mark Travers,,,2023_2024,100.0,EXACT_NAME,APPROVED
plr_0505158f,transfermarkt,183302,Ben Pearson,,,2023_2024,100.0,EXACT_NAME,APPROVED
plr_f96d7e85,transfermarkt,633530,Jordan Zemura,,,2023_2024,100.0,EXACT_NAME,APPROVED
plr_b14c054d,transfermarkt,249356,Jack Stacey,,,2023_2024,100.0,EXACT_NAME,APPROVED
plr_ec727651,transfermarkt,262980,Jefferson Lerma,,,2023_2024,100.0,EXACT_NAME,APPROVED
plr_405bfb99,transfermarkt,655835,Christian Saydee,,,2023_2024,100.0,EXACT_NAME,APPROVED
plr_3487425b,transfermarkt,183293,Joe Rothwell,,,2023_2024,100.0,EXACT_NAME,APPROVED
plr_77290ee1,transfermarkt,684210,Jaidon Anthony,,,2023_2024,100.0,EXACT_NAME,APPROVED
plr_c63673bf,transfermarkt,87672,Junior Stanislas,,,2023_2024,100.0,EXACT_NAME,APPROVED
plr_01563834,transfermarkt,439072,Matías Viña,,,2023_2024,100.0,EXACT_NAME,APPROVED
plr_a7a8e27e,transfermarkt,469050,Nathan Collins,,,2023_2024,100.0,EXACT_NAME,APPROVED
plr_75544f5c,transfermarkt,473050,Kevin Schade,,,2023_2024,100.0,EXACT_NAME,APPROVED
plr_3141a054,transfermarkt,125714,Mark Flekken,,,2023_2024,100.0,EXACT_NAME,APPROVED
plr_ab1de22b,transfermarkt,1141628,Yunus Konak,,,2023_2024,100.0,EXACT_NAME,APPROVED
plr_98abebb1,transfermarkt,488935,Hákon Valdimarsson,,,2023_2024,100.0,EXACT_NAME,APPROVED
plr_87cb672f,transfermarkt,282429,Sergio Reguilón,,,2023_2024,100.0,EXACT_NAME,APPROVED
plr_a2085edd,transfermarkt,217115,Neal Maupay,,,2023_2024,100.0,EXACT_NAME,APPROVED
plr_88e94c74,transfermarkt,717411,Yegor Yarmolyuk,,,2023_2024,100.0,EXACT_NAME,APPROVED
plr_5863d09f,transfermarkt,874538,Ryan Trevitt,,,2023_2024,100.0,EXACT_NAME,APPROVED
plr_140e036d,transfermarkt,741236,Matthew Cox,,,2023_2024,100.0,EXACT_NAME,APPROVED
plr_d4221244,transfermarkt,470596,Paris Maghoma,,,2023_2024,100.0,EXACT_NAME,APPROVED
plr_0eff10a4,transfermarkt,372240,Mads Bech Sørensen,,,2023_2024,100.0,EXACT_NAME,APPROVED
plr_549001fa,transfermarkt,251845,Sergi Canós,,,2023_2024,100.0,EXACT_NAME,APPROVED
plr_e49151a3,transfermarkt,462832,Mads Bidstrup,,,2023_2024,100.0,EXACT_NAME,APPROVED
plr_aa057502,transfermarkt,587019,Fin Stevens,,,2023_2024,100.0,EXACT_NAME,APPROVED
plr_a7bb9b95,transfermarkt,587002,Myles Peart-Harris,,,2023_2024,100.0,EXACT_NAME,APPROVED
plr_d9698762,transfermarkt,376856,Charlie Goode,,,2023_2024,100.0,EXACT_NAME,APPROVED
plr_04b0da4c,transfermarkt,175451,Joel Valencia,,,2023_2024,100.0,EXACT_NAME,APPROVED
plr_484684f5,transfermarkt,465606,Halil Dervişoğlu,,,2023_2024,100.0,EXACT_NAME,APPROVED
plr_8a88b301,transfermarkt,125314,Pontus Jansson,,,2023_2024,100.0,EXACT_NAME,APPROVED
plr_e72a0f8d,transfermarkt,249873,Tariqe Fosu,,,2023_2024,100.0,EXACT_NAME,APPROVED
plr_90719632,transfermarkt,626724,João Pedro,,,2023_2024,100.0,EXACT_NAME,APPROVED
plr_eb4affae,transfermarkt,973085,Carlos Baleba,,,2023_2024,100.0,EXACT_NAME,APPROVED
plr_e531d698,transfermarkt,565093,Bart Verbruggen,,,2023_2024,100.0,EXACT_NAME,APPROVED
plr_b40721dd,transfermarkt,380350,Igor Julio,,,2023_2024,100.0,EXACT_NAME,APPROVED
plr_b07ff5f6,transfermarkt,849410,Valentín Barco,,,2023_2024,100.0,EXACT_NAME,APPROVED
plr_774421a9,transfermarkt,191422,Mahmoud Dahoud,,,2023_2024,100.0,EXACT_NAME,APPROVED
plr_833cc749,transfermarkt,3333,James Milner,,,2023_2024,100.0,EXACT_NAME,APPROVED
plr_5d7df2ef,transfermarkt,466810,Ansu Fati,,,2023_2024,100.0,EXACT_NAME,APPROVED
plr_7f724bf8,transfermarkt,520651,Jensen Weir,,,2023_2024,100.0,EXACT_NAME,APPROVED
plr_9740b5c6,transfermarkt,463751,Marc Leonard,,,2023_2024,100.0,EXACT_NAME,APPROVED
plr_0992d61c,transfermarkt,405686,Reda Khadra,,,2023_2024,100.0,EXACT_NAME,APPROVED
plr_d1298b19,transfermarkt,646353,Carl Rushworth,,,2023_2024,100.0,EXACT_NAME,APPROVED
plr_ff2c01a3,transfermarkt,867688,Jack Hinshelwood,,,2023_2024,100.0,EXACT_NAME,APPROVED
plr_29b3267f,transfermarkt,345468,Andi Zeqiri,,,2023_2024,100.0,EXACT_NAME,APPROVED
plr_a5598aab,transfermarkt,401604,Michal Karbownik,,,2023_2024,100.0,EXACT_NAME,APPROVED
plr_b494af93,transfermarkt,776798,Abdallah Sima,,,2023_2024,100.0,EXACT_NAME,APPROVED
plr_a1d9dc7e,transfermarkt,667287,Yasin Ayari,,,2023_2024,100.0,EXACT_NAME,APPROVED
plr_0a6b8ac7,transfermarkt,463527,Kjell Scherpen,,,2023_2024,100.0,EXACT_NAME,APPROVED
plr_a15797bf,transfermarkt,568005,Jeremy Sarmiento,,,2023_2024,100.0,EXACT_NAME,APPROVED
plr_2ae468a9,transfermarkt,476237,Steven Alzate,,,2023_2024,100.0,EXACT_NAME,APPROVED
plr_35962220,transfermarkt,658536,Simon Adingra,,,2023_2024,100.0,EXACT_NAME,APPROVED
plr_c795f503,transfermarkt,687626,Moisés Caicedo,,,2023_2024,100.0,EXACT_NAME,APPROVED
plr_fac1aa20,transfermarkt,534033,Alexis Mac Allister,,,2023_2024,100.0,EXACT_NAME,APPROVED
plr_9a1ef932,transfermarkt,403151,Robert Sánchez,,,2023_2024,100.0,EXACT_NAME,APPROVED
plr_13d6ceb8,transfermarkt,434207,Aaron Connolly,,,2023_2024,100.0,EXACT_NAME,APPROVED
plr_52047160,transfermarkt,339314,Deniz Undav,,,2023_2024,100.0,EXACT_NAME,APPROVED
plr_88ee70da,transfermarkt,533523,Haydon Roberts,,,2023_2024,100.0,EXACT_NAME,APPROVED
plr_55d795b7,transfermarkt,484551,Taylor Richards,,,2023_2024,100.0,EXACT_NAME,APPROVED
plr_f131bb57,transfermarkt,548729,Zeki Amdouni,,,2023_2024,100.0,EXACT_NAME,APPROVED
plr_e6fd72e4,transfermarkt,566799,James Trafford,,,2023_2024,100.0,EXACT_NAME,APPROVED
plr_50585d71,transfermarkt,646658,Aaron Ramsey,,,2023_2024,100.0,EXACT_NAME,APPROVED
plr_79fba9f2,transfermarkt,403898,Jordan Beyer,,,2023_2024,100.0,EXACT_NAME,APPROVED
plr_f0b96748,transfermarkt,333014,Sander Berge,,,2023_2024,100.0,EXACT_NAME,APPROVED
plr_5d684fab,transfermarkt,743498,Wilson Odobert,,,2023_2024,100.0,EXACT_NAME,APPROVED
plr_c828877d,transfermarkt,401320,Dara O'Shea,,,2023_2024,100.0,EXACT_NAME,APPROVED
plr_cd2c67e2,transfermarkt,444208,Michael Obafemi,,,2023_2024,100.0,EXACT_NAME,APPROVED
plr_4c1ff445,transfermarkt,338635,Hannes Delcroix,,,2023_2024,100.0,EXACT_NAME,APPROVED
plr_1da0af35,transfermarkt,745461,Luca Koleosho,,,2023_2024,100.0,EXACT_NAME,APPROVED
plr_dffe8c53,transfermarkt,243591,Lawrence Vigouroux,,,2023_2024,100.0,EXACT_NAME,APPROVED
plr_2f306129,transfermarkt,129078,Nathan Redmond,,,2023_2024,100.0,EXACT_NAME,APPROVED
plr_048768f4,transfermarkt,536508,Han-Noah Massengo,,,2023_2024,100.0,EXACT_NAME,APPROVED
plr_13b5c9bd,transfermarkt,381963,Mike Tresor,,,2023_2024,90.91,FUZZY_HIGH,APPROVED
plr_986140fa,transfermarkt,787232,David Datro Fofana,,,2023_2024,100.0,EXACT_NAME,APPROVED
plr_75365851,transfermarkt,842341,Maxime Estève,,,2023_2024,92.31,FUZZY_HIGH,APPROVED
plr_e73c9485,transfermarkt,293281,Jacob Bruun Larsen,,,2023_2024,100.0,EXACT_NAME,APPROVED
plr_54d0a7e2,transfermarkt,711969,Lorenz Assignon,,,2023_2024,100.0,EXACT_NAME,APPROVED
plr_a1b17c5a,transfermarkt,686839,Owen Dodgson,,,2023_2024,100.0,EXACT_NAME,APPROVED
plr_34764d5c,transfermarkt,433818,Scott Twine,,,2023_2024,100.0,EXACT_NAME,APPROVED
plr_2f62c95e,transfermarkt,214666,Connor Roberts,,,2023_2024,100.0,EXACT_NAME,APPROVED
plr_779bd682,transfermarkt,228645,Wout Weghorst,,,2023_2024,100.0,EXACT_NAME,APPROVED
plr_a735a5d1,transfermarkt,491296,Anass Zaroury,,,2023_2024,100.0,EXACT_NAME,APPROVED
plr_345299fa,transfermarkt,581669,CJ Egan-Riley,,,2023_2024,100.0,EXACT_NAME,APPROVED
plr_8701023f,transfermarkt,535927,Luke McNally,,,2023_2024,100.0,EXACT_NAME,APPROVED
plr_93a07ab5,transfermarkt,614700,Dara Costelloe,,,2023_2024,100.0,EXACT_NAME,APPROVED
plr_676b11d7,transfermarkt,788283,Bobby Thomas,,,2023_2024,100.0,EXACT_NAME,APPROVED
plr_d6c51cd6,transfermarkt,285033,Will Norris,,,2023_2024,100.0,EXACT_NAME,APPROVED
plr_d7833c4c,transfermarkt,63200,Ashley Barnes,,,2023_2024,100.0,EXACT_NAME,APPROVED
plr_f1e80354,transfermarkt,606576,Denis Franchi,,,2023_2024,100.0,EXACT_NAME,APPROVED
plr_c19f084e,transfermarkt,289510,Samuel Bastien,,,2023_2024,100.0,EXACT_NAME,APPROVED
plr_ca297528,transfermarkt,386786,Darko Churlinov,,,2023_2024,100.0,EXACT_NAME,APPROVED
plr_4cbcaf14,transfermarkt,410436,Bailey Peacock-Farrell,,,2023_2024,100.0,EXACT_NAME,APPROVED
plr_68a23045,transfermarkt,102258,Matthew Lowton,,,2023_2024,100.0,EXACT_NAME,APPROVED
plr_c164bf16,transfermarkt,628451,Roméo Lavia,,,2023_2024,100.0,EXACT_NAME,APPROVED
plr_beb30cf4,transfermarkt,344381,Christopher Nkunku,,,2023_2024,100.0,EXACT_NAME,APPROVED
plr_92807238,transfermarkt,568177,Cole Palmer,,,2023_2024,100.0,EXACT_NAME,APPROVED
plr_0aa2751b,transfermarkt,386047,Axel Disasi,,,2023_2024,100.0,EXACT_NAME,APPROVED
plr_9b9c9277,transfermarkt,776890,Nicolas Jackson,,,2023_2024,100.0,EXACT_NAME,APPROVED
plr_3a536250,transfermarkt,711999,Lesley Ugochukwu,,,2023_2024,100.0,EXACT_NAME,APPROVED
plr_e342963b,transfermarkt,465555,Djordje Petrovic,,,2023_2024,100.0,EXACT_NAME,APPROVED
plr_af7510cc,transfermarkt,743598,Ângelo,,,2023_2024,100.0,EXACT_NAME,APPROVED
plr_e140f0de,transfermarkt,655006,Diego Moreira,,,2023_2024,100.0,EXACT_NAME,APPROVED
plr_ef9c1fbd,transfermarkt,485585,Ian Maatsen,,,2023_2024,100.0,EXACT_NAME,APPROVED
plr_bc991cb2,transfermarkt,490606,Lucas Bergström,,,2023_2024,100.0,EXACT_NAME,APPROVED
plr_efeba1c1,transfermarkt,790992,Alfie Gilchrist,,,2023_2024,100.0,EXACT_NAME,APPROVED
plr_b28c6133,transfermarkt,741238,Omari Hutchinson,,,2023_2024,100.0,EXACT_NAME,APPROVED
plr_686214d5,transfermarkt,670858,Lewis Hall,,,2023_2024,100.0,EXACT_NAME,APPROVED
plr_45c6fe45,transfermarkt,620322,Malo Gusto,,,2023_2024,100.0,EXACT_NAME,APPROVED
plr_818e59dd,transfermarkt,96341,Romelu Lukaku,,,2023_2024,100.0,EXACT_NAME,APPROVED
plr_9bb42042,transfermarkt,344596,Malang Sarr,,,2023_2024,100.0,EXACT_NAME,APPROVED
plr_52ee411b,transfermarkt,392768,Callum Hudson-Odoi,,,2023_2024,100.0,EXACT_NAME,APPROVED
plr_c8c2df65,transfermarkt,392771,Ethan Ampadu,,,2023_2024,100.0,EXACT_NAME,APPROVED
plr_bb322fdf,transfermarkt,743600,Andrey Santos,,,2023_2024,100.0,EXACT_NAME,APPROVED
plr_e2b837a7,transfermarkt,182618,Tiemoué Bakayoko,,,2023_2024,100.0,EXACT_NAME,APPROVED
plr_d940c44e,transfermarkt,622380,Cesare Casadei,,,2023_2024,100.0,EXACT_NAME,APPROVED
plr_22960927,transfermarkt,346483,Mason Mount,,,2023_2024,100.0,EXACT_NAME,APPROVED
plr_99a11ace,transfermarkt,51471,Mateo Kovacic,,,2023_2024,100.0,EXACT_NAME,APPROVED
plr_b44b069c,transfermarkt,93128,Kalidou Koulibaly,,,2023_2024,100.0,EXACT_NAME,APPROVED
plr_5fb12128,transfermarkt,315779,Christian Pulisic,,,2023_2024,100.0,EXACT_NAME,APPROVED
plr_6b8810ff,transfermarkt,202886,Ruben Loftus-Cheek,,,2023_2024,100.0,EXACT_NAME,APPROVED
plr_c361f5d5,transfermarkt,442531,Edouard Mendy,,,2023_2024,100.0,EXACT_NAME,APPROVED
plr_a1727b64,transfermarkt,571743,Armando Broja,,,2023_2024,100.0,EXACT_NAME,APPROVED
plr_f367ce9f,transfermarkt,192279,Kepa Arrizabalaga,,,2023_2024,100.0,EXACT_NAME,APPROVED
plr_1f98732c,transfermarkt,58864,Pierre-Emerick Aubameyang,,,2023_2024,100.0,EXACT_NAME,APPROVED
plr_ad140362,transfermarkt,224884,Abdul Rahman Baba,,,2023_2024,100.0,EXACT_NAME,APPROVED
plr_71c220ab,transfermarkt,57500,César Azpilicueta,,,2023_2024,100.0,EXACT_NAME,APPROVED
plr_6c46dc4c,transfermarkt,225083,N'Golo Kanté,,,2023_2024,100.0,EXACT_NAME,APPROVED
plr_3c46f015,transfermarkt,217111,Hakim Ziyech,,,2023_2024,100.0,EXACT_NAME,APPROVED
plr_090886b0,transfermarkt,656316,Gabriel Slonina,,,2023_2024,93.33,FUZZY_HIGH,APPROVED
plr_4fd0f29e,transfermarkt,334526,Denis Zakaria,,,2023_2024,100.0,EXACT_NAME,APPROVED
plr_beb29d14,transfermarkt,462250,João Félix,,,2023_2024,100.0,EXACT_NAME,APPROVED
plr_d713726c,transfermarkt,744149,Adam Wharton,,,2023_2024,100.0,EXACT_NAME,APPROVED
plr_5598270c,transfermarkt,743597,Matheus França,,,2023_2024,100.0,EXACT_NAME,APPROVED
plr_7bf6790c,transfermarkt,258919,Dean Henderson,,,2023_2024,100.0,EXACT_NAME,APPROVED
plr_b960d849,transfermarkt,493003,Daniel Muñoz,,,2023_2024,100.0,EXACT_NAME,APPROVED
plr_df9b3d1d,transfermarkt,865993,David Ozoh,,,2023_2024,100.0,EXACT_NAME,APPROVED
plr_47e9f14f,transfermarkt,128899,Jack Butland,,,2023_2024,100.0,EXACT_NAME,APPROVED
plr_410c3ed6,transfermarkt,586986,Luke Plange,,,2023_2024,100.0,EXACT_NAME,APPROVED
plr_c1fd5ee1,transfermarkt,74300,Luka Milivojevic,,,2023_2024,100.0,EXACT_NAME,APPROVED
plr_b61af771,transfermarkt,145988,Wilfried Zaha,,,2023_2024,100.0,EXACT_NAME,APPROVED
plr_8d8ea1ff,transfermarkt,64399,Vicente Guaita,,,2023_2024,100.0,EXACT_NAME,APPROVED
plr_0294885f,transfermarkt,596821,Scott Banks,,,2023_2024,100.0,EXACT_NAME,APPROVED
plr_89b7cf23,transfermarkt,512354,Malcolm Ebiowei,,,2023_2024,100.0,EXACT_NAME,APPROVED
plr_c0c536dd,transfermarkt,41416,James McArthur,,,2023_2024,100.0,EXACT_NAME,APPROVED
plr_403591be,transfermarkt,595809,Beto,,,2023_2024,100.0,EXACT_NAME,APPROVED
plr_cf6cbffb,transfermarkt,670688,Youssef Chermiti,,,2023_2024,100.0,EXACT_NAME,APPROVED
plr_aaa63c5d,transfermarkt,355861,Arnaut Danjuma,,,2023_2024,100.0,EXACT_NAME,APPROVED
plr_0d34d177,transfermarkt,417346,Jack Harrison,,,2023_2024,100.0,EXACT_NAME,APPROVED
plr_79deebd9,transfermarkt,627248,Lewis Dobbin,,,2023_2024,100.0,EXACT_NAME,APPROVED
plr_bfd414ae,transfermarkt,536794,Billy Crellin,,,2023_2024,100.0,EXACT_NAME,APPROVED
plr_a5932c18,transfermarkt,591193,Niels Nkounkou,,,2023_2024,100.0,EXACT_NAME,APPROVED
plr_ffa99396,transfermarkt,348623,Mason Holgate,,,2023_2024,100.0,EXACT_NAME,APPROVED
plr_da0877f6,transfermarkt,221025,André Gomes,,,2023_2024,100.0,EXACT_NAME,APPROVED
plr_e475a388,transfermarkt,182894,Jean-Philippe Gbamin,,,2023_2024,100.0,EXACT_NAME,APPROVED
plr_7d660ce9,transfermarkt,207929,Dele Alli,,,2023_2024,100.0,EXACT_NAME,APPROVED
plr_b65a8734,transfermarkt,661053,Jarrad Branthwaite,,,2023_2024,100.0,EXACT_NAME,APPROVED
plr_e708fa9e,transfermarkt,329813,João Virgínia,,,2023_2024,100.0,EXACT_NAME,APPROVED
plr_9dd1ee31,transfermarkt,364135,Moise Kean,,,2023_2024,100.0,EXACT_NAME,APPROVED
plr_0f6c67f6,transfermarkt,242631,Alex Iwobi,,,2023_2024,100.0,EXACT_NAME,APPROVED
plr_fd24b1dc,transfermarkt,292417,Demarai Gray,,,2023_2024,100.0,EXACT_NAME,APPROVED
plr_c2cb7679,transfermarkt,669366,Tom Cannon,,,2023_2024,86.96,FUZZY_MEDIUM,REVIEW_REQUIRED
plr_872c17e5,transfermarkt,511550,Ellis Simms,,,2023_2024,100.0,EXACT_NAME,APPROVED
plr_d30e5489,transfermarkt,314210,Tom Davies,,,2023_2024,100.0,EXACT_NAME,APPROVED
plr_19e6c3ba,transfermarkt,289446,Yerry Mina,,,2023_2024,100.0,EXACT_NAME,APPROVED
plr_26dc52a9,transfermarkt,33873,Asmir Begovic,,,2023_2024,100.0,EXACT_NAME,APPROVED
plr_b1716ce8,transfermarkt,61842,Andros Townsend,,,2023_2024,100.0,EXACT_NAME,APPROVED
plr_0c41a4ce,transfermarkt,128901,Conor Coady,,,2023_2024,100.0,EXACT_NAME,APPROVED
plr_12791f67,transfermarkt,357158,Rúben Vinagre,,,2023_2024,100.0,EXACT_NAME,APPROVED
plr_de2041af,transfermarkt,461883,Calvin Bassey,,,2023_2024,100.0,EXACT_NAME,APPROVED
plr_062aad17,transfermarkt,262226,Timothy Castagne,,,2023_2024,100.0,EXACT_NAME,APPROVED
plr_b552a30b,transfermarkt,206040,Raúl Jiménez,,,2023_2024,100.0,EXACT_NAME,APPROVED
plr_0dcfd3d8,transfermarkt,381469,Steven Benda,,,2023_2024,100.0,EXACT_NAME,APPROVED
plr_a3aa127d,transfermarkt,204103,Adama Traoré,,,2023_2024,100.0,EXACT_NAME,APPROVED
plr_351650ef,transfermarkt,296422,Fodé Ballo-Touré,,,2023_2024,100.0,EXACT_NAME,APPROVED
plr_45259996,transfermarkt,696346,Jay Stansfield,,,2023_2024,100.0,EXACT_NAME,APPROVED
plr_c609ab88,transfermarkt,194460,Joe Bryan,,,2023_2024,100.0,EXACT_NAME,APPROVED
plr_f069d9c1,transfermarkt,195488,Paulo Gazzaniga,,,2023_2024,100.0,EXACT_NAME,APPROVED
plr_21ee61ef,transfermarkt,152651,Terence Kongolo,,,2023_2024,100.0,EXACT_NAME,APPROVED
plr_1438731a,transfermarkt,149716,Ivan Cavaleiro,,,2023_2024,100.0,EXACT_NAME,APPROVED
plr_a3140fcc,transfermarkt,183321,Kevin Mbabu,,,2023_2024,100.0,EXACT_NAME,APPROVED
plr_d84f0880,transfermarkt,51152,Aleksandar Mitrović,,,2023_2024,100.0,EXACT_NAME,APPROVED
plr_e6199efc,transfermarkt,525287,Carlos Vinícius,,,2023_2024,100.0,EXACT_NAME,APPROVED
plr_76748ba6,transfermarkt,149237,Anthony Knockaert,,,2023_2024,100.0,EXACT_NAME,APPROVED
plr_da4b8e30,transfermarkt,406558,Steven Sessegnon,,,2023_2024,100.0,EXACT_NAME,APPROVED
plr_cdf0e3cd,transfermarkt,111422,Neeskens Kebano,,,2023_2024,100.0,EXACT_NAME,APPROVED
plr_bc1efc9a,transfermarkt,119269,Shane Duffy,,,2023_2024,100.0,EXACT_NAME,APPROVED
plr_449bab99,transfermarkt,528888,Tyrese Francois,,,2023_2024,100.0,EXACT_NAME,APPROVED
plr_20a3c2d6,transfermarkt,126710,Layvin Kurzawa,,,2023_2024,100.0,EXACT_NAME,APPROVED
plr_9087de33,transfermarkt,396638,Manor Solomon,,,2023_2024,100.0,EXACT_NAME,APPROVED
plr_23598da1,transfermarkt,451276,Dominik Szoboszlai,,,2023_2024,100.0,EXACT_NAME,APPROVED
plr_04cb4d7a,transfermarkt,478573,Ryan Gravenberch,,,2023_2024,100.0,EXACT_NAME,APPROVED
plr_3265d6f8,transfermarkt,146310,Wataru Endo,,,2023_2024,100.0,EXACT_NAME,APPROVED
plr_d0cc68d9,transfermarkt,719673,Ben Gannon-Doak,,,2023_2024,100.0,EXACT_NAME,APPROVED
plr_571a29d9,transfermarkt,624258,Conor Bradley,,,2023_2024,100.0,EXACT_NAME,APPROVED
plr_d0a4245c,transfermarkt,632349,Jarell Quansah,,,2023_2024,100.0,EXACT_NAME,APPROVED
plr_82ba1ffc,transfermarkt,371814,Nat Phillips,,,2023_2024,88.0,FUZZY_MEDIUM,REVIEW_REQUIRED
plr_3523be83,transfermarkt,559263,Fábio Carvalho,,,2023_2024,92.86,FUZZY_HIGH,APPROVED
plr_bfd1eb63,transfermarkt,503679,Rhys Williams,,,2023_2024,100.0,EXACT_NAME,APPROVED
plr_904e9ca0,transfermarkt,541231,Sepp van den Berg,,,2023_2024,100.0,EXACT_NAME,APPROVED
plr_635487b3,transfermarkt,225693,Fabinho,,,2023_2024,100.0,EXACT_NAME,APPROVED
plr_538f7a82,transfermarkt,61651,Jordan Henderson,,,2023_2024,100.0,EXACT_NAME,APPROVED
plr_ed2775ac,transfermarkt,143424,Alex Oxlade-Chamberlain,,,2023_2024,100.0,EXACT_NAME,APPROVED
plr_3f002143,transfermarkt,302215,Naby Keïta,,,2023_2024,90.0,FUZZY_MEDIUM,REVIEW_REQUIRED
plr_7289db35,transfermarkt,131789,Roberto Firmino,,,2023_2024,100.0,EXACT_NAME,APPROVED
plr_2da50af8,transfermarkt,486604,Vitezslav Jaros,,,2023_2024,100.0,EXACT_NAME,APPROVED
plr_61832da5,transfermarkt,662334,Marcelo Pitaluga,,,2023_2024,100.0,EXACT_NAME,APPROVED
plr_10899561,transfermarkt,362842,Arthur Melo,,,2023_2024,100.0,EXACT_NAME,APPROVED
plr_81bd3dec,transfermarkt,504581,Ryan Giles,,,2023_2024,100.0,EXACT_NAME,APPROVED
plr_34c056af,transfermarkt,344830,Tahith Chong,,,2023_2024,100.0,EXACT_NAME,APPROVED
plr_c9efd2e5,transfermarkt,407021,Mads Andersen,,,2023_2024,100.0,EXACT_NAME,APPROVED
plr_f7afba62,transfermarkt,469958,Jacob Brown,,,2023_2024,100.0,EXACT_NAME,APPROVED
plr_49f86cd2,transfermarkt,77757,Thomas Kaminski,,,2023_2024,100.0,EXACT_NAME,APPROVED
plr_2ec535be,transfermarkt,387191,Daiki Hashioka,,,2023_2024,100.0,EXACT_NAME,APPROVED
plr_aef36d8c,transfermarkt,424900,Tom Holmes,,,2023_2024,100.0,EXACT_NAME,APPROVED
plr_673cfab3,transfermarkt,131978,Ross Barkley,,,2023_2024,100.0,EXACT_NAME,APPROVED
plr_810cfff7,transfermarkt,392591,Chiedozie Ogbene,,,2023_2024,100.0,EXACT_NAME,APPROVED
plr_700131f8,transfermarkt,548470,Teden Mengi,,,2023_2024,100.0,EXACT_NAME,APPROVED
plr_80d879f8,transfermarkt,33027,Tim Krul,,,2023_2024,100.0,EXACT_NAME,APPROVED
plr_4618484c,transfermarkt,649452,Issa Kaboré,,,2023_2024,100.0,EXACT_NAME,APPROVED
plr_bef2f1bc,transfermarkt,944551,Joe Taylor,,,2023_2024,100.0,EXACT_NAME,APPROVED
plr_2f824001,transfermarkt,499604,Dion Pereira,,,2023_2024,100.0,EXACT_NAME,APPROVED
plr_17bf10da,transfermarkt,368629,Jack Walton,,,2023_2024,100.0,EXACT_NAME,APPROVED
plr_ad12d80c,transfermarkt,496661,Elliot Thorpe,,,2023_2024,100.0,EXACT_NAME,APPROVED
plr_a7cfa065,transfermarkt,305274,Fred Onyedinma,,,2023_2024,100.0,EXACT_NAME,APPROVED
plr_eb099f93,transfermarkt,347619,Allan Campbell,,,2023_2024,100.0,EXACT_NAME,APPROVED
plr_38111403,transfermarkt,696502,Aribim Pepple,,,2023_2024,100.0,EXACT_NAME,APPROVED
plr_9337da7c,transfermarkt,504855,John McAtee,,,2023_2024,100.0,EXACT_NAME,APPROVED
plr_b48d4fca,transfermarkt,314378,Admiral Muskwe,,,2023_2024,100.0,EXACT_NAME,APPROVED
plr_4db9538a,transfermarkt,505548,Louie Watson,,,2023_2024,100.0,EXACT_NAME,APPROVED
plr_e371e0b1,transfermarkt,588412,Carlos Mendes,,,2023_2024,100.0,EXACT_NAME,APPROVED
plr_a8cd7c58,transfermarkt,1494781,Daniel Idiakhoa,,,2023_2024,100.0,EXACT_NAME,APPROVED
plr_fe6516ef,transfermarkt,284718,Harry Isted,,,2023_2024,100.0,EXACT_NAME,APPROVED
plr_2eccc2ea,transfermarkt,127794,Sonny Bradley,,,2023_2024,100.0,EXACT_NAME,APPROVED
plr_6705854b,transfermarkt,66923,Luke Freeman,,,2023_2024,100.0,EXACT_NAME,APPROVED
plr_fdbad79e,transfermarkt,337640,Glen Rea,,,2023_2024,100.0,EXACT_NAME,APPROVED
plr_9995e0df,transfermarkt,220491,Matt Macey,,,2023_2024,100.0,EXACT_NAME,APPROVED
plr_2e0e770b,transfermarkt,44794,Henri Lansbury,,,2023_2024,100.0,EXACT_NAME,APPROVED
plr_847db346,transfermarkt,242284,Ethan Horvath,,,2023_2024,100.0,EXACT_NAME,APPROVED
plr_7389369a,transfermarkt,475959,Josko Gvardiol,,,2023_2024,92.86,FUZZY_HIGH,APPROVED
plr_4585a1bc,transfermarkt,601883,Matheus Nunes,,,2023_2024,100.0,EXACT_NAME,APPROVED
plr_65d1cc40,transfermarkt,486049,Jérémy Doku,,,2023_2024,100.0,EXACT_NAME,APPROVED
plr_f9e1792c,transfermarkt,994536,Claudio Echeverri,,,2023_2024,100.0,EXACT_NAME,APPROVED
plr_819754ee,transfermarkt,661207,Oscar Bobb,,,2023_2024,100.0,EXACT_NAME,APPROVED
plr_c1c8a64e,transfermarkt,433183,Tommy Doyle,,,2023_2024,100.0,EXACT_NAME,APPROVED
plr_87340b35,transfermarkt,583199,James McAtee,,,2023_2024,100.0,EXACT_NAME,APPROVED
plr_662fdea6,transfermarkt,503977,Taylor Harwood-Bellis,,,2023_2024,100.0,EXACT_NAME,APPROVED
plr_3687db84,transfermarkt,505652,Slobodan Tedic,,,2023_2024,100.0,EXACT_NAME,APPROVED
plr_3970ab02,transfermarkt,576121,Josh Wilson-Esbrand,,,2023_2024,100.0,EXACT_NAME,APPROVED
plr_50ba33e6,transfermarkt,182712,João Cancelo,,,2023_2024,100.0,EXACT_NAME,APPROVED
plr_7379ed21,transfermarkt,439629,Nahuel Bustos,,,2023_2024,100.0,EXACT_NAME,APPROVED
plr_00a03259,transfermarkt,378293,Yangel Herrera,,,2023_2024,81.48,FUZZY_MEDIUM,REVIEW_REQUIRED
plr_8aea0b2c,transfermarkt,171424,Riyad Mahrez,,,2023_2024,100.0,EXACT_NAME,APPROVED
plr_e05b1e07,transfermarkt,176553,Aymeric Laporte,,,2023_2024,100.0,EXACT_NAME,APPROVED
plr_a721eda9,transfermarkt,351749,Kalvin Phillips,,,2023_2024,100.0,EXACT_NAME,APPROVED
plr_5a549c34,transfermarkt,221624,Zack Steffen,,,2023_2024,100.0,EXACT_NAME,APPROVED
plr_f6e6a505,transfermarkt,157495,Benjamin Mendy,,,2023_2024,100.0,EXACT_NAME,APPROVED
plr_2d7a71a3,transfermarkt,53622,İlkay Gündoğan,,,2023_2024,92.86,FUZZY_HIGH,APPROVED
plr_27a942ce,transfermarkt,668547,Máximo Perrone,,,2023_2024,100.0,EXACT_NAME,APPROVED
plr_4f9047c3,transfermarkt,610442,Rasmus Højlund,,,2023_2024,100.0,EXACT_NAME,APPROVED
plr_abaddb2c,transfermarkt,234509,André Onana,,,2023_2024,100.0,EXACT_NAME,APPROVED
plr_1156a98f,transfermarkt,287579,Sofyan Amrabat,,,2023_2024,100.0,EXACT_NAME,APPROVED
plr_380a5e84,transfermarkt,336077,Altay Bayındır,,,2023_2024,85.71,FUZZY_MEDIUM,REVIEW_REQUIRED
plr_59225587,transfermarkt,42412,Jonny Evans,,,2023_2024,100.0,EXACT_NAME,APPROVED
plr_1eb600b3,transfermarkt,780630,Willy Kambwala,,,2023_2024,100.0,EXACT_NAME,APPROVED
plr_ebe5a85e,transfermarkt,670845,Omari Forson,,,2023_2024,100.0,EXACT_NAME,APPROVED
plr_c05c17e4,transfermarkt,820374,Kobbie Mainoo,,,2023_2024,100.0,EXACT_NAME,APPROVED
plr_6a112562,transfermarkt,507700,Brandon Williams,,,2023_2024,100.0,EXACT_NAME,APPROVED
plr_04350f91,transfermarkt,811778,Álvaro Carreras,,,2023_2024,100.0,EXACT_NAME,APPROVED
plr_f15ffe09,transfermarkt,550829,Matej Kovar,,,2023_2024,90.91,FUZZY_HIGH,APPROVED
plr_54d64445,transfermarkt,286384,Eric Bailly,,,2023_2024,100.0,EXACT_NAME,APPROVED
plr_67c6158c,transfermarkt,255755,Alex Telles,,,2023_2024,100.0,EXACT_NAME,APPROVED
plr_075e2c29,transfermarkt,583189,Anthony Elanga,,,2023_2024,100.0,EXACT_NAME,APPROVED
plr_1cfad78b,transfermarkt,191614,Fred,,,2023_2024,100.0,EXACT_NAME,APPROVED
plr_8b8cf281,transfermarkt,288255,Donny van de Beek,,,2023_2024,100.0,EXACT_NAME,APPROVED
plr_09debe02,transfermarkt,686845,Zidane Iqbal,,,2023_2024,100.0,EXACT_NAME,APPROVED
plr_736964ec,transfermarkt,532826,Mason Greenwood,,,2023_2024,100.0,EXACT_NAME,APPROVED
plr_00992bc2,transfermarkt,401173,Jadon Sancho,,,2023_2024,100.0,EXACT_NAME,APPROVED
plr_c3df3771,transfermarkt,607224,Hannibal,,,2023_2024,100.0,EXACT_NAME,APPROVED
plr_b7c7c881,transfermarkt,676318,Facundo Pellistri,,,2023_2024,100.0,EXACT_NAME,APPROVED
plr_e0a054f0,transfermarkt,59377,David de Gea,,,2023_2024,100.0,EXACT_NAME,APPROVED
plr_4826d903,transfermarkt,342046,Axel Tuanzebe,,,2023_2024,100.0,EXACT_NAME,APPROVED
plr_472e5429,transfermarkt,117996,Phil Jones,,,2023_2024,100.0,EXACT_NAME,APPROVED
plr_96db9a13,transfermarkt,106987,Marcel Sabitzer,,,2023_2024,100.0,EXACT_NAME,APPROVED
plr_7585e319,transfermarkt,397033,Sandro Tonali,,,2023_2024,100.0,EXACT_NAME,APPROVED
plr_0d90b276,transfermarkt,398065,Harvey Barnes,,,2023_2024,100.0,EXACT_NAME,APPROVED
plr_80976ef1,transfermarkt,503981,Tino Livramento,,,2023_2024,100.0,EXACT_NAME,APPROVED
plr_0daa5684,transfermarkt,1012534,Yankuba Minteh,,,2023_2024,100.0,EXACT_NAME,APPROVED
plr_22323164,transfermarkt,614811,Joe White,,,2023_2024,100.0,EXACT_NAME,APPROVED
plr_bd6a893b,transfermarkt,922769,Lewis Miley,,,2023_2024,100.0,EXACT_NAME,APPROVED
plr_473481e9,transfermarkt,146795,Ryan Fraser,,,2023_2024,100.0,EXACT_NAME,APPROVED
plr_cf66e3de,transfermarkt,484389,Kell Watts,,,2023_2024,100.0,EXACT_NAME,APPROVED
plr_12aa06be,transfermarkt,346018,Jamal Lewis,,,2023_2024,100.0,EXACT_NAME,APPROVED
plr_a8c20f50,transfermarkt,148262,Jeff Hendrick,,,2023_2024,100.0,EXACT_NAME,APPROVED
plr_12ba7080,transfermarkt,206225,Isaac Hayden,,,2023_2024,100.0,EXACT_NAME,APPROVED
plr_f64a195f,transfermarkt,108725,Chris Wood,,,2023_2024,100.0,EXACT_NAME,APPROVED
plr_40f7b308,transfermarkt,272642,Allan Saint-Maximin,,,2023_2024,100.0,EXACT_NAME,APPROVED
plr_d11e0488,transfermarkt,99397,Karl Darlow,,,2023_2024,100.0,EXACT_NAME,APPROVED
plr_09f33d47,transfermarkt,162029,Javier Manquillo,,,2023_2024,100.0,EXACT_NAME,APPROVED
plr_eb5688d3,transfermarkt,484387,Matty Longstaff,,,2023_2024,87.5,FUZZY_MEDIUM,REVIEW_REQUIRED
plr_7f9b2945,transfermarkt,98240,Ciaran Clark,,,2023_2024,100.0,EXACT_NAME,APPROVED
plr_2f0b8d54,transfermarkt,375885,Ibrahim Sangaré,,,2023_2024,100.0,EXACT_NAME,APPROVED
plr_4e219dd4,transfermarkt,621993,Andrew Omobamidele,,,2023_2024,100.0,EXACT_NAME,APPROVED
plr_9671e413,transfermarkt,1005649,Murillo,,,2023_2024,100.0,EXACT_NAME,APPROVED
plr_0eed48d8,transfermarkt,497291,Nicolás Domínguez,,,2023_2024,100.0,EXACT_NAME,APPROVED
plr_232a423a,transfermarkt,127202,Matz Sels,,,2023_2024,100.0,EXACT_NAME,APPROVED
plr_01d46179,transfermarkt,124419,Odysseas Vlachodimos,,,2023_2024,100.0,EXACT_NAME,APPROVED
plr_ed08d5e0,transfermarkt,504215,Giovanni Reyna,,,2023_2024,100.0,EXACT_NAME,APPROVED
plr_f7016931,transfermarkt,236490,Ola Aina,,,2023_2024,100.0,EXACT_NAME,APPROVED
plr_1d40f1b0,transfermarkt,148368,Divock Origi,,,2023_2024,100.0,EXACT_NAME,APPROVED
plr_40cdb855,transfermarkt,726701,Rodrigo Ribeiro,,,2023_2024,100.0,EXACT_NAME,APPROVED
plr_fd8468a0,transfermarkt,402733,Gonzalo Montiel,,,2023_2024,100.0,EXACT_NAME,APPROVED
plr_b171630c,transfermarkt,463610,Loïc Mbe Soh,,,2023_2024,100.0,EXACT_NAME,APPROVED
plr_92208eb3,transfermarkt,631996,Brandon Aguilera,,,2023_2024,100.0,EXACT_NAME,APPROVED
plr_976373c5,transfermarkt,260166,Ui-jo Hwang,,,2023_2024,100.0,EXACT_NAME,APPROVED
plr_74160ace,transfermarkt,503988,Alex Mighten,,,2023_2024,100.0,EXACT_NAME,APPROVED
plr_81c3b0e0,transfermarkt,560694,Lewis O'Brien,,,2023_2024,100.0,EXACT_NAME,APPROVED
plr_3c3f3e76,transfermarkt,417348,Richie Laryea,,,2023_2024,100.0,EXACT_NAME,APPROVED
plr_f2484e59,transfermarkt,448854,Emmanuel Dennis,,,2023_2024,100.0,EXACT_NAME,APPROVED
plr_693a0702,transfermarkt,392777,Jonathan Panzo,,,2023_2024,100.0,EXACT_NAME,APPROVED
plr_90b9a28f,transfermarkt,506470,Josh Bowler,,,2023_2024,100.0,EXACT_NAME,APPROVED
plr_24fcfbd3,transfermarkt,330085,Gustavo Scarpa,,,2023_2024,100.0,EXACT_NAME,APPROVED
plr_bc79f7c0,transfermarkt,192167,Mohamed Dräger,,,2023_2024,100.0,EXACT_NAME,APPROVED
plr_171da95d,transfermarkt,470607,Brennan Johnson,,,2023_2024,100.0,EXACT_NAME,APPROVED
plr_c9ffeb47,transfermarkt,289592,Orel Mangala,,,2023_2024,100.0,EXACT_NAME,APPROVED
plr_a1f4d6e6,transfermarkt,398402,Sam Surridge,,,2023_2024,100.0,EXACT_NAME,APPROVED
plr_f8c45e74,transfermarkt,491596,Braian Ojeda,,,2023_2024,100.0,EXACT_NAME,APPROVED
plr_b7496964,transfermarkt,415970,Joe Worrall,,,2023_2024,100.0,EXACT_NAME,APPROVED
plr_ccef0fa9,transfermarkt,127032,Serge Aurier,,,2023_2024,100.0,EXACT_NAME,APPROVED
plr_e2c60ee5,transfermarkt,452707,Jordan Smith,,,2023_2024,100.0,EXACT_NAME,APPROVED
plr_abe4ca77,transfermarkt,71292,Jonjo Shelvey,,,2023_2024,100.0,EXACT_NAME,APPROVED
plr_36ad044e,transfermarkt,61644,Jack Colback,,,2023_2024,100.0,EXACT_NAME,APPROVED
plr_3f227297,transfermarkt,203655,Cafú,,,2023_2024,100.0,EXACT_NAME,APPROVED
plr_9f484448,transfermarkt,90836,Steve Cook,,,2023_2024,100.0,EXACT_NAME,APPROVED
plr_839c3a69,transfermarkt,536507,Giulian Biancone,,,2023_2024,100.0,EXACT_NAME,APPROVED
plr_1c802097,transfermarkt,255906,Scott McKenna,,,2023_2024,100.0,EXACT_NAME,APPROVED
plr_19f13fa1,transfermarkt,148252,Remo Freuler,,,2023_2024,100.0,EXACT_NAME,APPROVED
plr_fee57bcd,transfermarkt,424881,Omar Richards,,,2023_2024,100.0,EXACT_NAME,APPROVED
plr_b180d455,transfermarkt,354017,Adnan Kanuric,,,2023_2024,100.0,EXACT_NAME,APPROVED
plr_e11a4f00,transfermarkt,45403,André Ayew,,,2023_2024,100.0,EXACT_NAME,APPROVED
plr_6251b786,transfermarkt,141660,Jesse Lingard,,,2023_2024,100.0,EXACT_NAME,APPROVED
plr_9f065bc7,transfermarkt,104495,Lyle Taylor,,,2023_2024,100.0,EXACT_NAME,APPROVED
plr_3d428826,transfermarkt,79422,Keylor Navas,,,2023_2024,100.0,EXACT_NAME,APPROVED
plr_4ec4b908,transfermarkt,476352,Renan Lodi,,,2023_2024,100.0,EXACT_NAME,APPROVED
plr_5b9df6dd,transfermarkt,322985,Gustavo Hamer,,,2023_2024,100.0,EXACT_NAME,APPROVED
plr_6bcf7a1c,transfermarkt,663581,Vini Souza,,,2023_2024,100.0,EXACT_NAME,APPROVED
plr_4226a059,transfermarkt,852024,Bénie Traoré,,,2023_2024,100.0,EXACT_NAME,APPROVED
plr_6df733ee,transfermarkt,546712,Anis Ben Slimane,,,2023_2024,85.71,FUZZY_MEDIUM,REVIEW_REQUIRED
plr_63a8cc1d,transfermarkt,226073,Ivo Grbic,,,2023_2024,100.0,EXACT_NAME,APPROVED
plr_57c6309f,transfermarkt,554251,Yasser Larouci,,,2023_2024,100.0,EXACT_NAME,APPROVED
plr_8f95c172,transfermarkt,505194,Luke Thomas,,,2023_2024,100.0,EXACT_NAME,APPROVED
plr_001b4d5a,transfermarkt,426192,Ben Brereton Díaz,,,2023_2024,100.0,EXACT_NAME,APPROVED
plr_8b04cda4,transfermarkt,638649,Femi Seriki,,,2023_2024,100.0,EXACT_NAME,APPROVED
plr_97708ee6,transfermarkt,874066,Oliver Arblaster,,,2023_2024,100.0,EXACT_NAME,APPROVED
plr_0993263e,transfermarkt,746739,Andre Brooks,,,2023_2024,100.0,EXACT_NAME,APPROVED
plr_912b22d5,transfermarkt,623570,Iliman Ndiaye,,,2023_2024,100.0,EXACT_NAME,APPROVED
plr_e5994e8a,transfermarkt,85706,Enda Stevens,,,2023_2024,100.0,EXACT_NAME,APPROVED
plr_a48f7e39,transfermarkt,49542,Billy Sharp,,,2023_2024,100.0,EXACT_NAME,APPROVED
plr_4dd90c46,transfermarkt,54383,John Fleck,,,2023_2024,100.0,EXACT_NAME,APPROVED
plr_89db9673,transfermarkt,526873,Jake Eastwood,,,2023_2024,100.0,EXACT_NAME,APPROVED
plr_1142fb5a,transfermarkt,490224,Ismaila Coulibaly,,,2023_2024,100.0,EXACT_NAME,APPROVED
plr_4dea8812,transfermarkt,746734,Kyron Gordon,,,2023_2024,100.0,EXACT_NAME,APPROVED
plr_73c42cdf,transfermarkt,212829,Jack O'Connell,,,2023_2024,100.0,EXACT_NAME,APPROVED
plr_eddd947f,transfermarkt,294057,James Maddison,,,2023_2024,100.0,EXACT_NAME,APPROVED
plr_1a505566,transfermarkt,557459,Micky van de Ven,,,2023_2024,100.0,EXACT_NAME,APPROVED
plr_50624195,transfermarkt,553875,Pedro Porro,,,2023_2024,100.0,EXACT_NAME,APPROVED
plr_fd8827a0,transfermarkt,431755,Dejan Kulusevski,,,2023_2024,100.0,EXACT_NAME,APPROVED
plr_7fb7bda3,transfermarkt,568559,Radu Drăgușin,,,2023_2024,84.62,FUZZY_MEDIUM,REVIEW_REQUIRED
plr_73f1154b,transfermarkt,286047,Guglielmo Vicario,,,2023_2024,100.0,EXACT_NAME,APPROVED
plr_36158ad2,transfermarkt,888493,Alejo Veliz,,,2023_2024,90.91,FUZZY_HIGH,APPROVED
plr_72331c95,transfermarkt,859951,Ashley Phillips,,,2023_2024,100.0,EXACT_NAME,APPROVED
plr_be50c2b9,transfermarkt,170527,Timo Werner,,,2023_2024,100.0,EXACT_NAME,APPROVED
plr_aba72f00,transfermarkt,670883,Dane Scarlett,,,2023_2024,100.0,EXACT_NAME,APPROVED
plr_e0a2290c,transfermarkt,249126,Harry Winks,,,2023_2024,100.0,EXACT_NAME,APPROVED
plr_c1e41eae,transfermarkt,297212,Joe Rodon,,,2023_2024,100.0,EXACT_NAME,APPROVED
plr_ea3ba6b5,transfermarkt,346478,Japhet Tanganga,,,2023_2024,100.0,EXACT_NAME,APPROVED
plr_edc2579b,transfermarkt,348795,Giovani Lo Celso,,,2023_2024,100.0,EXACT_NAME,APPROVED
plr_7394369c,transfermarkt,556385,Destiny Udogie,,,2023_2024,100.0,EXACT_NAME,APPROVED
plr_8050d42e,transfermarkt,450936,Tanguy Ndombélé,,,2023_2024,86.67,FUZZY_MEDIUM,REVIEW_REQUIRED
plr_8841fbfa,transfermarkt,537382,Bryan Gil,,,2023_2024,100.0,EXACT_NAME,APPROVED
plr_daa9173b,transfermarkt,483348,Djed Spence,,,2023_2024,100.0,EXACT_NAME,APPROVED
plr_e1332ae8,transfermarkt,132098,Harry Kane,,,2023_2024,100.0,EXACT_NAME,APPROVED
plr_a602574f,transfermarkt,341429,Davinson Sánchez,,,2023_2024,100.0,EXACT_NAME,APPROVED
plr_c1330eb0,transfermarkt,175722,Eric Dier,,,2023_2024,100.0,EXACT_NAME,APPROVED
plr_63ae9a52,transfermarkt,17965,Hugo Lloris,,,2023_2024,100.0,EXACT_NAME,APPROVED
plr_c526d7ec,transfermarkt,77100,Lucas Moura,,,2023_2024,100.0,EXACT_NAME,APPROVED
plr_274ad00e,transfermarkt,42460,Ivan Perisic,,,2023_2024,83.33,FUZZY_MEDIUM,REVIEW_REQUIRED
plr_4b5b77d4,transfermarkt,543499,Mohammed Kudus,,,2023_2024,100.0,EXACT_NAME,APPROVED
plr_fecac8f9,transfermarkt,401356,Edson Álvarez,,,2023_2024,100.0,EXACT_NAME,APPROVED
plr_936a5fc7,transfermarkt,181579,James Ward-Prowse,,,2023_2024,100.0,EXACT_NAME,APPROVED
plr_208ff36c,transfermarkt,415912,Konstantinos Mavropanos,,,2023_2024,100.0,EXACT_NAME,APPROVED
plr_66247f29,transfermarkt,430310,Andrew Irving,,,2023_2024,100.0,EXACT_NAME,APPROVED
plr_04c824d9,transfermarkt,670848,Divin Mubama,,,2023_2024,100.0,EXACT_NAME,APPROVED
plr_bc4bf056,transfermarkt,506189,Flynn Downes,,,2023_2024,100.0,EXACT_NAME,APPROVED
plr_d7ec6d2c,transfermarkt,181380,Arthur Masuaku,,,2023_2024,100.0,EXACT_NAME,APPROVED
plr_97dce035,transfermarkt,293200,Nikola Vlašić,,,2023_2024,100.0,EXACT_NAME,APPROVED
plr_5763865f,transfermarkt,315867,Gianluca Scamacca,,,2023_2024,100.0,EXACT_NAME,APPROVED
plr_3ed2bd72,transfermarkt,357885,Pablo Fornals,,,2023_2024,100.0,EXACT_NAME,APPROVED
plr_853b998e,transfermarkt,290532,Saïd Benrahma,,,2023_2024,100.0,EXACT_NAME,APPROVED
plr_75c2eaf5,transfermarkt,419025,Conor Coventry,,,2023_2024,100.0,EXACT_NAME,APPROVED
plr_ab7b82ee,transfermarkt,228948,Thilo Kehrer,,,2023_2024,100.0,EXACT_NAME,APPROVED
plr_ed5bcf50,transfermarkt,135853,Manuel Lanzini,,,2023_2024,100.0,EXACT_NAME,APPROVED
plr_7a0db8a2,transfermarkt,517894,Matheus Cunha,,,2023_2024,100.0,EXACT_NAME,APPROVED
plr_3bed0738,transfermarkt,450050,Jean-Ricner Bellegarde,,,2023_2024,100.0,EXACT_NAME,APPROVED
plr_38bfb522,transfermarkt,438001,Santiago Bueno,,,2023_2024,100.0,EXACT_NAME,APPROVED
plr_dd07a55c,transfermarkt,649020,Boubacar Traoré,,,2023_2024,100.0,EXACT_NAME,APPROVED
plr_1fb47dff,transfermarkt,1060740,Enso González,,,2023_2024,100.0,EXACT_NAME,APPROVED
plr_c9115291,transfermarkt,215810,Tom King,,,2023_2024,100.0,EXACT_NAME,APPROVED
plr_f4bc4b00,transfermarkt,171679,Matt Doherty,,,2023_2024,100.0,EXACT_NAME,APPROVED
plr_032af07b,transfermarkt,816124,Noha Lemina,,,2023_2024,100.0,EXACT_NAME,APPROVED
plr_83d0a6ac,transfermarkt,724783,Tawanda Chirewa,,,2023_2024,100.0,EXACT_NAME,APPROVED
plr_2cd2a50b,transfermarkt,863741,Nathan Fraser,,,2023_2024,100.0,EXACT_NAME,APPROVED
plr_1285370b,transfermarkt,614603,Chem Campbell,,,2023_2024,100.0,EXACT_NAME,APPROVED
plr_2ef6a74e,transfermarkt,439351,Bendegúz Bolla,,,2023_2024,100.0,EXACT_NAME,APPROVED
plr_10674eb3,transfermarkt,262489,Hayao Kawabe,,,2023_2024,100.0,EXACT_NAME,APPROVED
plr_b4a6b43d,transfermarkt,503975,Joe Hodge,,,2023_2024,100.0,EXACT_NAME,APPROVED
plr_e818e68a,transfermarkt,415646,Bruno Jordão,,,2023_2024,100.0,EXACT_NAME,APPROVED
plr_e6a7122f,transfermarkt,225122,Gonçalo Guedes,,,2023_2024,100.0,EXACT_NAME,APPROVED
plr_1a3c095a,transfermarkt,505653,Fábio Silva,,,2023_2024,100.0,EXACT_NAME,APPROVED
plr_33ad1500,transfermarkt,532541,Luke Cundle,,,2023_2024,100.0,EXACT_NAME,APPROVED
plr_eec2f23c,transfermarkt,716276,Yerson Mosquera,,,2023_2024,100.0,EXACT_NAME,APPROVED
plr_e58a4908,transfermarkt,485583,Ki-Jana Hoever,,,2023_2024,100.0,EXACT_NAME,APPROVED
plr_7502fb24,transfermarkt,695454,Chiquinho,,,2023_2024,100.0,EXACT_NAME,APPROVED
plr_99cbabdb,transfermarkt,225161,Rúben Neves,,,2023_2024,100.0,EXACT_NAME,APPROVED
plr_a9a6a1f7,transfermarkt,256977,Daniel Podence,,,2023_2024,100.0,EXACT_NAME,APPROVED
plr_ba32ab70,transfermarkt,293257,Matija Sarkic,,,2023_2024,100.0,EXACT_NAME,APPROVED
plr_381c6142,transfermarkt,29364,João Moutinho,,,2023_2024,100.0,EXACT_NAME,APPROVED
plr_dc0b3a47,transfermarkt,44779,Diego Costa,,,2023_2024,85.71,FUZZY_MEDIUM,REVIEW_REQUIRED
plr_fbb432c5,transfermarkt,175446,Jonny Otto,,,2023_2024,100.0,EXACT_NAME,APPROVED
plr_165f55cf,transfermarkt,369567,Sasa Kalajdzic,,,2023_2024,100.0,EXACT_NAME,APPROVED
